{"type":"FeatureCollection","features":[{"type":"Feature","properties":{"species":"Asplenium scolopendrium","commonName":"Hart's-tongue fern","observedAt":"2018-06-13 15:45:19 UTC","imageUrl":"https://static.inaturalist.org/photos/19687131/medium.jpg","locations":[],"common":false,"recordCount":99},"geometry":{"type":"MultiPolygon","coordinates":[[[[-2.154006456919127,53.775496416621785],[-2.153962580877258,53.77523324439799],[-2.153832668557439,53.774980187291376],[-2.1536217137716203,53.774746969877214],[-2.153337824298792,53.7745425541697],[-2.1529919101698565,53.774374795277815],[-2.15259726435292,53.77425013960959],[-2.152169051960393,53.77417337721229],[-2.1517237276,53.77414745775442],[-2.1512784032396066,53.77417337721229],[-2.1508501908470796,53.77425013960959],[-2.1504555450301432,53.774374795277815],[-2.1501096309012078,53.7745425541697],[-2.1498257414283795,53.774746969877214],[-2.1496147866425606,53.774980187291376],[-2.149484874322742,53.77523324439799],[-2.149440998280873,53.775496416621785],[-2.149484846246302,53.77575959049573],[-2.149614734764064,53.776012652301596],[-2.149825673645857,53.776245876748675],[-2.150109557533934,53.77645030075207],[-2.150455477247621,53.776618067939864],[-2.150850138968583,53.77674273064101],[-2.1512783751631663,53.77681949773756],[-2.1517237276,53.77684541884559],[-2.1521690800368334,53.77681949773756],[-2.1525973162314167,53.77674273064101],[-2.1529919779523787,53.776618067939864],[-2.1533378976660655,53.77645030075207],[-2.1536217815541425,53.776245876748675],[-2.1538327204359358,53.776012652301596],[-2.1539626089536976,53.77575959049573],[-2.154006456919127,53.775496416621785]]],[[[-2.1308939132255653,53.70740873007574],[-2.1308501082491746,53.70714555784989],[-2.1307204062730154,53.70689250073743],[-2.130509793020091,53.70665928331452],[-2.1302263631407614,53.706454867596676],[-2.1298810090027045,53.70628710869447],[-2.1294870020551966,53.70616245301749],[-2.129059482862967,53.70608569061436],[-2.1286148794,53.706059771154436],[-2.128170275937033,53.70608569061436],[-2.1277427567448037,53.70616245301749],[-2.127348749797296,53.70628710869447],[-2.127003395659239,53.706454867596676],[-2.126719965779909,53.70665928331452],[-2.1265240158408587,53.70687626367625],[-2.1261638111329995,53.70681158891433],[-2.1257192,53.70678566945442],[-2.125274588867,53.70681158891433],[-2.1248470622994238,53.7068883513174],[-2.1244530485546256,53.70701300699428],[-2.1241076884585115,53.70718076589638],[-2.1238242536893086,53.70738518161411],[-2.123613636802624,53.707618399036924],[-2.1234839325885013,53.70787145614932],[-2.1234401268560057,53.708134628375156],[-2.1234839046260503,53.70839780224708],[-2.1236135851347515,53.70865086404715],[-2.12382418618198,53.70888408848557],[-2.124107615389105,53.70908851247876],[-2.124452981047296,53.709256279656344],[-2.124847010631551,53.70938094234883],[-2.1252745609045487,53.70945770943958],[-2.1257192,53.709483630545584],[-2.126163839095451,53.70945770943958],[-2.1265913893684485,53.70938094234883],[-2.1269854189527035,53.709256279656344],[-2.1273307846108946,53.70908851247876],[-2.1276142138180196,53.70888408848557],[-2.127701162985284,53.70878779898002],[-2.12806701728994,53.708853489439605],[-2.12851165,53.708879410545585],[-2.12895628271006,53.708853489439605],[-2.129383826843113,53.70877672234889],[-2.1297778507688703,53.70865205965649],[-2.1301232114674993,53.708484292479],[-2.130406636604602,53.70827986848591],[-2.130617234627744,53.70804664404756],[-2.1306259601792608,53.70802961654281],[-2.1307204579386245,53.70792496574765],[-2.130850136210401,53.70767190394764],[-2.1308939132255653,53.70740873007574]]],[[[-2.1193775178939718,53.689996304889505],[-2.1193337310446636,53.68973313266313],[-2.1192040827221055,53.68948007554918],[-2.1189935565860067,53.68924685812402],[-2.1187102439379304,53.68904244240356],[-2.1183650326400913,53.68887468349872],[-2.117971188652828,53.6887500278195],[-2.117543846279346,53.68867326541488],[-2.1170994267,53.68864734595442],[-2.116655007120654,53.68867326541488],[-2.1162276647471723,53.6887500278195],[-2.115833820759909,53.68887468349872],[-2.1154886094620693,53.68904244240356],[-2.1152052968139934,53.68924685812402],[-2.114994770677894,53.68948007554918],[-2.1148651223553365,53.68973313266313],[-2.1148213355060284,53.689996304889505],[-2.1148650944234717,53.69025947876088],[-2.1149947190665386,53.6905125405594],[-2.115205229380507,53.6907457649955],[-2.1154885364725904,53.69095018898592],[-2.115833753326423,53.691117956160774],[-2.116227613135816,53.691242618850936],[-2.116654979188789,53.69131938594013],[-2.1170994267,53.69134530704559],[-2.1175438742112105,53.69131938594013],[-2.1179712402641835,53.691242618850936],[-2.118365100073577,53.691117956160774],[-2.1187103169274097,53.69095018898592],[-2.1189936240194926,53.6907457649955],[-2.1192041343334616,53.6905125405594],[-2.119333758976528,53.69025947876088],[-2.1193775178939718,53.689996304889505]]],[[[-2.118404319277655,53.727075284960165],[-2.118360493804609,53.7268121127349],[-2.118230731161262,53.726559055624136],[-2.118020019403625,53.72632583820374],[-2.117736456968609,53.726121422488895],[-2.117390941318309,53.72595366358966],[-2.11699675010845,53.72582900791521],[-2.1165690309837895,53.72575224551375],[-2.1161242196,53.725726326054414],[-2.1156794082162107,53.72575224551375],[-2.1152516890915503,53.72582900791521],[-2.1150266038549703,53.725900186955414],[-2.1148703531669555,53.72578754738903],[-2.114524840260216,53.72561978848974],[-2.1144146854217003,53.72558495378419],[-2.114219845477184,53.72536929850427],[-2.1139362894930382,53.72516488278927],[-2.11359078170279,53.72499712388989],[-2.1131965994601245,53.72487246821532],[-2.1127688900652477,53.72479570581379],[-2.1123240888,53.724769786354415],[-2.111879287534752,53.72479570581379],[-2.1114515781398753,53.72487246821532],[-2.1110573958972094,53.72499712388989],[-2.110711888106961,53.72516488278927],[-2.1104283321228157,53.72536929850427],[-2.1102176251589455,53.72560251592479],[-2.1100878654679893,53.72585557303563],[-2.110044040992421,53.726118745260926],[-2.110087837475167,53.726381919133395],[-2.110217573434954,53.726634980935],[-2.110428264542164,53.72686820537575],[-2.110711814958191,53.72707262937164],[-2.1110573283165577,53.727240396551956],[-2.111167464596574,53.72727522646485],[-2.1113622762665205,53.727490869975405],[-2.1116458308815247,53.727695293971394],[-2.1119913493565914,53.72786306115181],[-2.1123855532936964,53.72798772384668],[-2.1128132927542254,53.728064490939026],[-2.1132581286,53.728090412045596],[-2.1137029644457748,53.728064490939026],[-2.1141307039063033,53.72798772384668],[-2.114355717031799,53.72791656590034],[-2.1145119090783964,53.72802916907127],[-2.1148574302971364,53.72819693625171],[-2.1152516373645716,53.72832159894663],[-2.1156793802217715,53.728398366039016],[-2.1161242196,53.728424287145586],[-2.1165690589782287,53.728398366039016],[-2.1169968018354286,53.72832159894663],[-2.117391008902864,53.72819693625171],[-2.117736530121604,53.72802916907127],[-2.1180200869881793,53.72782474507522],[-2.118230782888241,53.727591520634356],[-2.118360521799048,53.727338458832655],[-2.118404319277655,53.727075284960165]]],[[[-2.1135186878159398,53.72279907836355],[-2.113474866801665,53.72253590613816],[-2.113345117355645,53.72228284902703],[-2.113134427026377,53.72204963160608],[-2.112850893427059,53.721845215890575],[-2.1125054129115646,53.7216774569907],[-2.1121112617854885,53.7215528013157],[-2.1116835861534256,53.72147603891389],[-2.11123882,53.72145011945442],[-2.1107940538465746,53.72147603891389],[-2.1103663782145117,53.7215528013157],[-2.1099722270884356,53.7216774569907],[-2.1096267465729417,53.721845215890575],[-2.109343212973623,53.72204963160608],[-2.109132522644355,53.72228284902703],[-2.1090027731983354,53.72253590613816],[-2.1089589521840604,53.72279907836355],[-2.1090027452111224,53.72306225223593],[-2.109132470930729,53.723315314037244],[-2.1093431454065144,53.723548538477566],[-2.1096266734388296,53.72375296247296],[-2.1099721595213268,53.72392072965277],[-2.1103663265008854,53.724045392347136],[-2.1107940258593616,53.72412215943915],[-2.11123882,53.724148080545596],[-2.1116836141406385,53.72412215943915],[-2.112111313499115,53.724045392347136],[-2.1125054804786734,53.72392072965277],[-2.112850966561171,53.72375296247296],[-2.113134494593486,53.723548538477566],[-2.1133451690692713,53.723315314037244],[-2.1134748947888777,53.72306225223593],[-2.1135186878159398,53.72279907836355]]],[[[-2.111935808977113,53.70827000917506],[-2.1118920031035997,53.708006836949224],[-2.111762298472083,53.70775377983684],[-2.1115516809076813,53.70752056241405],[-2.1112682452264884,53.70731614669635],[-2.110922884019162,53.70714838779425],[-2.110528869006629,53.70702373211739],[-2.110101341063506,53.70694696971432],[-2.1096567285,53.70692105025442],[-2.109212115936494,53.70694696971432],[-2.1087845879933718,53.70702373211739],[-2.1083905729808388,53.70714838779425],[-2.1080452117735122,53.70731614669635],[-2.107761776092319,53.70752056241405],[-2.1075511585279174,53.70775377983684],[-2.1074214538964005,53.708006836949224],[-2.1073776480228874,53.70827000917506],[-2.107421425933721,53.70853318304698],[-2.1075511068596224,53.70878624484706],[-2.1077617085844387,53.70901946928551],[-2.108045138703509,53.709223893278704],[-2.1083905054729586,53.70939166045632],[-2.108784536325077,53.70951632314881],[-2.1092120879738143,53.709593090239586],[-2.1096567285,53.709619011345595],[-2.110101369026186,53.709593090239586],[-2.1105289206749234,53.70951632314881],[-2.110922951527042,53.70939166045632],[-2.1112683182964918,53.709223893278704],[-2.1115517484155615,53.70901946928551],[-2.111762350140378,53.70878624484706],[-2.1118920310662794,53.70853318304698],[-2.111935808977113,53.70827000917506]]],[[[-2.1112975941239465,53.71774997836755],[-2.1112537783728507,53.71748680614201],[-2.1111240445050936,53.71723374903044],[-2.1109133794700963,53.71700053160885],[-2.1109052393130825,53.716994662195795],[-2.1108964473060587,53.71694185374242],[-2.110766715119389,53.716688796630805],[-2.1105560528139566,53.716455579209146],[-2.110272556925715,53.71625116349279],[-2.109927122359215,53.71608340459206],[-2.1095330236543655,53.71595874891636],[-2.109105404901546,53.715881986514056],[-2.1086606979,53.71585606705442],[-2.1082159908984535,53.715881986514056],[-2.1077883721456345,53.71595874891636],[-2.1073942734407844,53.71608340459206],[-2.1070488388742845,53.71625116349279],[-2.106765342986043,53.716455579209146],[-2.1065546806806106,53.716688796630805],[-2.106424948493941,53.71694185374242],[-2.1063811333108076,53.71720502596798],[-2.106424920516177,53.71746819984018],[-2.106554628984444,53.71772126164103],[-2.106765275441747,53.717954486080615],[-2.106773408345752,53.71796035069252],[-2.1067821936484648,53.71801315223976],[-2.106911903797039,53.71826621404066],[-2.107122552983385,53.71849943848032],[-2.1074060469794373,53.718703862474946],[-2.107751491586747,53.71887162965401],[-2.1081456112461563,53.718996292347725],[-2.108573259258285,53.7190730594393],[-2.109018,53.719098980545596],[-2.1094627407417144,53.7190730594393],[-2.1098903887538434,53.718996292347725],[-2.110284508413253,53.71887162965401],[-2.1106299530205623,53.718703862474946],[-2.1109134470166144,53.71849943848032],[-2.1111240962029605,53.71826621404066],[-2.111253806351535,53.71801315223976],[-2.1112975941239465,53.71774997836755]]],[[[-2.110054356311708,53.70560828837716],[-2.1100105532105378,53.70534511615125],[-2.1098808567847653,53.70509205903864],[-2.109670252543949,53.7048588416155],[-2.1093868347920206,53.70465442589739],[-2.1090414954305747,53.70448666699491],[-2.1086475053410654,53.7043620113177],[-2.108220004440476,53.7042852489144],[-2.10777542,53.704259329454416],[-2.1076612342666357,53.70426598653073],[-2.107726735802987,53.70413815225032],[-2.1077705091437853,53.70387497837852],[-2.107726707847723,53.703611806152566],[-2.107597016764814,53.703358749039815],[-2.107386421199153,53.703125531616436],[-2.1071030151211962,53.70292111589807],[-2.1067576899838807,53.702753356995316],[-2.106363716122068,53.70262870131789],[-2.105936232829215,53.70255193891445],[-2.1054916667,53.70252601945442],[-2.105047100570785,53.70255193891445],[-2.104619617277932,53.70262870131789],[-2.1042256434161195,53.702753356995316],[-2.103880318278804,53.70292111589807],[-2.103596912200847,53.703125531616436],[-2.1033863166351856,53.703358749039815],[-2.103256625552277,53.703611806152566],[-2.103212824256215,53.70387497837852],[-2.1032565975970132,53.70413815225032],[-2.103386264980593,53.70439121405002],[-2.1035968447108693,53.70462443848792],[-2.1038802452281784,53.70482886248043],[-2.104225575926142,53.70499662965739],[-2.1046195656233393,53.705121292349325],[-2.105047072615521,53.70519805943972],[-2.1054916667,53.70522398054558],[-2.1056057808949937,53.70521732736185],[-2.1055402867894624,53.70534511615125],[-2.105496483688292,53.70560828837716],[-2.1055402588312737,53.70587146224901],[-2.1056568358827406,53.70609896729066],[-2.1053702770596,53.70604751471435],[-2.104925674,53.70602159525442],[-2.1044810709404,53.70604751471435],[-2.1040535521360404,53.70612427711749],[-2.1036595455460025,53.706248932794466],[-2.10331419172128,53.70641669169668],[-2.103030762099109,53.70662110741453],[-2.102820149037284,53.70685432483745],[-2.1026904471788197,53.7071073819499],[-2.1026466422421928,53.70737055417576],[-2.102690419217658,53.70763372804767],[-2.102820097371794,53.70788678984767],[-2.103030694594893,53.708120014285996],[-2.1033141186552435,53.708324438279064],[-2.1036594780417865,53.70849220545653],[-2.1040535004705503,53.708616868148916],[-2.104481042979238,53.70869363523961],[-2.104925674,53.708719556345585],[-2.1053703050207617,53.70869363523961],[-2.105797847529449,53.708616868148916],[-2.1061918699582134,53.70849220545653],[-2.1065372293447564,53.708324438279064],[-2.106820653405107,53.708120014285996],[-2.107031250628206,53.70788678984767],[-2.1071609287823416,53.70763372804767],[-2.107204705757807,53.70737055417576],[-2.1071609008211802,53.7071073819499],[-2.107044321319756,53.706879927445],[-2.1073308076013353,53.70693136943967],[-2.10777542,53.7069572905456],[-2.1082200323986644,53.70693136943967],[-2.108647557001061,53.70685460234913],[-2.1090415629276125,53.70672993965697],[-2.109386907850287,53.70656217247976],[-2.109670320040986,53.706357748486965],[-2.109880908444761,53.70612452404887],[-2.110010581168726,53.70587146224901],[-2.110054356311708,53.70560828837716]]],[[[-2.106512491918068,53.71586407836905],[-2.106468678132422,53.71560090614345],[-2.1063389500821166,53.715347849031716],[-2.1061282944928585,53.715114631609886],[-2.1058448076424288,53.71491021589333],[-2.1054993840880347,53.714742456992404],[-2.105105297946422,53.71461780131652],[-2.104677692825245,53.7145410389141],[-2.104233,53.714515119454425],[-2.1037883071747547,53.7145410389141],[-2.1036413857182072,53.71456741381798],[-2.1036148391795773,53.7145689611141],[-2.1034454753941585,53.71459936477808],[-2.1033985665292625,53.71460209891409],[-2.1029709607873928,53.7146788613165],[-2.1025768740737356,53.71480351699238],[-2.1022314500179253,53.714971275893305],[-2.102212097605732,53.714985230443425],[-2.1021757968517347,53.71494504160997],[-2.102086684734105,53.714880784693655],[-2.1021546537109637,53.71474816834225],[-2.1021984380863254,53.71448499447013],[-2.1021810483319974,53.71438053761029],[-2.1022498127703972,53.714368192348246],[-2.1026438890679353,53.71424352965513],[-2.1029892956694094,53.71407576247678],[-2.1032727584762942,53.71387133848285],[-2.103483384488634,53.71363811404379],[-2.103613080368675,53.71338505224329],[-2.1036568633259813,53.71312187837121],[-2.1036130523978063,53.71285870614553],[-2.103483332805207,53.71260564903356],[-2.1033786044716,53.71248969642855],[-2.1034466136363688,53.712456662477415],[-2.103730065534055,53.71225223848373],[-2.1039406834407006,53.71201901404487],[-2.1040703743299627,53.71176595224451],[-2.1041141556030643,53.711502778372484],[-2.1040703463618264,53.711239606146755],[-2.1039406317623244,53.71098654903466],[-2.1037299980130015,53.71075333161227],[-2.1034465405521074,53.71054891589505],[-2.103101152807341,53.71038115699345],[-2.102707107519388,53.710256501317005],[-2.1022795467261566,53.71017973891422],[-2.1018349000000005,53.71015381945442],[-2.101390253273844,53.71017973891422],[-2.1013530451181635,53.710186419104446],[-2.1012891443900186,53.71011566601262],[-2.1010056912255193,53.70991125029533],[-2.100660308715689,53.70974349139361],[-2.1002662694000476,53.709618835717094],[-2.0998387150870266,53.70954207331424],[-2.0993940751,53.70951615385442],[-2.0989494351129743,53.70954207331424],[-2.0985218807999533,53.709618835717094],[-2.098127841484312,53.70974349139361],[-2.097782458974481,53.70991125029533],[-2.097499005809982,53.71011566601262],[-2.0972883752533944,53.710348883435096],[-2.097158662620237,53.71060194054725],[-2.097114854043337,53.710865112773],[-2.097158634653178,53.71112828664501],[-2.0971780181331656,53.7111661096001],[-2.0969444890435818,53.71123998469325],[-2.0965990942479253,53.71140774359471],[-2.0963156310002518,53.7116121593118],[-2.0961049929506617,53.71184537673408],[-2.0959752757027053,53.71209843384611],[-2.0959314655666765,53.71236160607181],[-2.09597524773312,53.71262477994386],[-2.096104941269606,53.712877841744294],[-2.0963155634756987,53.71311106618326],[-2.0965990211598755,53.71331549017708],[-2.096944421519029,53.71348325735532],[-2.0973384906945367,53.71360792004834],[-2.0977660839273797,53.713684687139455],[-2.0980697714602043,53.71370238941971],[-2.098023788541504,53.71373554771064],[-2.097813139858859,53.71396876513264],[-2.097683416062207,53.71422182224449],[-2.097639603713674,53.71448499447013],[-2.0976833880890364,53.71474816834225],[-2.097683608341111,53.714748598082814],[-2.0973393676442753,53.71491578249333],[-2.097055880756329,53.715120198209874],[-2.0968452251391914,53.7153534156317],[-2.0967154970717155,53.715606472743424],[-2.0966716832802685,53.715869644969025],[-2.096715469096207,53.716132818841196],[-2.096845173447192,53.71638588064193],[-2.0970558132174766,53.71661910508134],[-2.0973392945407485,53.71682352907569],[-2.097684723705529,53.716991296254456],[-2.0980788257461453,53.71711595894793],[-2.0983649462482954,53.71716732273331],[-2.0984696477900595,53.71728324848099],[-2.0987531335892577,53.71748767247542],[-2.0990946881482535,53.71765355522616],[-2.098826135222365,53.71760534891399],[-2.09838141,53.71757942945441],[-2.097936684777635,53.71760534891399],[-2.0975090485040466,53.71768211131615],[-2.0971149336516515,53.717806766991636],[-2.0967694849312766,53.71797452589212],[-2.0966316711840203,53.71807389291196],[-2.0965275638289715,53.71806782539867],[-2.0964312020572766,53.71787986633],[-2.096220533785882,53.7176466489085],[-2.0959370298693725,53.71744223319233],[-2.0955915855208436,53.717274474291784],[-2.095197475656099,53.71714981861622],[-2.094769844794322,53.71707305621402],[-2.0943251252,53.717047136754424],[-2.0938804056056783,53.71707305621402],[-2.093452774743901,53.71714981861622],[-2.0930586648791567,53.717274474291784],[-2.0927132205306282,53.71744223319233],[-2.092429716614119,53.7176466489085],[-2.092331127166841,53.71775579100441],[-2.0922414464,53.717750564254416],[-2.0917967193681526,53.71777648371398],[-2.0913690813546024,53.71785324611613],[-2.091266147555622,53.71788580319931],[-2.091106569902194,53.71770914520847],[-2.090823065564419,53.71750472949231],[-2.090477620702601,53.71733697059177],[-2.090083510252266,53.71721231491622],[-2.0896558787550994,53.71713555251402],[-2.0892111585,53.71710963305441],[-2.088766438244901,53.71713555251402],[-2.0887242136894066,53.71714313207337],[-2.0885580930623933,53.717152814014014],[-2.088130461389732,53.7172295764162],[-2.0877363507776563,53.71735423209176],[-2.087390905774067,53.71752199099229],[-2.087107401319938,53.717726406708444],[-2.0868967326490284,53.71795962412994],[-2.0868041238865143,53.71814026240001],[-2.0867611846745797,53.71817122260821],[-2.0865505137755056,53.71840444002965],[-2.0864207762961744,53.718657497141116],[-2.086376959324894,53.71892066936662],[-2.0864207483155135,53.71918384323888],[-2.086550462073985,53.71943690503987],[-2.0867611171232876,53.71967012947968],[-2.087044619010109,53.71987455347449],[-2.087390073232785,53.72004232065372],[-2.0877842038626224,53.72016698334758],[-2.0882118637785894,53.72024375043926],[-2.0886566169,53.720269671545594],[-2.0889415525424107,53.720253064923334],[-2.088994943086339,53.72031217477933],[-2.089278449300953,53.72051659877424],[-2.0896239087972988,53.72068436595356],[-2.090018045444008,53.720809028647516],[-2.0904457118887874,53.72088579573925],[-2.0908904718,53.72091171684559],[-2.091335231711212,53.72088579573925],[-2.0917628981559915,53.720809028647516],[-2.0921570348027005,53.72068436595356],[-2.0925024942990462,53.72051659877424],[-2.0926281595629526,53.72042598702062],[-2.0926862014128114,53.72042260423927],[-2.0930405198156428,53.72035900258609],[-2.0930454880046163,53.7203888607376],[-2.0928397941980443,53.720616556428155],[-2.092710049893652,53.720869613539435],[-2.0926662306164974,53.72113278576487],[-2.0927100219092547,53.721395959637185],[-2.0928397424896192,53.721649021438374],[-2.093050408618589,53.72188224587847],[-2.0933339254171868,53.722086669873605],[-2.0936793978107384,53.722254437053174],[-2.094073549172213,53.72237909974732],[-2.0945012315837537,53.72245586683919],[-2.0949460081,53.72248178794559],[-2.0953907846162467,53.72245586683919],[-2.0958184670277875,53.72237909974732],[-2.096212618389262,53.722254437053174],[-2.0965580907828136,53.722086669873605],[-2.0968416075814114,53.72188224587847],[-2.097052273710381,53.721649021438374],[-2.0971819942907457,53.721395959637185],[-2.097217659104723,53.72118162371311],[-2.097620103396261,53.72125386273924],[-2.0980648672,53.7212797838456],[-2.098509631003739,53.72125386273924],[-2.098937301191422,53.72117709564746],[-2.0993314412875432,53.72105243295347],[-2.0996769038072327,53.720884665774086],[-2.099960412502928,53.720680241779135],[-2.100171072611323,53.72044701733918],[-2.1003007894847436,53.72019395553811],[-2.100344579526543,53.71993078166583],[-2.100300761502376,53.71966760944036],[-2.1002954738188326,53.719657295891885],[-2.100487565212562,53.71944462403986],[-2.1006172789948363,53.71919156223886],[-2.1006610679934883,53.718928388366606],[-2.100617251014162,53.7186652161411],[-2.1004875135110175,53.718412159029626],[-2.100276842573277,53.718178941608194],[-2.0999933350687234,53.71797452589212],[-2.099651799589524,53.71780866736352],[-2.099920312118192,53.71785686943933],[-2.10036504,53.71788279054558],[-2.100809767881807,53.71785686943933],[-2.1012374035283448,53.71778010234785],[-2.1016315117917808,53.71765543965429],[-2.1019769464107414,53.71748767247542],[-2.1022604322099396,53.71728324848099],[-2.102471075305904,53.71705002404148],[-2.1024934766357646,53.717006318249524],[-2.1025768065346573,53.71704678965445],[-2.1029709090952204,53.71717145234793],[-2.10339853855366,53.717248219439355],[-2.10384326,53.7172741405456],[-2.10428798144634,53.717248219439355],[-2.104457344324849,53.71721781579124],[-2.1045042533959695,53.71721508163937],[-2.104651174041611,53.71718870675032],[-2.104677720800744,53.71718715943937],[-2.1051053496384045,53.71711039234794],[-2.105499451626864,53.71698572965447],[-2.105844880745931,53.71681796247571],[-2.1061283620316877,53.71661353848136],[-2.1063390017740984,53.71638031404194],[-2.106468706107921,53.716127252241215],[-2.106512491918068,53.71586407836905]]],[[[-2.1009466507800654,53.69511842498546],[-2.100902858600388,53.69485525275923],[-2.100773194500689,53.69460219564572],[-2.1005626427474007,53.69436897822123],[-2.100279295626818,53.694164562501534],[-2.0999340423260136,53.693996803597464],[-2.0995401504193785,53.69387214791892],[-2.0991127560513543,53.693795385514726],[-2.0986682824,53.69376946605442],[-2.098223808748646,53.693795385514726],[-2.097796414380621,53.69387214791892],[-2.0974025224739865,53.693996803597464],[-2.097057269173182,53.694164562501534],[-2.0967739220525994,53.69436897822123],[-2.0965633702993105,53.69460219564572],[-2.0964337061996114,53.69485525275923],[-2.0963899140199342,53.69511842498546],[-2.0964336782591144,53.69538159885699],[-2.0965633186720036,53.69563466065594],[-2.0967738545982715,53.69586788509271],[-2.0970571961611437,53.69607230908391],[-2.0974024550196586,53.69624007625953],[-2.0977963627533143,53.69636473895034],[-2.0982237808081483,53.69644150603998],[-2.0986682824,53.6964674271456],[-2.0991127839918513,53.69644150603998],[-2.099540202046686,53.69636473895034],[-2.099934109780341,53.69624007625953],[-2.100279368638856,53.69607230908391],[-2.100562710201728,53.69586788509271],[-2.1007732461279964,53.69563466065594],[-2.100902886540885,53.69538159885699],[-2.1009466507800654,53.69511842498546]]],[[[-2.099101201485077,53.72784621835955],[-2.0990573752080617,53.72758304613431],[-2.0989276101850796,53.727329989023616],[-2.098716894563653,53.72709677160333],[-2.0984333269292184,53.72689235588859],[-2.0980878049436953,53.72672459698946],[-2.097693606506254,53.72659994131512],[-2.0972658795393615,53.72652317891374],[-2.09682106,53.72649725945442],[-2.0963762404606388,53.72652317891374],[-2.095948513493746,53.72659994131512],[-2.0955543150563045,53.72672459698946],[-2.0952087930707815,53.72689235588859],[-2.094925225436347,53.72709677160333],[-2.0947145098149202,53.727329989023616],[-2.094584744791938,53.72758304613431],[-2.0945409185149226,53.72784621835955],[-2.0945847167961955,53.72810939223208],[-2.0947144580855337,53.72836245403384],[-2.094925157848646,53.728595678474804],[-2.0952087199143814,53.728800102470956],[-2.0955542474686037,53.72896786965154],[-2.0959484617643596,53.72909253234655],[-2.0963762124648966,53.729169299438986],[-2.09682106,53.72919522054559],[-2.0972659075351032,53.729169299438986],[-2.0976936582356407,53.72909253234655],[-2.098087872531396,53.72896786965154],[-2.0984334000856184,53.728800102470956],[-2.0987169621513537,53.728595678474804],[-2.098927661914466,53.72836245403384],[-2.0990574032038043,53.72810939223208],[-2.099101201485077,53.72784621835955]]],[[[-2.097393022258628,53.72505003926178],[-2.097349198897435,53.724786867036464],[-2.0972194425048727,53.72453380992552],[-2.0970087408965723,53.72430059250487],[-2.096725192119302,53.7240961767897],[-2.096453423592198,53.72396421812168],[-2.0964070271404,53.723873732125945],[-2.096196328839752,53.72364051470521],[-2.095912784513519,53.72343609898996],[-2.0955772390553165,53.72327317053287],[-2.095402235347906,53.723079460105524],[-2.095118694804837,53.72287504439018],[-2.094773205828741,53.72270728549045],[-2.094379045050331,53.722582629815584],[-2.093951358945077,53.72250586741385],[-2.0935065819,53.72247994795441],[-2.0930618048549228,53.72250586741385],[-2.092634118749668,53.722582629815584],[-2.092239957971258,53.72270728549045],[-2.0918944689951626,53.72287504439018],[-2.0916109284520936,53.723079460105524],[-2.0914002329627888,53.72331267752633],[-2.0912704803388,53.72356573463738],[-2.091226658250835,53.72382890686274],[-2.091270452349847,53.72409208073513],[-2.0914001812459473,53.724345142536556],[-2.0915291835227454,53.724487949333444],[-2.0914645686097906,53.72455946902549],[-2.091334812138038,53.72481252613644],[-2.0912909887500906,53.725075698361756],[-2.091334784146978,53.72533887223419],[-2.091464516889056,53.725591934035705],[-2.091675202770275,53.72582515847631],[-2.0919587461528057,53.72602958247205],[-2.0919967620975415,53.72604804192059],[-2.092000093552924,53.72605044377204],[-2.092345598511974,53.7262182109522],[-2.0927397870282953,53.726342873646864],[-2.0931675097559737,53.72641964073908],[-2.0936123282,53.72644556184559],[-2.0940571466440265,53.72641964073908],[-2.094484869371705,53.726342873646864],[-2.0944902349275862,53.72634117678197],[-2.094668214448112,53.72637312033908],[-2.0951130324,53.7263990414456],[-2.095557850351888,53.72637312033908],[-2.0959855726063443,53.72629635324688],[-2.0963797606865495,53.72617169055223],[-2.096725265263353,53.72600392337207],[-2.097008808472864,53.725799499376336],[-2.097219494225527,53.72556627493574],[-2.0973492268884515,53.725313213134214],[-2.097393022258628,53.72505003926178]]],[[[-2.0828660628956737,53.726787942360396],[-2.082822237722274,53.726524770135136],[-2.082692475965837,53.72627171302433],[-2.082481765648267,53.7260384956039],[-2.0821982051511188,53.725834079889005],[-2.08185269186201,53.725666320989724],[-2.0814585033459325,53.72554166531524],[-2.0810307871441385,53.72546490291377],[-2.0805859788,53.725438983454424],[-2.080141170455861,53.72546490291377],[-2.079713454254067,53.72554166531524],[-2.0793192657379898,53.725666320989724],[-2.078973752448881,53.725834079889005],[-2.078690191951733,53.7260384956039],[-2.0784794816341625,53.72627171302433],[-2.0783497198777257,53.726524770135136],[-2.078305894704326,53.726787942360396],[-2.0783496918837723,53.72705111623288],[-2.0784794299080813,53.72730417803456],[-2.0786901243683507,53.72753740247538],[-2.0789736792971554,53.72774182647137],[-2.0793191981546073,53.727909593651795],[-2.079713402527986,53.728034256346675],[-2.080141142461908,53.72811102343903],[-2.0805859788,53.72813694454559],[-2.081030815138092,53.72811102343903],[-2.081458555072014,53.728034256346675],[-2.081852759445393,53.727909593651795],[-2.0821982783028448,53.72774182647137],[-2.082481833231649,53.72753740247538],[-2.0826925276919184,53.72730417803456],[-2.0828222657162274,53.72705111623288],[-2.0828660628956737,53.726787942360396]]],[[[-2.075688828071261,53.709333248374215],[-2.0756450210901947,53.709070076148414],[-2.0755153131804795,53.70881701903613],[-2.075304690293299,53.708583801613464],[-2.0750212474493566,53.70837938589592],[-2.0750107400196094,53.70837428205016],[-2.074862213151121,53.708267165895954],[-2.0745168441375226,53.70809940699402],[-2.07412282021915,53.70797475131728],[-2.0738230726001565,53.707920933016425],[-2.0736972327505905,53.70767541573689],[-2.0734866155784806,53.70744219831408],[-2.073203180425187,53.70723778259637],[-2.072857819861078,53.707070023694264],[-2.0724638055823643,53.706945368017394],[-2.072036278435467,53.70686860561432],[-2.0717563003633725,53.70685228377701],[-2.0717500219985805,53.7068453316144],[-2.0714665908659926,53.706640915896614],[-2.071121235200906,53.70647315699441],[-2.070727226511276,53.70634850131747],[-2.0702997054287704,53.706271738914346],[-2.0698551,53.70624581945442],[-2.0694104945712293,53.706271738914346],[-2.0689829734887235,53.70634850131747],[-2.0685889647990936,53.70647315699441],[-2.068243609134007,53.706640915896614],[-2.067960178001419,53.7068453316144],[-2.0677495638171743,53.70707854903729],[-2.0676198612674326,53.707331606149744],[-2.067576056097255,53.707594778375594],[-2.067619833305893,53.7078579522475],[-2.0677495121509852,53.708111014047525],[-2.0679601104962897,53.70834423848588],[-2.0682435360669813,53.70854866247896],[-2.068588897293964,53.708716429656484],[-2.0689829218225344,53.708841092348905],[-2.069410466609689,53.7089178594396],[-2.0696903956725934,53.70893417866138],[-2.0696966503139578,53.708941105185545],[-2.0699800799051546,53.70914552917874],[-2.0703254460313603,53.709313296356335],[-2.0707194761495846,53.70943795904882],[-2.0710191862135154,53.70949177222579],[-2.0711449907643225,53.70973726404642],[-2.0713555972491973,53.70997048848499],[-2.071639033774681,53.71017491247832],[-2.071649541781649,53.71018001678765],[-2.071798059475952,53.710287132478285],[-2.0721434349731984,53.71045489965606],[-2.072537475783093,53.7105795623487],[-2.0729650382368563,53.71065632943955],[-2.07340969,53.71068225054559],[-2.0738543417631443,53.71065632943955],[-2.074281904216907,53.7105795623487],[-2.074675945026802,53.71045489965606],[-2.0750213205240486,53.710287132478285],[-2.0753047578055113,53.710082708484926],[-2.07551536485209,53.709849484046345],[-2.0756450490546685,53.70959642224618],[-2.075688828071261,53.709333248374215]]],[[[-2.0728289541467264,53.72088675836507],[-2.0727851351260416,53.720623586139624],[-2.0726553915807653,53.720370529028315],[-2.0724447108324755,53.72013731160714],[-2.0721611901260757,53.71993289589134],[-2.0718157253199347,53.71976513699118],[-2.071421592115983,53.719640481315935],[-2.0709939359301806,53.719563718913946],[-2.07054919,53.71953779945442],[-2.0701044440698193,53.719563718913946],[-2.069676787884017,53.719640481315935],[-2.069282654680065,53.71976513699118],[-2.0689371898739237,53.71993289589134],[-2.0686536691675244,53.72013731160714],[-2.068499175513919,53.720308331559245],[-2.068293037468596,53.720320344913915],[-2.0678653735889805,53.72039710731583],[-2.067471233294232,53.72052176299098],[-2.067125762272766,53.720689521891046],[-2.066842236465349,53.72089393760671],[-2.0666315519263945,53.7211271550278],[-2.066501806046519,53.72138021213903],[-2.0664579862370807,53.72164338436446],[-2.0665017780612587,53.72190655823679],[-2.066631500216376,53.72215962003802],[-2.0668421689029537,53.72239284447818],[-2.066849825410165,53.722398364979256],[-2.0668116209404954,53.72244065412692],[-2.066681871007515,53.722693711238044],[-2.066638049828718,53.72295688346344],[-2.066681843020035,53.72322005733581],[-2.0668115692263767,53.723473119137154],[-2.0670222444926853,53.72370634357748],[-2.06730577358894,53.723910767572896],[-2.0676512609679114,53.724078534752735],[-2.068045429426651,53.724203197447125],[-2.068473130390164,53.72427996453914],[-2.0689179262,53.72430588564559],[-2.0693627220098367,53.72427996453914],[-2.0697904229733495,53.724203197447125],[-2.0701845914320893,53.724078534752735],[-2.0705300788110605,53.723910767572896],[-2.0708136079073154,53.72370634357748],[-2.071024283173624,53.723473119137154],[-2.0711540093799656,53.72322005733581],[-2.0711978025712825,53.72295688346344],[-2.0711539813924857,53.722693711238044],[-2.071024231459505,53.72244065412692],[-2.0708246266252326,53.72221970829559],[-2.0709939639141624,53.72220983943921],[-2.0714216438236397,53.722133072347354],[-2.071815792879244,53.722008409653235],[-2.072161263251745,53.721840642473715],[-2.0724447783917848,53.72163621847861],[-2.0726554432884217,53.72140299403855],[-2.0727851631100234,53.721149932237374],[-2.0728289541467264,53.72088675836507]]],[[[-2.069761771953606,53.71673200346836],[-2.0697179572634528,53.716468831242786],[-2.0695882265359336,53.71621577413113],[-2.0693775665997096,53.715982556709406],[-2.0690940738996617,53.71577814099299],[-2.068748643217811,53.71561038209219],[-2.0683545489447894,53.71548572641641],[-2.06792693500069,53.71540896401407],[-2.067482233,53.715383044554414],[-2.067037530999309,53.71540896401407],[-2.0666099170552097,53.71548572641641],[-2.0662158227821883,53.71561038209219],[-2.0658703921003374,53.71577814099299],[-2.0655868994002895,53.715982556709406],[-2.0653762394640656,53.71621577413113],[-2.0652465087365464,53.716468831242786],[-2.0652026940463935,53.71673200346836],[-2.0652464807595816,53.71699517734054],[-2.0653761877693753,53.717248239141355],[-2.065586831857922,53.71748146358088],[-2.065870318993005,53.71768588757536],[-2.0662157552398206,53.71785365475425],[-2.0666098653605194,53.717978317447844],[-2.0670375030223442,53.71805508453933],[-2.067482233,53.7180810056456],[-2.067926962977655,53.71805508453933],[-2.0683546006394797,53.717978317447844],[-2.0687487107601785,53.71785365475425],[-2.069094147006994,53.71768588757536],[-2.0693776341420778,53.71748146358088],[-2.069588278230624,53.717248239141355],[-2.0697179852404175,53.71699517734054],[-2.069761771953606,53.71673200346836]]],[[[-2.0645015234188633,53.71966497956603],[-2.0644577056717606,53.719401807340546],[-2.064327965896105,53.719148750229145],[-2.064117291268512,53.7189155328078],[-2.0638337787986014,53.718711117091836],[-2.063645683882614,53.718619774898954],[-2.063721025430291,53.71853635954048],[-2.063850736411853,53.71828329773955],[-2.063894524465367,53.71802012386733],[-2.063850708432713,53.7177569516418],[-2.0637209737315807,53.71750389453025],[-2.0635103073434418,53.7172706771087],[-2.0632268059611896,53.71706626139248],[-2.0628813647005213,53.71689850249186],[-2.0624872583585843,53.71677384681625],[-2.062059631319202,53.71669708441402],[-2.061901724760166,53.71668788111082],[-2.061936428358505,53.71647929876856],[-2.0618926139317124,53.716216126542975],[-2.0617628839837043,53.715963069431304],[-2.0615522253131644,53.71572985200955],[-2.0612687343163207,53.715525436293085],[-2.0609233057097356,53.71535767739225],[-2.060529213804295,53.715233021716436],[-2.060101602429122,53.71515625931407],[-2.0596569031,53.71513033985441],[-2.0592122037708775,53.71515625931407],[-2.0587845923957047,53.715233021716436],[-2.0583905004902645,53.71535767739225],[-2.058045071883679,53.715525436293085],[-2.0577615808868353,53.71572985200955],[-2.0575509222162958,53.715963069431304],[-2.0574211922682872,53.716216126542975],[-2.057377377841495,53.71647929876856],[-2.0574211642917493,53.71674247264074],[-2.0575508705223937,53.71699553444152],[-2.057761513345498,53.71722875888102],[-2.0580449987774627,53.71743318287546],[-2.0583904329489267,53.71760095005431],[-2.0587845407018026,53.71772561274787],[-2.0592121757943396,53.71780237983935],[-2.0593700277401457,53.71781158030221],[-2.0593353069346327,53.71802012386733],[-2.0593790949881474,53.71828329773955],[-2.059508805969709,53.71853635954048],[-2.059719456508938,53.71876958398017],[-2.0600029523257937,53.71897400797484],[-2.060191026740616,53.71906534681965],[-2.0601156851038946,53.719148750229145],[-2.059985945328239,53.719401807340546],[-2.0599421275811363,53.71966497956603],[-2.059985917346321,53.71992815343831],[-2.0601156334000517,53.72018121523937],[-2.0603262921771615,53.720414439679274],[-2.0606097990811216,53.7206188636742],[-2.0609552594174763,53.72078663085353],[-2.061349397022573,53.720911293547495],[-2.061777064507284,53.720988060639236],[-2.0622218255,53.721013981745585],[-2.062666586492716,53.720988060639236],[-2.063094253977427,53.720911293547495],[-2.0634883915825237,53.72078663085353],[-2.0638338519188784,53.7206188636742],[-2.0641173588228385,53.720414439679274],[-2.0643280175999483,53.72018121523937],[-2.0644577336536787,53.71992815343831],[-2.0645015234188633,53.71966497956603]]],[[[-2.0635274918645155,53.75683896713658],[-2.0634836353251593,53.75657579491221],[-2.0633537807299764,53.756322737804],[-2.063142919671063,53.75608952038743],[-2.062859156324519,53.755885104677105],[-2.062513395873927,53.75571734578237],[-2.062118925381977,53.75559269011175],[-2.0616909032244597,53.75551592771286],[-2.0612457767,53.75549000825441],[-2.0608006501755405,53.75551592771286],[-2.060372628018023,53.75559269011175],[-2.059978157526073,53.75571734578237],[-2.0596323970754806,53.755885104677105],[-2.0593486337289373,53.75608952038743],[-2.0591377726700237,53.756322737804],[-2.059007918074841,53.75657579491221],[-2.0589640615354847,53.75683896713658],[-2.059007890030035,53.75710214100997],[-2.0591377208499804,53.75735520281423],[-2.0593485660227873,53.757588427258916],[-2.0596323237908725,53.75779285125947],[-2.0599780898199236,53.757960618444436],[-2.0603725761979796,53.75808528114318],[-2.060800622130735,53.75816204823812],[-2.0612457767,53.758187969345585],[-2.0616909312692653,53.75816204823812],[-2.0621189772020205,53.75808528114318],[-2.0625134635800766,53.757960618444436],[-2.0628592296091277,53.75779285125947],[-2.0631429873772125,53.757588427258916],[-2.06335383255002,53.75735520281423],[-2.0634836633699654,53.75710214100997],[-2.0635274918645155,53.75683896713658]]],[[[-2.056572999886401,53.72523497836163],[-2.0565291763323708,53.72497180613632],[-2.056399419369038,53.724718749025385],[-2.0561887168339834,53.724485531604756],[-2.0559051668095996,53.724281115889625],[-2.0555596662810127,53.72411335699011],[-2.0551654923228635,53.72398870131542],[-2.054737791917036,53.72391193891381],[-2.054293,53.72388601945442],[-2.0538482080829636,53.72391193891381],[-2.0534205076771364,53.72398870131542],[-2.053026333718987,53.72411335699011],[-2.0526808331904003,53.724281115889625],[-2.052397283166017,53.724485531604756],[-2.0521865806309623,53.724718749025385],[-2.052056823667629,53.72497180613632],[-2.0520130001135994,53.72523497836163],[-2.0520567956763003,53.72549815223407],[-2.05218652890973,53.725751214035604],[-2.0523972155889707,53.72598443847623],[-2.0526807600455323,53.726188862471986],[-2.053026266141941,53.72635662965218],[-2.053420455955905,53.726481292346854],[-2.053848180091635,53.72655805943908],[-2.054293,53.7265839805456],[-2.0547378199083655,53.72655805943908],[-2.0551655440440952,53.726481292346854],[-2.055559733858059,53.72635662965218],[-2.0559052399544675,53.726188862471986],[-2.0561887844110296,53.72598443847623],[-2.0563994710902698,53.725751214035604],[-2.0565292043237,53.72549815223407],[-2.056572999886401,53.72523497836163]]],[[[-2.055595545438299,53.73529331165366],[-2.0555517113931403,53.73503013942865],[-2.055421923377561,53.73477708231859],[-2.0552111704232834,53.73454386489926],[-2.05492755255083,53.73433944918565],[-2.054581969352883,53.73417169028765],[-2.0541877010808274,53.73404703461426],[-2.05375989834043,53.73397027221351],[-2.053315,53.73394435275442],[-2.05287010165957,53.73397027221351],[-2.052442298919173,53.73404703461426],[-2.0520480306471174,53.73417169028765],[-2.0517024474491703,53.73433944918565],[-2.051453307381185,53.734519015248765],[-2.0512016267390933,53.73439684078759],[-2.050807356355215,53.73427218511423],[-2.050379551323401,53.7341954227135],[-2.0499346506,53.73416950325442],[-2.0494897498765985,53.7341954227135],[-2.049061944844785,53.73427218511423],[-2.0486676744609067,53.73439684078759],[-2.0483220894118745,53.734564599685555],[-2.048038470020207,53.73476901539912],[-2.0478277159369704,53.73500223281843],[-2.0476979272260873,53.73525528992848],[-2.047654092946017,53.73551846215348],[-2.047697899217373,53.73578163602623],[-2.0478276641836146,53.73603469782866],[-2.0480384024011884,53.7362679222706],[-2.0483220162215767,53.73647234626792],[-2.0486676068418883,53.73664011344967],[-2.049061893091429,53.736764776145655],[-2.049489721867884,53.73684154323877],[-2.0499346506,53.73686746434559],[-2.050379579332116,53.73684154323877],[-2.050807408108571,53.736764776145655],[-2.0512016943581117,53.73664011344967],[-2.0515472849784233,53.73647234626792],[-2.0517963565167596,53.73629281975749],[-2.0520479630290187,53.736414962949716],[-2.0524422471665207,53.73653962564569],[-2.052870073651236,53.736616392738775],[-2.053315,53.7366423138456],[-2.053759926348764,53.736616392738775],[-2.0541877528334798,53.73653962564569],[-2.0545820369709817,53.736414962949716],[-2.0549276257401328,53.736247195768],[-2.055211238041382,53.73604277177072],[-2.055421975130213,53.735809547328806],[-2.0555517394014737,53.7355564855264],[-2.055595545438299,53.73529331165366]]],[[[-2.0462779220957765,53.7337184123549],[-2.0462340896937037,53.733455240129835],[-2.046104306541424,53.73320218301964],[-2.045893561483637,53.7329689656001],[-2.0456099542373227,53.73276454988625],[-2.0452643839867757,53.732596790988026],[-2.04487013048585,53.73247213531443],[-2.044442343772753,53.73239537291355],[-2.0439974621,53.7323694534544],[-2.0435525804272476,53.73239537291355],[-2.04312479371415,53.73247213531443],[-2.0427305402132245,53.732596790988026],[-2.0423849699626775,53.73276454988625],[-2.0421013627163633,53.7329689656001],[-2.0418906176585763,53.73320218301964],[-2.041760834506297,53.733455240129835],[-2.041717002104224,53.7337184123549],[-2.041760806500627,53.73398158622759],[-2.0418905659108457,53.734234648029854],[-2.0421012951046946,53.734467872471576],[-2.042384896780335,53.73467229646863],[-2.0427304726015563,53.73484006365009],[-2.0431247419664196,53.734964726345865],[-2.0435525524215774,53.73504149343881],[-2.0439974621,53.73506741454558],[-2.044442371778423,53.73504149343881],[-2.044870182233581,53.734964726345865],[-2.0452644515984444,53.73484006365009],[-2.0456100274196656,53.73467229646863],[-2.045893629095306,53.734467872471576],[-2.046104358289155,53.734234648029854],[-2.0462341176993735,53.73398158622759],[-2.0462779220957765,53.7337184123549]]],[[[-2.0446910883861906,53.76913831452683],[-2.0446472189928753,53.76887514230284],[-2.0445173263518197,53.76862208519568],[-2.0443064035182084,53.76838886778069],[-2.04402255704278,53.76818445207223],[-2.0436766953039474,53.76801669317937],[-2.0432821092566176,53.76789203751032],[-2.042853961716636,53.76781527511248],[-2.0424087048,53.76778935565442],[-2.0419634478833646,53.76781527511248],[-2.041535300343383,53.76789203751032],[-2.0411407142960534,53.76801669317937],[-2.040794852557221,53.76818445207223],[-2.0405110060817924,53.76838886778069],[-2.040300083248181,53.76862208519568],[-2.0401701906071255,53.76887514230284],[-2.04012632121381,53.76913831452683],[-2.040170162541471,53.7694014884006],[-2.040300031389614,53.76965455020591],[-2.0405109383253093,53.76988777465217],[-2.0407947792181322,53.77009219865459],[-2.0411406465395703,53.770259965841426],[-2.041535248484816,53.770384628541755],[-2.0419634198177103,53.77046139563775],[-2.0424087048,53.770487316745594],[-2.0428539897822904,53.77046139563775],[-2.043282161115185,53.770384628541755],[-2.0436767630604304,53.770259965841426],[-2.0440226303818685,53.77009219865459],[-2.0443064712746915,53.76988777465217],[-2.044517378210387,53.76965455020591],[-2.0446472470585295,53.7694014884006],[-2.0446910883861906,53.76913831452683]]],[[[-2.0442437097412505,53.76474815793031],[-2.044199844937153,53.76448498570619],[-2.044069965879521,53.76423192859866],[-2.0438590651011785,53.763998711183106],[-2.0435752483050504,53.76379429547396],[-2.0432294227289076,53.76362653658044],[-2.04283487793803,53.763501880910844],[-2.0424067751630393,53.763425118512615],[-2.0419615648,53.76339919905441],[-2.0415163544369603,53.763425118512615],[-2.04108825166197,53.763501880910844],[-2.0406937068710924,53.76362653658044],[-2.0403478812949496,53.76379429547396],[-2.0400640644988215,53.763998711183106],[-2.039853163720479,53.76423192859866],[-2.039723284662847,53.76448498570619],[-2.0396794198587496,53.76474815793031],[-2.039723256604637,53.76501133180395],[-2.039853111875667,53.765264393608874],[-2.0400639967603107,53.76549761805458],[-2.040347807975314,53.76570204205633],[-2.040693639132581,53.76586980924251],[-2.041088199817158,53.76599447194226],[-2.0415163263787504,53.766071239037885],[-2.0419615648,53.7660971601456],[-2.0424068032212497,53.766071239037885],[-2.042834929782842,53.76599447194226],[-2.043229490467419,53.76586980924251],[-2.043575321624686,53.76570204205633],[-2.0438591328396893,53.76549761805458],[-2.044070017724333,53.765264393608874],[-2.044199872995363,53.76501133180395],[-2.0442437097412505,53.76474815793031]]],[[[-2.0357888232970933,53.75189091294052],[-2.035744971926219,53.751627740716],[-2.0356151326289993,53.75137468360736],[-2.0354042964092356,53.75114146619016],[-2.035120566488203,53.750937050479074],[-2.034774846764864,53.75076929158359],[-2.0343804227368807,53.75064463591234],[-2.033952450994727,53.750567873513006],[-2.0335073769,53.75054195405443],[-2.0330623028052726,53.750567873513006],[-2.032634331063119,53.75064463591234],[-2.032239907035135,53.75076929158359],[-2.031894187311796,53.750937050479074],[-2.0316104573907636,53.75114146619016],[-2.031399621171,53.75137468360736],[-2.0312697818737804,53.751627740716],[-2.031225930502906,53.75189091294052],[-2.0312697538373565,53.75215408681375],[-2.0313995693664437,53.75240714861758],[-2.0316103897048485,53.752640373061624],[-2.03189411404909,53.75284479706143],[-2.0322398393492205,53.75301256424566],[-2.0326342792585623,53.753137226943764],[-2.0330622747688487,53.75321399403828],[-2.0335073769,53.7532399151456],[-2.033952479031151,53.75321399403828],[-2.034380474541437,53.753137226943764],[-2.0347749144507787,53.75301256424566],[-2.0351206397509096,53.75284479706143],[-2.0354043640951507,53.752640373061624],[-2.0356151844335555,53.75240714861758],[-2.0357449999626427,53.75215408681375],[-2.0357888232970933,53.75189091294052]]],[[[-2.0338946499846284,53.73463983835416],[-2.0338508166212543,53.73437666612914],[-2.0337210306236617,53.734123609019015],[-2.0335102809459675,53.733890391599594],[-2.0332266674827433,53.73368597588589],[-2.0328810896572125,53.733518216987804],[-2.0324868275143158,53.73339356131432],[-2.0320590314243145,53.73331679891351],[-2.03161414,53.73329087945441],[-2.031169248575685,53.73331679891351],[-2.030741452485684,53.73339356131432],[-2.030347190342787,53.733518216987804],[-2.0300016125172564,53.73368597588589],[-2.029717999054032,53.733890391599594],[-2.029507249376338,53.734123609019015],[-2.0293774633787454,53.73437666612914],[-2.0293336300153713,53.73463983835416],[-2.029377435371517,53.73490301222689],[-2.029507197625728,53.73515607402924],[-2.0296640599440376,53.73532967752519],[-2.0294725014536232,53.73523669028739],[-2.0290782231920352,53.735112034614126],[-2.0286504096125744,53.735035272213466],[-2.0282055000000003,53.73500935275441],[-2.027760590387426,53.735035272213466],[-2.027332776807965,53.735112034614126],[-2.026938498546377,53.73523669028739],[-2.0265929065922634,53.73540444918521],[-2.0263092815334844,53.73560886489866],[-2.0260985232389075,53.73584208231785],[-2.025968731934339,53.736095139427825],[-2.0259248967779815,53.736358311652815],[-2.0259687039242045,53.73662148552559],[-2.026098471482927,53.736874547328085],[-2.026309213911037,53.737107771770134],[-2.026592833398254,53.73731219576757],[-2.02693843092393,53.737479962949436],[-2.027332725051984,53.73760462564556],[-2.027760562377291,53.737681392738736],[-2.0282055000000003,53.73770731384558],[-2.028650437622709,53.737681392738736],[-2.029078274948016,53.73760462564556],[-2.0294725690760704,53.737479962949436],[-2.0298181666017463,53.73731219576757],[-2.0301017860889634,53.737107771770134],[-2.030312528517073,53.736874547328085],[-2.0304422960757957,53.73662148552559],[-2.0304861032220187,53.736358311652815],[-2.030442268065661,53.736095139427825],[-2.0303124767610927,53.73584208231785],[-2.03015563968209,53.735668532143364],[-2.0303471227273566,53.73576148964986],[-2.0307414007350735,53.73588615234575],[-2.0311692205684566,53.735962919438784],[-2.03161414,53.73598884054558],[-2.032059059431543,53.735962919438784],[-2.032486879264926,53.73588615234575],[-2.032881157272643,53.73576148964986],[-2.033226740669158,53.73559372246827],[-2.033510348561398,53.73538929847106],[-2.0337210823742717,53.73515607402924],[-2.033850844628483,53.73490301222689],[-2.0338946499846284,53.73463983835416]]],[[[-2.033102724692434,53.74474691324617],[-2.0330588807810863,53.74448374102144],[-2.032929063562998,53.744230683912185],[-2.0327182631928995,53.743997466494065],[-2.032434581513991,53.74379305078189],[-2.0320889205711814,53.74362529188533],[-2.031694563603368,53.74350063621316],[-2.03126666462433,53.74342387381322],[-2.0308216662,53.743397954354414],[-2.0303766677756703,53.74342387381322],[-2.0303413730898034,53.74343020545906],[-2.030228753166256,53.74330560719446],[-2.0299450761582416,53.74310119148217],[-2.029599420906675,53.74293343258551],[-2.0292050704317544,53.74280877691325],[-2.0287771784977786,53.74273201451325],[-2.0283321874,53.742706095054416],[-2.027887196302222,53.74273201451325],[-2.027459304368246,53.74280877691325],[-2.0270649538933254,53.74293343258551],[-2.026719298641759,53.74310119148217],[-2.0264356216337442,53.74330560719446],[-2.0262248247346775,53.74353882461266],[-2.0260950096543326,53.743791881721975],[-2.0260511664652308,53.744055053946724],[-2.0260949816311755,53.744318227819726],[-2.0262247729546345,53.74457128962288],[-2.0264355539798578,53.74480451406592],[-2.0267192254137196,53.74500893806454],[-2.0270648862394385,53.74517670524757],[-2.0274592525882027,53.74530136794467],[-2.0278871682790647,53.745378135038514],[-2.0283321874,53.745404056145595],[-2.0287772065209357,53.745378135038514],[-2.0288124288245286,53.745371816238006],[-2.028925001550387,53.74549637336554],[-2.02920867765491,53.74570079736426],[-2.0295543441721042,53.74586856454741],[-2.029948717014425,53.74599322724459],[-2.030376639751342,53.746069994338484],[-2.0308216662,53.746095915445586],[-2.031266692648658,53.746069994338484],[-2.0316946153855753,53.74599322724459],[-2.032088988227896,53.74586856454741],[-2.03243465474509,53.74570079736426],[-2.0327183308496126,53.74549637336554],[-2.032929115345205,53.74526314892241],[-2.033058908805415,53.7450100871192],[-2.033102724692434,53.74474691324617]]],[[[-2.031603900840094,53.70495331167768],[-2.031560098421054,53.70469013945175],[-2.0314304040142885,53.70443708233908],[-2.0312198030517137,53.704203864915854],[-2.030936389711246,53.70399944919764],[-2.030591055724936,53.70383169029506],[-2.0301970717676876,53.70370703461777],[-2.0297695775208604,53.70363027221442],[-2.029325,53.703604352754425],[-2.0288804224791397,53.70363027221442],[-2.0284529282323125,53.70370703461777],[-2.028058944275064,53.70383169029506],[-2.0277136102887545,53.70399944919764],[-2.0274301969482864,53.704203864915854],[-2.0272195959857116,53.70443708233908],[-2.0270899015789463,53.70469013945175],[-2.027046099159906,53.70495331167768],[-2.0270898736218634,53.7052164855495],[-2.027219544327758,53.7054695473493],[-2.0274301294539168,53.70570277178732],[-2.0277135372333754,53.705907195780014],[-2.0280588767806944,53.70607496295713],[-2.0284528765743586,53.706199625649205],[-2.028880394522057,53.70627639273969],[-2.029325,53.70630231384558],[-2.0297696054779437,53.70627639273969],[-2.0301971234256415,53.706199625649205],[-2.0305911232193057,53.70607496295713],[-2.0309364627666247,53.705907195780014],[-2.0312198705460833,53.70570277178732],[-2.031430455672242,53.7054695473493],[-2.031560126378137,53.7052164855495],[-2.031603900840094,53.70495331167768]]],[[[-2.031326368782693,53.75936460703457],[-2.031282509604589,53.75910143481029],[-2.0311526471990886,53.758848377702286],[-2.0309417734586424,53.75861516028605],[-2.030657993046832,53.758410744576096],[-2.030312211803096,53.75824298568175],[-2.029917717589147,53.758118330011456],[-2.0294896696922584,53.75804156761278],[-2.0290445164,53.758015648154405],[-2.0285993631077415,53.75804156761278],[-2.0281713152108534,53.758118330011456],[-2.02813277634213,53.75813050785423],[-2.028045508265831,53.758067645476224],[-2.0276997298469546,53.75789988658183],[-2.0273052388557664,53.7577752309115],[-2.0268771944557096,53.757698468512785],[-2.0264320448,53.757672549054405],[-2.0259868951442903,53.757698468512785],[-2.0255588507442335,53.7577752309115],[-2.0251643597530453,53.75789988658183],[-2.0248185813341695,53.758067645476224],[-2.024534803240767,53.75827206118623],[-2.0243239312231753,53.75850527860252],[-2.0241940698787486,53.75875833571055],[-2.0241502110591325,53.75902150793484],[-2.024194041830245,53.7592846818083],[-2.0243238793962988,53.759537743612746],[-2.0245347355256893,53.75977096805771],[-2.024818508039897,53.75997539205859],[-2.0251642920379678,53.7601431592439],[-2.025558798917357,53.76026782194292],[-2.025986867095787,53.76034458903804],[-2.0264320448,53.760370510145584],[-2.026877222504213,53.76034458903804],[-2.027305290682643,53.76026782194292],[-2.0273437560297602,53.760255667037036],[-2.0274309664573766,53.76031849115847],[-2.0277767532804227,53.76048625834382],[-2.028171263382902,53.76061092104288],[-2.0285993350586566,53.760687688138034],[-2.0290445164,53.76071360924559],[-2.0294896977413437,53.760687688138034],[-2.0299177694170982,53.76061092104288],[-2.0303122795195776,53.76048625834382],[-2.0306580663426232,53.76031849115847],[-2.0309418411751237,53.760114067157524],[-2.031152699027039,53.75988084271251],[-2.0312825376536736,53.75962778090805],[-2.031326368782693,53.75936460703457]]],[[[-2.030725193568003,53.74751488854398],[-2.0306813467668094,53.74725171631933],[-2.030551520995192,53.74699865921032],[-2.0303407067368124,53.74676544179256],[-2.0300570063687426,53.7465610260808],[-2.029711322654159,53.74639326718466],[-2.02931693970701,53.746268611512846],[-2.028889012539296,53.746191849113146],[-2.0284439848,53.74616592965442],[-2.0279989570607038,53.746191849113146],[-2.0275710298929903,53.746268611512846],[-2.027176646945841,53.74639326718466],[-2.0268309632312573,53.7465610260808],[-2.026547262863188,53.74676544179256],[-2.0263364486048085,53.74699865921032],[-2.0262066228331905,53.74725171631933],[-2.026162776031997,53.74751488854398],[-2.0262065948041768,53.7477780624171],[-2.0263363968139436,53.74803112422054],[-2.0265471951951617,53.74826434866403],[-2.026830889987914,53.748468772663166],[-2.0271765792778154,53.74863653984673],[-2.027570978102125,53.748761202544266],[-2.02799892903169,53.7488379696384],[-2.0284439848,53.7488638907456],[-2.02888904056831,53.7488379696384],[-2.029316991497875,53.748761202544266],[-2.029711390322185,53.74863653984673],[-2.030057079612086,53.748468772663166],[-2.0303407744048383,53.74826434866403],[-2.0305515727860564,53.74803112422054],[-2.0306813747958237,53.7477780624171],[-2.030725193568003,53.74751488854398]]],[[[-2.0238345434989493,53.756808308336595],[-2.023790686991623,53.75654513611224],[-2.0236608324912417,53.75629207900402],[-2.0234499715862584,53.75605886158744],[-2.0231662084468547,53.755854445877105],[-2.0228204482486505,53.75568668698237],[-2.022425978044641,53.755562031311754],[-2.0219979561995496,53.75548526891284],[-2.02155283,53.75545934945441],[-2.02110770380045,53.75548526891284],[-2.020679681955359,53.755562031311754],[-2.0202852117513497,53.75568668698237],[-2.0199394515531455,53.755854445877105],[-2.0196556884137418,53.75605886158744],[-2.019444827508758,53.75629207900402],[-2.0193481006538434,53.75648057780938],[-2.019124363114181,53.75649360561282],[-2.018696330993391,53.75657036801163],[-2.0183018513190603,53.756695023682134],[-2.0179560828197958,53.756862782576704],[-2.0176723128675778,53.7570671982869],[-2.0174614468998597,53.75730041570334],[-2.0173315892814356,53.75755347281146],[-2.017326375136025,53.75758476087722],[-2.017086550615009,53.757701115876365],[-2.0168027749982875,53.757905531586445],[-2.0165919048211656,53.75813874900277],[-2.0164620446102495,53.758391806110836],[-2.0164181861735946,53.75865497833514],[-2.0164620165623672,53.75891815220859],[-2.016591852995437,53.759171214013],[-2.0168027072847092,53.759404438457906],[-2.0170864773223602,53.75960886245874],[-2.017123467982667,53.759626809712394],[-2.017225519840408,53.759825714012564],[-2.017436377415548,53.76005893845756],[-2.0177201518755448,53.76026336245849],[-2.018065938244674,53.76043112964384],[-2.0184604478292667,53.7605557923429],[-2.0185331594033578,53.76056883189672],[-2.0182364349076125,53.76071278257518],[-2.0179526389391027,53.7609171982848],[-2.017741753638169,53.76115041570073],[-2.0176118841127826,53.76140347280853],[-2.0175680225291948,53.761666645032754],[-2.017611856059796,53.761929818906296],[-2.0176835605542283,53.76206956679726],[-2.0176568252161466,53.76222997833232],[-2.017700659334492,53.76249315220588],[-2.0178305068193585,53.76274621401059],[-2.0180413790582308,53.76297943845598],[-2.018325173253685,53.76318386245734],[-2.0186709836716306,53.76335162964313],[-2.0190655206941606,53.763476292342574],[-2.0194936215804384,53.76355305943797],[-2.0199388333,53.7635789805456],[-2.020384045019562,53.76355305943797],[-2.0208121459058397,53.763476292342574],[-2.0212066829283697,53.76335162964313],[-2.021552493346315,53.76318386245734],[-2.0218362875417695,53.76297943845598],[-2.0220471597806413,53.76274621401059],[-2.0221770072655083,53.76249315220588],[-2.0222208413838536,53.76222997833232],[-2.0221769792115665,53.76196680610812],[-2.022105259436182,53.76182705850091],[-2.0221319774708055,53.761666645032754],[-2.0220881158872177,53.76140347280853],[-2.021958246361831,53.76115041570073],[-2.0217473610608976,53.7609171982848],[-2.021463565092388,53.76071278257518],[-2.021117764893619,53.760545023681196],[-2.020723249054691,53.76042036801119],[-2.02065052203252,53.7604073264925],[-2.0209472475244556,53.76026336245849],[-2.0212310219844527,53.76005893845756],[-2.0214418795595925,53.759825714012564],[-2.021571718015813,53.75957265220809],[-2.0216155490873238,53.75930947833463],[-2.0215716899668217,53.75904630611034],[-2.0214418277318145,53.75879324900233],[-2.021327290406215,53.75866657541012],[-2.0214667548425704,53.758566105158366],[-2.0216776049232443,53.75833288071357],[-2.0217742978300772,53.75814441458537],[-2.021997984244303,53.75813138943812],[-2.022426029864588,53.758054622343174],[-2.0228205159546744,53.75792995964444],[-2.023166281731327,53.75776219245947],[-2.0234500392922827,53.75755776845893],[-2.0236608843111896,53.75732454401424],[-2.0237907150363768,53.75707148220999],[-2.0238345434989493,53.756808308336595]]],[[[-2.0225804909709675,53.74024568754973],[-2.0225366517579975,53.739982515324876],[-2.0224068484464337,53.73972945821524],[-2.022196070656219,53.739496240796534],[-2.021912419362577,53.73929182508368],[-2.021566795442642,53.73912406618644],[-2.021172480712628,53.73899941051368],[-2.0207446275633845,53.73892264811336],[-2.0202996768,53.73889672865442],[-2.0198547260366153,53.73892264811336],[-2.0194268728873723,53.73899941051368],[-2.019032558157358,53.73912406618644],[-2.0186869342374227,53.73929182508368],[-2.018403282943781,53.739496240796534],[-2.018192505153566,53.73972945821524],[-2.0180627018420028,53.739982515324876],[-2.0180188626290323,53.74024568754973],[-2.0180626738252916,53.740508861422626],[-2.018192453385434,53.740761923225456],[-2.018403215305457,53.74099514766801],[-2.0186868610262283,53.74119957166604],[-2.0190324905190336,53.7413673388485],[-2.0194268211192403,53.74149200154511],[-2.0198546980199046,53.74156876863862],[-2.0202996768,53.74159468974559],[-2.0207446555800956,53.74156876863862],[-2.02117253248076,53.74149200154511],[-2.0215668630809662,53.7413673388485],[-2.0219124925737715,53.74119957166604],[-2.022196138294543,53.74099514766801],[-2.0224069002145657,53.740761923225456],[-2.022536679774708,53.740508861422626],[-2.0225804909709675,53.74024568754973]]],[[[-2.018942441129371,53.749644978342296],[-2.0188985921039735,53.74938180611771],[-2.0187687597490305,53.74912874900889],[-2.018557934801372,53.748895531591394],[-2.0182742200489683,53.748691115879964],[-2.017928518807819,53.74852335698416],[-2.017534115865368,53.74839870131261],[-2.0171061670019066,53.74832193891308],[-2.0166611167,53.74829601945443],[-2.0162160663980933,53.74832193891308],[-2.0157881175346324,53.74839870131261],[-2.015393714592181,53.74852335698416],[-2.0150480133510316,53.748691115879964],[-2.0147642985986285,53.748895531591394],[-2.0146923563857713,53.74897511504334],[-2.014491951409301,53.7488307242799],[-2.0141462490193627,53.748662965384106],[-2.013751844766307,53.74853830971257],[-2.013323894480786,53.74846154731307],[-2.0128788427,53.74843562785442],[-2.0124337909192143,53.74846154731307],[-2.012005840633693,53.74853830971257],[-2.011611436380638,53.748662965384106],[-2.0112657339906996,53.7488307242799],[-2.0109820182954663,53.74903513999131],[-2.010771192647173,53.74926835740878],[-2.0106413598607222,53.7495214145176],[-2.010597510689538,53.74978458674217],[-2.0106413318278653,53.75004776061536],[-2.0107711408492075,53.75030082241901],[-2.0109819506181634,53.750534046862775],[-2.011265660737314,53.75073847086226],[-2.0116113687033343,53.75090623804616],[-2.0120057888357272,53.751030900744],[-2.0124337628863573,53.75110766783833],[-2.0128788427,53.751133588945585],[-2.013323922513643,53.75110766783833],[-2.013751896564273,53.751030900744],[-2.014146316696666,53.75090623804616],[-2.0144920246626863,53.75073847086226],[-2.0147757347818374,53.750534046862775],[-2.0148476170729483,53.75045452157586],[-2.0150479400982637,53.75059886246233],[-2.0153936469154483,53.75076662964621],[-2.0157880657371035,53.75089129234402],[-2.016216038365473,53.75096805943835],[-2.0166611167,53.7509939805456],[-2.0171061950345273,53.75096805943835],[-2.0175341676628964,53.75089129234402],[-2.0179285864845515,53.75076662964621],[-2.018274293301736,53.75059886246233],[-2.0185580024781045,53.75039443846288],[-2.0187688115465594,53.75016121401911],[-2.018898620136594,53.749908152215475],[-2.018942441129371,53.749644978342296]]],[[[-2.015587878145047,53.74326677834734],[-2.015544035778805,53.74300360612257],[-2.0154142231340066,53.74275054901319],[-2.0152034301895125,53.742517331594875],[-2.0149197585030816,53.74231291588248],[-2.014574109735589,53.74214515698569],[-2.014179766658069,53.74202050131333],[-2.0137518827505847,53.741943738913264],[-2.0133069,53.74191781945442],[-2.012861917249415,53.741943738913264],[-2.012434033341931,53.74202050131333],[-2.0120396902644107,53.74214515698569],[-2.011694041496918,53.74231291588248],[-2.011417322938523,53.74251232112436],[-2.0113736699745384,53.74225028112316],[-2.0112438596571907,53.741997224013716],[-2.0110330704917554,53.741764006595304],[-2.0107494038907228,53.741559590882794],[-2.0104037613195245,53.741391831985894],[-2.010009425311089,53.741267176313436],[-2.0095815490738604,53.7411904139133],[-2.0091365743,53.74116449445443],[-2.008691599526139,53.7411904139133],[-2.0082637232889105,53.741267176313436],[-2.007869387280475,53.741391831985894],[-2.007523744709277,53.741559590882794],[-2.0072400781082442,53.741764006595304],[-2.007029288942809,53.741997224013716],[-2.0068994786254613,53.74225028112316],[-2.0068556370455584,53.74251345334795],[-2.006899450604913,53.74277662722091],[-2.0070292371675866,53.74302968902393],[-2.0072400104606563,53.743262913466765],[-2.007523671488055,53.743467337465155],[-2.0078693196328867,53.74363510464796],[-2.008263671513688,53.74375976734486],[-2.008691571505591,53.74383653443856],[-2.0091365743,53.7438624555456],[-2.009581577094409,53.74383653443856],[-2.0100094770863115,53.74375976734486],[-2.010403828967113,53.74363510464796],[-2.0107494771119447,53.743467337465155],[-2.0110261203955133,53.74326797089488],[-2.0110697361993717,53.74352995222032],[-2.011199525088415,53.74378301402341],[-2.011410302159821,53.74401623846635],[-2.0116939682723647,53.74422066246485],[-2.0120396226137447,53.74438842964776],[-2.0124339815643526,53.74451309234476],[-2.0128618892275916,53.74458985943853],[-2.0133069,53.74461578054558],[-2.013751910772408,53.74458985943853],[-2.0141798184356468,53.74451309234476],[-2.014574177386255,53.74438842964776],[-2.0149198317276347,53.74422066246485],[-2.0152034978401785,53.74401623846635],[-2.015414274911585,53.74378301402341],[-2.015544063800628,53.74352995222032],[-2.015587878145047,53.74326677834734]]],[[[-2.015310775600543,53.73953497835029],[-2.0152669371292937,53.7392718061254],[-2.0151371360131187,53.739018749015706],[-2.014926361787534,53.73878553159692],[-2.0146427152907393,53.73858111588397],[-2.014297097215514,53.738413356986605],[-2.013902789153476,53.738288701313756],[-2.0134749432392693,53.73821193891337],[-2.01303,53.73818601945441],[-2.012585056760731,53.73821193891337],[-2.012157210846524,53.738288701313756],[-2.011766523249827,53.738412212420755],[-2.0117786961286215,53.73839874142705],[-2.0119084683926234,53.73814567962443],[-2.0119522771267038,53.7378825057516],[-2.0119084403799103,53.737619333526666],[-2.011778644367877,53.73736627641682],[-2.0115678784298363,53.73713305899783],[-2.011284243085412,53.736928643284614],[-2.010938638598773,53.73676088438702],[-2.0105443460393664,53.73663622871395],[-2.0101165169461686,53.73655946631343],[-2.0099529570855563,53.73654993801991],[-2.009896258091353,53.736487198298185],[-2.009612627105475,53.73628278258488],[-2.009267027929498,53.736115023687184],[-2.0088727414287977,53.735990368014036],[-2.0084449189095515,53.735913605613455],[-2.008,53.73588768615443],[-2.007555081090448,53.735913605613455],[-2.007127258571202,53.735990368014036],[-2.006732972070502,53.736115023687184],[-2.0065281230858587,53.73621446038219],[-2.0061803855990323,53.736104521714026],[-2.0057525619178813,53.73602775931345],[-2.0053076418,53.736001839854424],[-2.004862721682118,53.73602775931345],[-2.004434898000967,53.736104521714026],[-2.0040406104294286,53.73622917738715],[-2.003695010314825,53.736396936284834],[-2.0034113785586003,53.73660135199813],[-2.0032006152870214,53.7368345694172],[-2.0030708209172117,53.73708762652709],[-2.0030269847252495,53.73735079875204],[-2.003070792905398,53.73761397262484],[-2.003200563527939,53.73786703442743],[-2.0034113109321003,53.7381002588696],[-2.0036949371164283,53.738304682867195],[-2.0040405428029278,53.738472450049215],[-2.0044348462418844,53.73859711274545],[-2.0048626936703045,53.73867387983872],[-2.0053076418,53.7386998009456],[-2.005752589929695,53.73867387983872],[-2.006180437358115,53.73859711274545],[-2.0065747407970718,53.738472450049215],[-2.00677953230161,53.738373038219606],[-2.007127206812476,53.73848295904547],[-2.0075550530788275,53.738559726138725],[-2.0077185656597525,53.73856925183018],[-2.007775236341492,53.738631965869295],[-2.0080588661138408,53.738836389866975],[-2.0084044761725557,53.739004157049074],[-2.008798784599889,53.73912881974538],[-2.009226637441118,53.739205586838686],[-2.0096715912,53.73923150794559],[-2.010116544958882,53.739205586838686],[-2.010544397800111,53.73912881974538],[-2.0109349898397197,53.73900533200472],[-2.0109228639868815,53.739018749015706],[-2.0107930628707065,53.7392718061254],[-2.0107492243994574,53.73953497835029],[-2.010793034855198,53.73979815222317],[-2.0109228122209717,53.74005121402593],[-2.011133570577045,53.74028443846839],[-2.011417211501209,53.74048886246633],[-2.011762835149065,53.740656629648676],[-2.0121571590806133,53.74078129234519],[-2.0125850287452223,53.74085805943864],[-2.01303,53.74088398054559],[-2.013474971254778,53.74085805943864],[-2.013902840919387,53.74078129234519],[-2.014297164850935,53.740656629648676],[-2.0146427884987914,53.74048886246633],[-2.0149264294229554,53.74028443846839],[-2.0151371877790285,53.74005121402593],[-2.0152669651448023,53.73979815222317],[-2.015310775600543,53.73953497835029]]],[[[-2.011846837922345,53.78425173431484],[-2.011802952721012,53.7839885620913],[-2.011673013290504,53.783735504985444],[-2.0114620144853332,53.78350228757242],[-2.0111780657766105,53.78329787186623],[-2.010832079471808,53.78313011297567],[-2.0104373513125413,53.78300545730858],[-2.010009049575111,53.78292869491204],[-2.0095636323,53.782902775454424],[-2.0091182150248885,53.78292869491204],[-2.0086899132874585,53.78300545730858],[-2.008295185128192,53.78313011297567],[-2.007949198823389,53.78329787186623],[-2.007665250114666,53.78350228757242],[-2.007454251309496,53.783735504985444],[-2.007324311878987,53.7839885620913],[-2.0072804266776543,53.78425173431484],[-2.0073242837876855,53.78451490818906],[-2.007454199403539,53.78476796999566],[-2.0076651822962646,53.78500119444388],[-2.00794912541728,53.7852056184486],[-2.0082951173097903,53.78537338563773],[-2.0086898613815007,53.785498048339996],[-2.009118186933587,53.78557481543729],[-2.0095636323,53.7856007365456],[-2.010009077666413,53.78557481543729],[-2.0104374032184986,53.785498048339996],[-2.010832147290209,53.78537338563773],[-2.0111781391827197,53.7852056184486],[-2.011462082303735,53.78500119444388],[-2.0116730651964607,53.78476796999566],[-2.011802980812314,53.78451490818906],[-2.011846837922345,53.78425173431484]]],[[[-2.0061456890890605,53.756358978336976],[-2.006101833051144,53.7560958061126],[-2.0059719799401488,53.755842749004344],[-2.005761121291097,53.755609531587716],[-2.005477361187451,53.7554051158773],[-2.0051316046881618,53.755237356982505],[-2.004737138704084,53.75511270131183],[-2.0043091214377977,53.75503593891289],[-2.003864,53.755010019454424],[-2.0034188785622025,53.75503593891289],[-2.002990861295916,53.75511270131183],[-2.0025963953118384,53.755237356982505],[-2.002250638812549,53.7554051158773],[-2.0019668787089033,53.755609531587716],[-2.0017560200598514,53.755842749004344],[-2.001626166948856,53.7560958061126],[-2.0015823109109396,53.756358978336976],[-2.001626138904864,53.75662215221036],[-2.001755968241311,53.75687521401456],[-2.0019668110047175,53.757108438459184],[-2.002250565530066,53.75731286245967],[-2.002596327607652,53.757480629644576],[-2.0029908094773754,53.75760529234324],[-2.0034188505182104,53.75768205943814],[-2.003864,53.757707980545604],[-2.0043091494817897,53.75768205943814],[-2.004737190522625,53.75760529234324],[-2.005131672392348,53.757480629644576],[-2.005477434469934,53.75731286245967],[-2.0057611889952827,53.757108438459184],[-2.0059720317586893,53.75687521401456],[-2.006101861095136,53.75662215221036],[-2.0061456890890605,53.756358978336976]]],[[[-2.0010355664172494,53.73567997835335],[-2.0009917319686594,53.735416806128356],[-2.0008619427589798,53.73516374901833],[-2.000651187865854,53.73493053159904],[-2.000367567384334,53.734726115885486],[-2.0000219810073743,53.734558356987556],[-1.99962770910852,53.73443370131422],[-1.9991999024328935,53.7343569389135],[-1.998755,53.73433101945442],[-1.9983100975671066,53.7343569389135],[-1.99788229089148,53.73443370131422],[-1.9974880189926258,53.734558356987556],[-1.9971424326156662,53.734726115885486],[-1.9968588121341462,53.73493053159904],[-1.9966480572410203,53.73516374901833],[-1.9965182680313407,53.735416806128356],[-1.9964744335827505,53.73567997835335],[-1.9965182400223533,53.73594315222611],[-1.9966480054871598,53.736196214028546],[-1.9968587445144688,53.73642943847051],[-1.9971423594246547,53.736633862467855],[-1.9974879513729484,53.73680162964963],[-1.9978822391376194,53.73692629234564],[-1.998310069558119,53.73700305943876],[-1.998755,53.737028980545595],[-1.9991999304418808,53.73700305943876],[-1.9996277608623807,53.73692629234564],[-2.0000220486270517,53.73680162964963],[-2.0003676405753454,53.736633862467855],[-2.0006512554855314,53.73642943847051],[-2.00086199451284,53.736196214028546],[-2.0009917599776466,53.73594315222611],[-2.0010355664172494,53.73567997835335]]],[[[-1.9973512312866126,53.71720497836799],[-1.997307416103529,53.716941806142415],[-1.9971776839170061,53.716688749030816],[-1.996967021611812,53.71645553160915],[-1.9966835257238913,53.7162511158928],[-1.9963380911577822,53.71608335699207],[-1.9959439924533784,53.71595870131636],[-1.995516373701043,53.71588193891406],[-1.9950716667000001,53.71585601945442],[-1.9946269596989572,53.71588193891406],[-1.9941993409466217,53.71595870131636],[-1.993805242242218,53.71608335699207],[-1.9934598076761088,53.7162511158928],[-1.993176311788188,53.71645553160915],[-1.992965649482994,53.716688749030816],[-1.9928359172964711,53.716941806142415],[-1.9927921021133874,53.71720497836799],[-1.9928358893187075,53.71746815224019],[-1.992965597786828,53.71772121404103],[-1.993176244243892,53.717954438480625],[-1.9934597345666898,53.71815886247517],[-1.993805174697922,53.718326629654136],[-1.9941992892504552,53.71845129234778],[-1.9946269317211935,53.71852805943932],[-1.9950716667000001,53.718553980545586],[-1.9955164016788065,53.71852805943932],[-1.9959440441495448,53.71845129234778],[-1.9963381587020783,53.718326629654136],[-1.9966835988333105,53.71815886247517],[-1.996967089156108,53.717954438480625],[-1.9971777356131721,53.71772121404103],[-1.9973074440812926,53.71746815224019],[-1.9973512312866126,53.71720497836799]]],[[[-1.996377136997893,53.733908311654744],[-1.9963333043977076,53.73364513942969],[-1.996203520659042,53.73339208231952],[-1.9959927746491466,53.7331588649],[-1.9957091661216,53.73295444918619],[-1.9953635943099375,53.73278669028798],[-1.994969339028003,53.732662034614414],[-1.9945415503824355,53.73258527221355],[-1.9940966667000002,53.732559352754414],[-1.9936517830175646,53.73258527221355],[-1.9932239943719974,53.732662034614414],[-1.992829739090063,53.73278669028798],[-1.9924841672784004,53.73295444918619],[-1.9922005587508538,53.7331588649],[-1.991989812740958,53.73339208231952],[-1.9918600290022928,53.73364513942969],[-1.991816196402107,53.733908311654744],[-1.9918600009963017,53.73417148552745],[-1.991989760992634,53.73442454732973],[-1.9922004911384095,53.73465777177146],[-1.9924840940952182,53.73486219576856],[-1.9928296714776188,53.735029962950044],[-1.9932239426236733,53.73515462564583],[-1.9936517550115738,53.735231392738804],[-1.9940966667000002,53.73525731384558],[-1.9945415783884266,53.735231392738804],[-1.994969390776327,53.73515462564583],[-1.9953636619223816,53.735029962950044],[-1.995709239304782,53.73486219576856],[-1.9959928422615907,53.73465777177146],[-1.9962035724073661,53.73442454732973],[-1.9963333324036987,53.73417148552745],[-1.996377136997893,53.733908311654744]]],[[[-1.9948561625935437,53.72020689796561],[-1.9948123442815564,53.719943725740144],[-1.994682602833925,53.719690668628786],[-1.9944719254915606,53.71945745120752],[-1.994188409368441,53.71925303549161],[-1.9938429501467896,53.719085276591336],[-1.9934488233139414,53.718960620916015],[-1.9930211740410553,53.71888385851397],[-1.9925764353000002,53.71885793905442],[-1.992131696558945,53.71888385851397],[-1.991704047286059,53.718960620916015],[-1.9913099204532108,53.719085276591336],[-1.9909644612315593,53.71925303549161],[-1.9906809451084397,53.71945745120752],[-1.9904702677660753,53.719690668628786],[-1.990340526318444,53.719943725740144],[-1.9902967080064566,53.72020689796561],[-1.99034049833561,53.720470071837894],[-1.9904702160605405,53.720723133639005],[-1.9906808775519031,53.72095635807898],[-1.9909643881088905,53.72116078207399],[-1.991309852896674,53.7213285492534],[-1.991703995580524,53.72145321194743],[-1.9921316685761112,53.721529979039225],[-1.9925764353000002,53.721555900145596],[-1.993021202023889,53.721529979039225],[-1.9934488750194763,53.72145321194743],[-1.9938430177033264,53.7213285492534],[-1.9941884824911098,53.72116078207399],[-1.9944719930480974,53.72095635807898],[-1.9946826545394598,53.720723133639005],[-1.9948123722643902,53.720470071837894],[-1.9948561625935437,53.72020689796561]]],[[[-1.9936994163726465,53.71446997837014],[-1.9936556040397613,53.71420680614449],[-1.9935258802894227,53.71395374903265],[-1.993315231681977,53.71372053161064],[-1.9930317542268243,53.71351611589389],[-1.9926863421200889,53.71334835699273],[-1.9922922690386156,53.71322370131666],[-1.9918646780882412,53.71314693891413],[-1.99142,53.71312101945441],[-1.990975321911759,53.71314693891413],[-1.9905477309613846,53.71322370131666],[-1.9901536578799113,53.71334835699273],[-1.9898082457731758,53.71351611589389],[-1.989524768318023,53.71372053161064],[-1.9893141197105775,53.71395374903265],[-1.9891843959602389,53.71420680614449],[-1.9891405836273537,53.71446997837014],[-1.9891843679870935,53.71473315224226],[-1.9893140680229453,53.71498621404287],[-1.9895247007848764,53.71521943848211],[-1.989808172675825,53.71542386247625],[-1.9901535903467649,53.715591629654796],[-1.990547679273752,53.7157162923481],[-1.9909752939386134,53.71579305943939],[-1.99142,53.715818980545585],[-1.9918647060613868,53.71579305943939],[-1.9922923207262482,53.7157162923481],[-1.9926864096532353,53.715591629654796],[-1.9930318273241752,53.71542386247625],[-1.9933152992151235,53.71521943848211],[-1.9935259319770549,53.71498621404287],[-1.9936556320129066,53.71473315224226],[-1.9936994163726465,53.71446997837014]]],[[[-1.9916129138745902,53.717499978367755],[-1.9915690983840526,53.71723680614221],[-1.9914393652875106,53.71698374903061],[-1.9912287015047279,53.716750531608994],[-1.9909452036284476,53.71654611589269],[-1.990599766639625,53.716378356991996],[-1.9902056651712523,53.716253701316326],[-1.989778043419893,53.71617693891404],[-1.9893333332999998,53.71615101945442],[-1.9888886231801066,53.71617693891404],[-1.9884610014287476,53.716253701316326],[-1.9880668999603748,53.716378356991996],[-1.9877214629715523,53.71654611589269],[-1.987437965095272,53.716750531608994],[-1.9872273013124893,53.71698374903061],[-1.9870975682159473,53.71723680614221],[-1.9870537527254097,53.717499978367755],[-1.9870975402376856,53.717763152239954],[-1.9872272496154024,53.71801621404083],[-1.987437897549773,53.718249438480456],[-1.9877213898608312,53.718453862475066],[-1.9880668324148758,53.71862162965407],[-1.9884609497316608,53.71874629234775],[-1.988888595201845,53.718823059439316],[-1.9893333332999998,53.7188489805456],[-1.989778071398155,53.718823059439316],[-1.9902057168683391,53.71874629234775],[-1.990599834185124,53.71862162965407],[-1.9909452767391687,53.718453862475066],[-1.9912287690502268,53.718249438480456],[-1.9914394169845975,53.71801621404083],[-1.9915691263623143,53.717763152239954],[-1.9916129138745902,53.717499978367755]]]]}},{"type":"Feature","properties":{"species":"Struthiopteris spicant","commonName":"hard fern","observedAt":"2018-06-13 16:24:39 UTC","imageUrl":"https://static.inaturalist.org/photos/19687218/medium.jpg","locations":[],"common":false,"recordCount":116},"geometry":{"type":"MultiPolygon","coordinates":[[[[-2.1690854862304905,53.73820138565135],[-2.1690416491509397,53.73793821342643],[-2.1689118521539927,53.737685156316616],[-2.168701084616758,53.73745193889765],[-2.168417447120332,53.73724752318448],[-2.16807184001159,53.73707976428694],[-2.167677544460741,53.73695510861392],[-2.1672497121217003,53.736878346213416],[-2.166804783,53.73685242675442],[-2.1663598538782995,53.736878346213416],[-2.165932021539259,53.73695510861392],[-2.16553772598841,53.73707976428694],[-2.1651921188796677,53.73724752318448],[-2.1649084813832413,53.73745193889765],[-2.164697713846007,53.737685156316616],[-2.16456791684906,53.73793821342643],[-2.1645240797695093,53.73820138565135],[-2.1645678888358075,53.738464559524175],[-2.1646976620842655,53.738717621326835],[-2.1649084137532673,53.73895084576913],[-2.165192045677511,53.739155269766854],[-2.165537658358436,53.739323036948996],[-2.165931969777518,53.73944769964534],[-2.166359825865047,53.73952446673868],[-2.166804783,53.73955038784559],[-2.167249740134953,53.73952446673868],[-2.167677596222482,53.73944769964534],[-2.168071907641564,53.739323036948996],[-2.168417520322489,53.739155269766854],[-2.1687011522467325,53.73895084576913],[-2.168911903915734,53.738717621326835],[-2.1690416771641923,53.738464559524175],[-2.1690854862304905,53.73820138565135]]],[[[-2.153659462994165,53.77580668962154],[-2.153615586627783,53.775543517397736],[-2.153485673347455,53.77529046029116],[-2.153274717002066,53.77505724287704],[-2.152990825430558,53.77485282716958],[-2.15264490874449,53.774685068277726],[-2.1522502600102316,53.77456041260955],[-2.151822044452287,53.774483650212275],[-2.1513767168,53.77445773075441],[-2.1509313891477135,53.774483650212275],[-2.150503173589769,53.77456041260955],[-2.1501085248555105,53.774685068277726],[-2.1497626081694423,53.77485282716958],[-2.1494787165979345,53.77505724287704],[-2.1492677602525454,53.77529046029116],[-2.1491378469722173,53.775543517397736],[-2.1490939706058354,53.77580668962154],[-2.1491378188952504,53.77606986349551],[-2.1492677083730762,53.77632292530138],[-2.149478648814141,53.776556149748515],[-2.149762534800793,53.776760573751936],[-2.150108457071717,53.7769283409398],[-2.1505031217102992,53.77705300364097],[-2.150931361070747,53.77712977073755],[-2.1513767168,53.777155691845586],[-2.1518220725292534,53.77712977073755],[-2.152250311889701,53.77705300364097],[-2.1526449765282836,53.7769283409398],[-2.1529908987992075,53.776760573751936],[-2.1532747847858595,53.776556149748515],[-2.153485725226924,53.77632292530138],[-2.15361561470475,53.77606986349551],[-2.153659462994165,53.77580668962154]]],[[[-2.1434427037180703,53.780320358617956],[-2.143398822630185,53.780057186394295],[-2.1432688953748884,53.7798041292881],[-2.1430579163384853,53.779570911874565],[-2.1427739942321677,53.779366496167775],[-2.1424280403410165,53.77919873727663],[-2.142033349161085,53.779074081609025],[-2.141605087547794,53.778997319212145],[-2.141159712,53.77897139975442],[-2.1407143364522057,53.778997319212145],[-2.1402860748389148,53.779074081609025],[-2.1398913836589832,53.77919873727663],[-2.139545429767832,53.779366496167775],[-2.1392615076615145,53.779570911874565],[-2.1390505286251114,53.7798041292881],[-2.1389206013698145,53.780057186394295],[-2.1388767202819294,53.780320358617956],[-2.1389205732851875,53.78058353249205],[-2.1390504767314873,53.78083659429832],[-2.1392614398592267,53.781069818746026],[-2.1395453563791644,53.78127424275015],[-2.139891315856696,53.78144200993868],[-2.1402860229452902,53.78156667264046],[-2.140714308367578,53.78164343973741],[-2.141159712,53.781669360845584],[-2.1416051156324216,53.78164343973741],[-2.1420334010547095,53.78156667264046],[-2.142428108143304,53.78144200993868],[-2.1427740676208353,53.78127424275015],[-2.143057984140773,53.781069818746026],[-2.1432689472685125,53.78083659429832],[-2.1433988507148127,53.78058353249205],[-2.1434427037180703,53.780320358617956]]],[[[-2.1389221757912407,53.709892954773764],[-2.1388783682271124,53.709629782547985],[-2.138748658591616,53.70937672543574],[-2.1385380329023005,53.70914350801314],[-2.1382545862875855,53.7089390922957],[-2.1379092117583274,53.708771333393855],[-2.137515181547378,53.708646677717205],[-2.137087637113332,53.70856991531427],[-2.1366430074,53.70854399585441],[-2.136198377686668,53.70856991531427],[-2.1357708332526215,53.708646677717205],[-2.135376803041672,53.708771333393855],[-2.135031428512414,53.7089390922957],[-2.134747981897699,53.70914350801314],[-2.134537356208384,53.70937672543574],[-2.1344076465728876,53.709629782547985],[-2.134363839008759,53.709892954773764],[-2.1344076186074687,53.71015612864574],[-2.134537304535028,53.71040919044597],[-2.134747914383206,53.71064241488462],[-2.135031355435254,53.71084683887807],[-2.135376735527179,53.71101460605592],[-2.135770781579266,53.71113926874862],[-2.136198349721249,53.711216035839534],[-2.1366430074,53.711241956945585],[-2.137087665078751,53.711216035839534],[-2.137515233220734,53.71113926874862],[-2.137909279272821,53.71101460605592],[-2.1382546593647462,53.71084683887807],[-2.1385381004167936,53.71064241488462],[-2.138748710264972,53.71040919044597],[-2.138878396192531,53.71015612864574],[-2.1389221757912407,53.709892954773764]]],[[[-2.1352151551307257,53.70594838187688],[-2.135171351675352,53.70568520965099],[-2.1350416542011885,53.7054321525384],[-2.1348310482581097,53.7051989351153],[-2.134547628215483,53.704994519397246],[-2.13420228606294,53.70482676049481],[-2.133808292789188,53.70470210481764],[-2.1333807884335614,53.70462534241438],[-2.1329362004,53.704599422954416],[-2.1324916123664384,53.70462534241438],[-2.1320641080108116,53.70470210481764],[-2.1316701147370596,53.70482676049481],[-2.131324772584517,53.704994519397246],[-2.13104135254189,53.7051989351153],[-2.130830746598811,53.7054321525384],[-2.1307010491246476,53.70568520965099],[-2.1306779608688595,53.70582392445364],[-2.130270910524926,53.70575083671435],[-2.1298263106,53.705724917254415],[-2.129381710675074,53.70575083671435],[-2.1289541948849533,53.70582759911752],[-2.128560191072907,53.705952254794546],[-2.1282148396831895,53.7061200136968],[-2.128106928886288,53.706197841901144],[-2.128077004591194,53.70619246891435],[-2.1276324,53.70616654945443],[-2.1271877954088065,53.70619246891435],[-2.1267602751316974,53.70626923131749],[-2.1263662671843395,53.70639388699444],[-2.1260209121698797,53.70656164589664],[-2.125737481571272,53.70676606161446],[-2.1255268677838384,53.70699927903736],[-2.125397165478485,53.707252336149814],[-2.125353360390875,53.70751550837566],[-2.1253971375170786,53.707778682247564],[-2.125526816117896,53.70803174404758],[-2.1257374140664655,53.70826496848593],[-2.126020839103204,53.708469392479],[-2.126366199679533,53.708637159656504],[-2.126760223465755,53.70876182234891],[-2.1271877674474,53.70883858943962],[-2.1276324,53.7088645105456],[-2.1280770325526,53.70883858943962],[-2.128107286488185,53.70883315723447],[-2.128227821196504,53.7088712923489],[-2.1286553662905408,53.708948059439614],[-2.1291,53.70897398054559],[-2.12954463370946,53.708948059439614],[-2.1299721788034964,53.7088712923489],[-2.130366203614885,53.70874662965648],[-2.1307115650897517,53.70857886247896],[-2.1309949908638677,53.70837443848586],[-2.1312055893603197,53.70814121404751],[-2.131206015231199,53.70814038298232],[-2.131437854581539,53.70802776027917],[-2.131721276643541,53.707823336286154],[-2.131931872381839,53.707590111847864],[-2.1320615496217634,53.70733705004788],[-2.1320846149449304,53.707198387357764],[-2.1324915844076764,53.707271462939644],[-2.1329362004,53.70729738404558],[-2.133380816392324,53.707271462939644],[-2.1338083444502445,53.70719469584908],[-2.1342023535613626,53.70707003315688],[-2.1345477012752494,53.70690226597961],[-2.134831115756532,53.706697841986774],[-2.135041705862245,53.706464617548626],[-2.1351713796341145,53.70621155574874],[-2.1352151551307257,53.70594838187688]]],[[[-2.1333596059133804,53.73419614835453],[-2.133315773012904,53.73393297612948],[-2.133185988385421,53.73367991901932],[-2.132975240932362,53.733446701599846],[-2.132691630462781,53.73324228588608],[-2.1323460562848497,53.73307452698791],[-2.131951798303341,53.73294987131438],[-2.1315240067286223,53.732873108913545],[-2.13107912,53.73284718945442],[-2.1306342332713775,53.732873108913545],[-2.1302064416966586,53.73294987131438],[-2.12981218371515,53.73307452698791],[-2.129466609537219,53.73324228588608],[-2.1291829990676376,53.733446701599846],[-2.1289722516145786,53.73367991901932],[-2.128842466987096,53.73393297612948],[-2.1287986340866194,53.73419614835453],[-2.1288424389806178,53.734459322227245],[-2.128972199865355,53.73471238402955],[-2.1291829314540185,53.73494560847133],[-2.129466536352765,53.73515003246844],[-2.129812116101531,53.735317799649984],[-2.130206389947435,53.735442462345816],[-2.1306342052648994,53.73551922943881],[-2.13107912,53.7355451505456],[-2.1315240347351003,53.73551922943881],[-2.1319518500525647,53.735442462345816],[-2.132346123898469,53.735317799649984],[-2.1326917036472346,53.73515003246844],[-2.1329753085459813,53.73494560847133],[-2.133186040134645,53.73471238402955],[-2.133315801019382,53.734459322227245],[-2.1333596059133804,53.73419614835453]]],[[[-2.128368554228168,53.799993396602325],[-2.128324652546335,53.79973022437927],[-2.1281946643359317,53.799477167274766],[-2.1279835863273466,53.79924394986375],[-2.127699531036294,53.799039534159974],[-2.1273534148664472,53.798871775271806],[-2.126958538549761,53.79874711960673],[-2.12653007605528,53.79867035721155],[-2.1260844916,53.79864443775442],[-2.1256389071447193,53.79867035721155],[-2.1252104446502385,53.79874711960673],[-2.1248155683335526,53.798871775271806],[-2.1244694521637055,53.799039534159974],[-2.124185396872653,53.79924394986375],[-2.123974318864068,53.799477167274766],[-2.1238443306536645,53.79973022437927],[-2.123800428971832,53.799993396602325],[-2.1238443025356157,53.800256570477025],[-2.123974266908688,53.800509632284985],[-2.1241853289896775,53.800742856735226],[-2.1244693786877025,53.80094728074235],[-2.124815500450577,53.80111504793386],[-2.1252103926948585,53.801239710638164],[-2.1256388790266705,53.80131647773681],[-2.1260844916,53.80134239884558],[-2.1265301041733293,53.80131647773681],[-2.126958590505141,53.801239710638164],[-2.1273534827494225,53.80111504793386],[-2.127699604512297,53.80094728074235],[-2.127983654210322,53.800742856735226],[-2.1281947162913113,53.800509632284985],[-2.1283246806643836,53.800256570477025],[-2.128368554228168,53.799993396602325]]],[[[-2.1194190871789695,53.72823149055926],[-2.1193752605001586,53.72796831833403],[-2.119245494287918,53.72771526122336],[-2.119034776735504,53.727482043803114],[-2.118751206502581,53.72727762808844],[-2.1184056813509344,53.727109869189384],[-2.118011479301399,53.726985213515086],[-2.117583748415232,53.72690845111372],[-2.1171389248,53.72688253165442],[-2.116694101184768,53.72690845111372],[-2.1162663702986007,53.726985213515086],[-2.1158721682490653,53.727109869189384],[-2.115526643097419,53.72727762808844],[-2.1152430728644958,53.727482043803114],[-2.115073990558029,53.727669180275],[-2.1147935043990764,53.72753300038927],[-2.114399298382406,53.72740834471503],[-2.11397156319173,53.72733158231371],[-2.1135267351,53.72730566285442],[-2.1130819070082705,53.72733158231371],[-2.1126541718175944,53.72740834471503],[-2.112259965800924,53.72753300038927],[-2.111914437171948,53.72770075928827],[-2.1116308640851247,53.72790517500289],[-2.1114201444119214,53.72813839242308],[-2.1112903768935274,53.7283914495337],[-2.1112465497734267,53.72865462175892],[-2.1112903488964183,53.72891779563146],[-2.1113758501431423,53.729084563540916],[-2.1113491058,53.72908300525442],[-2.1109042589037066,53.72910892471366],[-2.110476505630944,53.72918568711482],[-2.110082282949404,53.72931034278884],[-2.1097367397131017,53.72947810168756],[-2.1094531546378112,53.729682517401905],[-2.109242426055744,53.729915734821866],[-2.1091126530505493,53.73016879193235],[-2.1090688240767106,53.73043196415751],[-2.1091126250504364,53.73069513803011],[-2.1092423743182813,53.73094819983209],[-2.109453087039558,53.73118142427339],[-2.1097366665452797,53.73138584826992],[-2.110082215351151,53.7315536154509],[-2.110476453893481,53.73167827814625],[-2.1109042309035932,53.73175504523891],[-2.1113491058,53.73178096634559],[-2.1117939806964072,53.73175504523891],[-2.1122217577065197,53.73167827814625],[-2.1126159962488495,53.7315536154509],[-2.112961545054721,53.73138584826992],[-2.1132451245604424,53.73118142427339],[-2.113455837281719,53.73094819983209],[-2.113585586549564,53.73069513803011],[-2.11362938752329,53.73043196415751],[-2.113585558549451,53.73016879193235],[-2.1135000598422344,53.730002069617754],[-2.1135267351,53.730003623945585],[-2.1139715911888386,53.72997770283897],[-2.1143993501143177,53.72990093574646],[-2.1147935719900763,53.72977627305134],[-2.1151391061880234,53.72960850587064],[-2.1154226737058757,53.729404081874364],[-2.1155916949672653,53.729216995136596],[-2.1158721006597925,53.72935314185144],[-2.116266318568011,53.729477804546505],[-2.1166940731883743,53.72955457163899],[-2.1171389248,53.7295804927456],[-2.1175837764116254,53.72955457163899],[-2.1180115310319887,53.729477804546505],[-2.118405748940207,53.72935314185144],[-2.118751279660682,53.729185374670806],[-2.1190348443247764,53.72898095067459],[-2.1192455460185076,53.72874772623358],[-2.119375288496552,53.728494664431786],[-2.1194190871789695,53.72823149055926]]],[[[-2.1171778221093764,53.787413867212315],[-2.117133933598755,53.78715069498888],[-2.1170039843732287,53.7868976378833],[-2.116792969663989,53.786664420470665],[-2.116508999553502,53.78646000476497],[-2.116162987171758,53.78629224587488],[-2.1157682292624362,53.7861675902082],[-2.115339895244941,53.78609082781193],[-2.1148944444,53.78606490835442],[-2.1144489935550594,53.78609082781193],[-2.1140206595375637,53.7861675902082],[-2.1136259016282417,53.78629224587488],[-2.113279889246498,53.78646000476497],[-2.112995919136011,53.786664420470665],[-2.1127849044267712,53.7868976378833],[-2.112654955201245,53.78715069498888],[-2.1126110666906235,53.787413867212315],[-2.112654927104573,53.78767704108663],[-2.112784852510891,53.78793010289352],[-2.112995851304645,53.78816332734213],[-2.1132798158263566,53.78836775134733],[-2.1136258337968754,53.78853551853695],[-2.1140206076216836,53.78866018123963],[-2.1144489654583873,53.788736948337196],[-2.1148944444,53.78876286944559],[-2.1153399233416126,53.788736948337196],[-2.1157682811783163,53.78866018123963],[-2.1161630550031245,53.78853551853695],[-2.1165090729736433,53.78836775134733],[-2.1167930374953547,53.78816332734213],[-2.1170040362891087,53.78793010289352],[-2.117133961695427,53.78767704108663],[-2.1171778221093764,53.787413867212315]]],[[[-2.116976654187271,53.7218467447643],[-2.1169328341658304,53.72158357253888],[-2.116803087658461,53.72133051542766],[-2.1165924021006495,53.721097298006605],[-2.1163088749221792,53.72089288229096],[-2.1159634022301548,53.720725123390935],[-2.1155692600295386,53.720600467715805],[-2.1151415940819764,53.7205237053139],[-2.114696838,53.72049778585441],[-2.1142520819180235,53.7205237053139],[-2.1138244159704613,53.720600467715805],[-2.113430273769845,53.720725123390935],[-2.113084801077821,53.72089288229096],[-2.1128012738993505,53.721097298006605],[-2.1125905883415395,53.72133051542766],[-2.1124608418341695,53.72158357253888],[-2.112417021812729,53.7218467447643],[-2.1124608138485654,53.72210991863663],[-2.112590536630886,53.722362980437886],[-2.1128012063361257,53.72259620487807],[-2.1130847279479137,53.722800628873316],[-2.113430206206621,53.722968396052984],[-2.113824364259808,53.72309305874724],[-2.1142520539324194,53.72316982583917],[-2.114696838,53.72319574694558],[-2.1151416220675805,53.72316982583917],[-2.115569311740192,53.72309305874724],[-2.1159634697933796,53.722968396052984],[-2.1163089480520867,53.722800628873316],[-2.1165924696638743,53.72259620487807],[-2.1168031393691145,53.722362980437886],[-2.1169328621514345,53.72210991863663],[-2.116976654187271,53.7218467447643]]],[[[-2.116674535760118,53.73441635645435],[-2.1166307026299025,53.734153184229314],[-2.1165009173224236,53.73390012711918],[-2.116290168765262,53.73366690969973],[-2.116006556809914,53.73346249398598],[-2.115660980821652,53.73329473508787],[-2.115266720774816,53.73317007941436],[-2.1148389269591292,53.73309331701354],[-2.1143940379,53.73306739755442],[-2.113949148840871,53.73309331701354],[-2.113521355025184,53.73317007941436],[-2.1131270949783483,53.73329473508787],[-2.1127815189900865,53.73346249398598],[-2.1124979070347383,53.73366690969973],[-2.1122871584775766,53.73390012711918],[-2.1121573731700978,53.734153184229314],[-2.112113540039882,53.73441635645435],[-2.1121573451632476,53.73467953032707],[-2.1122871067276647,53.73493259212939],[-2.11249783942022,53.73516581657119],[-2.1127814458046594,53.73537024056834],[-2.11312702736383,53.735538007749916],[-2.1135213032752724,53.73566267044578],[-2.113949120834021,53.73573943753879],[-2.1143940379,53.73576535864558],[-2.1148389549659794,53.73573943753879],[-2.115266772524728,53.73566267044578],[-2.1156610484361704,53.735538007749916],[-2.116006629995341,53.73537024056834],[-2.1162902363797804,53.73516581657119],[-2.1165009690723355,53.73493259212939],[-2.1166307306367527,53.73467953032707],[-2.116674535760118,53.73441635645435]]],[[[-2.1165038412604664,53.800194106602156],[-2.1164599393684016,53.7999309343791],[-2.1163299505357434,53.799677877274625],[-2.116118871516809,53.79944465986364],[-2.115834814866151,53.79924024415988],[-2.115488697039695,53.79907248527175],[-2.115093818833056,53.7989478296067],[-2.114665354287895,53.798871067211536],[-2.1142197677,53.79884514775441],[-2.1137741811121047,53.798871067211536],[-2.1133457165669443,53.7989478296067],[-2.112950838360305,53.79907248527175],[-2.112604720533849,53.79924024415988],[-2.1123206638831906,53.79944465986364],[-2.1121095848642564,53.799677877274625],[-2.111979596031598,53.7999309343791],[-2.1119356941395337,53.800194106602156],[-2.111979567913208,53.800457280476856],[-2.112109532908246,53.80071034228484],[-2.1123205959993916,53.800943566735114],[-2.1126046470569544,53.80114799074225],[-2.1129507704765054,53.8013157579338],[-2.1133456646109336,53.80144042063814],[-2.113774152993714,53.8015171877368],[-2.1142197677,53.80154310884558],[-2.1146653824062858,53.8015171877368],[-2.1150938707890665,53.80144042063814],[-2.1154887649234944,53.8013157579338],[-2.115834888343046,53.80114799074225],[-2.116118939400608,53.800943566735114],[-2.1163300024917535,53.80071034228484],[-2.1164599674867923,53.800457280476856],[-2.1165038412604664,53.800194106602156]]],[[[-2.1100182609692086,53.7895920757106],[-2.109974370178643,53.78932890348722],[-2.1098444142048125,53.78907584638183],[-2.10963338853842,53.788842628969476],[-2.1093494036831286,53.788638213264115],[-2.1090033733356055,53.78847045437436],[-2.1086085949299016,53.78834579870796],[-2.1081802386729667,53.78826903631188],[-2.1077347647,53.788243116854424],[-2.1077025647592804,53.78824499037576],[-2.107564859903652,53.78809280156989],[-2.1072808801243372,53.78788838586442],[-2.1069348559616285,53.78772062697454],[-2.106540084611912,53.78759597130804],[-2.1061117360110218,53.787519208911895],[-2.10566627,53.78749328945442],[-2.105220803988978,53.787519208911895],[-2.104792455388088,53.78759597130804],[-2.1043976840383714,53.78772062697454],[-2.104051659875663,53.78788838586442],[-2.1037676800963485,53.78809280156989],[-2.1035566582020135,53.78832601898234],[-2.1034267045513224,53.78857907608779],[-2.1033828145456392,53.78884224831119],[-2.1034266764522247,53.78910542218555],[-2.1035566062816504,53.78935848399255],[-2.1037676122591247,53.78959170844136],[-2.1040515864491813,53.789796132446774],[-2.104397616201148,53.789963899636604],[-2.104792403467725,53.79008856233946],[-2.10522077588988,53.79016532943716],[-2.10566627,53.7901912505456],[-2.1056984104774013,53.7901893804495],[-2.1058360730212815,53.790341535840945],[-2.106120052287061,53.790545959846476],[-2.1064660882240958,53.79071372703643],[-2.106860882547382,53.790838389739385],[-2.107289262626662,53.79091515683714],[-2.1077347647,53.7909410779456],[-2.1081802667733385,53.79091515683714],[-2.1086086468526184,53.790838389739385],[-2.1090034411759047,53.79071372703643],[-2.109349477112939,53.790545959846476],[-2.109633456378719,53.790341535840945],[-2.1098444661275293,53.79010831139205],[-2.109974398279015,53.78985524958498],[-2.1100182609692086,53.7895920757106]]],[[[-2.108247667585563,53.71652223836852],[-2.1082038531140204,53.716259066142946],[-2.1080741230335587,53.716006009031275],[-2.107863464147955,53.715772791609524],[-2.1075799728617044,53.71556837589306],[-2.107234543902492,53.715400616992234],[-2.1068404515947545,53.71527596131643],[-2.1064128397830726,53.71519919891408],[-2.10596814,53.71517327945441],[-2.1055234402169276,53.71519919891408],[-2.1050958284052452,53.71527596131643],[-2.104701736097508,53.715400616992234],[-2.104356307138296,53.71556837589306],[-2.104072815852045,53.715772791609524],[-2.104048847558425,53.71579932656259],[-2.1040005230863508,53.71583417160949],[-2.1037898638933235,53.716067389031224],[-2.1036601336235248,53.7163204461429],[-2.1036163190880144,53.716583618368475],[-2.103660105646811,53.716846792240645],[-2.103789812199096,53.71709985404144],[-2.104000455544588,53.717333078480955],[-2.104283941679618,53.71753750247541],[-2.1046293767078086,53.71770526965428],[-2.1050234854381467,53.71782993234785],[-2.105451121591312,53.717906699439325],[-2.10589585,53.71793262054559],[-2.1063405784086875,53.717906699439325],[-2.1067682145618534,53.71782993234785],[-2.1071623232921914,53.71770526965428],[-2.107507758320382,53.71753750247541],[-2.107791244455412,53.717333078480955],[-2.107815210383804,53.71730654339055],[-2.1078635316894676,53.71727169848099],[-2.108074174727594,53.71703847404149],[-2.1082038810906307,53.716785412240704],[-2.108247667585563,53.71652223836852]]],[[[-2.1075502154485757,53.71998837836578],[-2.107506397364371,53.7197252061403],[-2.1073766565909424,53.719472149028924],[-2.107165980343275,53.71923893160762],[-2.1068824656932663,53.71903451589169],[-2.1065370082665233,53.71886675699139],[-2.1061428834814095,53.718742101316025],[-2.105715236430401,53.718665338913965],[-2.1052705,53.71863941945442],[-2.1048257635695986,53.718665338913965],[-2.1043981165185905,53.718742101316025],[-2.1040039917334763,53.71886675699139],[-2.1036585343067338,53.71903451589169],[-2.1033750196567245,53.71923893160762],[-2.1031643434090572,53.719472149028924],[-2.103034602635629,53.7197252061403],[-2.102990784551424,53.71998837836578],[-2.1030345746531642,53.720251552238054],[-2.103164291704205,53.72050461403914],[-2.1033749521010794,53.72073783847909],[-2.10365846118503,53.72094226247407],[-2.1040039241778308,53.721110029653445],[-2.1043980648137377,53.72123469234745],[-2.104825735587134,53.72131145943923],[-2.1052705,53.72133738054558],[-2.1057152644128663,53.72131145943923],[-2.106142935186262,53.72123469234745],[-2.1065370758221693,53.721110029653445],[-2.10688253881497,53.72094226247407],[-2.1071660478989207,53.72073783847909],[-2.1073767082957953,53.72050461403914],[-2.1075064253468354,53.720251552238054],[-2.1075502154485757,53.71998837836578]]],[[[-2.10740733842016,53.798384881703605],[-2.107363438423058,53.7981217094805],[-2.1072334551992133,53.79786865237586],[-2.1070223852872516,53.79763543496464],[-2.106738340891651,53.797431019260614],[-2.106392237997347,53.797263260372205],[-2.1059973768261546,53.79713860470693],[-2.1055689307651733,53.79706184231161],[-2.1051233634,53.79703592285442],[-2.1046777960348266,53.79706184231161],[-2.1042493499738453,53.79713860470693],[-2.103854488802653,53.797263260372205],[-2.1035083859083494,53.797431019260614],[-2.1032243415127487,53.79763543496464],[-2.103013271600787,53.79786865237586],[-2.102883288376942,53.7981217094805],[-2.1028393883798397,53.798384881703605],[-2.1028832602616276,53.798648055578255],[-2.10301321965046,53.79890111738609],[-2.1032242736363753,53.799134341836115],[-2.103508312439492,53.79933876584298],[-2.1038544209262797,53.79950653303427],[-2.1042492980235186,53.799631195738364],[-2.1046777679195126,53.79970796283687],[-2.1051233634,53.79973388394559],[-2.105568958880488,53.79970796283687],[-2.1059974287764818,53.799631195738364],[-2.1063923058737206,53.79950653303427],[-2.1067384143605077,53.79933876584298],[-2.107022453163625,53.799134341836115],[-2.10723350714954,53.79890111738609],[-2.1073634665383723,53.798648055578255],[-2.10740733842016,53.798384881703605]]],[[[-2.106270094014689,53.736933188952364],[-2.106226258258487,53.7366700167274],[-2.1060964651784637,53.73641695961748],[-2.1058857040011,53.73618374219834],[-2.105602075063015,53.735979326485],[-2.105256478382169,53.73581156758725],[-2.1048621947280552,53.73568691191407],[-2.104434375297476,53.73561014951346],[-2.1039894596,53.735584230054414],[-2.1035445439025247,53.73561014951346],[-2.1031167244719455,53.73568691191407],[-2.102722440817832,53.73581156758725],[-2.1023768441369857,53.735979326485],[-2.102093215198901,53.73618374219834],[-2.101882454021537,53.73641695961748],[-2.101752660941514,53.7366700167274],[-2.101708825185312,53.736933188952364],[-2.1017526329304066,53.73719636282516],[-2.1018824022637594,53.73744942462769],[-2.102093147574106,53.737682649069825],[-2.102376770940435,53.73788707306737],[-2.102722373193037,53.73805484024932],[-2.103116672714168,53.73817950294549],[-2.1035445158914174,53.73825627003872],[-2.1039894596,53.738282191145586],[-2.1044344033085833,53.73825627003872],[-2.104862246485833,53.73817950294549],[-2.105256546006964,53.73805484024932],[-2.1056021482595657,53.73788707306737],[-2.105885771625895,53.737682649069825],[-2.1060965169362413,53.73744942462769],[-2.106226286269594,53.73719636282516],[-2.106270094014689,53.736933188952364]]],[[[-2.104575079473277,53.72525502316161],[-2.1045312558983467,53.72499185093629],[-2.10440149887315,53.72473879382537],[-2.1041907962376474,53.72450557640474],[-2.1039072460780934,53.72430116068961],[-2.103561745384808,53.7241334017901],[-2.1031675712387616,53.724008746115416],[-2.1027398706290588,53.72393198371381],[-2.1022950785,53.72390606425441],[-2.101850286370942,53.72393198371381],[-2.1014225857612385,53.724008746115416],[-2.101028411615192,53.7241334017901],[-2.1006829109219067,53.72430116068961],[-2.100399360762353,53.72450557640474],[-2.1001886581268505,53.72473879382537],[-2.100058901101654,53.72499185093629],[-2.1000150775267232,53.72525502316161],[-2.100058873110291,53.72551819703404],[-2.1001886064055557,53.72577125883558],[-2.100399293185225,53.72600448327621],[-2.100682837776951,53.72620890727198],[-2.101028344038064,53.72637667445217],[-2.101422534039944,53.72650133714685],[-2.101850258379579,53.72657810423906],[-2.1022950785,53.72660402534559],[-2.1027398986204213,53.72657810423906],[-2.103167622960056,53.72650133714685],[-2.103561812961936,53.72637667445217],[-2.1039073192230493,53.72620890727198],[-2.1041908638147753,53.72600448327621],[-2.1044015505944444,53.72577125883558],[-2.1045312838897092,53.72551819703404],[-2.104575079473277,53.72525502316161]]],[[[-2.1028576300913446,53.72782051835958],[-2.1028138038411317,53.72755734613434],[-2.1026840388974795,53.72730428902363],[-2.1024733234048596,53.72707107160334],[-2.1021897559437575,53.7268666558886],[-2.1018442341694317,53.726698896989475],[-2.101450035972936,53.72657424131513],[-2.101022309267479,53.726497478913736],[-2.10057749,53.726471559454424],[-2.100132670732521,53.726497478913736],[-2.099704944027064,53.72657424131513],[-2.0993107458305684,53.726698896989475],[-2.0989652240562426,53.7268666558886],[-2.0986816565951405,53.72707107160334],[-2.098470941102521,53.72730428902363],[-2.098341176158869,53.72755734613434],[-2.0982973499086555,53.72782051835958],[-2.09834114816317,53.72808369223209],[-2.098470889373215,53.728336754033855],[-2.098681589007545,53.72856997847481],[-2.0989651508999563,53.728774402470954],[-2.0993106782429725,53.72894216965153],[-2.099704892297758,53.72906683234654],[-2.1001326427368223,53.72914359943899],[-2.10057749,53.72916952054558],[-2.101022337263178,53.72914359943899],[-2.101450087702242,53.72906683234654],[-2.1018443017570276,53.72894216965153],[-2.1021898291000443,53.728774402470954],[-2.102473390992455,53.72856997847481],[-2.1026840906267856,53.728336754033855],[-2.1028138318368303,53.72808369223209],[-2.1028576300913446,53.72782051835958]]],[[[-2.100782205518242,53.78939456831075],[-2.100738314934421,53.78913139608738],[-2.100608359572525,53.78887833898197],[-2.100397334899723,53.78864512156959],[-2.1001133513814856,53.78844070586419],[-2.0997673226630935,53.78827294697441],[-2.0993725461159944,53.78814829130797],[-2.098944191875725,53.78807152891187],[-2.09849872,53.78804560945442],[-2.098053248124275,53.78807152891187],[-2.0976248938840056,53.78814829130797],[-2.097230117336906,53.78827294697441],[-2.0968840886185145,53.78844070586419],[-2.096600105100277,53.78864512156959],[-2.096389080427475,53.78887833898197],[-2.0963787542649057,53.788898446723366],[-2.0963657586940503,53.78891280898194],[-2.0962358032253565,53.78916586608735],[-2.0961919126054536,53.78942903831073],[-2.096235775125262,53.7896922121851],[-2.0963657067718455,53.78994527399217],[-2.0965767157006274,53.79017849844104],[-2.0968606938627565,53.79038292244655],[-2.097206728454928,53.79055068963646],[-2.0976015212438237,53.790675352339406],[-2.098029899658161,53.79075211943714],[-2.0984754,53.790778040545604],[-2.098920900341839,53.79075211943714],[-2.0993492787561765,53.790675352339406],[-2.099744071545072,53.79055068963646],[-2.1000901061372432,53.79038292244655],[-2.100374084299373,53.79017849844104],[-2.1005850932281547,53.78994527399217],[-2.1005954173247186,53.78992516623089],[-2.1006084114946213,53.78991080399218],[-2.1007383430344575,53.78965774218513],[-2.100782205518242,53.78939456831075]]],[[[-2.1002120297953053,53.749229998842615],[-2.1001681812032453,53.74896682661802],[-2.1000383501309177,53.748713769509145],[-2.0998275272658296,53.74848055209161],[-2.0995438153158963,53.74827613638012],[-2.099198117489411,53.74810837748424],[-2.0988037184426034,53.74798372181263],[-2.09837577380608,53.747906959413086],[-2.0979307279,53.747881039954414],[-2.0974856819939203,53.747906959413086],[-2.097057737357397,53.74798372181263],[-2.0966633383105893,53.74810837748424],[-2.0963176404841035,53.74827613638012],[-2.0960339285341707,53.74848055209161],[-2.095823105669082,53.748713769509145],[-2.095693274596755,53.74896682661802],[-2.0956494260046945,53.749229998842615],[-2.095693246564837,53.749493172715766],[-2.095823053872852,53.74974623451938],[-2.0960338608591345,53.74997945896308],[-2.0963175672331724,53.75018388296249],[-2.0966632706355526,53.75035165014629],[-2.0970576855611665,53.750476312844064],[-2.0974856539620026,53.75055307993834],[-2.0979307279,53.75057900104559],[-2.0983758018379977,53.75055307993834],[-2.098803770238834,53.750476312844064],[-2.0991981851644477,53.75035165014629],[-2.099543888566828,53.75018388296249],[-2.099827594940866,53.74997945896308],[-2.100038401927148,53.74974623451938],[-2.1001682092351635,53.749493172715766],[-2.1002120297953053,53.749229998842615]]],[[[-2.097177076803573,53.72469307416205],[-2.097133253814584,53.724429901936716],[-2.097003498523691,53.724176844825735],[-2.096792798704161,53.72394362740504],[-2.0965092523339997,53.723739211689825],[-2.096163756257894,53.72357145279024],[-2.095769587379388,53.723446797115486],[-2.0953418924851888,53.72337003471382],[-2.0948971063,53.72334411525441],[-2.094452320114811,53.72337003471382],[-2.094024625220612,53.723446797115486],[-2.093630456342106,53.72357145279024],[-2.093284960266,53.723739211689825],[-2.0930014138958395,53.72394362740504],[-2.0929351065305113,53.72401702107357],[-2.092811341341849,53.72405616129013],[-2.0924658412832096,53.72422392018966],[-2.0921822916445194,53.72442833590478],[-2.091971589396081,53.72466155332542],[-2.0918418326092696,53.72491461043635],[-2.0917980091148785,53.72517778266167],[-2.0918418046180376,53.725440956534115],[-2.0919715376750276,53.725694018335645],[-2.0921822240677064,53.72592724277626],[-2.0924657681385943,53.72613166677201],[-2.092811273765036,53.726299433952185],[-2.093205463042802,53.72642409664686],[-2.093633186596713,53.726500863739076],[-2.0940780059,53.72652678484559],[-2.094522825203288,53.726500863739076],[-2.094950548757198,53.72642409664686],[-2.0952851606758154,53.726318275342734],[-2.095624471097521,53.726257376246885],[-2.096018658812329,53.726132713552225],[-2.096364163068869,53.72596494637208],[-2.0966477060155584,53.725760522376355],[-2.0968583915729413,53.72552729793576],[-2.096988124115629,53.72527423613424],[-2.09699788501393,53.725215581171994],[-2.097003550243231,53.72520930983597],[-2.097133281804997,53.72495624803448],[-2.097177076803573,53.72469307416205]]],[[[-2.097101319227163,53.72821578385927],[-2.097057492564732,53.72795261163403],[-2.0969277264009754,53.72769955452337],[-2.0967170089272846,53.72746633710312],[-2.096433438800297,53.72726192138845],[-2.096087913777728,53.72709416248937],[-2.0956937118754513,53.72696950681508],[-2.0952659811490664,53.726892744413725],[-2.0948211577,53.72686682495441],[-2.0943763342509345,53.726892744413725],[-2.0939486035245496,53.72696950681508],[-2.093554401622273,53.72709416248937],[-2.0932088765997037,53.72726192138845],[-2.0929253064727162,53.72746633710312],[-2.0927145889990255,53.72769955452337],[-2.0925848228352684,53.72795261163403],[-2.092540996172838,53.72821578385927],[-2.092584794838902,53.728478957731795],[-2.0927145372684848,53.72873201953359],[-2.092925238883508,53.72896524397459],[-2.0932088034416716,53.72916966797081],[-2.093554334033064,53.72933743515145],[-2.093948551794009,53.72946209784651],[-2.0943763062545675,53.72953886493898],[-2.0948211577,53.72956478604559],[-2.0952660091454334,53.72953886493898],[-2.095693763605992,53.72946209784651],[-2.0960879813669364,53.72933743515145],[-2.096433511958329,53.72916966797081],[-2.096717076516493,53.72896524397459],[-2.096927778131516,53.72873201953359],[-2.097057520561099,53.728478957731795],[-2.097101319227163,53.72821578385927]]],[[[-2.09396418622004,53.73130394195681],[-2.0939203563366706,53.73104076973168],[-2.0937905806393933,53.73078771262128],[-2.0935798476862204,53.730554495201424],[-2.0932962567288254,53.730350079487216],[-2.092950706325483,53.73018232058861],[-2.092556475467377,53.73005766491471],[-2.0921287133226953,53.72998090251362],[-2.0916838572,53.72995498305441],[-2.091239001077305,53.72998090251362],[-2.0912186046931778,53.72998456266784],[-2.0911497801961443,53.72998857271362],[-2.0907220179734196,53.730065335114716],[-2.090327787043388,53.73018999078862],[-2.0899822365770007,53.73035774968721],[-2.0896986455678634,53.73056216540142],[-2.0894879125762396,53.73079538282127],[-2.089358136855282,53.731048439931676],[-2.089314306963911,53.731311612156816],[-2.0893581088536815,53.731574786029434],[-2.0894878608360288,53.7318278478315],[-2.08969857796602,53.7320610722729],[-2.0899821634052924,53.732265496269584],[-2.0903277194415444,53.73243326345069],[-2.0907219662332084,53.73255792614614],[-2.0911497521945437,53.732634693238886],[-2.0915946364,53.73266061434558],[-2.092039520605456,53.732634693238886],[-2.092059916876879,53.73263103308497],[-2.0921287413242826,53.73262702303888],[-2.092556527207565,53.732550255946144],[-2.0929507739272957,53.73242559325068],[-2.0932963299005,53.732257826069585],[-2.0935799152880326,53.73205340207289],[-2.093790632379581,53.731820177631484],[-2.093920384338258,53.731567115829435],[-2.09396418622004,53.73130394195681]]],[[[-2.0936792541325584,53.72128680136476],[-2.0936354346948485,53.72102362913932],[-2.0935056899152373,53.72077057202806],[-2.0932950071627703,53.72053735460691],[-2.093011483759392,53.72033293889119],[-2.092666015667122,53.72016517999108],[-2.092271878714167,53.720040524315884],[-2.0918442184605386,53.71996376191393],[-2.09163601172845,53.71995162789704],[-2.0915101556296967,53.719929037450676],[-2.0913531563715373,53.7198793823159],[-2.090925497756489,53.719802619913935],[-2.0904807493,53.71977670045442],[-2.090036000843512,53.719802619913935],[-2.089608342228463,53.7198793823159],[-2.089214206785661,53.7200040379911],[-2.0888687400170918,53.72017179689124],[-2.088585217700096,53.72037621260701],[-2.088374535754941,53.720609430028155],[-2.0882447914725377,53.72086248713944],[-2.0882009722028116,53.72112565936487],[-2.0882447634881522,53.72138883323719],[-2.0883744840465384,53.721641895038374],[-2.0885851501398123,53.72187511947847],[-2.0888686668903675,53.72207954347361],[-2.0892141392253776,53.722247310653174],[-2.089218645621412,53.72224873594209],[-2.0890422182653263,53.72237593160591],[-2.088831526301141,53.72260914902681],[-2.088701775848207,53.72286220613791],[-2.088657954493742,53.7231253783633],[-2.0887017478604424,53.72338855223567],[-2.088831474586496,53.72364161403702],[-2.089042150696886,53.72387483847738],[-2.0893256809291647,53.72407926247282],[-2.089671169692447,53.72424702965269],[-2.0900653397305837,53.72437169234709],[-2.0904930424078763,53.72444845943914],[-2.09093784,53.72447438054559],[-2.091382637592124,53.72444845943914],[-2.0918103402694164,53.72437169234709],[-2.0922045103075533,53.72424702965269],[-2.0925499990708354,53.72407926247282],[-2.092833529303114,53.72387483847738],[-2.093044205413504,53.72364161403702],[-2.0931739321395577,53.72338855223567],[-2.0932177255062587,53.7231253783633],[-2.093173904151793,53.72286220613791],[-2.093044153698859,53.72260914902681],[-2.092833461734674,53.72237593160591],[-2.0927930491755964,53.72234679608865],[-2.0930115568868275,53.72224068547355],[-2.093295074723711,53.722036261478394],[-2.093505741624143,53.72180303703828],[-2.0936354626795066,53.72154997523708],[-2.0936792541325584,53.72128680136476]]],[[[-2.090442993207752,53.711166928072764],[-2.0903991843164156,53.71090375584702],[-2.0902694707525713,53.710650698734895],[-2.0900588386848367,53.71041748131245],[-2.089775383486819,53.7102130655952],[-2.0894299984992513,53.710045306693544],[-2.089035956356867,53.70992065101706],[-2.0886083989767106,53.70984388861424],[-2.0881637558,53.70981796915442],[-2.0877191126232897,53.70984388861424],[-2.0872915552431333,53.70992065101706],[-2.086897513100749,53.710045306693544],[-2.086552128113181,53.7102130655952],[-2.0862686729151636,53.71041748131245],[-2.086058040847429,53.710650698734895],[-2.0859283272835847,53.71090375584702],[-2.0858845183922483,53.711166928072764],[-2.085928299316016,53.711430101944785],[-2.0860579891701,53.711683163745114],[-2.086268605395479,53.71191638818393],[-2.0865520550304013,53.71212081217755],[-2.0868974455810645,53.712288579355615],[-2.087291503565804,53.712413242048484],[-2.087719084655721,53.71249000913951],[-2.0881637558,53.712515930245594],[-2.0886084269442793,53.71249000913951],[-2.089036008034196,53.712413242048484],[-2.0894300660189358,53.712288579355615],[-2.089775456569599,53.71212081217755],[-2.090058906204521,53.71191638818393],[-2.0902695224299004,53.711683163745114],[-2.0903992122839843,53.711430101944785],[-2.090442993207752,53.711166928072764]]],[[[-2.087804676880007,53.71558657836927],[-2.0877608633835476,53.71532340614366],[-2.0876311361891933,53.71507034903191],[-2.0874204819897333,53.71483713161004],[-2.087136997009526,53.714632715893444],[-2.0867915757339013,53.71446495699248],[-2.0863974921920385,53.71434030131654],[-2.085969889891699,53.7142635389141],[-2.0855252,53.71423761945442],[-2.085080510108301,53.7142635389141],[-2.0846529078079614,53.71434030131654],[-2.0842588242660987,53.71446495699248],[-2.0839134029904742,53.714632715893444],[-2.083629918010267,53.71483713161004],[-2.083419263810807,53.71507034903191],[-2.0832895366164528,53.71532340614366],[-2.0832457231199935,53.71558657836927],[-2.0832895086414225,53.71584975224142],[-2.083419212119691,53.71610281404213],[-2.0836298504725685,53.716336038481515],[-2.083913329888196,53.71654046247582],[-2.0842587567284006,53.716708229654536],[-2.0846528561168456,53.71683289234798],[-2.0850804821332702,53.716909659439374],[-2.0855252,53.7169355805456],[-2.0859699178667297,53.716909659439374],[-2.086397543883155,53.71683289234798],[-2.0867916432716,53.716708229654536],[-2.087137070111804,53.71654046247582],[-2.0874205495274314,53.716336038481515],[-2.087631187880309,53.71610281404213],[-2.087760891358578,53.71584975224142],[-2.087804676880007,53.71558657836927]]],[[[-2.087663872810404,53.7194655753662],[-2.087620055271151,53.71920240314071],[-2.0874903161107015,53.71894934602929],[-2.087318387361883,53.718759019505235],[-2.0873822525771475,53.7186344216393],[-2.087426040996034,53.71837124776707],[-2.0873822245974143,53.71810807554154],[-2.087252488813077,53.71785501843002],[-2.0870418206661476,53.71762180100853],[-2.0867583169171287,53.717417385292336],[-2.0864128727726774,53.7172496263918],[-2.0860187631407574,53.71712497071622],[-2.0855911325316048,53.717048208314026],[-2.0851464132,53.71702228885442],[-2.0847016938683955,53.717048208314026],[-2.084274063259243,53.71712497071622],[-2.0838799536273225,53.7172496263918],[-2.0835345094828717,53.717417385292336],[-2.0832510057338527,53.71762180100853],[-2.0830403375869233,53.71785501843002],[-2.082910601802586,53.71810807554154],[-2.0828667854039664,53.71837124776707],[-2.082910573822853,53.7186344216393],[-2.0830402858871175,53.718887483440255],[-2.083212192954142,53.71907781096022],[-2.0831483161288498,53.71920240314071],[-2.083104498589597,53.7194655753662],[-2.0831482881472683,53.71972874923847],[-2.083278003586078,53.71998181103951],[-2.0834886613644747,53.72021503547939],[-2.0837721669242977,53.720419459474286],[-2.084117625622742,53.72058722665359],[-2.0845117613591033,53.720711889347534],[-2.084939426816079,53.72078865643926],[-2.0853841857,53.7208145775456],[-2.085828944583922,53.72078865643926],[-2.0862566100408975,53.720711889347534],[-2.0866507457772587,53.72058722665359],[-2.0869962044757027,53.720419459474286],[-2.087279710035526,53.72021503547939],[-2.0874903678139227,53.71998181103951],[-2.087620083252732,53.71972874923847],[-2.087663872810404,53.7194655753662]]],[[[-2.0859206575503872,53.679760788397594],[-2.0858768813478052,53.67949761617091],[-2.0857472645380573,53.67924455905609],[-2.0855367895690007,53.67901134162962],[-2.0852535457753216,53.6788069259076],[-2.0849084183730056,53.678639167001215],[-2.0845146700985278,53.6785145113207],[-2.0840874315774607,53.67843774891518],[-2.0836431200000005,53.67841182945442],[-2.08319880842254,53.67843774891518],[-2.082771569901473,53.6785145113207],[-2.082377821626995,53.678639167001215],[-2.082032694224679,53.6788069259076],[-2.081749450431,53.67901134162962],[-2.0815389754619433,53.67924455905609],[-2.0814093586521953,53.67949761617091],[-2.0813655824496133,53.679760788397594],[-2.0814093307375714,53.68002396226866],[-2.0815389238824435,53.68027702406631],[-2.0817493830391363,53.68051024850109],[-2.0820326212802507,53.68071467248998],[-2.0823777542351305,53.68088243966327],[-2.082771518321973,53.68100710235211],[-2.0831987805079155,53.68108386944045],[-2.0836431200000005,53.68110979054559],[-2.084087459492085,53.68108386944045],[-2.0845147216780275,53.68100710235211],[-2.08490848576487,53.68088243966327],[-2.08525361871975,53.68071467248998],[-2.0855368569608643,53.68051024850109],[-2.085747316117557,53.68027702406631],[-2.085876909262429,53.68002396226866],[-2.0859206575503872,53.679760788397594]]],[[[-2.0845086477267243,53.729989538357856],[-2.0844648192143467,53.72972636613268],[-2.0843350475750113,53.72947330902217],[-2.084124321210677,53.72924009160214],[-2.0838407391197418,53.729035675887744],[-2.0834951995197213,53.728867916988946],[-2.0831081832301357,53.72874553873319],[-2.0831867290918056,53.7285923359317],[-2.0832305278759202,53.72832916205917],[-2.083186701095247,53.72806598983394],[-2.0830569345815095,53.72781293272328],[-2.082846216539558,53.72757971530305],[-2.082562645647875,53.72737529958839],[-2.0822171196935635,53.72720754068934],[-2.0818229167283016,53.72708288501506],[-2.0813951848485335,53.7270061226137],[-2.0809503602,53.72698020315441],[-2.080505535551467,53.7270061226137],[-2.0800778036716987,53.72708288501506],[-2.079683600706437,53.72720754068934],[-2.0793380747521257,53.72737529958839],[-2.0790545038604424,53.72757971530305],[-2.0788437858184907,53.72781293272328],[-2.0787140193047535,53.72806598983394],[-2.07867019252408,53.72832916205917],[-2.0787139913081947,53.7285923359317],[-2.078843734087596,53.7288453977335],[-2.0790544362707712,53.72907862217453],[-2.079338001593593,53.72928304617076],[-2.079683533116766,53.729450813351406],[-2.080070513422166,53.72957318703037],[-2.0799919607856534,53.72972636613268],[-2.079948132273276,53.729989538357856],[-2.079991932786288,53.73025271223043],[-2.0801216806889076,53.73050577403239],[-2.0803323911928753,53.730738998473626],[-2.0806159677143907,53.73094342247011],[-2.0809615128838312,53.731111189651],[-2.0813557472772595,53.731235852346295],[-2.081783519785464,53.731312619438924],[-2.08222839,53.731338540545586],[-2.0826732602145355,53.731312619438924],[-2.08310103272274,53.731235852346295],[-2.083495267116169,53.731111189651],[-2.0838408122856094,53.73094342247011],[-2.0841243888071244,53.730738998473626],[-2.084335099311092,53.73050577403239],[-2.084464847213712,53.73025271223043],[-2.0845086477267243,53.729989538357856]]],[[[-2.079568629555583,53.710468228373315],[-2.079524821392155,53.71020505614756],[-2.0793951099828165,53.70995199903535],[-2.079184481413332,53.70971878161283],[-2.0789010309228346,53.709514365895465],[-2.0785556516711363,53.70934660699371],[-2.0781616160725584,53.70922195131713],[-2.077734065792708,53.709145188914256],[-2.07728943,53.709119269454426],[-2.076844794207292,53.709145188914256],[-2.0764172439274415,53.70922195131713],[-2.0760232083288637,53.70934660699371],[-2.0756778290771654,53.709514365895465],[-2.07539804701158,53.70971613605837],[-2.0755017246661174,53.709513822246244],[-2.0755455035968042,53.70925064837428],[-2.075501696701783,53.70898747614848],[-2.0754714187908703,53.70892840453316],[-2.0754696229902456,53.70891761614854],[-2.0753399155506114,53.70866455903623],[-2.0751292934266954,53.70843134161354],[-2.074845851609862,53.70822692589597],[-2.074500482926575,53.708059166994026],[-2.074106459385041,53.70793451131728],[-2.073678922187593,53.707857748914286],[-2.0732343,53.70783182945441],[-2.0727896778124073,53.707857748914286],[-2.0723621406149593,53.70793451131728],[-2.071968117073425,53.708059166994026],[-2.0716227483901384,53.70822692589597],[-2.071339306573305,53.70843134161354],[-2.071128684449389,53.70866455903623],[-2.0709989770097548,53.70891761614854],[-2.070955170187507,53.70918078837433],[-2.070998949045538,53.70944396224628],[-2.07102922062846,53.70950303350455],[-2.0710310153338822,53.709513822246244],[-2.0711606992818976,53.70976688404641],[-2.0713713059150316,53.710000108484984],[-2.071654742640052,53.710204532478315],[-2.072000117459241,53.71037229965608],[-2.0723941574955216,53.710496962348714],[-2.072821719109849,53.71057372943957],[-2.07326637,53.710599650545596],[-2.073711020890151,53.71057372943957],[-2.074138582504478,53.710496962348714],[-2.0745326225407585,53.71037229965608],[-2.0748779973599474,53.710204532478315],[-2.0751577154591327,53.71000279048162],[-2.075054038607845,53.71020505614756],[-2.075010230444417,53.710468228373315],[-2.0750540106414554,53.71073140224531],[-2.0751836983420335,53.71098446404558],[-2.075394311069831,53.71121768848431],[-2.0756777559974675,53.711422112477834],[-2.076023140812026,53.71158987965578],[-2.076417192252291,53.71171454234857],[-2.076844766240902,53.71179130943951],[-2.07728943,53.711817230545584],[-2.077734093759098,53.71179130943951],[-2.0781616677477084,53.71171454234857],[-2.0785557191879738,53.71158987965578],[-2.0789011040025325,53.711422112477834],[-2.079184548930169,53.71121768848431],[-2.0793951616579665,53.71098446404558],[-2.0795248493585445,53.71073140224531],[-2.079568629555583,53.710468228373315]]],[[[-2.0793378455672764,53.76014466043396],[-2.0792939855741035,53.75988148820969],[-2.0791641207561162,53.759628431101774],[-2.07895324309854,53.75939521368563],[-2.0786694574155313,53.7591907979758],[-2.078323669749113,53.75902303908157],[-2.0779291682078034,53.75889838341138],[-2.07750111236042,53.75882162101276],[-2.0770559508,53.75879570155441],[-2.0766107892395804,53.75882162101276],[-2.076182733392197,53.75889838341138],[-2.075788231850887,53.75902303908157],[-2.075442444184469,53.7591907979758],[-2.07515865850146,53.75939521368563],[-2.074947780843884,53.759628431101774],[-2.074817916025897,53.75988148820969],[-2.074774056032724,53.76014466043396],[-2.0748178879754904,53.76040783430746],[-2.0749477290134903,53.76066089611199],[-2.0751585907817875,53.7608941205571],[-2.075442370885223,53.761098544558166],[-2.075788164131214,53.761266311743626],[-2.0761826815618027,53.7613909744428],[-2.0766107611891735,53.76146774153803],[-2.0770559508,53.76149366264559],[-2.077501140410827,53.76146774153803],[-2.077929220038197,53.7613909744428],[-2.078323737468786,53.761266311743626],[-2.0786695307147767,53.761098544558166],[-2.0789533108182128,53.7608941205571],[-2.07916417258651,53.76066089611199],[-2.07929401362451,53.76040783430746],[-2.0793378455672764,53.76014466043396]]],[[[-2.0777337090620134,53.73061335775736],[-2.077689879898973,53.73035018553222],[-2.077560106333768,53.73009712842174],[-2.077349376842419,53.72986391100181],[-2.077065790543526,53.729659495287486],[-2.0767202458163276,53.729491736388795],[-2.0763260214338897,53.7293670807148],[-2.0758982663155803,53.729290318313645],[-2.0754534175,53.72926439885441],[-2.0750085686844195,53.729290318313645],[-2.07458081356611,53.7293670807148],[-2.074186589183672,53.729491736388795],[-2.0738410444564734,53.729659495287486],[-2.073557458157581,53.72986391100181],[-2.0733467286662317,53.73009712842174],[-2.0732169551010267,53.73035018553222],[-2.0731731259379864,53.73061335775736],[-2.073216927100607,53.73087653162997],[-2.073346676928202,53.731129593431966],[-2.0735573905585873,53.731362817873276],[-2.0738409712878503,53.731567241869854],[-2.074186521584678,53.731735009050844],[-2.0745807618280803,53.73185967174622],[-2.0750085406839998,53.731936438838915],[-2.0754534175,53.73196235994559],[-2.075898294316,53.731936438838915],[-2.0763260731719195,53.73185967174622],[-2.076720313415321,53.731735009050844],[-2.0770658637121495,53.731567241869854],[-2.0773494444414125,53.731362817873276],[-2.077560158071798,53.731129593431966],[-2.077689907899393,53.73087653162997],[-2.0777337090620134,53.73061335775736]]],[[[-2.077526265202998,53.7208361435651],[-2.0774824462350763,53.72057297133965],[-2.0773527028459697,53.72031991422835],[-2.0771420223512522,53.72008669680715],[-2.076858501986079,53.71988228109136],[-2.0765130375957046,53.719714522191175],[-2.076118904866082,53.71958986651593],[-2.075691249194948,53.719513104113936],[-2.0752465038,53.71948718465441],[-2.0748017584050515,53.719513104113936],[-2.0743741027339175,53.71958986651593],[-2.0739799700042956,53.719714522191175],[-2.0736345056139207,53.71988228109136],[-2.0733509852487475,53.72008669680715],[-2.07314030475403,53.72031991422835],[-2.0730105613649235,53.72057297133965],[-2.0729667423970017,53.7208361435651],[-2.073010533381027,53.72109931743741],[-2.073140253046531,53.72135237923857],[-2.0733509176896443,53.721585603678626],[-2.073634432488475,53.72179002767371],[-2.0739799024451924,53.72195779485324],[-2.074374051026419,53.72208245754735],[-2.0748017304211546,53.7221592246392],[-2.0752465038,53.722185145745584],[-2.075691277178845,53.7221592246392],[-2.0761189565735814,53.72208245754735],[-2.0765131051548074,53.72195779485324],[-2.0768585751115247,53.72179002767371],[-2.0771420899103554,53.721585603678626],[-2.077352754553469,53.72135237923857],[-2.077482474218973,53.72109931743741],[-2.077526265202998,53.7208361435651]]],[[[-2.0753602224644414,53.71827287836714],[-2.0753164061683496,53.71800970614161],[-2.075186670687481,53.71775664903009],[-2.0749760030332904,53.71752343160856],[-2.07469249994734,53.71731901589238],[-2.074347056610804,53.717151256991805],[-2.0739529479005987,53.71702660131623],[-2.073525318291545,53.71694983891402],[-2.0730806,53.716923919454416],[-2.0726358817084547,53.71694983891402],[-2.072208252099401,53.71702660131623],[-2.0718141433891955,53.717151256991805],[-2.0714687000526597,53.71731901589238],[-2.0711851969667094,53.71752343160856],[-2.070974529312519,53.71775664903009],[-2.07084479383165,53.71800970614161],[-2.0708009775355585,53.71827287836714],[-2.070844765852083,53.71853605223937],[-2.0709744776130203,53.7187891140403],[-2.0711851294180588,53.71902233848004],[-2.0714686269385276,53.71922676247476],[-2.0718140758405457,53.719394529653876],[-2.0722082003999027,53.71951919234766],[-2.072635853728887,53.71959595943929],[-2.0730806,53.71962188054559],[-2.0735253462711123,53.71959595943929],[-2.073952999600097,53.71951919234766],[-2.074347124159454,53.719394529653876],[-2.0746925730614723,53.71922676247476],[-2.074976070581941,53.71902233848004],[-2.0751867223869795,53.7187891140403],[-2.0753164341479167,53.71853605223937],[-2.0753602224644414,53.71827287836714]]],[[[-2.0727622880914582,53.720959528365015],[-2.0727184689949154,53.72069635613956],[-2.072588725225109,53.720443299028275],[-2.072378044112252,53.72021008160709],[-2.072094522915262,53.72000566589132],[-2.071749057511362,53.71983790699115],[-2.0713549236254525,53.71971325131593],[-2.070927266699698,53.71963648891395],[-2.07048252,53.719610569454424],[-2.070037773300302,53.71963648891395],[-2.0696101163745473,53.71971325131593],[-2.069215982488638,53.71983790699115],[-2.068870517084738,53.72000566589132],[-2.068586995887748,53.72021008160709],[-2.0683763147748913,53.720443299028275],[-2.068246571005085,53.72069635613956],[-2.068202751908542,53.720959528365015],[-2.0682056768646575,53.72097710663568],[-2.0682021285004155,53.72099841766498],[-2.0682459196533274,53.72126159153729],[-2.0683756398192914,53.72151465333846],[-2.068586305275219,53.72174787777854],[-2.068869821167991,53.72195230177366],[-2.06921529245774,53.7221200689532],[-2.0696094425598575,53.72224473164734],[-2.0700371236048887,53.7223214987392],[-2.0704818987,53.7223474198456],[-2.0709266737951113,53.7223214987392],[-2.071354354840143,53.72224473164734],[-2.07174850494226,53.7221200689532],[-2.0720939762320096,53.72195230177366],[-2.072377492124781,53.72174787777854],[-2.0725881575807086,53.72151465333846],[-2.0727178777466726,53.72126159153729],[-2.072761668899585,53.72099841766498],[-2.0727587420360276,53.72098083929062],[-2.0727622880914582,53.720959528365015]]],[[[-2.068875863510827,53.72533686276154],[-2.068832039850561,53.72507369053622],[-2.0687022825727834,53.72482063342531],[-2.0684915795271683,53.724587416004695],[-2.0682080288157345,53.72438300028958],[-2.067862527450012,53.72421524139008],[-2.067468352536811,53.7240905857154],[-2.0670406510947124,53.7240138233138],[-2.0665958581,53.723987903854415],[-2.0661510651052875,53.7240138233138],[-2.065723363663189,53.7240905857154],[-2.0653291887499883,53.72421524139008],[-2.0649836873842657,53.72438300028958],[-2.064700136672832,53.724587416004695],[-2.064489433627217,53.72482063342531],[-2.064359676349439,53.72507369053622],[-2.064315852689173,53.72533686276154],[-2.064359648357938,53.725600036633985],[-2.0644893819056667,53.725853098435536],[-2.06470006909537,53.726086322876164],[-2.0649836142389484,53.72629074687194],[-2.0653291211725264,53.72645851405214],[-2.065723311941639,53.726583176746836],[-2.0661510371137863,53.72665994383907],[-2.0665958581,53.72668586494559],[-2.067040679086214,53.72665994383907],[-2.067468404258361,53.726583176746836],[-2.067862595027474,53.72645851405214],[-2.068208101961052,53.72629074687194],[-2.06849164710463,53.726086322876164],[-2.0687023342943336,53.725853098435536],[-2.068832067842062,53.725600036633985],[-2.068875863510827,53.72533686276154]]],[[[-2.067321618182567,53.719369126666265],[-2.067277800743847,53.71910595444077],[-2.0671480618809603,53.71885289732935],[-2.0669373887354214,53.71861967990797],[-2.0666538782598805,53.71841526419195],[-2.066308425919511,53.71824750529154],[-2.0659143069372203,53.718122849616094],[-2.065486666182521,53.718046087213985],[-2.0650419363,53.71802016775441],[-2.064597206417479,53.718046087213985],[-2.06416956566278,53.718122849616094],[-2.0637754466804896,53.71824750529154],[-2.06342999434012,53.71841526419195],[-2.0631464838645788,53.71861967990797],[-2.06293581071904,53.71885289732935],[-2.0628060718561536,53.71910595444077],[-2.062762254417433,53.719369126666265],[-2.062806043874735,53.71963230053853],[-2.06293575901612,53.71988536233956],[-2.0631464163114583,53.720118586779435],[-2.0634299212211493,53.7203230107743],[-2.063775379127369,53.72049077795361],[-2.06416951395986,53.72061544064753],[-2.0645971784360606,53.72069220773925],[-2.0650419363,53.72071812884559],[-2.0654866941639396,53.72069220773925],[-2.06591435864014,53.72061544064753],[-2.0663084934726315,53.72049077795361],[-2.066653951378851,53.7203230107743],[-2.066937456288542,53.720118586779435],[-2.0671481135838805,53.71988536233956],[-2.067277828725265,53.71963230053853],[-2.067321618182567,53.719369126666265]]],[[[-2.0667168837068988,53.779805468318365],[-2.066673003157678,53.7795422960947],[-2.066543077496748,53.779289238988454],[-2.066332101049103,53.779056021574846],[-2.0660481824264205,53.77885160586799],[-2.0657022327798984,53.77868384697676],[-2.0653075464424813,53.778559191309085],[-2.064879290083523,53.77848242891216],[-2.0646269879634804,53.77846774554123],[-2.0644534033976023,53.778412921309105],[-2.064025148531264,53.77833615891217],[-2.06357978,53.77831023945442],[-2.0631344114687358,53.77833615891217],[-2.0627061566023976,53.778412921309105],[-2.0623114716406143,53.77853757697679],[-2.061965523199882,53.77870533586806],[-2.061681605566811,53.77890975157493],[-2.0614706298545653,53.77914296898856],[-2.061340704646554,53.77939602609481],[-2.0612968242503533,53.779659198318484],[-2.061340676563049,53.779922372192566],[-2.0614705779630143,53.78017543399878],[-2.061681537767233,53.7804086584464],[-2.0619654498141475,53.78061308245041],[-2.0623114038410364,53.78078084963885],[-2.062706104710847,53.78090551234054],[-2.063134383385231,53.78098227943744],[-2.0633866718480642,53.7809969620738],[-2.0635602416655088,53.78105178234051],[-2.063988521832724,53.781128549437426],[-2.06443392,53.781154470545594],[-2.064879318167276,53.781128549437426],[-2.065307598334491,53.78105178234051],[-2.065702300580076,53.78092711963882],[-2.0660482558128037,53.78075935245035],[-2.0663321688492804,53.78055492844632],[-2.0665431293887573,53.78032170399868],[-2.066673031241431,53.78006864219245],[-2.0667168837068988,53.779805468318365]]],[[[-2.0655675147253363,53.72969451345809],[-2.0655236865206708,53.72943134123291],[-2.0653939157921175,53.72917828412236],[-2.065183190906611,53.72894506670231],[-2.0648996108057034,53.72874065098786],[-2.0645540736304286,53.72857289208901],[-2.0641598578636544,53.728448236414906],[-2.0637321120937036,53.72837147401368],[-2.063287273,53.72834555455442],[-2.062842433906296,53.72837147401368],[-2.0624146881363457,53.728448236414906],[-2.062020472369571,53.72857289208901],[-2.0616749351942962,53.72874065098786],[-2.0613913550933884,53.72894506670231],[-2.061180630207882,53.72917828412236],[-2.061050859479329,53.72943134123291],[-2.0610307635500518,53.729552009886014],[-2.060832583891205,53.729771339921975],[-2.0607028113317907,53.730024397032466],[-2.060658982508561,53.73028756925763],[-2.0607027833319216,53.730550743130216],[-2.060832532154193,53.730803804932194],[-2.061043244151798,53.73103702937347],[-2.061326822683553,53.73124145336999],[-2.0616723703025888,53.731409220550944],[-2.0620666074908254,53.73153388324627],[-2.062494383031633,53.73161065033893],[-2.0629392564,53.7316365714456],[-2.063384129768367,53.73161065033893],[-2.063811905309174,53.73153388324627],[-2.064206142497411,53.731409220550944],[-2.064551690116447,53.73124145336999],[-2.064835268648202,53.73103702937347],[-2.0650459806458064,53.730803804932194],[-2.0651757294680784,53.730550743130216],[-2.065195812024264,53.73043007863861],[-2.0653939675272768,53.73021074913259],[-2.065523714519537,53.72995768733067],[-2.0655675147253363,53.72969451345809]]],[[[-2.063748963443157,53.71751600446773],[-2.0637051479359174,53.71725283224219],[-2.0635754147899372,53.71699977513059],[-2.0633647509268824,53.71676655770898],[-2.0630812529425815,53.716562141992675],[-2.0627358158221423,53.716394383091995],[-2.0623417142036136,53.71626972741631],[-2.061914092289329,53.71619296501403],[-2.0618314388119807,53.71618814764524],[-2.0617373240611765,53.71600456333126],[-2.0615266651828135,53.715771345909516],[-2.061243173906307,53.71556693019306],[-2.0608977449589667,53.715399171292226],[-2.0605036526647744,53.71527451561643],[-2.0600760408677887,53.71519775321407],[-2.0596313411,53.71517183375442],[-2.059186641332211,53.71519775321407],[-2.0587590295352247,53.71527451561643],[-2.0583649372410324,53.715399171292226],[-2.0580195082936927,53.71556693019306],[-2.0577360170171857,53.715771345909516],[-2.057525358138823,53.71600456333126],[-2.057395628062821,53.716257620442946],[-2.057351813592785,53.71652079266852],[-2.057395600086213,53.71678396654069],[-2.057525306444792,53.71703702834149],[-2.057735949475679,53.71727025278099],[-2.0580194351872927,53.71747467677544],[-2.058364869699526,53.717642443954304],[-2.058758977841194,53.717767106647855],[-2.0591866133556027,53.717843873739334],[-2.0592692161143504,53.71784868826893],[-2.0593632975129257,53.71803224014082],[-2.059573945527553,53.71826546458044],[-2.059857437946626,53.718469888575044],[-2.060202880632293,53.71863765575405],[-2.0605969980992493,53.718762318447745],[-2.0610246437323823,53.71883908553931],[-2.061469382,53.718865006645586],[-2.0619141202676174,53.71883908553931],[-2.0623417659007504,53.718762318447745],[-2.0627358833677065,53.71863765575405],[-2.0630813260533736,53.718469888575044],[-2.0633648184724467,53.71826546458044],[-2.063575466487074,53.71803224014082],[-2.063705175914206,53.717779178339946],[-2.063748963443157,53.71751600446773]]],[[[-2.0634120863893184,53.72111260116488],[-2.063368267133205,53.72084942893944],[-2.0632385228910928,53.72059637182816],[-2.0630278410113587,53.720363154407],[-2.0627443187823973,53.72015873869124],[-2.062398852121094,53.719990979791106],[-2.0620047168006677,53.7198663241159],[-2.0615770583184014,53.71978956171393],[-2.06113231,53.71976364225441],[-2.060687561681599,53.71978956171393],[-2.0602599031993325,53.7198663241159],[-2.0598657678789065,53.719990979791106],[-2.059520301217603,53.72015873869124],[-2.0592367789886414,53.720363154407],[-2.0590260971089074,53.72059637182816],[-2.058896352866795,53.72084942893944],[-2.0588525336106818,53.72111260116488],[-2.058896324882432,53.7213757750372],[-2.0590260454005453,53.72162883683839],[-2.059236711428411,53.72186206127848],[-2.0595202280909364,53.72206648527362],[-2.0598657003186758,53.72223425245317],[-2.060259851490971,53.722358915147325],[-2.0606875336972355,53.722435682239194],[-2.06113231,53.72246160334559],[-2.0615770863027647,53.722435682239194],[-2.0620047685090297,53.722358915147325],[-2.0623989196813244,53.72223425245317],[-2.0627443919090642,53.72206648527362],[-2.0630279085715895,53.72186206127848],[-2.063238574599455,53.72162883683839],[-2.0633682951175687,53.7213757750372],[-2.0634120863893184,53.72111260116488]]],[[[-2.0617286615403176,53.79510009680621],[-2.0616847649831334,53.794836924582995],[-2.061554791940946,53.79458386747808],[-2.061343738560838,53.794350650066434],[-2.061059716411796,53.79414623436192],[-2.0607136406237707,53.793978475473],[-2.0603188103769603,53.7938538198073],[-2.0598903978702388,53.793777057411695],[-2.0594448654,53.79375113795441],[-2.0589993329297616,53.793777057411695],[-2.0585709204230396,53.7938538198073],[-2.0581760901762296,53.793978475473],[-2.0578300143882045,53.79414623436192],[-2.057545992239162,53.794350650066434],[-2.0573349388590545,53.79458386747808],[-2.057204965816867,53.794836924582995],[-2.0571610692596827,53.79510009680621],[-2.0572049377071364,53.79536327068076],[-2.0573348869190444,53.795616332488294],[-2.057545924376269,53.79584955693792],[-2.057829940933938,53.79605398094428],[-2.0581760223133356,53.79622174813505],[-2.0585708684830295,53.79634641083873],[-2.0589993048200306,53.79642317793696],[-2.0594448654,53.79644909904558],[-2.0598904259799697,53.79642317793696],[-2.060318862316971,53.79634641083873],[-2.0607137084866647,53.79622174813505],[-2.0610597898660625,53.79605398094428],[-2.0613438064237313,53.79584955693792],[-2.061554843880956,53.795616332488294],[-2.061684793092864,53.79536327068076],[-2.0617286615403176,53.79510009680621]]],[[[-2.0595037839759223,53.73772492685173],[-2.0594599473935626,53.7374617546268],[-2.059330151868231,53.73720869751694],[-2.059119386720443,53.73697548009791],[-2.0588357524394447,53.73677106438468],[-2.0584901492485344,53.73660330548706],[-2.0580958581673703,53.73647864981398],[-2.057668030678127,53.736401887413436],[-2.0572231066,53.73637596795442],[-2.0567781825218727,53.736401887413436],[-2.0563503550326296,53.73647864981398],[-2.0559560639514656,53.73660330548706],[-2.055610460760555,53.73677106438468],[-2.055326826479557,53.73697548009791],[-2.055116061331769,53.73720869751694],[-2.0549862658064373,53.7374617546268],[-2.0549424292240777,53.73772492685173],[-2.0549862377939907,53.73798810072454],[-2.0551160095715173,53.73824116252717],[-2.0553267588515287,53.73847438696939],[-2.055610387560505,53.73867881096704],[-2.055955996323437,53.738846578149115],[-2.056350303272378,53.738971240845395],[-2.056778154509426,53.7390480079387],[-2.0572231066,53.73907392904559],[-2.0576680586905733,53.7390480079387],[-2.058095909927622,53.738971240845395],[-2.058490216876563,53.738846578149115],[-2.0588358256394947,53.73867881096704],[-2.059119454348471,53.73847438696939],[-2.0593302036284826,53.73824116252717],[-2.0594599754060092,53.73798810072454],[-2.0595037839759223,53.73772492685173]]],[[[-2.0563471567449456,53.72296930926341],[-2.0563033355531943,53.72270613703803],[-2.056173585581869,53.7224530799269],[-2.0559628943996677,53.72221986250598],[-2.0556793596525758,53.72201544679052],[-2.055333877738578,53.72184768789065],[-2.0549397250170105,53.721723032215685],[-2.0545120476537715,53.721646269813874],[-2.0540672797,53.72162035035441],[-2.053622511746229,53.721646269813874],[-2.0531948343829893,53.721723032215685],[-2.052800681661422,53.72184768789065],[-2.0524551997474245,53.72201544679052],[-2.052171665000332,53.72221986250598],[-2.0519609738181313,53.7224530799269],[-2.0518312238468055,53.72270613703803],[-2.051787402655054,53.72296930926341],[-2.051831195859305,53.723232483135774],[-2.051960922103973,53.72348554493713],[-2.0521715974325287,53.72371876937746],[-2.0524551266125606,53.72392319337288],[-2.052800614093618,53.724090960552715],[-2.0531947826688315,53.7242156232471],[-2.053622483758728,53.72429239033913],[-2.0540672797,53.724318311445586],[-2.0545120756412723,53.72429239033913],[-2.054939776731169,53.7242156232471],[-2.0553339453063817,53.724090960552715],[-2.0556794327874397,53.72392319337288],[-2.0559629619674715,53.72371876937746],[-2.056173637296027,53.72348554493713],[-2.056303363540695,53.723232483135774],[-2.0563471567449456,53.72296930926341]]],[[[-2.055916381007642,53.808223358295805],[-2.0558724707033242,53.80796018607299],[-2.055742456971619,53.8077071289692],[-2.0555313375243585,53.807473911559256],[-2.0552472264701733,53.80726949585672],[-2.0549010423558407,53.807101736969805],[-2.0545060885242266,53.80697708130579],[-2.0540775419227777,53.80690031891131],[-2.05363187,53.80687439945442],[-2.053186198077222,53.80690031891131],[-2.0527576514757735,53.80697708130579],[-2.052362697644159,53.807101736969805],[-2.0520165135298263,53.80726949585672],[-2.051732402475641,53.807473911559256],[-2.0515212830283804,53.8077071289692],[-2.0513912692966754,53.80796018607299],[-2.0513473589923574,53.808223358295805],[-2.0513912411646285,53.80848653217075],[-2.0515212310471367,53.80873959397942],[-2.051732334558873,53.80897281843072],[-2.0520164400172463,53.80917724243908],[-2.0523626297273907,53.809345009631855],[-2.0527575994945293,53.80946967233722],[-2.053186169945175,53.80954643943658],[-2.05363187,53.8095723605456],[-2.0540775700548246,53.80954643943658],[-2.0545061405054703,53.80946967233722],[-2.054901110272609,53.809345009631855],[-2.0552472999827534,53.80917724243908],[-2.0555314054411267,53.80897281843072],[-2.055742508952863,53.80873959397942],[-2.055872498835371,53.80848653217075],[-2.055916381007642,53.808223358295805]]],[[[-2.0549625099623796,53.80012804830221],[-2.0549186081395074,53.79986487607916],[-2.0547886195116485,53.799611818974675],[-2.0545775408252447,53.79937860156368],[-2.054293484622066,53.79917418585992],[-2.053947367340841,53.799006426971765],[-2.053552489756231,53.79888177130672],[-2.053124025886,53.79880500891154],[-2.05267844,53.79877908945441],[-2.0522328541140005,53.79880500891154],[-2.051804390243769,53.79888177130672],[-2.051409512659159,53.799006426971765],[-2.0510633953779345,53.79917418585992],[-2.0507793391747553,53.79937860156368],[-2.0505682604883515,53.799611818974675],[-2.0504382718604925,53.79986487607916],[-2.0503943700376204,53.80012804830221],[-2.0504382437422146,53.80039122217691],[-2.0505682085325487,53.80064428398489],[-2.0507792712912276,53.80087750843516],[-2.051063321901333,53.80108193244228],[-2.051409444775631,53.801249699633836],[-2.051804338287966,53.80137436233815],[-2.052232825995722,53.801451129436806],[-2.05267844,53.80147705054559],[-2.053124054004278,53.801451129436806],[-2.053552541712034,53.80137436233815],[-2.053947435224369,53.801249699633836],[-2.054293558098667,53.80108193244228],[-2.054577608708773,53.80087750843516],[-2.0547886714674517,53.80064428398489],[-2.054918636257786,53.80039122217691],[-2.0549625099623796,53.80012804830221]]],[[[-2.0547273901424865,53.73630155515287],[-2.0546835550453495,53.736038382927894],[-2.054553763916065,53.73578532581791],[-2.0543430059060945,53.7355521083987],[-2.0540593812303043,53.735347692685245],[-2.0537137897428424,53.73517993378742],[-2.0533195120136383,53.73505527811415],[-2.052891699011835,53.734978515713486],[-2.05244679,53.73495259625442],[-2.052001880988165,53.734978515713486],[-2.051574067986362,53.73505527811415],[-2.0511797902571574,53.73517993378742],[-2.050834198769696,53.735347692685245],[-2.050550574093905,53.7355521083987],[-2.0503398160839352,53.73578532581791],[-2.0502100249546507,53.736038382927894],[-2.0501661898575136,53.73630155515287],[-2.0502099969446115,53.736564729025645],[-2.050339764328132,53.736817790828134],[-2.05055050647169,53.737051015270175],[-2.050834125575937,53.73725543926762],[-2.0511797226349415,53.73742320644947],[-2.0515740162305587,53.73754786914557],[-2.052001852978126,53.737624636238756],[-2.05244679,53.7376505573456],[-2.052891727021874,53.737624636238756],[-2.053319563769441,53.73754786914557],[-2.0537138573650586,53.73742320644947],[-2.054059454424063,53.73725543926762],[-2.0543430735283104,53.737051015270175],[-2.0545538156718677,53.736817790828134],[-2.0546835830553882,53.736564729025645],[-2.0547273901424865,53.73630155515287]]],[[[-2.0542926963076704,53.72775074835963],[-2.0542488701302184,53.727487576134386],[-2.054119105401929,53.72723451902368],[-2.0539083902589916,53.72700130160338],[-2.0536248232684495,53.726796885888625],[-2.0532793020674776,53.726629126989494],[-2.0528851045250955,53.72650447131514],[-2.05245737852938,53.72642770891373],[-2.05201256,53.726401789454414],[-2.0515677414706204,53.72642770891373],[-2.051140015474905,53.72650447131514],[-2.0507458179325226,53.726629126989494],[-2.0504002967315507,53.726796885888625],[-2.0501167297410086,53.72700130160338],[-2.0499060145980716,53.72723451902368],[-2.0497762498697822,53.727487576134386],[-2.04973242369233,53.72775074835963],[-2.0497762218742013,53.728013922232144],[-2.0499059628689835,53.7282669840339],[-2.050116662153698,53.72850020847485],[-2.0504002235755725,53.72870463247098],[-2.050745750345212,53.72887239965155],[-2.0511399637458165,53.72899706234655],[-2.0515677134750394,53.729073829438995],[-2.05201256,53.729099750545586],[-2.0524574065249612,53.729073829438995],[-2.0528851562541837,53.72899706234655],[-2.0532793696547884,53.72887239965155],[-2.053624896424428,53.72870463247098],[-2.053908457846302,53.72850020847485],[-2.0541191571310167,53.7282669840339],[-2.054248898125799,53.728013922232144],[-2.0542926963076704,53.72775074835963]]],[[[-2.050395859594695,53.74953937154238],[-2.0503520106795774,53.7492761993178],[-2.0502221786510466,53.749023142208955],[-2.050011354233379,53.748789924791446],[-2.0497276401941744,53.74858550908001],[-2.0493819398220197,53.748417750184174],[-2.048987537870967,53.74829309451262],[-2.048559590083216,53.74821633211309],[-2.0481145409,53.748190412654424],[-2.0476694917167837,53.74821633211309],[-2.0472415439290326,53.74829309451262],[-2.04684714197798,53.748417750184174],[-2.0465014416058254,53.74858550908001],[-2.0462177275666207,53.748789924791446],[-2.046006903148953,53.749023142208955],[-2.0458770711204224,53.7492761993178],[-2.0458533470378737,53.74941858641139],[-2.045644012661782,53.74918701949122],[-2.0453602959408395,53.74898260377982],[-2.045014592301126,53.74881484488405],[-2.0446201866222573,53.74869018921255],[-2.044192234789668,53.74861342681305],[-2.0437471814,53.748587507354415],[-2.0433021280103323,53.74861342681305],[-2.0428741761777425,53.74869018921255],[-2.0424797704988737,53.74881484488405],[-2.042326385174844,53.74888927786546],[-2.041957773338341,53.748772774812544],[-2.0415298206645156,53.74869601241306],[-2.0410847664,53.74867009295441],[-2.0406397121354845,53.74869601241306],[-2.040211759461659,53.748772774812544],[-2.040162762865926,53.748788260622874],[-2.0399726246311793,53.748822365912545],[-2.039578217711452,53.74894702158403],[-2.039232512984084,53.749114780479786],[-2.0389487953704855,53.74931919619115],[-2.0387379682966165,53.749552413608576],[-2.038608134632181,53.749805470717384],[-2.0385642851643664,53.75006864294195],[-2.038608106598843,53.75033181681514],[-2.0387379164977624,53.75058487861881],[-2.038948727692021,53.75081810306262],[-2.039232439729442,53.75102252706214],[-2.0395781500329875,53.75119029424609],[-2.0399725728323252,53.75131495694396],[-2.040400549776815,53.75139172403833],[-2.0408456326000004,53.75141764514559],[-2.041290715423185,53.75139172403833],[-2.041718692367675,53.75131495694396],[-2.0417676882786595,53.751299471118955],[-2.04195782513704,53.75126536584398],[-2.042352247470774,53.75114070314611],[-2.0425055763161626,53.75106629524242],[-2.042874124379302,53.751182780243965],[-2.043302099977218,53.75125954733832],[-2.0437471814,53.75128546844557],[-2.044192262822782,53.75125954733832],[-2.0446202384206984,53.751182780243965],[-2.04501465997905,53.75105811754612],[-2.0453603691948965,53.75089035036219],[-2.0456440803397062,53.75068592636269],[-2.045854890870742,53.750452701918896],[-2.045984700361306,53.75019964011523],[-2.0460083984040898,53.75005731877424],[-2.0462176598903192,53.75028883166293],[-2.046501368353525,53.75049325566237],[-2.046847074301679,53.750661022846245],[-2.047241492131834,53.75078568554404],[-2.0476694636843416,53.75086245263835],[-2.0481145409,53.75088837374561],[-2.0485596181156582,53.75086245263835],[-2.0489875896681657,53.75078568554404],[-2.0493820074983207,53.750661022846245],[-2.0497277134464746,53.75049325566237],[-2.05001142190968,53.75028883166293],[-2.0502222304482443,53.75005560721918],[-2.050352038712019,53.74980254541555],[-2.050395859594695,53.74953937154238]]],[[[-2.046990670491206,53.769232214626754],[-2.04694680099972,53.768969042402766],[-2.046816908068092,53.76871598529562],[-2.046605984762682,53.76848276788065],[-2.0463221376523633,53.768278352172196],[-2.04597627513995,53.76811059327935],[-2.0455816882100755,53.76798593761032],[-2.0451535397124956,53.76790917521249],[-2.0447082818,53.76788325575442],[-2.044263023887505,53.76790917521249],[-2.0438348753899245,53.76798593761032],[-2.0434402884600504,53.76811059327935],[-2.043094425947637,53.768278352172196],[-2.0428105788373183,53.76848276788065],[-2.042599655531908,53.76871598529562],[-2.04246976260028,53.768969042402766],[-2.0424258931087937,53.769232214626754],[-2.0424697345344667,53.76949538850052],[-2.0425996036730467,53.76974845030583],[-2.042810511080451,53.769981674752124],[-2.0430943526081324,53.77018609875455],[-2.0434402207031828,53.7703538659414],[-2.0438348235310633,53.770478528641746],[-2.044262995821691,53.77055529573775],[-2.0447082818,53.7705812168456],[-2.0451535677783093,53.77055529573775],[-2.045581740068937,53.770478528641746],[-2.0459763428968176,53.7703538659414],[-2.046322210991868,53.77018609875455],[-2.046606052519549,53.769981674752124],[-2.0468169599269537,53.76974845030583],[-2.0469468290655333,53.76949538850052],[-2.046990670491206,53.769232214626754]]],[[[-2.046881625005411,53.77254483912412],[-2.0468377520502714,53.77228166690024],[-2.0467078488667285,53.772028609793374],[-2.0464969089153877,53.77179539237883],[-2.0462130394049973,53.77159097667088],[-2.045867149599258,53.77142321777853],[-2.045472531531607,53.77129856210993],[-2.0450443492482244,53.771221799712386],[-2.0445990562,53.77119588025442],[-2.0441537631517757,53.771221799712386],[-2.043725580868393,53.77129856210993],[-2.043330962800742,53.77142321777853],[-2.0429850729950028,53.77159097667088],[-2.0427012034846124,53.77179539237883],[-2.0424902635332716,53.772028609793374],[-2.0423603603497287,53.77228166690024],[-2.042316487394589,53.77254483912412],[-2.042347803295663,53.772732809220116],[-2.0423361934867867,53.77272444917042],[-2.0419902943409034,53.77255669027824],[-2.0415956656174847,53.7724320346098],[-2.041167471772145,53.77235527221234],[-2.0407221667,53.772329352754404],[-2.0402768616278553,53.77235527221234],[-2.0398486677825156,53.7724320346098],[-2.039454039059097,53.77255669027824],[-2.0391081399132136,53.77272444917042],[-2.0388242627372173,53.772928864878196],[-2.038613317089414,53.7731620822926],[-2.0384834103975273,53.77341513939937],[-2.0384395362570795,53.77367831162322],[-2.038483382324172,53.77394148549712],[-2.038613265216618,53.77419454730281],[-2.0388241949621424,53.774427771749664],[-2.039108066554001,53.77463219575278],[-2.039453971284022,53.774799962940314],[-2.0398486159097193,53.77492462564121],[-2.0402768335545,53.77500139273761],[-2.0407221667,53.77502731384559],[-2.0411674998455003,53.77500139273761],[-2.0415957174902815,53.77492462564121],[-2.0419903621159783,53.774799962940314],[-2.0423362668459997,53.77463219575278],[-2.0426201384378584,53.774427771749664],[-2.042831068183383,53.77419454730281],[-2.042960951075828,53.77394148549712],[-2.0430047971429213,53.77367831162322],[-2.0429734737114402,53.77349042287971],[-2.0429849996408147,53.77349872325323],[-2.043330895030309,53.7736664904406],[-2.0437255289991496,53.77379115314136],[-2.0441537350803434,53.77386792023765],[-2.0445990562,53.77389384134559],[-2.0450443773196567,53.77386792023765],[-2.0454725834008505,53.77379115314136],[-2.045867217369691,53.7736664904406],[-2.0462131127591854,53.77349872325323],[-2.04649697668582,53.773294299250296],[-2.0467079007359716,53.7730610748036],[-2.0468377801217037,53.77280801299799],[-2.046881625005411,53.77254483912412]]],[[[-2.045509495349392,53.76427913613068],[-2.045465631035511,53.76401596390654],[-2.04533575342885,53.763762906798966],[-2.0451248550064327,53.763529689383354],[-2.0448410413806233,53.76332527367414],[-2.0444952196673496,53.763157514780545],[-2.044100679283453,53.76303285911089],[-2.043672581290222,53.76295609671263],[-2.043382697301207,53.76293921992698],[-2.043409972628051,53.762775464831876],[-2.0433661098856972,53.762512292607695],[-2.0432362369305306,53.76225923549998],[-2.0430253460606975,53.762026018084185],[-2.042741542598239,53.76182160237475],[-2.042395733268482,53.76165384348092],[-2.042001207012404,53.761529187811064],[-2.041573124348454,53.76145242541268],[-2.0411279349,53.76142650595441],[-2.0406827454515466,53.76145242541268],[-2.0402546627875964,53.761529187811064],[-2.0398601365315185,53.76165384348092],[-2.0395143272017613,53.76182160237475],[-2.0392305237393025,53.762026018084185],[-2.03901963286947,53.76225923549998],[-2.0388897599143028,53.762512292607695],[-2.0388458971719494,53.762775464831876],[-2.0388897318594372,53.76303863870544],[-2.039019581030837,53.76329170051021],[-2.039230456008865,53.76352492495565],[-2.039514253890864,53.7637293489571],[-2.039860068801081,53.763897116142985],[-2.040254610948963,53.76402177884248],[-2.04068271739668,53.764098545937934],[-2.040972543890099,53.76411541999091],[-2.040945256450607,53.76427913613068],[-2.0409890927070733,53.7645423100043],[-2.041118946527807,53.764795371809186],[-2.0413298290569757,53.76502859625482],[-2.0416136371018183,53.76523302025652],[-2.0419594643960584,53.765400787442616],[-2.0423540206732045,53.765525450142306],[-2.0427821424523622,53.76560221723789],[-2.0432273759,53.76562813834559],[-2.043672609347637,53.76560221723789],[-2.044100731126795,53.765525450142306],[-2.0444952874039415,53.765400787442616],[-2.0448411146981815,53.76523302025652],[-2.045124922743024,53.76502859625482],[-2.0453358052721926,53.764795371809186],[-2.045465659092926,53.7645423100043],[-2.045509495349392,53.76427913613068]]],[[[-2.0379514238551923,53.76067997833354],[-2.0379075633026495,53.76041680610928],[-2.037777696829008,53.760163749001414],[-2.0375668164831633,53.75993053158534],[-2.037436147228671,53.759836409473095],[-2.037440153311115,53.759812356134226],[-2.037396293665168,53.75954918390996],[-2.0372664298749186,53.759296126802],[-2.0370555538860704,53.75906290938582],[-2.0367717704486332,53.75885849367592],[-2.0364259855183273,53.758690734781645],[-2.0360314870985303,53.75856607911142],[-2.035603434638119,53.75848931671277],[-2.0351582766,53.75846339725442],[-2.0347131185618808,53.75848931671277],[-2.0346426838783405,53.75850194772359],[-2.0342993416161006,53.758521938912764],[-2.0338712888231947,53.758598701311406],[-2.033476790096963,53.75872335698164],[-2.033131004898056,53.758891115875905],[-2.0328472212401736,53.7590955315858],[-2.0326363450875085,53.75932874900197],[-2.032619318822528,53.759361926949566],[-2.0322877676587203,53.75946669028146],[-2.0319419763393007,53.75963444917562],[-2.031658187658216,53.75983886488539],[-2.0314473077727104,53.76007208230148],[-2.031317441582584,53.76032513940936],[-2.0312735811258276,53.76058831163362],[-2.031317413531425,53.76085148550712],[-2.0314472559409276,53.76110454731169],[-2.031658119936728,53.761337771756864],[-2.0319419030380907,53.76154219575798],[-2.032287699937232,53.76170996294353],[-2.032682221535798,53.761834625642756],[-2.033110305685775,53.76191139273801],[-2.0335555,53.76193731384559],[-2.034000694314224,53.76191139273801],[-2.0344287784642012,53.761834625642756],[-2.0344674493138415,53.76182240625473],[-2.0347962196295013,53.76192629234274],[-2.035224304713949,53.762003059438],[-2.0356695,53.762028980545594],[-2.036114695286051,53.762003059438],[-2.0365427803704987,53.76192629234274],[-2.0369373028302613,53.76180162964351],[-2.037283100484225,53.76163386245795],[-2.037566884205026,53.761429438456815],[-2.037777748661078,53.76119621401163],[-2.0379075913539633,53.76094315220705],[-2.0379514238551923,53.76067997833354]]],[[[-2.0365730398104334,53.749801159942166],[-2.0365291906219425,53.74953798771759],[-2.0363993577842665,53.749284930608766],[-2.036188532052799,53.7490517131913],[-2.03590481624564,53.7488472974799],[-2.0355591137193256,53.748679538584106],[-2.0351647093106853,53.74855488291257],[-2.0347367588563476,53.74847812051307],[-2.0342917069,53.74845220105441],[-2.0338466549436522,53.74847812051307],[-2.0334187044893146,53.74855488291257],[-2.0330243000806743,53.748679538584106],[-2.03267859755436,53.7488472974799],[-2.0323948817472015,53.7490517131913],[-2.0321840560157334,53.749284930608766],[-2.0320542231780574,53.74953798771759],[-2.032010373989567,53.749801159942166],[-2.0320541951451725,53.750064333815345],[-2.0321840042177164,53.75031739561899],[-2.0323948140698307,53.75055062006277],[-2.032678524300901,53.75075504406226],[-2.0330242324033034,53.75092281124616],[-2.0334186526912976,53.751047473944006],[-2.0338466269107673,53.75112424103834],[-2.0342917069,53.75115016214559],[-2.0347367868892325,53.75112424103834],[-2.0351647611087027,53.751047473944006],[-2.035559181396697,53.75092281124616],[-2.0359048894990988,53.75075504406226],[-2.0361885997301696,53.75055062006277],[-2.0363994095822835,53.75031739561899],[-2.036529218654828,53.750064333815345],[-2.0365730398104334,53.749801159942166]]],[[[-2.033837742625132,53.73468850835414],[-2.033793909210981,53.734425336129114],[-2.033664123063093,53.73417227901899],[-2.0334533731413673,53.73393906159958],[-2.033169759349754,53.733734645885875],[-2.032824181124099,53.733566886987795],[-2.032429918524717,53.73344223131432],[-2.0320021219394104,53.733365468913526],[-2.03155723,53.73333954945442],[-2.03111233806059,53.733365468913526],[-2.0306845414752837,53.73344223131432],[-2.0302902788759014,53.733566886987795],[-2.0299447006502462,53.733734645885875],[-2.029661086858633,53.73393906159958],[-2.0294503369369075,53.73417227901899],[-2.0293205507890195,53.734425336129114],[-2.0292767173748683,53.73468850835414],[-2.0293009044945767,53.73483381959361],[-2.0292804747337576,53.73487365312877],[-2.0292366408518676,53.73513682535379],[-2.029280446725689,53.73539999922654],[-2.0294102105139227,53.73565306102892],[-2.029620946818253,53.73588628547081],[-2.0299045580636674,53.73609070946808],[-2.030250145546222,53.73625847664975],[-2.0306444282158114,53.736383139345705],[-2.0310722531077183,53.73645990643878],[-2.0315171778,53.7364858275456],[-2.0319621024922823,53.73645990643878],[-2.032389927384189,53.736383139345705],[-2.0327842100537787,53.73625847664975],[-2.033129797536333,53.73609070946808],[-2.0334134087817475,53.73588628547081],[-2.033624145086078,53.73565306102892],[-2.0337539088743113,53.73539999922654],[-2.033797714748133,53.73513682535379],[-2.0337735119706792,53.73499151541272],[-2.0337939372182916,53.73495168222686],[-2.033837742625132,53.73468850835414]]],[[[-2.0320411147351027,53.74947197804242],[-2.0319972658903604,53.74920880581783],[-2.0318674340701293,53.74895574870899],[-2.031656609990677,53.74872253129147],[-2.0313728964066007,53.74851811558001],[-2.031027196588997,53.748350356684185],[-2.0306327952706074,53.74822570101261],[-2.0302048481693222,53.74814893861308],[-2.0297597997,53.74812301915441],[-2.0293147512306775,53.74814893861308],[-2.0288868041293924,53.74822570101261],[-2.0284924028110027,53.748350356684185],[-2.028146702993399,53.74851811558001],[-2.0278629894093227,53.74872253129147],[-2.0276521653298705,53.74895574870899],[-2.0275223335096393,53.74920880581783],[-2.027478484664897,53.74947197804242],[-2.0275223054773117,53.749735151915594],[-2.027652113532883,53.74998821371921],[-2.027862921733297,53.75022143816295],[-2.0281466297413973,53.75042586216239],[-2.0284923351349775,53.750593629346234],[-2.028886752332405,53.750718292044034],[-2.02931472319835,53.75079505913833],[-2.0297597997,53.75082098024559],[-2.03020487620165,53.75079505913833],[-2.030632847067595,53.750718292044034],[-2.0310272642650222,53.750593629346234],[-2.0313729696586025,53.75042586216239],[-2.0316566776667027,53.75022143816295],[-2.031867485867117,53.74998821371921],[-2.031997293922688,53.749735151915594],[-2.0320411147351027,53.74947197804242]]],[[[-2.0319649727493903,53.74633023944491],[-2.0319211271850643,53.74606706722024],[-2.0317913050743956,53.74581401011112],[-2.0315804967602618,53.7455807926932],[-2.031296804391236,53.74537637698126],[-2.0309511304230736,53.745208618084945],[-2.030556758595196,53.74508396241298],[-2.0305498927352876,53.74508273076707],[-2.0303668775474146,53.74499391128499],[-2.029972507734718,53.744869255613004],[-2.029544594818439,53.744792493213176],[-2.0290995819,53.744766573754426],[-2.028654568981561,53.744792493213176],[-2.028226656065282,53.744869255613004],[-2.0278322862525853,53.74499391128499],[-2.0274866140507974,53.74516167018135],[-2.027202923131464,53.745366085893316],[-2.026992115894625,53.74559930331126],[-2.0269473082308713,53.745686645565584],[-2.0267027011723036,53.74573052421291],[-2.0263083232758112,53.745855179884806],[-2.0259626439883,53.746022938781024],[-2.0258111862424424,53.746132070607885],[-2.025791189626264,53.74614177498096],[-2.025507492089147,53.746346190692776],[-2.025296679934504,53.74657940811059],[-2.0251668554585374,53.74683246521965],[-2.025123009095086,53.7470956374443],[-2.0251668274302332,53.747358811317405],[-2.0252966281449503,53.74761187312082],[-2.025507424422835,53.747845097564245],[-2.025791116384775,53.74804952156333],[-2.026136802225166,53.74821728874682],[-2.0265311971138376,53.74834195144431],[-2.0269591437729026,53.74841871853842],[-2.0274041951,53.74844463964559],[-2.0278492464270967,53.74841871853842],[-2.0282771930861623,53.74834195144431],[-2.0286715879748334,53.74821728874682],[-2.0290172738152243,53.74804952156333],[-2.0291687222848043,53.7479403901604],[-2.029188719052664,53.747930685363386],[-2.0294724102122275,53.74772626136433],[-2.029523355851376,53.74766989508472],[-2.0296838283,53.747679241645585],[-2.0301288715193686,53.74765332053843],[-2.0305568103823544,53.7475765534444],[-2.030951198086257,53.747451890747016],[-2.0312968776293387,53.74728412356363],[-2.031580564423446,53.74707969956467],[-2.0317913568615547,53.74684647512133],[-2.031921155212073,53.74659341331798],[-2.0319649727493903,53.74633023944491]]],[[[-2.0264183210959485,53.76045988913371],[-2.026374460773386,53.760196716909455],[-2.0262445949804526,53.75994365980156],[-2.0260337157398656,53.759710442385455],[-2.0257499279266336,53.759506026675666],[-2.025404137664649,53.75933826778149],[-2.025009633162169,53.759213612111346],[-2.0245815741017905,53.75913684971275],[-2.0241364092,53.759110930254415],[-2.023747701603296,53.75913356252016],[-2.0238440651078764,53.758945742308576],[-2.0238878955254287,53.75868256843513],[-2.023844037059947,53.75841939621082],[-2.023714176763708,53.758166339102765],[-2.0236389549405147,53.75808314560442],[-2.023976017363357,53.757976629644446],[-2.0243217835242215,53.75780886245946],[-2.0246055414004775,53.757604438458905],[-2.024816386653657,53.75737121401422],[-2.024946217523089,53.75711815220997],[-2.024990046034339,53.75685497833657],[-2.024946189478256,53.75659180611222],[-2.0248163348335635,53.756338749004],[-2.0246054736942622,53.75610553158744],[-2.024321710239542,53.755901115877094],[-2.023975949657142,53.755733356982375],[-2.0235814790148194,53.755608701311765],[-2.0231534566941405,53.75553193891285],[-2.02270833,53.755506019454415],[-2.02226320330586,53.75553193891285],[-2.021835180985181,53.755608701311765],[-2.021440710342858,53.755733356982375],[-2.021094949760458,53.755901115877094],[-2.0208111863057376,53.75610553158744],[-2.020600325166437,53.756338749004],[-2.0204704705217438,53.75659180611222],[-2.020426613965661,53.75685497833657],[-2.020470442476911,53.75711815220997],[-2.0205031604403363,53.75718192492359],[-2.020445995839515,53.757154190282016],[-2.0200515118524893,53.757029534611576],[-2.019623475052244,53.7569527722128],[-2.0191783333,53.75692685275441],[-2.0187331915477564,53.7569527722128],[-2.018305154747511,53.757029534611576],[-2.0179106707604855,53.757154190282016],[-2.0175648984809964,53.75732194917653],[-2.0172811254262886,53.75752636488664],[-2.0170702571530486,53.757759582303024],[-2.016940398114697,53.758012639411106],[-2.0168965400741987,53.75827581163543],[-2.016940370067457,53.75853898550887],[-2.0170702053285066,53.75879204731325],[-2.017281057714261,53.75902527175812],[-2.0175648251900267,53.7592296957589],[-2.017910603048458,53.75939746294408],[-2.018305102922969,53.75952212564301],[-2.0187331635005163,53.75959889273807],[-2.0191783333,53.759624813845576],[-2.019623503099484,53.75959889273807],[-2.0198772489957815,53.75955338671307],[-2.01999255646233,53.75963645255874],[-2.020338337669731,53.75980421974399],[-2.0207328413651715,53.75992888244297],[-2.021160906088748,53.760005649538066],[-2.0216060802,53.76003157064559],[-2.021994721782809,53.760008941251826],[-2.0218983576266143,53.760196716909455],[-2.021854497304051,53.76045988913371],[-2.021898329575673,53.76072306300721],[-2.022028171588167,53.760976124811776],[-2.022239034939172,53.76120934925693],[-2.022522817172725,53.761413773258035],[-2.0228686130143885,53.76158154044356],[-2.0232631334064504,53.76170620314276],[-2.023691216247268,53.76178297023801],[-2.0241364092,53.761808891345595],[-2.024581602152732,53.76178297023801],[-2.0250096849935497,53.76170620314276],[-2.0254042053856116,53.76158154044356],[-2.025750001227275,53.761413773258035],[-2.026033783460828,53.76120934925693],[-2.026244646811833,53.760976124811776],[-2.026374488824327,53.76072306300721],[-2.0264183210959485,53.76045988913371]]],[[[-2.0248935287692857,53.7396523326502],[-2.024849690175564,53.739389160425326],[-2.0247198886968865,53.73913610331563],[-2.024509113882711,53.738902885896856],[-2.0242254665938613,53.73869847018391],[-2.023879847553558,53.73853071128658],[-2.0234855383905055,53.738406055613744],[-2.0230576912816502,53.738329293213376],[-2.0226127468,53.738303373754405],[-2.02216780231835,53.738329293213376],[-2.021739955209495,53.738406055613744],[-2.0213456460464423,53.73853071128658],[-2.021000027006139,53.73869847018391],[-2.02071637971729,53.738902885896856],[-2.0205056049031143,53.73913610331563],[-2.0203758034244363,53.739389160425326],[-2.0203319648307145,53.7396523326502],[-2.0203757754087293,53.739915506523076],[-2.020505553136837,53.740168568325856],[-2.0207163120813894,53.74040179276833],[-2.020999953797568,53.740606216766274],[-2.021345578410542,53.74077398394865],[-2.0217399034432177,53.74089864664518],[-2.022167774302643,53.74097541373863],[-2.0226127468,53.74100133484559],[-2.0230577192973573,53.74097541373863],[-2.0234855901567825,53.74089864664518],[-2.0238799151894584,53.74077398394865],[-2.0242255398024325,53.740606216766274],[-2.024509181518611,53.74040179276833],[-2.0247199404631635,53.740168568325856],[-2.024849718191271,53.739915506523076],[-2.0248935287692857,53.7396523326502]]],[[[-2.022273504464544,53.70686664507617],[-2.0222297000527747,53.7066034728503],[-2.022099999747814,53.70635041573779],[-2.0218893892083982,53.706117198314814],[-2.0216059629805794,53.705912782596904],[-2.0212606132916995,53.705745023694604],[-2.020866611420065,53.70562036801756],[-2.0204390977353737,53.705543605614366],[-2.0199945,53.70551768615443],[-2.019792128683947,53.705529484134495],[-2.019601104014374,53.70543669029467],[-2.0192071050297806,53.70531203461759],[-2.01877959447765,53.705235272214374],[-2.018335,53.705209352754416],[-2.01789040552235,53.705235272214374],[-2.017462894970219,53.70531203461759],[-2.0170688959856258,53.70543669029467],[-2.016723548827335,53.705604449197025],[-2.016440124676411,53.70580886491497],[-2.0162295156803767,53.706042082338],[-2.0160998163259554,53.706295139450525],[-2.0160560122353295,53.70655831167641],[-2.0160997883661644,53.70682148554828],[-2.016229464017419,53.70707454734823],[-2.016440057175504,53.70730777178645],[-2.0167234757648798,53.70751219577939],[-2.0170688284847182,53.70767996295674],[-2.017462843307261,53.70780462564901],[-2.017890377562559,53.70788139273964],[-2.018335,53.707907313845595],[-2.018537331542058,53.707895518090595],[-2.018728319206138,53.70798829635666],[-2.019122336916016,53.70811295904898],[-2.019549874304315,53.708189726139636],[-2.0199945,53.708215647245595],[-2.020439125695685,53.708189726139636],[-2.0208666630839844,53.70811295904898],[-2.0212606807938625,53.70798829635666],[-2.0216060360443944,53.70782052917926],[-2.0218894567105616,53.70761610518629],[-2.022100051411733,53.70738288074802],[-2.022229728013086,53.707129818948054],[-2.022273504464544,53.70686664507617]]],[[[-2.0208280591257757,53.73201749895626],[-2.020784228498083,53.73175432673114],[-2.020654450597716,53.7315012696208],[-2.020443714067407,53.731268052201045],[-2.0201601182963373,53.73106363648694],[-2.0198145620277814,53.73089587758846],[-2.019420324478306,53.73077122191464],[-2.0189925550732064,53.73069445951361],[-2.0185476914,53.73066854005442],[-2.018102827726793,53.73069445951361],[-2.0176750583216934,53.73077122191464],[-2.017280820772218,53.73089587758846],[-2.0169352645036622,53.73106363648694],[-2.0166516687325924,53.731268052201045],[-2.0164409322022836,53.7315012696208],[-2.0163111543019165,53.73175432673114],[-2.016267323674224,53.73201749895626],[-2.0163111262991222,53.73228067282891],[-2.0164408804598675,53.73253373463102],[-2.0166516011278675,53.73276695907252],[-2.016935191328835,53.73297138306931],[-2.0172807531674932,53.733139150250516],[-2.017675006579277,53.73326381294607],[-2.0181027997239993,53.733340580038885],[-2.0185476914,53.733366501145596],[-2.018992583076,53.733340580038885],[-2.019420376220723,53.73326381294607],[-2.0198146296325064,53.733139150250516],[-2.0201601914711644,53.73297138306931],[-2.020443781672132,53.73276695907252],[-2.020654502340132,53.73253373463102],[-2.0207842565008773,53.73228067282891],[-2.0208280591257757,53.73201749895626]]],[[[-2.018884891381523,53.750899981341284],[-2.018841041045539,53.75063680911674],[-2.0187112048114457,53.75038375200803],[-2.0185003735652502,53.75015053459069],[-2.018216650337041,53.74994611887946],[-2.017870938768561,53.74977835998383],[-2.017476524044104,53.74965370431244],[-2.017048562396669,53.74957694191303],[-2.0166034988,53.74955102245441],[-2.0161584352033306,53.74957694191303],[-2.0160764994908402,53.74959163851476],[-2.015985486191486,53.749596938913044],[-2.015557524340346,53.74967370131245],[-2.015554554151504,53.74967464004695],[-2.0155293187334715,53.749523183117596],[-2.015399485941554,53.749270126008774],[-2.0151886602843847,53.7490369085913],[-2.0149049445772076,53.74883249287989],[-2.014559242172716,53.7486647339841],[-2.0141648379030572,53.74854007831257],[-2.013736887599521,53.74846331591307],[-2.0132918358,53.74843739645441],[-2.0128467840004793,53.74846331591307],[-2.012418833696943,53.74854007831257],[-2.0120244294272847,53.7486647339841],[-2.011678727022793,53.74883249287989],[-2.011395011315616,53.7490369085913],[-2.0111841856584465,53.749270126008774],[-2.011054352866529,53.749523183117596],[-2.011010503693498,53.749786355342174],[-2.011054324833669,53.75004952921535],[-2.0111841338604752,53.75030259101901],[-2.0113949436383054,53.750535815462776],[-2.0116786537694,53.75074023946226],[-2.0120243617499742,53.75090800664617],[-2.0124187818989716,53.751032669344006],[-2.0128467559676193,53.75110943643833],[-2.0132918358,53.751135357545586],[-2.0137369156323808,53.75110943643833],[-2.0141648897010285,53.751032669344006],[-2.0141677694808866,53.75103175914424],[-2.0141929786545987,53.75118315221449],[-2.0143227911837656,53.751436214018234],[-2.014533606649897,53.751669438462166],[-2.0148173244366996,53.75187386246182],[-2.015163041746204,53.75204162964589],[-2.015557472538828,53.75216629234387],[-2.0159854581567065,53.7522430594383],[-2.01643055,53.75226898054559],[-2.0168756418432934,53.7522430594383],[-2.0169575770866266,53.752228362845],[-2.0170485904314153,53.75222306243828],[-2.0174765758455595,53.75214629534387],[-2.017871006450424,53.752021632645885],[-2.0182167235953616,53.75185386546182],[-2.0185004412471135,53.75164944146216],[-2.018711256612901,53.75141621701824],[-2.0188410690802847,53.7511631552145],[-2.018884891381523,53.750899981341284]]],[[[-2.0186887240379954,53.75477487853822],[-2.018644869654868,53.75451170631379],[-2.01851502144181,53.75425864920541],[-2.0183041707454903,53.75402543178857],[-2.018020421343665,53.753821016077914],[-2.0176746778839902,53.75365325718288],[-2.017280226776246,53.753528601511995],[-2.0168522256514088,53.75345183911292],[-2.016407121,53.75342591965442],[-2.0159620163485905,53.75345183911292],[-2.0155340152237535,53.753528601511995],[-2.015139564116009,53.75365325718288],[-2.014793820656334,53.753821016077914],[-2.0145100712545094,53.75402543178857],[-2.0142992205581893,53.75425864920541],[-2.0141693723451315,53.75451170631379],[-2.0141255179620043,53.75477487853822],[-2.014169344303823,53.75503805241156],[-2.0142991687446075,53.75529111421562],[-2.014510003556802,53.75552433866005],[-2.0147937473808635,53.75572876266029],[-2.0151394964183016,53.75589652984495],[-2.015533963410171,53.75602119254343],[-2.015961988307282,53.75609795963818],[-2.016407121,53.75612388074559],[-2.0168522536927176,53.75609795963818],[-2.017280278589828,53.75602119254343],[-2.017674745581698,53.75589652984495],[-2.018020494619136,53.75572876266029],[-2.0183042384431973,53.75552433866005],[-2.0185150732553923,53.75529111421562],[-2.0186448976961766,53.75503805241156],[-2.0186887240379954,53.75477487853822]]],[[[-2.015225459630865,53.743949978346805],[-2.0151816165514513,53.74368680612205],[-2.015051801795767,53.74343374901273],[-2.0148410054238477,53.74320053159451],[-2.014557329125205,53.742996115882214],[-2.01421167473797,53.74282835698554],[-2.013817325249129,53.74270370131327],[-2.0133894343850907,53.742626938913254],[-2.0129444444,53.74260101945443],[-2.0124994544149093,53.742626938913254],[-2.012071563550871,53.74270370131327],[-2.01167721406203,53.74282835698554],[-2.011331559674795,53.742996115882214],[-2.0110478833761523,53.74320053159451],[-2.010837087004233,53.74343374901273],[-2.0107072722485486,53.74368680612205],[-2.010663429169135,53.743949978346805],[-2.010672150305952,53.74400236160361],[-2.0106100213002165,53.74412347282172],[-2.010566177764964,53.744386645046454],[-2.010609993276498,53.74464981891948],[-2.0107397856240374,53.74490288072266],[-2.0109505683125053,53.74513610516575],[-2.011234241984875,53.74534052916441],[-2.0115799055383485,53.745508296347495],[-2.01197427499928,53.745632959044634],[-2.0124021940671057,53.7457097261385],[-2.0128472167,53.74573564724559],[-2.0132922393328943,53.7457097261385],[-2.0137201584007194,53.745632959044634],[-2.014114527861651,53.745508296347495],[-2.0144601914151243,53.74534052916441],[-2.0147438650874947,53.74513610516575],[-2.014954647775962,53.74490288072266],[-2.015084440123502,53.74464981891948],[-2.0151282556350356,53.744386645046454],[-2.015119528972812,53.74433426297693],[-2.015181644574431,53.744213152219814],[-2.015225459630865,53.743949978346805]]],[[[-2.01134272204099,53.72120025586482],[-2.0112989026935004,53.72093708363939],[-2.0111691581809286,53.72068402652812],[-2.0109584758620502,53.72045080910697],[-2.0106749530421433,53.72024639339122],[-2.0103294856608027,53.720078634491095],[-2.0099353495189165,53.71995397881589],[-2.0095076901453317,53.71987721641393],[-2.0090629409,53.719851296954424],[-2.008618191654668,53.71987721641393],[-2.008190532281083,53.71995397881589],[-2.007796396139197,53.720078634491095],[-2.007450928757857,53.72024639339122],[-2.0071674059379494,53.72045080910697],[-2.0069567236190715,53.72068402652812],[-2.00694194581059,53.72071284955463],[-2.0067382909933142,53.7205660185911],[-2.0063928209863886,53.720398259691024],[-2.0059986818490856,53.72027360401587],[-2.0055710192253473,53.72019684161394],[-2.0051262666,53.72017092215442],[-2.004681513974653,53.72019684161394],[-2.004253851350915,53.72027360401587],[-2.003859712213612,53.720398259691024],[-2.0035142422066863,53.7205660185911],[-2.0032307172319195,53.7207704343068],[-2.0030200333117234,53.721003651727905],[-2.0028902878129298,53.72125670883915],[-2.002846468132241,53.72151988106458],[-2.0028902598278777,53.72178305493691],[-2.00301998160209,53.72203611673812],[-2.0032306496700283,53.722269341178276],[-2.0035141690782217,53.72247376517347],[-2.0038596446517207,53.72264153235309],[-2.0042537996412815,53.722766195047285],[-2.004380628075848,53.72278895997802],[-2.0043718598777787,53.722841618363525],[-2.004415652949119,53.72310479223588],[-2.0045453787999357,53.72335785403722],[-2.0047560534888245,53.72359107847753],[-2.005039581807948,53.72379550247293],[-2.0053850682399386,53.72396326965276],[-2.0057792356182427,53.72408793234713],[-2.0062069354093923,53.72416469943914],[-2.00665173,53.72419062054559],[-2.007096524590608,53.72416469943914],[-2.0075242243817577,53.72408793234713],[-2.007918391760062,53.72396326965276],[-2.0082638781920523,53.72379550247293],[-2.008547406511176,53.72359107847753],[-2.0087580812000643,53.72335785403722],[-2.008887807050881,53.72310479223588],[-2.0089316001222217,53.722841618363525],[-2.008887779063596,53.72257844613814],[-2.008866957267523,53.722537836344465],[-2.0090629409,53.722549258045596],[-2.0095077181298437,53.722523336939204],[-2.009935401227552,53.72244656984732],[-2.0103295532213905,53.722321907153166],[-2.0106750261691966,53.72215413997358],[-2.010958543422638,53.72194971597843],[-2.0111692098895637,53.72171649153833],[-2.0112989306780125,53.721463429737135],[-2.01134272204099,53.72120025586482]]],[[[-2.0105236963074264,53.787803343712014],[-2.010479807389159,53.78754017148859],[-2.0103498569570615,53.78728711438304],[-2.0101388402887244,53.787053896970455],[-2.009854867541922,53.78684948126482],[-2.009508851947965,53.786681722374794],[-2.0091140903739677,53.78655706670816],[-2.0086857523801442,53.78648030431192],[-2.0082402974,53.786454384854416],[-2.007794842419856,53.78648030431192],[-2.0073665044260327,53.78655706670816],[-2.006971742852035,53.786681722374794],[-2.006625727258078,53.78684948126482],[-2.0063417545112756,53.787053896970455],[-2.0061307378429385,53.78728711438304],[-2.0060007874108408,53.78754017148859],[-2.0059568984925735,53.787803343712014],[-2.0060007593135074,53.788066517586344],[-2.006130685925836,53.78831957939326],[-2.0063416866783124,53.78855280384193],[-2.0066256538362075,53.788757227847185],[-2.0069716750190714,53.78892499503687],[-2.00736645250893,53.78904965773959],[-2.0077948143225224,53.78912642483719],[-2.0082402974,53.789152345945595],[-2.008685780477478,53.78912642483719],[-2.00911414229107,53.78904965773959],[-2.0095089197809286,53.78892499503687],[-2.0098549409637925,53.788757227847185],[-2.0101389081216876,53.78855280384193],[-2.010349908874164,53.78831957939326],[-2.0104798354864926,53.788066517586344],[-2.0105236963074264,53.787803343712014]]],[[[-2.006859784683609,53.7111166450728],[-2.0068159758446584,53.710853472847056],[-2.0066862624358697,53.710600415734916],[-2.006475630619897,53.710367198312476],[-2.00619217576067,53.710162782595205],[-2.0058467911859013,53.70999502369355],[-2.005452749514461,53.70987036801706],[-2.005025192645299,53.70979360561423],[-2.00458055,53.70976768615442],[-2.0041359073547014,53.70979360561423],[-2.003708350485539,53.70987036801706],[-2.003314308814099,53.70999502369355],[-2.00296892423933,53.710162782595205],[-2.002685469380103,53.710367198312476],[-2.002474837564131,53.710600415734916],[-2.002345124155342,53.710853472847056],[-2.0023013153163913,53.7111166450728],[-2.0023450961878577,53.71137981894481],[-2.0024747858869585,53.71163288074514],[-2.0026854018606235,53.71186610518396],[-2.0029688511567723,53.71207052917758],[-2.00331424129462,53.712238296355615],[-2.003708298808367,53.712362959048484],[-2.004135879387217,53.7124397261395],[-2.00458055,53.71246564724559],[-2.0050252206127834,53.7124397261395],[-2.0054528011916335,53.712362959048484],[-2.0058468587053806,53.712238296355615],[-2.006192248843228,53.71207052917758],[-2.0064756981393765,53.71186610518396],[-2.006686314113042,53.71163288074514],[-2.0068160038121428,53.71137981894481],[-2.006859784683609,53.7111166450728]]],[[[-2.00191356521065,53.696899994084056],[-2.0018697711765836,53.696636821857886],[-2.001740101588157,53.696383764744525],[-2.0015295409228755,53.69615054732026],[-2.001246181809614,53.695946131600834],[-2.0009009138963503,53.695778372697035],[-2.0005070053189904,53.695653717018715],[-2.000079592862526,53.695576954614666],[-1.9996351004,53.69555103515442],[-1.9991906079374737,53.695576954614666],[-1.9987631954810094,53.695653717018715],[-1.9983692869036493,53.695778372697035],[-1.998024018990386,53.695946131600834],[-1.9977406598771243,53.69615054732026],[-1.9975300992118428,53.696383764744525],[-1.997400429623416,53.696636821857886],[-1.9973566355893502,53.696899994084056],[-1.9974004016799154,53.69716316795564],[-1.9975300475789857,53.69741622975475],[-1.997740592415546,53.69764945419173],[-1.9980239459704991,53.69785387818321],[-1.9983692194420708,53.698021645359105],[-1.9987631438481523,53.69814630805015],[-1.9991905799939726,53.698223075139936],[-1.9996351004,53.6982489962456],[-2.000079620806027,53.698223075139936],[-2.0005070569518475,53.69814630805015],[-2.000900981357929,53.698021645359105],[-2.0012462548295007,53.69785387818321],[-2.001529608384454,53.69764945419173],[-2.001740153221014,53.69741622975475],[-2.0018697991200844,53.69716316795564],[-2.00191356521065,53.696899994084056]]],[[[-2.0000271612302156,53.73435497835441],[-1.9999833281640347,53.73409180612936],[-1.9998535430460906,53.73383874901922],[-1.9996427947966744,53.73360553159977],[-1.9993591832554523,53.73340111588601],[-1.9990136077717826,53.733233356987874],[-1.9986193483006132,53.73310870131437],[-1.9981915551095493,53.733031938913534],[-1.9977466667000001,53.73300601945442],[-1.997301778290451,53.733031938913534],[-1.996873985099387,53.73310870131437],[-1.9964797256282176,53.733233356987874],[-1.9961341501445478,53.73340111588601],[-1.9958505386033258,53.73360553159977],[-1.9956397903539096,53.73383874901922],[-1.9955100052359656,53.73409180612936],[-1.9954661721697846,53.73435497835441],[-1.9955099772292186,53.73461815222713],[-1.9956397386041898,53.73487121402944],[-1.9958504709890585,53.73510443847123],[-1.9961340769593918,53.73530886246838],[-1.9964796580139503,53.735476629649945],[-1.9968739333496668,53.73560129234579],[-1.9973017502837043,53.735678059438804],[-1.9977466667000001,53.735703980545594],[-1.998191583116296,53.735678059438804],[-1.9986194000503335,53.73560129234579],[-1.99901367538605,53.735476629649945],[-1.9993592564406084,53.73530886246838],[-1.9996428624109417,53.73510443847123],[-1.9998535947958105,53.73487121402944],[-1.9999833561707814,53.73461815222713],[-2.0000271612302156,53.73435497835441]]],[[[-1.9978551866580834,53.752024608440394],[-1.997811335147578,53.75176143621588],[-1.9976814954370703,53.751508379107264],[-1.9974706585462554,53.75127516169008],[-1.9971869277222027,53.75107074597901],[-1.9968412068985808,53.75090298708355],[-1.9964467816153324,53.750778331412306],[-1.9960188085111632,53.75070156901299],[-1.995573733,53.75067564955441],[-1.995128657488837,53.75070156901299],[-1.9947006843846677,53.750778331412306],[-1.9943062591014193,53.75090298708355],[-1.9939605382777974,53.75107074597901],[-1.9936768074537448,53.75127516169008],[-1.9934659705629298,53.751508379107264],[-1.9933361308524222,53.75176143621588],[-1.9932922793419168,53.752024608440394],[-1.9933361028157721,53.752287782313644],[-1.9934659187579553,53.752540844117476],[-1.9936767397672837,53.75277406856154],[-1.9939604650144995,53.752978492561375],[-1.994306191414958,53.753146259745606],[-1.9947006325796934,53.75327092244373],[-1.9951286294521866,53.75334768953826],[-1.995573733,53.75337361064558],[-1.9960188365478135,53.75334768953826],[-1.9964468334203067,53.75327092244373],[-1.996841274585042,53.753146259745606],[-1.9971870009855006,53.752978492561375],[-1.9974707262327165,53.75277406856154],[-1.9976815472420448,53.752540844117476],[-1.997811363184228,53.752287782313644],[-1.9978551866580834,53.752024608440394]]],[[[-1.9929544416603198,53.71493664506977],[-1.9929106288411456,53.71467347284414],[-1.9927809036514585,53.714420415732334],[-1.9925702527069582,53.71418719831038],[-1.9922867721068804,53.713982782593696],[-1.9919413561682162,53.71381502369262],[-1.9915472787150614,53.71369036801661],[-1.9911196830212277,53.713613605614114],[-1.990675,53.71358768615442],[-1.990230316978772,53.713613605614114],[-1.9898027212849385,53.71369036801661],[-1.9897540991646534,53.71370574830093],[-1.98953,53.71369268615443],[-1.9890853158688315,53.71371860561413],[-1.988657719107701,53.71379536801661],[-1.9882636406709004,53.7139200236926],[-1.987918223870038,53.714087782593666],[-1.9876347425623397,53.714292198310346],[-1.987424091091993,53.71452541573227],[-1.9872943655784472,53.714778472844074],[-1.987250552649856,53.71504164506971],[-1.9872943376043368,53.71530481894184],[-1.9874240394025768,53.7155578807425],[-1.987634675026863,53.715791105181815],[-1.9879181507701646,53.715995529176034],[-1.988263573135424,53.71616329635468],[-1.988657667418285,53.716287959048046],[-1.9890852878947207,53.71636472613939],[-1.98953,53.716390647245596],[-1.9899747121052795,53.71636472613939],[-1.9904023325817153,53.716287959048046],[-1.9904509289597438,53.716272586697734],[-1.990675,53.71628564724558],[-1.9911197109951608,53.71625972613938],[-1.99154733040415,53.716182959048034],[-1.991941423703265,53.716058296354674],[-1.9922868452062903,53.71589052917607],[-1.992570320242007,53.71568610518186],[-1.992780955340547,53.71545288074255],[-1.9929106568150785,53.7151998189419],[-1.9929544416603198,53.71493664506977]]]]}},{"type":"Feature","properties":{"species":"Equisetum arvense","commonName":"field horsetail","observedAt":"2019-04-24 10:58:20 UTC","imageUrl":"https://static.inaturalist.org/photos/35639299/medium.jpeg","locations":[],"common":false,"recordCount":29},"geometry":{"type":"MultiPolygon","coordinates":[[[[-2.205287220516958,53.70162327838031],[-2.2052434215655845,53.70136010615428],[-2.205113737422623,53.701107049041326],[-2.204903153125286,53.70087383161767],[-2.2046197622108723,53.70066941589896],[-2.2042744555495495,53.700501656995876],[-2.2038805027662005,53.70037700131817],[-2.2034530423443703,53.70030023891452],[-2.2030085,53.70027431945442],[-2.2025639576556304,53.70030023891452],[-2.2021364972338002,53.70037700131817],[-2.201742544450451,53.700501656995876],[-2.2013972377891284,53.70066941589896],[-2.2011138468747142,53.70087383161767],[-2.2009032625773775,53.701107049041326],[-2.2007735784344162,53.70136010615428],[-2.200729779483043,53.70162327838031],[-2.20077355048295,53.70188645225204],[-2.2009032109298032,53.70213951405155],[-2.2011137793939066,53.702372738489146],[-2.201397164748428,53.70257716248134],[-2.2017424769696428,53.702744929657946],[-2.2021364455862256,53.702869592349586],[-2.2025639297041644,53.702946359439785],[-2.2030085,53.702972280545595],[-2.203453070295836,53.702946359439785],[-2.2038805544137747,53.702869592349586],[-2.2042745230303575,53.702744929657946],[-2.2046198352515725,53.70257716248134],[-2.204903220606094,53.702372738489146],[-2.2051137890701975,53.70213951405155],[-2.2052434495170505,53.70188645225204],[-2.205287220516958,53.70162327838031]]],[[[-2.1653170694189567,53.76490781503018],[-2.165273204447984,53.76464464280606],[-2.1651433248964267,53.76439158569855],[-2.1649324233161007,53.76415836828301],[-2.164648605440761,53.7639539525739],[-2.1643027785496565,53.76378619368041],[-2.1639082322585947,53.76366153801081],[-2.163480127855841,53.76358477561261],[-2.1630349158,53.76355885615442],[-2.1625897037441595,53.76358477561261],[-2.1621615993414056,53.76366153801081],[-2.161767053050344,53.76378619368041],[-2.1614212261592387,53.7639539525739],[-2.1611374082838997,53.76415836828301],[-2.1609265067035732,53.76439158569855],[-2.160796627152016,53.76464464280606],[-2.1607527621810436,53.76490781503018],[-2.160796599093535,53.76517098890382],[-2.1609264548582616,53.765424050708766],[-2.161137340544735,53.76565727515448],[-2.161421152838895,53.76586169915627],[-2.1617669853111794,53.76602946634245],[-2.1621615474960936,53.76615412904225],[-2.1625896756856786,53.76623089613788],[-2.1630349158,53.76625681724558],[-2.1634801559143213,53.76623089613788],[-2.1639082841039063,53.76615412904225],[-2.164302846288821,53.76602946634245],[-2.164648678761105,53.76586169915627],[-2.164932491055265,53.76565727515448],[-2.1651433767417387,53.765424050708766],[-2.1652732325064648,53.76517098890382],[-2.1653170694189567,53.76490781503018]]],[[[-2.126776164080558,53.70826268817506],[-2.1267323582146704,53.70799951594924],[-2.126602653605725,53.70774645883685],[-2.1263920360779722,53.70751324141405],[-2.126108600446097,53.707308825696344],[-2.125763239298862,53.707141066794264],[-2.1253692243548845,53.7070164111174],[-2.124941696486148,53.70693964871433],[-2.124497084,53.706913729254424],[-2.124052471513852,53.70693964871433],[-2.1236249436451153,53.7070164111174],[-2.123230928701138,53.707141066794264],[-2.1228855675539027,53.707308825696344],[-2.122602131922028,53.70751324141405],[-2.1223915143942746,53.70774645883685],[-2.12226180978533,53.70799951594924],[-2.1222180039194423,53.70826268817506],[-2.1222617818226626,53.70852586204699],[-2.122391462726003,53.70877892384708],[-2.122602064414177,53.70901214828552],[-2.1228854944839317,53.709216572278706],[-2.1232308611932873,53.70938433945632],[-2.1236248919768435,53.70950900214882],[-2.1240524435511845,53.70958576923958],[-2.124497084,53.709611690345604],[-2.124941724448816,53.70958576923958],[-2.125369276023157,53.70950900214882],[-2.125763306806713,53.70938433945632],[-2.126108673516068,53.709216572278706],[-2.126392103585823,53.70901214828552],[-2.126602705273997,53.70877892384708],[-2.1267323861773373,53.70852586204699],[-2.126776164080558,53.70826268817506]]],[[[-2.116398631908297,53.72702790456021],[-2.1163548064846607,53.726764732334956],[-2.116225043987559,53.726511675224174],[-2.1160143324673784,53.72627845780378],[-2.1157307703519033,53.72607404208892],[-2.115385255090947,53.72590628318967],[-2.114991064325273,53.72578162751522],[-2.1145633456825723,53.72570486511376],[-2.1141185348,53.72567894565443],[-2.1137310590043055,53.72570152415582],[-2.113739434155037,53.7256511971613],[-2.1136956101670057,53.72538802493598],[-2.1135658519190894,53.7251349678251],[-2.11335514729827,53.72490175040453],[-2.1130715944671166,53.72469733468945],[-2.1127260905186263,53.72452957579001],[-2.112331912658857,53.724404920115376],[-2.111904208019607,53.72432815771379],[-2.1114594117,53.72430223825442],[-2.111014615380393,53.72432815771379],[-2.110586910741143,53.724404920115376],[-2.1101927328813734,53.72452957579001],[-2.109847228932883,53.72469733468945],[-2.10956367610173,53.72490175040453],[-2.1093529714809103,53.7251349678251],[-2.109223213232994,53.72538802493598],[-2.1091793892449626,53.7256511971613],[-2.1092231852409618,53.72591437103375],[-2.1093529197583787,53.72616743283531],[-2.109563608522986,53.726400657275995],[-2.1098471557861775,53.72660508127182],[-2.1101926653026295,53.726772848452065],[-2.1105868590186114,53.726897511146795],[-2.11101458738836,53.72697427823906],[-2.1114594117,53.72700019934558],[-2.11184681069546,53.72697762456636],[-2.1118384376917025,53.72702790456021],[-2.1118822351209796,53.72729107843271],[-2.11201197388561,53.7275441402344],[-2.11222266954826,53.727777364675255],[-2.1125062260953107,53.727981788671286],[-2.1128517469246915,53.72814955585174],[-2.1132459535478954,53.728274218546645],[-2.1136736959230684,53.72835098563903],[-2.1141185348,53.7283769067456],[-2.114563373676931,53.72835098563903],[-2.114991116052104,53.728274218546645],[-2.115385322675308,53.72814955585174],[-2.115730843504689,53.727981788671286],[-2.1160144000517396,53.727777364675255],[-2.1162250957143898,53.7275441402344],[-2.1163548344790195,53.72729107843271],[-2.116398631908297,53.72702790456021]]],[[[-2.106499006654944,53.716874108368245],[-2.1064551918166914,53.71661093614267],[-2.1064516976081817,53.71660412024529],[-2.106450160863786,53.71659488984269],[-2.1063204297474134,53.71634183273104],[-2.106109769179812,53.716108615309345],[-2.1058262756301316,53.715904199592934],[-2.1054808439130483,53.71573644069215],[-2.1050867484589744,53.71561178501639],[-2.1046591332333846,53.715535022614056],[-2.1042144299,53.71550910315441],[-2.103769726566615,53.715535022614056],[-2.103342111341025,53.71561178501639],[-2.1029480158869513,53.71573644069215],[-2.1026025841698677,53.715904199592934],[-2.102319090620188,53.716108615309345],[-2.102108430052586,53.71634183273104],[-2.10200912001889,53.71653554963557],[-2.101806697927161,53.71649921311403],[-2.1013619844,53.71647329365442],[-2.100917270872839,53.71649921311403],[-2.1004896458451214,53.716575975516285],[-2.100095541357181,53.71670063119191],[-2.099750101721604,53.71686839009255],[-2.09946660167309,53.7170728058088],[-2.099255936276078,53.717306023230385],[-2.0991262021853623,53.71755908034195],[-2.0990823863589396,53.71782225256749],[-2.0991261742065563,53.71808542643971],[-2.0992558845779854,53.71833848824061],[-2.099466534126277,53.71857171268029],[-2.099750028609461,53.718776136674926],[-2.100095473810368,53.71894390385398],[-2.100175443052366,53.71896919861854],[-2.1002667794719936,53.71914739034006],[-2.1004774330713345,53.71938061477984],[-2.100760933006698,53.71958503877459],[-2.101106384851407,53.71975280595378],[-2.1015005127681587,53.71987746864761],[-2.101663790593868,53.719906778034876],[-2.101764794483489,53.71997960847445],[-2.1021102495690576,53.720147375653696],[-2.1025043811833926,53.72027203834758],[-2.1029320421676228,53.72034880543927],[-2.1033767964,53.72037472654559],[-2.1038215506323774,53.72034880543927],[-2.1042492116166076,53.72027203834758],[-2.104643343230943,53.720147375653696],[-2.104988798316511,53.71997960847445],[-2.105272300911459,53.71977518447962],[-2.1054829564869095,53.719541960039805],[-2.1056126705693368,53.71928889823881],[-2.1056564596692797,53.71902572436655],[-2.1056126425884987,53.71876255214104],[-2.1054829047850614,53.718509495029586],[-2.105272233359739,53.718276277608155],[-2.1050632022701086,53.71812556152377],[-2.1050918305868755,53.71812042234782],[-2.105485942039102,53.717995759654215],[-2.105831379452976,53.71782799247531],[-2.106114867545796,53.717623568480796],[-2.106325512345954,53.71739034404125],[-2.1064552197938964,53.71713728224043],[-2.106499006654944,53.716874108368245]]],[[[-2.1029932024348894,53.713801212470685],[-2.1029493907988677,53.71353804024503],[-2.102819669111144,53.713284983133114],[-2.1026090238527466,53.71305176571102],[-2.102325550904336,53.71284734999415],[-2.1019801442888326,53.71267959109291],[-2.10158607747207,53.712554935416755],[-2.1011584933191703,53.71247817301417],[-2.1007138223,53.712452253554424],[-2.10026915128083,53.71247817301417],[-2.0998415671279305,53.712554935416755],[-2.0994475003111672,53.71267959109291],[-2.0991020936956644,53.71284734999415],[-2.0988186207472537,53.71305176571102],[-2.0986079754888562,53.713284983133114],[-2.098503500563516,53.71348878963099],[-2.0983665483961342,53.71364041593287],[-2.098236825612191,53.713893473044756],[-2.098193013605807,53.71415664527041],[-2.098236797639575,53.71441981914252],[-2.0983664967094793,53.7146728809431],[-2.098577127902583,53.7149061053823],[-2.0988605976820955,53.71511052937639],[-2.0992060127801264,53.7152782965549],[-2.0996000987716132,53.71540295924815],[-2.10002771025121,53.715479726339424],[-2.100472413,53.7155056474456],[-2.10091711574879,53.715479726339424],[-2.101344727228387,53.71540295924815],[-2.1017388132198733,53.7152782965549],[-2.1020842283179046,53.71511052937639],[-2.102367698097417,53.7149061053823],[-2.102578329290521,53.7146728809431],[-2.1026827838761966,53.71446907481288],[-2.10281972079669,53.71431744814333],[-2.1029494187708835,53.71406438634278],[-2.1029932024348894,53.713801212470685]]],[[[-2.101615801613744,53.69494906588558],[-2.1015720096103374,53.69468589365935],[-2.1014423460323757,53.69443283654583],[-2.101231795126227,53.694199619121314],[-2.1009484491456227,53.6939952034016],[-2.1006031972338226,53.693827444497494],[-2.1002093069118426,53.693702788818925],[-2.0997819142632363,53.69362602641471],[-2.0993374424,53.69360010695441],[-2.098892970536764,53.69362602641471],[-2.0984655778881574,53.693702788818925],[-2.0980716875661773,53.693827444497494],[-2.0977264356543768,53.6939952034016],[-2.097443089673773,53.694199619121314],[-2.0972325387676243,53.69443283654583],[-2.0972180573660384,53.69446109908295],[-2.0971514749455364,53.69450913362115],[-2.096940922491179,53.694742351045626],[-2.0968112579597054,53.69499540815913],[-2.0967674656341506,53.69525858038535],[-2.0968112300189716,53.69552175425688],[-2.0969408708634356,53.69577481605585],[-2.0971514074906383,53.69600804049263],[-2.0974347499968764,53.69621246448386],[-2.0977800100049384,53.6963802316595],[-2.0981739190501423,53.69650489435032],[-2.0986013385281175,53.69658166143998],[-2.0990458416,53.69660758254559],[-2.099490344671883,53.69658166143998],[-2.099917764149858,53.69650489435032],[-2.1003116731950624,53.6963802316595],[-2.1006569332031244,53.69621246448386],[-2.100940275709362,53.69600804049263],[-2.101150812336565,53.69577481605585],[-2.101165288915893,53.69574655745245],[-2.101231862579865,53.69569852599279],[-2.101442397659155,53.69546530155605],[-2.1015720375505493,53.69521223975711],[-2.101615801613744,53.69494906588558]]],[[[-2.0992526942871317,53.71959797836608],[-2.0992088766098678,53.7193348061406],[-2.0990791370409267,53.71908174902918],[-2.0988684627489733,53.71884853160784],[-2.098584950730727,53.71864411589185],[-2.0982394965106512,53.718476356991474],[-2.0978453753838844,53.718351701316074],[-2.097417732302338,53.71827493891397],[-2.096973,53.71824901945441],[-2.0965282676976624,53.71827493891397],[-2.096100624616116,53.718351701316074],[-2.095706503489349,53.718476356991474],[-2.0953610492692736,53.71864411589185],[-2.095077537251027,53.71884853160784],[-2.0948668629590737,53.71908174902918],[-2.0947371233901326,53.7193348061406],[-2.0946933057128687,53.71959797836608],[-2.0947370954083273,53.719861152238344],[-2.09486681125544,53.720114214039405],[-2.0950774696969736,53.72034743847931],[-2.0953609761492924,53.72055186247421],[-2.0957064359352957,53.720719629653544],[-2.0961005729124818,53.72084429234749],[-2.096528239715857,53.72092105943924],[-2.096973,53.720946980545584],[-2.0974177602841433,53.72092105943924],[-2.097845427087519,53.72084429234749],[-2.098239564064705,53.720719629653544],[-2.098585023850708,53.72055186247421],[-2.0988685303030272,53.72034743847931],[-2.099079188744561,53.720114214039405],[-2.099208904591673,53.719861152238344],[-2.0992526942871317,53.71959797836608]]],[[[-2.0952401653779136,53.71518978836957],[-2.0951963522949457,53.714926616143956],[-2.0950666263244675,53.71467355903217],[-2.0948559741122046,53.714440341610256],[-2.094572491806125,53.71423592589359],[-2.0942270737887867,53.71406816699256],[-2.0938329939641624,53.713943511316586],[-2.0934053956971836,53.713866748914114],[-2.09296071,53.71384082945441],[-2.092516024302816,53.713866748914114],[-2.0920884260358372,53.713943511316586],[-2.0916943462112125,53.71406816699256],[-2.091348928193874,53.71423592589359],[-2.091065445887795,53.714440341610256],[-2.0908547936755317,53.71467355903217],[-2.0907250677050535,53.714926616143956],[-2.090681254622086,53.71518978836957],[-2.0907250397306933,53.71545296224171],[-2.0908547419856536,53.71570602404238],[-2.0910653783517144,53.715939248481725],[-2.0913488550933472,53.716143672475965],[-2.091694278675132,53.716311439654625],[-2.092088374345959,53.71643610234801],[-2.092515996328455,53.71651286943937],[-2.09296071,53.71653879054559],[-2.0934054236715443,53.71651286943937],[-2.0938330456540406,53.71643610234801],[-2.094227141324868,53.716311439654625],[-2.0945725649066524,53.716143672475965],[-2.0948560416482853,53.715939248481725],[-2.095066678014346,53.71570602404238],[-2.0951963802693063,53.71545296224171],[-2.0952401653779136,53.71518978836957]]],[[[-2.0944293776187486,53.73109374835698],[-2.0943855479546296,53.73083057613185],[-2.0942557729063025,53.73057751902142],[-2.094045041006822,53.73034430160155],[-2.0937614514673593,53.730139885887304],[-2.093415902791694,53.72997212698868],[-2.0930216739046204,53.72984747131475],[-2.0925939138985914,53.72977070891364],[-2.09214906,53.729744789454415],[-2.0917042061014093,53.72977070891364],[-2.0912764460953803,53.72984747131475],[-2.091224938731343,53.72986375800856],[-2.091477376176721,53.72974119247059],[-2.0917609445894767,53.729536768474276],[-2.091971649068518,53.7293035440332],[-2.0921013932615136,53.729050482231365],[-2.092145192522665,53.72878730835881],[-2.092101365264181,53.72852413613361],[-2.091971597336193,53.72827107902299],[-2.091760876997936,53.728037861602814],[-2.0914773030161644,53.72783344588823],[-2.09113177329674,53.72766568698925],[-2.0907375660360237,53.72754103131501],[-2.0903098294955056,53.72746426891371],[-2.089865,53.72743834945442],[-2.0894201705044946,53.72746426891371],[-2.088992433963977,53.72754103131501],[-2.0885982267032603,53.72766568698925],[-2.088252696983836,53.72783344588823],[-2.0879691230020643,53.728037861602814],[-2.0877584026638076,53.72827107902299],[-2.087628634735819,53.72852413613361],[-2.0875848074773358,53.72878730835881],[-2.0876286067384866,53.729050482231365],[-2.087758350931482,53.7293035440332],[-2.0879690554105235,53.729536768474276],[-2.0882526238232795,53.72974119247059],[-2.0885981591117195,53.7299089596513],[-2.088992382231651,53.73003362234645],[-2.089420142507162,53.73011038943896],[-2.089865,53.730136310545596],[-2.0903098574928385,53.73011038943896],[-2.090736840671007,53.73003376180658],[-2.090474764823026,53.73016099578731],[-2.09019117514116,53.73036541150154],[-2.0899804431358575,53.730598628921406],[-2.0898506680223563,53.73085168603183],[-2.0898068383362176,53.731114858256966],[-2.0898506400210883,53.73137803212959],[-2.0899803913962613,53.73163109393163],[-2.09019110754012,53.73186431837301],[-2.0904746916521875,53.73206874236967],[-2.090820246071162,53.73223650955074],[-2.091214491017631,53.73236117224617],[-2.091642274976774,53.7324379393389],[-2.0920871571,53.7324638604456],[-2.092532039223226,53.7324379393389],[-2.092959823182369,53.73236117224617],[-2.093354068128838,53.73223650955074],[-2.0933631411056752,53.73223210460708],[-2.0934159703926487,53.732215399650734],[-2.093761524638105,53.732047632469666],[-2.0940451086077765,53.73184320847302],[-2.0942558246458325,53.73160998403164],[-2.0943855759558616,53.731356922229615],[-2.0944293776187486,53.73109374835698]]],[[[-2.091992764743781,53.71720787836797],[-2.0919489495576746,53.71694470614242],[-2.091819217362206,53.7166916490308],[-2.0916085550424866,53.71645843160914],[-2.09132505913502,53.71625401589279],[-2.091071092512967,53.716130678037864],[-2.091061093097648,53.71607061614308],[-2.090931363598486,53.71581755903139],[-2.0907207056567336,53.71558434160962],[-2.0904372156406033,53.715379925893146],[-2.0900917882289667,53.71521216699228],[-2.089697697686792,53.71508751131645],[-2.0892700877908195,53.715010748914075],[-2.08882539,53.71498482945441],[-2.08838069220918,53.715010748914075],[-2.087953082313208,53.71508751131645],[-2.0875589917710333,53.71521216699228],[-2.0872135643593968,53.715379925893146],[-2.086930074343266,53.71558434160962],[-2.086719416401514,53.71581755903139],[-2.086589686902352,53.71607061614308],[-2.086545872627204,53.716333788368665],[-2.0865896589260595,53.71659696224084],[-2.086719364708066,53.71685002404161],[-2.086930006802522,53.71708324848109],[-2.087213491253822,53.717287672475514],[-2.087467431599315,53.71741100423089],[-2.087477422464557,53.717471052240164],[-2.0876071309416186,53.71772411404101],[-2.087817777413205,53.717957338480616],[-2.0881012677555484,53.71816176247516],[-2.0884467079105975,53.71832952965413],[-2.088840822490305,53.71845419234778],[-2.089268464990529,53.7185309594393],[-2.0897132,53.718556880545584],[-2.090157935009471,53.7185309594393],[-2.090585577509695,53.71845419234778],[-2.090979692089402,53.71832952965413],[-2.0913251322444517,53.71816176247516],[-2.0916086225867945,53.717957338480616],[-2.091819269058381,53.71772411404101],[-2.091948977535443,53.717471052240164],[-2.091992764743781,53.71720787836797]]],[[[-2.0894665488296047,53.712119749972004],[-2.089422738945564,53.711856577746296],[-2.0892930224434583,53.71160352063424],[-2.0890823856048972,53.71137030321193],[-2.08879892398688,53.711165887494815],[-2.0884535311768744,53.71099812859331],[-2.088059480110209,53.71087347291695],[-2.08763191304683,53.71079671051421],[-2.0871872598,53.710770791054415],[-2.0867426065531696,53.71079671051421],[-2.086315039489791,53.71087347291695],[-2.085920988423125,53.71099812859331],[-2.0855755956131197,53.711165887494815],[-2.0852921339951025,53.71137030321193],[-2.0851911475172327,53.71148211559108],[-2.084927475189661,53.71135404979322],[-2.084533420789249,53.7112293941169],[-2.0841058501086147,53.711152631714185],[-2.0836611931,53.71112671225441],[-2.0832165360913857,53.711152631714185],[-2.082788965410751,53.7112293941169],[-2.0823949110103395,53.71135404979322],[-2.0820495152781917,53.71152180869467],[-2.0817660512619254,53.71172622441173],[-2.0815554126411784,53.711959441834],[-2.081425695041458,53.71221249894602],[-2.081381884786585,53.71247567117172],[-2.08142566707168,53.71273884504378],[-2.0815553609597672,53.712991906844216],[-2.081765983736908,53.7132251312832],[-2.0820494421896387,53.71342955527703],[-2.082394843485321,53.71359732245528],[-2.08278891372934,53.713721985148325],[-2.083216508121607,53.71379875223946],[-2.0836611931,53.713824673345584],[-2.084105878078393,53.71379875223946],[-2.0845334724706603,53.713721985148325],[-2.084927542714679,53.71359732245528],[-2.0852729440103612,53.71342955527703],[-2.0855564024630926,53.7132251312832],[-2.0856573323045056,53.71311337078911],[-2.0859209208995577,53.71324140125538],[-2.0863149878094895,53.713366063948364],[-2.0867425785839924,53.71344283103947],[-2.0871872598,53.713468752145594],[-2.0876319410160074,53.71344283103947],[-2.0880595317905097,53.713366063948364],[-2.088453598700442,53.71324140125538],[-2.0887989970738623,53.713073634077176],[-2.0890824531284644,53.712869210083404],[-2.089293074123759,53.71263598564447],[-2.089422766914742,53.712382923844046],[-2.0894665488296047,53.712119749972004]]],[[[-2.072917689754835,53.76109403743321],[-2.0728738287696173,53.76083086520897],[-2.0727439610153198,53.76057780810113],[-2.072533078590085,53.76034459068511],[-2.072249286491342,53.76014017497541],[-2.0719034910076832,53.75997241608133],[-2.071508980548021,53.75984776041127],[-2.071080915023849,53.759770998012726],[-2.0706357434,53.75974507855442],[-2.070190571776151,53.759770998012726],[-2.0697625062519784,53.75984776041127],[-2.069367995792317,53.75997241608133],[-2.069022200308658,53.76014017497541],[-2.0687384082099145,53.76034459068511],[-2.0685275257846802,53.76057780810113],[-2.0683976580303827,53.76083086520897],[-2.0683537970451646,53.76109403743321],[-2.068397629978367,53.76135721130673],[-2.0685274739513138,53.76161027311135],[-2.0687383404863575,53.761843497556576],[-2.069022127005208,53.76204792155778],[-2.06936792806876,53.7622156887434],[-2.069762454418612,53.76234035144268],[-2.0701905437241357,53.762417118537996],[-2.0706357434,53.76244303964559],[-2.0710809430758643,53.762417118537996],[-2.0715090323813876,53.76234035144268],[-2.07190355873124,53.7622156887434],[-2.072249359794792,53.76204792155778],[-2.0725331463136425,53.761843497556576],[-2.0727440128486863,53.76161027311135],[-2.072873856821633,53.76135721130673],[-2.072917689754835,53.76109403743321]]],[[[-2.06439321610024,53.71852815156694],[-2.0643493995380813,53.71826497934142],[-2.064219663269694,53.71801192222992],[-2.064008994336816,53.717778704808424],[-2.0637254895301638,53.717574289092276],[-2.0633800440970416,53.71740653019175],[-2.0629859329949314,53.7172818745162],[-2.06255830079056,53.717205112114016],[-2.0621135798,53.71717919265442],[-2.06166885880944,53.717205112114016],[-2.0612412266050693,53.7172818745162],[-2.060847115502959,53.71740653019175],[-2.060501670069837,53.717574289092276],[-2.0602181652631844,53.717778704808424],[-2.0600074963303068,53.71801192222992],[-2.0598777600619194,53.71826497934142],[-2.059833943499761,53.71852815156694],[-2.059877732081921,53.71879132543917],[-2.0600074446300116,53.71904438724013],[-2.060218097713493,53.7192776116799],[-2.060501596954578,53.719482035674645],[-2.060847047953268,53.719649802853816],[-2.061241174904774,53.71977446554763],[-2.0616688308294417,53.71985123263928],[-2.0621135798,53.71987715374559],[-2.0625583287705584,53.71985123263928],[-2.0629859846952265,53.71977446554763],[-2.0633801116467323,53.719649802853816],[-2.0637255626454225,53.719482035674645],[-2.0640090618865075,53.7192776116799],[-2.064219714969989,53.71904438724013],[-2.0643494275180796,53.71879132543917],[-2.06439321610024,53.71852815156694]]],[[[-2.049164294431664,53.73889981955082],[-2.0491204566232617,53.738636647325905],[-2.04899065746902,53.73838359021616],[-2.048779886429006,53.738150372797286],[-2.048496244218965,53.73794595708422],[-2.0481506313669278,53.737778198186774],[-2.0477563292638,53.737653542513854],[-2.0473284898152615,53.73757678011341],[-2.0468835533,53.73755086065443],[-2.046438616784738,53.73757678011341],[-2.0460107773361997,53.737653542513854],[-2.0456164752330723,53.737778198186774],[-2.0452708623810345,53.73794595708422],[-2.0449872201709938,53.738150372797286],[-2.0447764491309797,53.73838359021616],[-2.044646649976738,53.738636647325905],[-2.0446028121683355,53.73889981955082],[-2.0446466219623036,53.73916299342366],[-2.0447763973670554,53.73941605522637],[-2.0449871525381673,53.73964927966876],[-2.0452707891757904,53.73985370366659],[-2.045616407600245,53.740021470848845],[-2.046010725572275,53.740146133545274],[-2.046438588770304,53.74022290063867],[-2.0468835533,53.740248821745595],[-2.047328517829696,53.74022290063867],[-2.0477563810277246,53.740146133545274],[-2.0481506989997547,53.740021470848845],[-2.0484963174242092,53.73985370366659],[-2.0487799540618323,53.73964927966876],[-2.0489907092329442,53.73941605522637],[-2.049120484637696,53.73916299342366],[-2.049164294431664,53.73889981955082]]],[[[-2.0104426187012057,53.74063871124943],[-2.0103987790780478,53.740375539024576],[-2.0102689745523894,53.740122481914966],[-2.0100581947908607,53.73988926449633],[-2.009774540844464,53.73968484878352],[-2.0094289136922847,53.73951708988635],[-2.009034595274742,53.73939243421364],[-2.008606738124375,53.73931567181335],[-2.0081617832,53.739289752354416],[-2.007716828275625,53.73931567181335],[-2.007288971125258,53.73939243421364],[-2.006894652707715,53.73951708988635],[-2.0065490255555356,53.73968484878352],[-2.006265371609139,53.73988926449633],[-2.0060545918476103,53.740122481914966],[-2.005924787321952,53.740375539024576],[-2.0058809476987944,53.74063871124943],[-2.005924759304576,53.74090188512233],[-2.00605454007825,53.7411549469252],[-2.0062653039692098,53.741388171367795],[-2.0065489523426034,53.741592595365894],[-2.0068945850677857,53.741760362548405],[-2.0072889193558967,53.74188502524507],[-2.007716800258249,53.74196179233861],[-2.0081617832,53.741987713445596],[-2.0086067661417513,53.74196179233861],[-2.009034647044103,53.74188502524507],[-2.009428981332214,53.741760362548405],[-2.009774614057396,53.741592595365894],[-2.01005826243079,53.741388171367795],[-2.01026902632175,53.7411549469252],[-2.010398807095424,53.74090188512233],[-2.0104426187012057,53.74063871124943]]],[[[-2.0079420620294046,53.75065227184149],[-2.0078982119521087,53.750389099616946],[-2.0077683764836967,53.7501360425082],[-2.007557546480729,53.74990282509084],[-2.007273824925505,53.749698409379555],[-2.0069281153954703,53.74953065048389],[-2.0065337029965886,53.749405994812484],[-2.006105743872501,53.74932923241305],[-2.0056606829,53.749303312954424],[-2.005215621927499,53.74932923241305],[-2.0047876628034116,53.749405994812484],[-2.0043932504045294,53.74953065048389],[-2.004047540874495,53.749698409379555],[-2.003763819319271,53.74990282509084],[-2.0035529893163035,53.7501360425082],[-2.003423153847891,53.750389099616946],[-2.0033793037705956,53.75065227184149],[-2.003423125813565,53.750915445714696],[-2.0035529375156234,53.751168507518415],[-2.0037637516384206,53.751401731962304],[-2.0040474676172706,53.75160615596192],[-2.0043931827236787,53.75177392314596],[-2.004787611002731,53.7518985858439],[-2.005215593893173,53.75197535293831],[-2.0056606829,53.7520012740456],[-2.006105771906827,53.75197535293831],[-2.006533754797269,53.7518985858439],[-2.006928183076321,53.75177392314596],[-2.0072738981827296,53.75160615596192],[-2.007557614161579,53.751401731962304],[-2.007768428284377,53.751168507518415],[-2.007898239986435,53.750915445714696],[-2.0079420620294046,53.75065227184149]]],[[[-2.0001986614238962,53.734642405354165],[-2.0001548280578443,53.734379233129125],[-2.0000250420523242,53.73412617601902],[-1.9998142923617592,53.7338929585996],[-1.9995306788812146,53.73368854288589],[-1.9991851010345805,53.73352078398779],[-1.9987908388676074,53.733396128314325],[-1.9983630427514825,53.733319365913516],[-1.9979181513,53.7332934464544],[-1.9974732598485174,53.733319365913516],[-1.9970454637323922,53.733396128314325],[-1.9966512015654194,53.73352078398779],[-1.996305623718785,53.73368854288589],[-1.9960220102382404,53.7338929585996],[-1.9958112605476754,53.73412617601902],[-1.9956814745421556,53.734379233129125],[-1.9956376411761036,53.734642405354165],[-1.995681446534923,53.73490557922689],[-1.9958112087970576,53.73515864102923],[-1.9960219426227996,53.735391865471065],[-1.9963055505323593,53.73559628946827],[-1.996651133949978,53.73576405664986],[-1.9970454119817744,53.73588871934575],[-1.9974732318412847,53.73596548643878],[-1.9979181513,53.73599140754558],[-1.998363070758715,53.73596548643878],[-1.9987908906182255,53.73588871934575],[-1.9991851686500217,53.73576405664986],[-1.9995307520676404,53.73559628946827],[-1.9998143599772003,53.735391865471065],[-2.0000250938029422,53.73515864102923],[-2.000154856065077,53.73490557922689],[-2.0001986614238962,53.734642405354165]]]]}},{"type":"Feature","properties":{"species":"Asplenium trichomanes","commonName":"maidenhair spleenwort","observedAt":"2019-10-09 08:29:20 UTC","imageUrl":"https://inaturalist-open-data.s3.amazonaws.com/photos/53638638/medium.jpeg","locations":[],"common":false,"recordCount":62},"geometry":{"type":"MultiPolygon","coordinates":[[[[-2.2048456578309534,53.693075778387076],[-2.204801867777168,53.69281260616079],[-2.204672209969808,53.6925595490471],[-2.2044616684333294,53.692326331622354],[-2.20417833506129,53.69212191590234],[-2.203833098512374,53.691954156997966],[-2.2034392257172457,53.69182950131916],[-2.203011852086014,53.691752738914786],[-2.2025674,53.691726819454416],[-2.202122947913986,53.691752738914786],[-2.201695574282754,53.69182950131916],[-2.201301701487626,53.691954156997966],[-2.20095646493871,53.69212191590234],[-2.2006731315666705,53.692326331622354],[-2.200462590030192,53.6925595490471],[-2.200332932222832,53.69281260616079],[-2.2002891421690465,53.693075778387076],[-2.2003329042857778,53.69333895225854],[-2.200462538409247,53.69359201405733],[-2.200673064120656,53.69382523849382],[-2.2009563919356694,53.694029662484716],[-2.201301634041611,53.69419742966003],[-2.2016955226618093,53.694322092350575],[-2.202122919976932,53.69439885944005],[-2.2025674,53.694424780545596],[-2.203011880023068,53.69439885944005],[-2.203439277338191,53.694322092350575],[-2.2038331659583887,53.69419742966003],[-2.2041784080643305,53.694029662484716],[-2.2044617358793444,53.69382523849382],[-2.2046722615907535,53.69359201405733],[-2.204801895714222,53.69333895225854],[-2.2048456578309534,53.693075778387076]]],[[[-2.1630007271602336,53.772143102324435],[-2.162956854625184,53.77187993010053],[-2.162826952685046,53.771626872993636],[-2.1626160147526092,53.77139365557903],[-2.162332147959015,53.77118923987102],[-2.161986261463551,53.771021480978625],[-2.161591647172449,53.77089682530998],[-2.1611634689867825,53.770820062912385],[-2.1607181802,53.77079414345441],[-2.1602728914132174,53.770820062912385],[-2.159844713227551,53.77089682530998],[-2.159450098936449,53.771021480978625],[-2.159104212440985,53.77118923987102],[-2.1588203456473907,53.77139365557903],[-2.158609407714954,53.771626872993636],[-2.158479505774816,53.77187993010053],[-2.1584356332397663,53.772143102324435],[-2.158479477704065,53.77240627619829],[-2.1586093558469694,53.772659338003855],[-2.158820277878603,53.772892562450515],[-2.159104139088578,53.77309698645339],[-2.159450031167662,53.77326475364068],[-2.1598446613595668,53.773389416341395],[-2.160272863342467,53.773466183437655],[-2.1607181802,53.77349210454559],[-2.161163497057533,53.773466183437655],[-2.161591699040433,53.773389416341395],[-2.161986329232338,53.77326475364068],[-2.1623322213114213,53.77309698645339],[-2.1626160825213967,53.772892562450515],[-2.1628270045530305,53.772659338003855],[-2.162956882695935,53.77240627619829],[-2.1630007271602336,53.772143102324435]]],[[[-2.118348379256012,53.72705828936017],[-2.1183045538006895,53.72679511713491],[-2.1181747912098015,53.726542060024144],[-2.1179640795373413,53.72630884260375],[-2.117680517216946,53.726104426888895],[-2.1173350017063064,53.72593666798965],[-2.116940810655779,53.7258120123152],[-2.116513091704,53.725735249913754],[-2.1160682805,53.725709330454414],[-2.115623469296,53.725735249913754],[-2.115195750344221,53.7258120123152],[-2.114801559293694,53.72593666798965],[-2.1146181731017615,53.726025707887274],[-2.114595855252596,53.725891686135604],[-2.114466095450178,53.725638629024765],[-2.1142553883053297,53.72540541160426],[-2.1139718320776457,53.72520099588925],[-2.113626323990658,53.72503323698988],[-2.1132321414094557,53.72490858131531],[-2.1128044316472514,53.724831818913785],[-2.11235963,53.724805899454424],[-2.1119148283527482,53.724831818913785],[-2.1114871185905444,53.72490858131531],[-2.111092936009342,53.72503323698988],[-2.110747427922354,53.72520099588925],[-2.11046387169467,53.72540541160426],[-2.1102531645498215,53.725638629024765],[-2.110123404747404,53.725891686135604],[-2.110079580234178,53.7261548583609],[-2.11012337675452,53.72641803223336],[-2.1102531128257174,53.72667109403498],[-2.110463804113871,53.726904318475725],[-2.1107473547734243,53.72710874247163],[-2.1110928684285426,53.727276509651944],[-2.1114870668664403,53.727401172346745],[-2.1119148003598647,53.72747793943905],[-2.11235963,53.72750386054558],[-2.112804459640135,53.72747793943905],[-2.11323219313356,53.727401172346745],[-2.113626391571457,53.727276509651944],[-2.113809686537724,53.727187509176275],[-2.1138319792049,53.72732146323267],[-2.113961718063273,53.72757452503437],[-2.1141724138781735,53.72780774947521],[-2.114455970630134,53.72801217347126],[-2.1148014917092084,53.72817994065172],[-2.1151956986172955,53.728304603346636],[-2.1156234413015897,53.72838137043901],[-2.1160682805,53.72840729154559],[-2.1165131196984106,53.72838137043901],[-2.1169408623827044,53.728304603346636],[-2.1173350692907915,53.72817994065172],[-2.1176805903698663,53.72801217347126],[-2.117964147121827,53.72780774947521],[-2.1181748429367273,53.72757452503437],[-2.1183045817951,53.72732146323267],[-2.118348379256012,53.72705828936017]]],[[[-2.116253549886309,53.7227561075636],[-2.116209728916833,53.7224929353382],[-2.1160799796034135,53.722239878227064],[-2.115869289489447,53.72200666080611],[-2.115585756179856,53.72180224509061],[-2.115240276017378,53.721634486190716],[-2.1148461252940445,53.721509830515714],[-2.114418450098973,53.72143306811389],[-2.1139736844,53.72140714865443],[-2.113528918701027,53.72143306811389],[-2.1131012435059553,53.721509830515714],[-2.112707092782622,53.721634486190716],[-2.1125110793935593,53.72172966673676],[-2.112467523847025,53.7217085169907],[-2.1120733724298404,53.72158386131571],[-2.1118486377841035,53.721543524300586],[-2.1117447181755438,53.72134083992766],[-2.1115340325660057,53.72110762250661],[-2.1112505053179267,53.720903206790965],[-2.1109050325410883,53.72073544789094],[-2.1105108902437117,53.72061079221582],[-2.110280496360584,53.720569438482585],[-2.110314003129957,53.72036806816548],[-2.1102701846499667,53.72010489594002],[-2.1101404427050676,53.71985183882867],[-2.1099297645552944,53.71961862140742],[-2.1096462473456628,53.71941420569156],[-2.1093007868001523,53.719246446791296],[-2.1089066584569705,53.71912179111598],[-2.108479007545309,53.71904502871395],[-2.1080342671,53.71901910925442],[-2.1075895266546913,53.71904502871395],[-2.1071618757430293,53.71912179111598],[-2.1067677473998474,53.719246446791296],[-2.1064222868543374,53.71941420569156],[-2.1061387696447054,53.71961862140742],[-2.1059280914949325,53.71985183882867],[-2.1057983495500334,53.72010489594002],[-2.1057545310700427,53.72036806816548],[-2.105798321566928,53.72063124203777],[-2.105928039788895,53.72088430383889],[-2.1061387020875117,53.72111752827889],[-2.1064222137309576,53.721321952273925],[-2.106767679842654,53.72148971945335],[-2.1071618240369916,53.721614382147415],[-2.107392175662289,53.7216557299921],[-2.107358651253025,53.7218570692643],[-2.107402443299607,53.72212024313664],[-2.1075321661137703,53.72237330493789],[-2.1077428358707273,53.722606529378076],[-2.10802635755212,53.722810953373326],[-2.108136100584721,53.7228642455099],[-2.1079761550114413,53.72289295281555],[-2.1075819913243303,53.72301760849037],[-2.1072364997986597,53.723185367390045],[-2.1069529571631134,53.723389783105354],[-2.106742260118848,53.72362300052612],[-2.1066125065371883,53.72387605763714],[-2.106568684125671,53.72413922986249],[-2.1066124785477114,53.7244024037349],[-2.1067422084010374,53.724655465536344],[-2.106952889590538,53.724888689976815],[-2.1072364266586305,53.72509311397242],[-2.107581923751755,53.72526088115244],[-2.107976103293631,53.725385543846976],[-2.108403816283281,53.7254623109391],[-2.1088486246,53.72548823204559],[-2.1092934329167194,53.7254623109391],[-2.1097211459063696,53.725385543846976],[-2.110115325448246,53.72526088115244],[-2.11046082254137,53.72509311397242],[-2.110744359609463,53.724888689976815],[-2.110955040798963,53.724655465536344],[-2.1110847706522895,53.7244024037349],[-2.111122682413565,53.724174580542815],[-2.11120093,53.724179140545594],[-2.111645724469177,53.72415321943916],[-2.112073424143564,53.72407645234714],[-2.112467591414261,53.723951789652766],[-2.112663534913146,53.72385664004879],[-2.112707025215688,53.72387775885279],[-2.113101191792463,53.72400242154715],[-2.1135288907138863,53.72407918863916],[-2.1139736844,53.724105109745594],[-2.114418478086114,53.72407918863916],[-2.1148461770075366,53.72400242154715],[-2.115240343584312,53.72387775885279],[-2.115585829313778,53.723709991672976],[-2.1158693570563805,53.7235055676776],[-2.1160800313169057,53.723272343237284],[-2.1162097569039733,53.72301928143596],[-2.116253549886309,53.7227561075636]]],[[[-2.1091710037170723,53.716635378368444],[-2.109127189127619,53.71637220614286],[-2.108997458698158,53.7161191490312],[-2.108786799245888,53.71588593160947],[-2.1085033071970867,53.71568151589304],[-2.108157877308745,53.715513756992216],[-2.1077637839410053,53.715389101316426],[-2.107336170979175,53.71531233891408],[-2.10689147,53.71528641945443],[-2.106446769020825,53.71531233891408],[-2.1061711954193036,53.71536180816212],[-2.105985338758852,53.71515604590985],[-2.1057018516293065,53.71495163019332],[-2.1053564277348245,53.71478387129238],[-2.1049623412052196,53.71465921561651],[-2.1045347356630546,53.71458245321408],[-2.1040900424000006,53.71455653375441],[-2.1036453491369462,53.71458245321408],[-2.103217743594781,53.71465921561651],[-2.1028236570651764,53.71478387129238],[-2.1024782331706944,53.71495163019332],[-2.1021947460411488,53.71515604590985],[-2.1021201743620987,53.715238604353544],[-2.1019765551731067,53.715168854647594],[-2.101985777109601,53.71515864364275],[-2.102014439629676,53.715102719531664],[-2.10227901849465,53.714974213876424],[-2.1025624873555953,53.71476978988236],[-2.10277311786619,53.71453656544318],[-2.1029028165158645,53.7142835036426],[-2.1029466004078206,53.7140203297705],[-2.102902788543479,53.71375715754485],[-2.1028324934463654,53.71362002872779],[-2.1028533764755424,53.713604968483004],[-2.1030640011543,53.71337174404397],[-2.1031936962132383,53.713118682243504],[-2.1032374788934525,53.712855508371426],[-2.103193668242819,53.71259233614573],[-2.1030639494717045,53.71233927903375],[-2.1028533089489763,53.71210606161153],[-2.102569842373254,53.71190164589452],[-2.102224443522543,53.71173388699313],[-2.1018303855642957,53.711609231316864],[-2.1014028110232603,53.71153246891419],[-2.10095815,53.71150654945441],[-2.10051348897674,53.71153246891419],[-2.100468403737816,53.71154056306137],[-2.1004375443,53.711538764254406],[-2.0999928829362453,53.71156468371418],[-2.0999788606742524,53.71156720112715],[-2.0997511298694365,53.71140297609472],[-2.099405735112921,53.711235217193256],[-2.0990116818255666,53.71111056151692],[-2.098584112352646,53.711033799114205],[-2.0981394566,53.711007879654424],[-2.097694800847354,53.711033799114205],[-2.0972672313744334,53.71111056151692],[-2.0968731780870784,53.711235217193256],[-2.096527783330563,53.71140297609472],[-2.096320046973907,53.71155278239755],[-2.0961766105628823,53.71159815699317],[-2.095831212826558,53.711765915894574],[-2.095547747165432,53.71197033161161],[-2.095337107322358,53.712203549033845],[-2.0952297641909245,53.712412956124695],[-2.0951257893427058,53.71236245669298],[-2.094731725496633,53.71223780101678],[-2.094304144567057,53.71216103861416],[-2.0938594769,53.71213511915441],[-2.093414809232943,53.71216103861416],[-2.0929872283033673,53.71223780101678],[-2.0925931644572944,53.71236245669298],[-2.092498487563567,53.71240844021122],[-2.092218142895908,53.71231975791678],[-2.0917905611333363,53.71224299551417],[-2.0913458926,53.712217076054415],[-2.090901224066664,53.71224299551417],[-2.0904736423040924,53.71231975791678],[-2.0900795776903105,53.712444413592955],[-2.0897341730057954,53.71261217249424],[-2.0894507016421775,53.71281658821114],[-2.089240057561471,53.71304980563327],[-2.089110336599065,53.71330286274519],[-2.0890665252080938,53.71356603497086],[-2.0891103086274456,53.71382920884295],[-2.0892400058766585,53.71408227064349],[-2.089450634112716,53.71431549508261],[-2.0897340999124325,53.71451991907661],[-2.0900795101608485,53.714687686255026],[-2.09047359061928,53.7148123489482],[-2.0909011960950448,53.71488911603943],[-2.0913458926,53.714915037145595],[-2.0917905891049555,53.71488911603943],[-2.0922181945807203,53.7148123489482],[-2.0926122750391523,53.714687686255026],[-2.092706896061371,53.71464172843533],[-2.09298717661881,53.71473039204822],[-2.0934147812614623,53.714807159139426],[-2.0938594769,53.71483308024559],[-2.094304172538538,53.714807159139426],[-2.09473177718119,53.71473039204822],[-2.095125856871834,53.714605729355036],[-2.0954712664473,53.71443796217664],[-2.0957547316947656,53.714233538182654],[-2.0959653595204926,53.71400031374355],[-2.0960726515017574,53.71379096809422],[-2.0961765430368695,53.71384142965523],[-2.0965706155676003,53.7139660923483],[-2.0969982124411426,53.71404285943946],[-2.0974429,53.7140687805456],[-2.0978470709545136,53.714045221176775],[-2.097773947578569,53.71412617863253],[-2.097644223296408,53.714379235744374],[-2.097600410783844,53.714642407970004],[-2.097644195322972,53.714905581842125],[-2.097773895890399,53.71515864364275],[-2.097882809734,53.71527923868102],[-2.097867572100325,53.71527650331407],[-2.0974228715,53.71525058385443],[-2.0969781708996758,53.71527650331407],[-2.09655055830214,53.71535326571643],[-2.096156465270143,53.71547792139223],[-2.0958110356760917,53.71564568029305],[-2.095527543868819,53.71585009600948],[-2.0953168845960337,53.71608331343123],[-2.095187154277114,53.7163363705429],[-2.095143339725007,53.71659954276847],[-2.0951871263003725,53.71686271664064],[-2.095316832901757,53.71711577844144],[-2.095527476326991,53.71734900288096],[-2.0958109625693444,53.71755342687541],[-2.0961563977283153,53.71772119405428],[-2.0965505066078634,53.71784585674786],[-2.096658582656241,53.71786525800917],[-2.096468461380488,53.71795758589212],[-2.096184953990124,53.71816200160821],[-2.0959742831372403,53.71839521902965],[-2.095844545686357,53.71864827614113],[-2.095800728724688,53.71891144836663],[-2.0958445177057112,53.71917462223888],[-2.095974231435749,53.71942768403988],[-2.09618488643887,53.71966090847968],[-2.096468388263537,53.71986533247449],[-2.0965358936808274,53.719898115967005],[-2.0966133990649354,53.71995400247446],[-2.096958853940183,53.72012176965369],[-2.097352985314557,53.720246432347565],[-2.097780646038409,53.720323199439264],[-2.0982254,53.72034912054559],[-2.0986701539615904,53.720323199439264],[-2.0989355914703,53.720275552170214],[-2.098934168521732,53.72028409836555],[-2.0989779589312283,53.720547272237845],[-2.099107676894238,53.72080033403896],[-2.0993183387722736,53.72103355847895],[-2.0996018498496727,53.72123798247396],[-2.0999473152716073,53.721405749653385],[-2.1003414586789786,53.721530412347434],[-2.100769132459646,53.72160717943923],[-2.1012139,53.7216331005456],[-2.1016586675403537,53.72160717943923],[-2.102086341321021,53.721530412347434],[-2.102480484728392,53.721405749653385],[-2.102825950150327,53.72123798247396],[-2.103109461227726,53.72103355847895],[-2.1033201231057617,53.72080033403896],[-2.1034498410687714,53.720547272237845],[-2.1034936314782677,53.72028409836555],[-2.1034498130858075,53.72002092614009],[-2.103320071399986,53.719767869028736],[-2.1031093936708745,53.71953465160747],[-2.1028258770273176,53.71933023589159],[-2.1024804171715408,53.719162476991336],[-2.1020862896152455,53.719037821316014],[-2.1016586395573893,53.718961058913976],[-2.1012139,53.71893513945443],[-2.1007691604426104,53.718961058913976],[-2.100503630494304,53.719008721053314],[-2.100505061881384,53.719000118366566],[-2.1004612448272924,53.71873694614106],[-2.1003315071028528,53.71848388902959],[-2.100120835805798,53.71825067160817],[-2.0998373278177227,53.71804625589209],[-2.0997698202789468,53.71801347252803],[-2.0996923102195124,53.71795758589212],[-2.099346861638272,53.717789826991655],[-2.098952746944609,53.71766517131615],[-2.0988446498031847,53.71764576744399],[-2.099034780430656,53.71755342687541],[-2.0993181329362907,53.717349099319485],[-2.0997001531045796,53.717469939247884],[-2.100127785597684,53.717546706339334],[-2.1005725102,53.71757262744559],[-2.101017234802316,53.717546706339334],[-2.1014448672954207,53.717469939247884],[-2.101838972652693,53.71734527655437],[-2.102184404724457,53.71717750937555],[-2.1024678884333206,53.71697308538115],[-2.102542405514048,53.71689057931824],[-2.102823589526178,53.717027143954446],[-2.10321769190267,53.71715180664792],[-2.1036453211613773,53.717228573739355],[-2.1040900424000006,53.717254494845584],[-2.1045347636386236,53.717228573739355],[-2.10481026853923,53.71717911568786],[-2.104996073212138,53.71738483848094],[-2.1052795596960077,53.71758926247539],[-2.10562499514928,53.71775702965429],[-2.1060191043646053,53.71788169234785],[-2.106446741044023,53.71795845943934],[-2.10689147,53.717984380545595],[-2.1073361989559767,53.71795845943934],[-2.107763835635394,53.71788169234785],[-2.1081579448507193,53.71775702965429],[-2.108503380303992,53.71758926247539],[-2.1087868667878618,53.71738483848094],[-2.1089975103925465,53.71715161404142],[-2.1091272171044206,53.71689855224063],[-2.1091710037170723,53.716635378368444]]],[[[-2.105180143663279,53.70943647837413],[-2.1051363365746765,53.70917330614833],[-2.1050066283466697,53.708920249036055],[-2.1047960049426817,53.708687031613394],[-2.1045125614032827,53.70848261589587],[-2.1041671906211383,53.70831485699396],[-2.1037731646851086,53.70819020131725],[-2.1033456248895313,53.70811343891428],[-2.102901,53.70808751945441],[-2.1024563751104686,53.70811343891428],[-2.1020288353148917,53.70819020131725],[-2.101634809378862,53.70831485699396],[-2.1012894385967176,53.70848261589587],[-2.1010059950573186,53.708687031613394],[-2.1007953716533305,53.708920249036055],[-2.100665663425324,53.70917330614833],[-2.100621856336721,53.70943647837413],[-2.1006656354606754,53.70969965224609],[-2.100795319981398,53.70995271404627],[-2.1010059275446853,53.71018593848487],[-2.1012893655215703,53.71039036247823],[-2.101634741866229,53.71055812965603],[-2.102028783642959,53.71068279234867],[-2.1024563471458206,53.71075955943954],[-2.102901,53.71078548054558],[-2.1033456528541796,53.71075955943954],[-2.1037732163570406,53.71068279234867],[-2.104167258133771,53.71055812965603],[-2.10451263447843,53.71039036247823],[-2.104796072455315,53.71018593848487],[-2.105006680018602,53.70995271404627],[-2.1051363645393244,53.70969965224609],[-2.105180143663279,53.70943647837413]]],[[[-2.100107204926267,53.79195546830871],[-2.1000633116615846,53.79169229608541],[-2.099933348364726,53.79143923898021],[-2.0997223108080076,53.791206021568165],[-2.099438309952161,53.791001605863165],[-2.099092260108791,53.79083384697377],[-2.0986974594611167,53.79070919130767],[-2.098269079070706,53.790632428911785],[-2.09782358,53.79060650945441],[-2.0973780809292943,53.790632428911785],[-2.0969497005388837,53.79070919130767],[-2.0965548998912094,53.79083384697377],[-2.096208850047839,53.791001605863165],[-2.095924849191993,53.791206021568165],[-2.0957138116352745,53.79143923898021],[-2.095583848338416,53.79169229608541],[-2.0955399550737335,53.79195546830871],[-2.095583820234029,53.79221864218316],[-2.0957137597051383,53.792471703990444],[-2.095924781342,53.79270492843964],[-2.0962087766075364,53.79290935244552],[-2.096554832041217,53.79307711963583],[-2.0969496486087476,53.79320178233909],[-2.097378052824907,53.79327854943706],[-2.09782358,53.793304470545586],[-2.0982691071750934,53.79327854943706],[-2.098697511391253,53.79320178233909],[-2.0990923279587834,53.79307711963583],[-2.099438383392464,53.79290935244552],[-2.0997223786580004,53.79270492843964],[-2.0999334002948618,53.792471703990444],[-2.1000633397659714,53.79221864218316],[-2.100107204926267,53.79195546830871]]],[[[-2.094508547307211,53.71915003536645],[-2.094464730096857,53.71888686314094],[-2.094334991909904,53.718633806029494],[-2.0941243198618706,53.718400588608084],[-2.0938408108632194,53.718196172892036],[-2.0934953603223634,53.718028413991604],[-2.0931012433930603,53.71790375831613],[-2.092673604865939,53.717826995913995],[-2.0922288773,53.71780107645443],[-2.0917841497340612,53.717826995913995],[-2.0913565112069405,53.71790375831613],[-2.090962394277637,53.718028413991604],[-2.0909070727779993,53.718055279411836],[-2.0907462339211675,53.718064653313995],[-2.090702527191702,53.71807249875909],[-2.0906944166718278,53.71806352020826],[-2.090410909945309,53.71785910449216],[-2.090314711089073,53.717812387692575],[-2.0902799259937423,53.71778730669221],[-2.089934478811059,53.71761954779169],[-2.08954036571295,53.71749489211618],[-2.0891127313428366,53.71741812971401],[-2.0886680081,53.71739221025442],[-2.0882232848571634,53.71741812971401],[-2.08779565048705,53.71749489211618],[-2.0874015373889407,53.71761954779169],[-2.0870560902062576,53.71778730669221],[-2.086772583963712,53.717991722408314],[-2.0865619139637945,53.718224939829774],[-2.0864321770382372,53.71847799694127],[-2.0863883602540514,53.71874116916677],[-2.086432149057879,53.71900434303902],[-2.0865618622628346,53.71925740484],[-2.086772516413152,53.71949062927978],[-2.0870560170900583,53.71969505327458],[-2.0871522122485295,53.71974176991084],[-2.0871869955381754,53.71976685107453],[-2.0875324488762184,53.719934618253724],[-2.087926578496755,53.72005928094758],[-2.088354237317546,53.72013604803926],[-2.0887989893,53.720161969145586],[-2.0892437412824543,53.72013604803926],[-2.0892873712396796,53.72012821622389],[-2.089295443174678,53.72013715287944],[-2.0895789482095175,53.72034157687431],[-2.0899244062682376,53.72050934405361],[-2.0903185412747205,53.72063400674753],[-2.0907462059397175,53.72071077383926],[-2.091190964,53.72073669494559],[-2.091635722060283,53.72071077383926],[-2.0920633867252794,53.72063400674753],[-2.0924575217317622,53.72050934405361],[-2.092512820678612,53.720482488844716],[-2.0926736328469877,53.72047311643926],[-2.093101295095296,53.72039634934757],[-2.0934954278745903,53.72027168665366],[-2.093840883981223,53.7201039194744],[-2.0941243874140976,53.71989949547956],[-2.09433504361214,53.71966627103972],[-2.094464758077906,53.7194132092387],[-2.094508547307211,53.71915003536645]]],[[[-2.092279088339362,53.709999062873685],[-2.0922352806646956,53.709735890647906],[-2.0921055707020217,53.70948283353567],[-2.0918949444814725,53.709249616113084],[-2.0916114971518867,53.70904520039565],[-2.0912661217515964,53.708877441493826],[-2.0908720905469234,53.70875278581718],[-2.090444545034645,53.70867602341426],[-2.0899999142,53.70865010395442],[-2.0895552833653546,53.70867602341426],[-2.0891277378530764,53.70875278581718],[-2.0887337066484033,53.708877441493826],[-2.088388331248113,53.70904520039565],[-2.0881048839185277,53.709249616113084],[-2.087894257697978,53.70948283353567],[-2.0877645477353046,53.709735890647906],[-2.087720740060638,53.709999062873685],[-2.087764519769707,53.71026223674567],[-2.0878942060242913,53.71051529854589],[-2.0881048164036025,53.71074852298456],[-2.0883882581704847,53.71095294697801],[-2.088733639133478,53.711120714155896],[-2.0891276861793897,53.71124537684861],[-2.0895552553997567,53.711322143939526],[-2.0899999142,53.711348065045584],[-2.090444573000243,53.711322143939526],[-2.0908721422206105,53.71124537684861],[-2.091266189266522,53.711120714155896],[-2.0916115702295155,53.71095294697801],[-2.0918950119963977,53.71074852298456],[-2.0921056223757084,53.71051529854589],[-2.092235308630293,53.71026223674567],[-2.092279088339362,53.709999062873685]]],[[[-2.0843810023869365,53.71921423396639],[-2.084337185109667,53.7189510617409],[-2.084207446724651,53.71869800462945],[-2.0839967743550254,53.71846478720805],[-2.083713264923615,53.71826037149201],[-2.0833678138554643,53.718092612591576],[-2.082973696324593,53.71796795691612],[-2.082546057144745,53.717891194513996],[-2.0821013289,53.717865275054415],[-2.0816566006552546,53.717891194513996],[-2.0812289614754067,53.71796795691612],[-2.0808348439445354,53.718092612591576],[-2.080489392876385,53.71826037149201],[-2.0802058834449744,53.71846478720805],[-2.0799952110753486,53.71869800462945],[-2.079865472690333,53.7189510617409],[-2.07983349836691,53.719143103656286],[-2.0797954986594767,53.71914992451598],[-2.079401370052654,53.71927458019128],[-2.0790559092760534,53.719442339091536],[-2.0787723918767624,53.7196467548074],[-2.0785617135860495,53.71987997222865],[-2.0784319715543482,53.72013302933999],[-2.078388153045031,53.72039620156546],[-2.0784319435711947,53.720659375437755],[-2.078561661879924,53.72091243723888],[-2.0787723243194534,53.72114566167887],[-2.0790558361525493,53.7213500856739],[-2.079401302495345,53.72151785285336],[-2.079795446953351,53.721642515547416],[-2.0800739387469966,53.72169250446202],[-2.0801092642845154,53.72170367744741],[-2.0805369398271965,53.72178044453923],[-2.0809817092,53.7218063656456],[-2.0814264785728036,53.72178044453923],[-2.0818541541154847,53.72170367744741],[-2.082248299146705,53.721579014753345],[-2.0825937659919123,53.721411247573876],[-2.0828772782373077,53.72120682357885],[-2.083087940983182,53.72097359913883],[-2.0832176594805314,53.72072053733771],[-2.0832614500703475,53.72045736346541],[-2.0832475603197227,53.72037394229656],[-2.0833678814079533,53.72033588525365],[-2.083713338041902,53.72016811807437],[-2.0839968419075143,53.71996369407952],[-2.0842074984270877,53.719730469639664],[-2.0843372130908238,53.719477407838646],[-2.0843810023869365,53.71921423396639]]],[[[-2.0828604156565436,53.72682225836037],[-2.082816590447359,53.7265590861351],[-2.0826868285850035,53.72630602902431],[-2.0824761180954536,53.72607281160388],[-2.0821925573668767,53.725868395888995],[-2.081847043795784,53.725700636989714],[-2.081452854958003,53.72557598131524],[-2.081025138407147,53.72549921891377],[-2.0805803297,53.72547329945442],[-2.0801355209928527,53.72549921891377],[-2.079707804441997,53.72557598131524],[-2.0793136156042156,53.725700636989714],[-2.0789681020331234,53.725868395888995],[-2.078684541304546,53.72607281160388],[-2.0784738308149966,53.72630602902431],[-2.0783440689526413,53.7265590861351],[-2.0783002437434566,53.72682225836037],[-2.07834404095863,53.72708543223286],[-2.0784737790888084,53.72733849403454],[-2.078684473721024,53.72757171847537],[-2.078968028881246,53.72777614247136],[-2.0793135480206937,53.72794390965179],[-2.0797077527158083,53.72806857234667],[-2.0801354929988416,53.72814533943903],[-2.0805803297,53.728171260545594],[-2.0810251664011585,53.72814533943903],[-2.0814529066841914,53.72806857234667],[-2.0818471113793064,53.72794390965179],[-2.082192630518754,53.72777614247136],[-2.082476185678976,53.72757171847537],[-2.0826868803111918,53.72733849403454],[-2.0828166184413703,53.72708543223286],[-2.0828604156565436,53.72682225836037]]],[[[-2.0799444510483043,53.712526148371694],[-2.0799006407408376,53.71226297614599],[-2.07977092298545,53.71200991903397],[-2.079560284111949,53.71177670161171],[-2.0792768197555556,53.71157228589466],[-2.0789314236089806,53.71140452699321],[-2.0785373687357667,53.7112798713169],[-2.0781097975421225,53.7112031089142],[-2.07766514,53.711177189454425],[-2.0772204824578777,53.7112031089142],[-2.076792911264233,53.7112798713169],[-2.076398856391019,53.71140452699321],[-2.0760534602444447,53.71157228589466],[-2.0757699958880513,53.71177670161171],[-2.07555935701455,53.71200991903397],[-2.0754296392591627,53.71226297614599],[-2.075385828951696,53.712526148371694],[-2.075429611289299,53.71278932224374],[-2.075559305332981,53.71304238404419],[-2.075769928362828,53.713275608483194],[-2.0760533871556697,53.713480032477015],[-2.076398788865796,53.713647799655284],[-2.076792859582665,53.71377246234833],[-2.0772204544880144,53.71384922943946],[-2.07766514,53.71387515054559],[-2.078109825511986,53.71384922943946],[-2.0785374204173355,53.71377246234833],[-2.0789314911342043,53.713647799655284],[-2.0792768928443306,53.713480032477015],[-2.079560351637172,53.713275608483194],[-2.079770974667019,53.71304238404419],[-2.079900668710701,53.71278932224374],[-2.0799444510483043,53.712526148371694]]],[[[-2.0720521177064217,53.68993184838955],[-2.0720083309241804,53.689668676163166],[-2.07187868280013,53.689415619049214],[-2.071668156986346,53.68918240162406],[-2.0713848447720022,53.68897798590359],[-2.0710396340026436,53.68881022699872],[-2.0706457906183005,53.68868557131951],[-2.070218448899013,53.68860880891486],[-2.06977403,53.6885828894544],[-2.0693296111009873,53.68860880891486],[-2.0689022693816996,53.68868557131951],[-2.068508425997357,53.68881022699872],[-2.0681632152279983,53.68897798590359],[-2.0678799030136545,53.68918240162406],[-2.0676693771998704,53.689415619049214],[-2.06753972907582,53.689668676163166],[-2.067495942293579,53.68993184838955],[-2.0675397011440646,53.69019502226092],[-2.0676693255887155,53.69044808405943],[-2.0678798355804306,53.69068130849553],[-2.068163142238803,53.69088573248596],[-2.068508358564133,53.69105349966079],[-2.0689022177705447,53.69117816235093],[-2.0693295831692313,53.691254929440134],[-2.06977403,53.69128085054559],[-2.0702184768307688,53.691254929440134],[-2.070645842229456,53.69117816235093],[-2.071039701435867,53.69105349966079],[-2.0713849177611974,53.69088573248596],[-2.07166822441957,53.69068130849553],[-2.071878734411285,53.69044808405943],[-2.072008358855936,53.69019502226092],[-2.0720521177064217,53.68993184838955]]],[[[-2.0630766287599616,53.70473024837785],[-2.0630328265732256,53.704467076151914],[-2.0629031328540486,53.70421401903922],[-2.0626925330079047,53.70398080161597],[-2.0624091211697935,53.70377638589773],[-2.062063789014028,53.703608626995106],[-2.0616698071451682,53.703483971317794],[-2.061242315164331,53.70340720891442],[-2.06079774,53.70338128945441],[-2.0603531648356688,53.70340720891442],[-2.0599256728548316,53.703483971317794],[-2.0595316909859718,53.703608626995106],[-2.059186358830207,53.70377638589773],[-2.0589029469920956,53.70398080161597],[-2.0586923471459517,53.70421401903922],[-2.0585626534267747,53.704467076151914],[-2.0585188512400383,53.70473024837785],[-2.058562625470068,53.704993422249665],[-2.058692295488693,53.705246484049454],[-2.058902879498634,53.70547970848744],[-2.059186285775811,53.7056841324801],[-2.059531623492511,53.705851899657176],[-2.0599256211975727,53.70597656234923],[-2.0603531368789616,53.70605332943969],[-2.06079774,53.706079250545585],[-2.0612423431210383,53.70605332943969],[-2.061669858802427,53.70597656234923],[-2.0620638565074887,53.705851899657176],[-2.0624091942241893,53.7056841324801],[-2.0626926005013657,53.70547970848744],[-2.062903184511307,53.705246484049454],[-2.0630328545299323,53.704993422249665],[-2.0630766287599616,53.70473024837785]]],[[[-2.0625954485561526,53.714030449270496],[-2.062551636681266,53.713767277044845],[-2.062421914286537,53.713514219932954],[-2.0622112678801825,53.71328100251088],[-2.0619277933869897,53.71307658679405],[-2.06158238488925,53.712908827892846],[-2.061188315925124,53.71278417221672],[-2.0607607294422454,53.71270740981414],[-2.060316056,53.71268149035442],[-2.059871382557755,53.71270740981414],[-2.0594437960748766,53.71278417221672],[-2.0590497271107506,53.712908827892846],[-2.0587043186130107,53.71307658679405],[-2.058420844119818,53.71328100251088],[-2.0582101977134633,53.713514219932954],[-2.0580804753187345,53.713767277044845],[-2.058036663443848,53.714030449270496],[-2.0580804473463314,53.714293623142595],[-2.0582101460272018,53.71454668494317],[-2.0584207765884632,53.71477990938236],[-2.058704245517599,53.71498433337643],[-2.059049659579396,53.71515210055491],[-2.059443744388615,53.715276763248156],[-2.0598713545853524,53.715353530339414],[-2.060316056,53.71537945144559],[-2.060760757414648,53.715353530339414],[-2.0611883676113854,53.715276763248156],[-2.0615824524206046,53.71515210055491],[-2.0619278664824017,53.71498433337643],[-2.0622113354115372,53.71477990938236],[-2.0624219659727987,53.71454668494317],[-2.062551664653669,53.714293623142595],[-2.0625954485561526,53.714030449270496]]],[[[-2.056937433001264,53.7155279198693],[-2.056893619565933,53.715264747643694],[-2.0567638925525094,53.71501169053193],[-2.056553238646825,53.71477847311005],[-2.0562697540619452,53.71457405739345],[-2.055924333268006,53.71440629849247],[-2.0555302502756776,53.714281642816545],[-2.055102648571607,53.7142048804141],[-2.0546579593,53.71417896095441],[-2.0542132700283937,53.7142048804141],[-2.053785668324323,53.714281642816545],[-2.0533915853319944,53.71440629849247],[-2.0530461645380553,53.71457405739345],[-2.0527626799531755,53.71477847311005],[-2.052552026047491,53.71501169053193],[-2.0524222990340677,53.715264747643694],[-2.0523784855987364,53.7155279198693],[-2.052422271059136,53.71579109374145],[-2.052551974356558,53.71604415554216],[-2.052762612415717,53.716277379981534],[-2.0530460914360367,53.716481803975825],[-2.053391517794535,53.716649571154534],[-2.0537856166333897,53.716774233847964],[-2.054213242053462,53.71685100093935],[-2.0546579593,53.71687692204558],[-2.0551026765465386,53.71685100093935],[-2.055530301966611,53.716774233847964],[-2.0559244008054653,53.716649571154534],[-2.056269827163964,53.716481803975825],[-2.056553306184284,53.716277379981534],[-2.0567639442434427,53.71604415554216],[-2.056893647540864,53.71579109374145],[-2.056937433001264,53.7155279198693]]],[[[-2.0464481159756356,53.73357426195501],[-2.0464042837239464,53.733311089729945],[-2.046274501016781,53.73305803261974],[-2.046063756681722,53.732824815200175],[-2.0457801504079667,53.732620399486315],[-2.0454345813424326,53.732452640588065],[-2.045040329193437,53.73232798491445],[-2.044612543947241,53.732251222513554],[-2.0441676638,53.73222530305441],[-2.04372278365276,53.732251222513554],[-2.0432949984065636,53.73232798491445],[-2.042900746257568,53.732452640588065],[-2.042555177192034,53.732620399486315],[-2.042271570918279,53.732824815200175],[-2.042248531569202,53.73285031138985],[-2.0421688030883414,53.73288901588621],[-2.0418851950022687,53.73309343160005],[-2.0416744493204413,53.73332664901955],[-2.0415446657838263,53.733579706129746],[-2.0415008332519045,53.73384287835481],[-2.041544637777946,53.7341060522275],[-2.0416743975723217,53.734359114029786],[-2.041885127390092,53.73459233847151],[-2.0421687299054487,53.73479676246858],[-2.042514306749914,53.73496452965007],[-2.042908577282224,53.73508919234585],[-2.04333638900416,53.7351659594388],[-2.0437813,53.73519188054559],[-2.04422621099584,53.7351659594388],[-2.044654022717776,53.73508919234585],[-2.0450482932500864,53.73496452965007],[-2.0453938700945513,53.73479676246858],[-2.0456774726099085,53.73459233847151],[-2.045700505260585,53.734566847171074],[-2.0457802235896727,53.734528146068676],[-2.0460638242928018,53.73432372207166],[-2.0462745527640616,53.73409049762996],[-2.0464043117293724,53.73383743582771],[-2.0464481159756356,53.73357426195501]]],[[[-2.0446738253282675,53.76499997833011],[-2.0446299602609646,53.764736806106],[-2.044500080424282,53.76448374899848],[-2.044289178381002,53.76425053158297],[-2.0440053598826755,53.76404611587386],[-2.0436595322324917,53.76387835698037],[-2.0432649850754303,53.76375370131081],[-2.0428368797330307,53.76367693891261],[-2.0423916667,53.763651019454414],[-2.041946453666969,53.76367693891261],[-2.041518348324569,53.76375370131081],[-2.0411238011675077,53.76387835698037],[-2.0407779735173244,53.76404611587386],[-2.0404941550189974,53.76425053158297],[-2.0402832529757173,53.76448374899848],[-2.040153373139035,53.764736806106],[-2.040109508071732,53.76499997833011],[-2.040153345080398,53.765263152203744],[-2.040283201130117,53.765516214008706],[-2.040494087279456,53.765749438454435],[-2.040777900196573,53.765953862456236],[-2.041123733427966,53.76612162964245],[-2.0415182964789684,53.76624629234223],[-2.0419464256083324,53.76632305943787],[-2.0423916667,53.766348980545594],[-2.0428369077916675,53.76632305943787],[-2.043265036921031,53.76624629234223],[-2.0436595999720337,53.76612162964245],[-2.0440054332034268,53.765953862456236],[-2.0442892461205435,53.765749438454435],[-2.044500132269883,53.765516214008706],[-2.0446299883196013,53.765263152203744],[-2.0446738253282675,53.76499997833011]]],[[[-2.0323400810791945,53.70520331167747],[-2.0322962783997927,53.704940139451544],[-2.0321665832223963,53.7046870823389],[-2.031955981008555,53.704453864915706],[-2.0316725659842843,53.704249449197555],[-2.0313272299463483,53.70408169029499],[-2.0309332436484873,53.703957034617744],[-2.030505746861997,53.703880272214406],[-2.0300611667,53.70385435275442],[-2.0296165865380034,53.703880272214406],[-2.029189089751513,53.703957034617744],[-2.028795103453652,53.70408169029499],[-2.028449767415716,53.704249449197555],[-2.0281663523914455,53.704453864915706],[-2.027955750177604,53.7046870823389],[-2.027826055000207,53.704940139451544],[-2.027782252320806,53.70520331167747],[-2.0278260270427024,53.705466485549316],[-2.0279556985188707,53.70571954734913],[-2.0281662848960575,53.70595277178718],[-2.0284496943592347,53.706157195779916],[-2.0287950359582645,53.70632496295706],[-2.0291890380927797,53.706449625649164],[-2.029616558580498,53.70652639273967],[-2.0300611667,53.706552313845584],[-2.030505774819502,53.70652639273967],[-2.0309332953072206,53.706449625649164],[-2.031327297441736,53.70632496295706],[-2.0316726390407656,53.706157195779916],[-2.0319560485039427,53.70595277178718],[-2.0321666348811296,53.70571954734913],[-2.032296306357298,53.705466485549316],[-2.0323400810791945,53.70520331167747]]],[[[-2.0281578306087016,53.744964577745996],[-2.0281139864701236,53.744701405521276],[-2.027984168579466,53.74444834841204],[-2.0277733671173217,53.74421513099394],[-2.0274896839688723,53.74401071528182],[-2.027144021235504,53.743842956385286],[-2.0267496622249177,53.743718300713134],[-2.026321761029385,53.74364153831322],[-2.0258767603,53.74361561885441],[-2.025431759570615,53.74364153831322],[-2.0250038583750825,53.743718300713134],[-2.0246094993644963,53.743842956385286],[-2.024263836631128,53.74401071528182],[-2.0239801534826785,53.74421513099394],[-2.023769352020534,53.74444834841204],[-2.0236395341298765,53.744701405521276],[-2.0235956899912986,53.744964577745996],[-2.0236395061051793,53.74522775161903],[-2.0237693002376465,53.74548081342227],[-2.0239800858250745,53.74571403786542],[-2.024263763399065,53.745918461864186],[-2.0246094317068932,53.74608622904735],[-2.0250038065921943,53.74621089174456],[-2.0254317315459183,53.746287658838476],[-2.0258767603,53.7463135799456],[-2.026321789054082,53.746287658838476],[-2.0267497140078055,53.74621089174456],[-2.027144088893107,53.74608622904735],[-2.027489757200935,53.745918461864186],[-2.0277734347749257,53.74571403786542],[-2.0279842203623537,53.74548081342227],[-2.028114014494821,53.74522775161903],[-2.0281578306087016,53.744964577745996]]],[[[-2.0220525210629754,53.74037267834964],[-2.0220086817174696,53.74010950612478],[-2.0218788780136197,53.73985644901515],[-2.0216680995864547,53.73962323159647],[-2.0213844474356817,53.73941881588362],[-2.0210388224713776,53.73925105698641],[-2.020644506549887,53.73912640131367],[-2.0202166521078415,53.73904963891336],[-2.0197717,53.73902371945443],[-2.019326747892159,53.73904963891336],[-2.018898893450114,53.73912640131367],[-2.0185045775286232,53.73925105698641],[-2.0181589525643187,53.73941881588362],[-2.0181459194172366,53.73942820830333],[-2.018112265077055,53.73944454338361],[-2.0178286127526324,53.73964895909645],[-2.017617834196424,53.73988217651513],[-2.0174880304130998,53.74013523362475],[-2.017444191040743,53.74039840584961],[-2.0174880023961306,53.74066157972251],[-2.017617782427815,53.74091464152534],[-2.0178285451136846,53.74114786596792],[-2.0181121918651854,53.741352289965974],[-2.018457822613995,53.741520057148456],[-2.0188521546472105,53.741644719845084],[-2.01928003310281,53.74172148693861],[-2.0197250135,53.74174740804559],[-2.0201699938971895,53.74172148693861],[-2.0205978723527895,53.741644719845084],[-2.0209922043860047,53.741520057148456],[-2.0213378351348146,53.741352289965974],[-2.0213508676258414,53.7413428974596],[-2.0213845206474375,53.741326562466],[-2.021668167225297,53.741122138467944],[-2.021878929782149,53.74088891402537],[-2.0220087097343957,53.74063585222253],[-2.0220525210629754,53.74037267834964]]],[[[-2.021473977320353,53.75798857803567],[-2.021430119579952,53.75772540581134],[-2.0213002614298468,53.75747234870324],[-2.021089394598843,53.757239131286816],[-2.0208056234849208,53.757034715576644],[-2.0204598535701797,53.756866956682096],[-2.020065372280992,53.75674230101162],[-2.0196373384080153,53.75666553861283],[-2.0191921997,53.75663961915442],[-2.0187470609919846,53.75666553861283],[-2.018319027119008,53.75674230101162],[-2.01792454582982,53.756866956682096],[-2.017578775915079,53.757034715576644],[-2.0172950048011566,53.757239131286816],[-2.017084137970153,53.75747234870324],[-2.016954279820048,53.75772540581134],[-2.016944885285041,53.75778177854399],[-2.01693938071365,53.75778444917636],[-2.0166556045338413,53.75798886488642],[-2.016444733938278,53.75822208230274],[-2.0163148734696517,53.75847513941079],[-2.0162710149459286,53.75873831163509],[-2.016314845421628,53.75900148550854],[-2.0164446821122883,53.759254547312956],[-2.016655536819922,53.75948777175788],[-2.0169393074206323,53.759692195758724],[-2.0172850890869927,53.75985996294399],[-2.0176795933060725,53.75998462564298],[-2.0181076585978417,53.76006139273807],[-2.0185528333,53.76008731384561],[-2.0189980080021583,53.76006139273807],[-2.0194260732939275,53.75998462564298],[-2.019820577513007,53.75985996294399],[-2.019978302447166,53.759783437578925],[-2.0200050912473704,53.759774972344],[-2.020350872213965,53.75960720515875],[-2.020442665337987,53.75954107866225],[-2.020546851431213,53.75949052915881],[-2.0208306206693245,53.75928610515799],[-2.021041474364528,53.75905288071309],[-2.021171310431821,53.758799818908685],[-2.021190935657656,53.758681981458686],[-2.021196952327567,53.75867025440878],[-2.021207386997042,53.75860760042231],[-2.0213003132534895,53.75850481371346],[-2.021430147626705,53.75825175190911],[-2.021473977320353,53.75798857803567]]],[[[-2.0152552128419607,53.741833387648484],[-2.015211371971896,53.741570215423664],[-2.015081563755569,53.74131715831417],[-2.0148707780015385,53.74108394089566],[-2.014587115991161,53.74087952518304],[-2.0142414790134384,53.74071176628605],[-2.0138471493863577,53.740587110613504],[-2.0134192800731685,53.74051034821332],[-2.0129743125000004,53.740484428754414],[-2.0125293449268318,53.74051034821332],[-2.0121877289275893,53.7405716362357],[-2.0118264670358497,53.7405068236133],[-2.0113814995,53.74048090415442],[-2.0109365319641506,53.7405068236133],[-2.01056981069662,53.74057261568156],[-2.0105653365559335,53.7405712013135],[-2.01013746740472,53.7404944389133],[-2.009819728865386,53.740475930566575],[-2.0100313237854524,53.74040903594874],[-2.0103769453971307,53.740241268766425],[-2.010660584650322,53.74003684476853],[-2.0108713417648385,53.739803620326114],[-2.01100111836617,53.739550558523355],[-2.0110449285639396,53.7392873846505],[-2.01100109035108,53.73902421242561],[-2.010941163846881,53.73890738047725],[-2.0109524495021276,53.738903812449095],[-2.0112980587357,53.73873604526703],[-2.0115816878309034,53.73853162126936],[-2.011792437397887,53.738298396827126],[-2.0119222093521056,53.7380453350245],[-2.011966017981646,53.737782161151685],[-2.0119221813395622,53.73751898892675],[-2.0117923856374564,53.73726593181689],[-2.0115816202026418,53.73703271439788],[-2.0112979855353967,53.73682829868466],[-2.0109523818738655,53.73666053978704],[-2.0105580902557896,53.73653588411396],[-2.0101313333626893,53.73645931390804],[-2.0100601365791158,53.73638053159825],[-2.0097765063130533,53.736176115884916],[-2.009430908014136,53.7360083569872],[-2.0090366225140346,53.735883701314044],[-2.008608801080481,53.73580693891346],[-2.0081638833,53.735781019454414],[-2.007718965519519,53.73580693891346],[-2.0072911440859653,53.735883701314044],[-2.006896858585864,53.7360083569872],[-2.006551260286946,53.736176115884916],[-2.006267630020884,53.73638053159825],[-2.006056867856674,53.736613749017344],[-2.0059270741688717,53.736866806127246],[-2.005883238207329,53.73712997835221],[-2.0059270461574314,53.737393152225],[-2.006056816098282,53.73764621402756],[-2.0062675623952857,53.73787943846971],[-2.0065511870895256,53.738083862467285],[-2.0068967909602655,53.73825162964927],[-2.007153177199347,53.738332688967056],[-2.0071514606098275,53.73833352218407],[-2.006867815784088,53.73853793789707],[-2.0066570428002977,53.73877115531588],[-2.0065272424489202,53.73902421242561],[-2.006483404236061,53.7392873846505],[-2.0065272144338304,53.739550558523355],[-2.006656991035162,53.739803620326114],[-2.0068677481496784,53.74003684476853],[-2.0071513874028697,53.740241268766425],[-2.007497009014548,53.74040903594874],[-2.007891330622966,53.74053369864523],[-2.008319197766783,53.740610465738655],[-2.008636909369278,53.74062897364193],[-2.008425333966266,53.740695856986044],[-2.0080796971193933,53.74086361588306],[-2.007796035216406,53.74106803159567],[-2.0075852495421795,53.741301249014164],[-2.0074554413750025,53.74155430612367],[-2.007411600521543,53.74181747834849],[-2.0074554133556317,53.742080652221425],[-2.0075851977691337,53.74233371402438],[-2.0077959675716617,53.74256693846714],[-2.008079623901249,53.74277136246542],[-2.008425266321521,53.74293912964812],[-2.00881961167102,53.74306379234492],[-2.009247504575909,53.743140559438565],[-2.0096925,53.74316648054559],[-2.0101374954240905,53.743140559438565],[-2.0105041744380316,53.74307477456137],[-2.010508610913761,53.74307617704492],[-2.010936503944759,53.74315294413857],[-2.0113814995,53.74317886524559],[-2.011826495055242,53.74315294413857],[-2.012168083060919,53.74309166078847],[-2.0125293169074343,53.743156468738576],[-2.0129743125000004,53.7431823898456],[-2.013419308092566,53.743156468738576],[-2.0138472011594537,53.74307970164492],[-2.014241546658248,53.74295503894812],[-2.014587189209376,53.74278727176542],[-2.014870845646348,53.74258284776714],[-2.0150816155286644,53.74234962332438],[-2.0152113999912933,53.742096561521414],[-2.0152552128419607,53.741833387648484]]],[[[-2.0133029802204145,53.74485611144608],[-2.01325913619507,53.744592939221356],[-2.0131293186395673,53.74433988211211],[-2.0129185177216113,53.74410666469401],[-2.0126348353054646,53.74390224898185],[-2.012289173464368,53.74373449008531],[-2.011894815471737,53.74360983441314],[-2.0114669153807285,53.74353307201322],[-2.0110219158,53.743507152554415],[-2.010576916219271,53.74353307201322],[-2.0101490161282625,53.74360983441314],[-2.0097546581356314,53.74373449008531],[-2.0094089962945354,53.74390224898185],[-2.009125313878388,53.74410666469401],[-2.008914512960432,53.74433988211211],[-2.00878469540493,53.744592939221356],[-2.008740851379585,53.74485611144608],[-2.0087846673804166,53.74511928531911],[-2.0089144611778837,53.74537234712234],[-2.009125246221228,53.74560557156548],[-2.0094089230629533,53.74580999556421],[-2.0097545904784715,53.74597776274738],[-2.010148964345714,53.74610242544457],[-2.0105768881947577,53.74617919253848],[-2.0110219158,53.746205113645594],[-2.011466943405242,53.74617919253848],[-2.011894867254286,53.74610242544457],[-2.012289241121528,53.74597776274738],[-2.0126349085370467,53.74580999556421],[-2.0129185853787717,53.74560557156548],[-2.013129370422116,53.74537234712234],[-2.013259164219583,53.74511928531911],[-2.0133029802204145,53.74485611144608]]],[[[-2.0127842987128,53.7531616450395],[-2.0127404460147327,53.752898472815026],[-2.0126106027892106,53.752645415706496],[-2.0123997601911014,53.75241219828946],[-2.0121160216868663,53.75220778257856],[-2.0117702915053393,53.752040023683286],[-2.0113758555460604,53.75191536801218],[-2.010947870857948,53.751838605612974],[-2.0105027833,53.75181268615442],[-2.0100576957420526,53.751838605612974],[-2.00962971105394,53.75191536801218],[-2.0092352750946616,53.752040023683286],[-2.008889544913134,53.75220778257856],[-2.008605806408899,53.75241219828946],[-2.0083949638107903,53.752645415706496],[-2.0082651205852677,53.752898472815026],[-2.0082212678872002,53.7531616450395],[-2.008265092546692,53.753424818912784],[-2.008394912002257,53.75367788071672],[-2.0086057387177885,53.75391110516093],[-2.0088894716448045,53.75411552916093],[-2.009235207403551,53.75428329634534],[-2.009629659245407,53.75440795904362],[-2.0100576677034763,53.75448472613823],[-2.0105027833,53.75451064724559],[-2.010947898896524,53.75448472613823],[-2.0113759073545934,53.75440795904362],[-2.0117703591964493,53.75428329634534],[-2.012116094955196,53.75411552916093],[-2.012399827882212,53.75391110516093],[-2.0126106545977436,53.75367788071672],[-2.0127404740533086,53.753424818912784],[-2.0127842987128,53.7531616450395]]],[[[-1.9956837844295077,53.73355497835504],[-1.9956399521979358,53.73329180612997],[-1.9955101695503146,53.73303874901976],[-1.9952994253119376,53.7328055316002],[-1.995015819168285,53.73260111588634],[-1.9946702502612739,53.73243335698807],[-1.9942759982931313,53.73230870131446],[-1.9938482132431674,53.73223193891356],[-1.9934033332999999,53.73220601945442],[-1.9929584533568325,53.73223193891356],[-1.9925306683068686,53.73230870131446],[-1.9921364163387258,53.73243335698807],[-1.9917908474317148,53.73260111588634],[-1.9915072412880623,53.7328055316002],[-1.9912964970496851,53.73303874901976],[-1.9911667144020642,53.73329180612997],[-1.9911228821704923,53.73355497835504],[-1.9911666863966706,53.733818152227734],[-1.9912964453024649,53.734071214029974],[-1.991507173677061,53.734304438471675],[-1.9917907742500944,53.7345088624687],[-1.9921363487277246,53.734676629650146],[-1.9925306165596486,53.734801292345885],[-1.9929584253514387,53.73487805943882],[-1.9934033332999999,53.734903980545596],[-1.9938482412485612,53.73487805943882],[-1.9942760500403511,53.734801292345885],[-1.9946703178722753,53.734676629650146],[-1.9950158923499055,53.7345088624687],[-1.9952994929229388,53.734304438471675],[-1.9955102212975349,53.734071214029974],[-1.9956399802033291,53.733818152227734],[-1.9956837844295077,53.73355497835504]]]]}},{"type":"Feature","properties":{"species":"Equisetum sylvaticum","commonName":"wood horsetail","observedAt":"2009-04-26 17:31:00 UTC","imageUrl":"https://inaturalist-open-data.s3.amazonaws.com/photos/54135588/medium.jpeg","locations":[],"common":false,"recordCount":20},"geometry":{"type":"MultiPolygon","coordinates":[[[[-2.1360195238810507,53.704603225877946],[-2.1359757218265982,53.70434005365201],[-2.1358460284989618,53.70408699653932],[-2.135635429288558,53.70385377911604],[-2.1353520183059493,53.70364936339779],[-2.1350066871925684,53.703481604495146],[-2.1346127065129212,53.70335694881781],[-2.1341852158224297,53.70328018641443],[-2.133740642,53.703254266954424],[-2.1332960681775703,53.70328018641443],[-2.1328685774870784,53.70335694881781],[-2.1324745968074312,53.703481604495146],[-2.1321292656940507,53.70364936339779],[-2.1318458547114414,53.70385377911604],[-2.1316352555010383,53.70408699653932],[-2.131505562173402,53.70434005365201],[-2.1314617601189494,53.704603225877946],[-2.131505534216909,53.704866399749775],[-2.1316352038441755,53.705119461549536],[-2.1317898596029434,53.70529074526333],[-2.1315376219,53.705276040054414],[-2.131093026717765,53.705301959514365],[-2.130665515488119,53.70537872191758],[-2.130271515879112,53.70550337759466],[-2.1299261681735016,53.70567113649698],[-2.129642743573384,53.705875552214934],[-2.1294321342435443,53.70610876963795],[-2.129344643535793,53.70627947296089],[-2.129225477699163,53.70624177141748],[-2.12879795770105,53.70616500901435],[-2.1283533534,53.70613908955441],[-2.1283170486186034,53.706141206043895],[-2.12827491,53.70613874945442],[-2.1278303057025436,53.706164668914354],[-2.1274027857078868,53.70624143131749],[-2.127008778020843,53.70636608699444],[-2.126663423234557,53.70653384589664],[-2.126379992823216,53.70673826161447],[-2.126169379174943,53.706971479037364],[-2.1260396769552967,53.707224536149816],[-2.125995871896643,53.70748770837567],[-2.1260396489939373,53.70775088224757],[-2.1261693275090874,53.7080039440476],[-2.1263799253185227,53.70823716848594],[-2.1266633501680037,53.70844159247902],[-2.127008710516149,53.708609359656506],[-2.1274027340420307,53.70873402234891],[-2.127830277741184,53.70881078943961],[-2.12827491,53.70883671054558],[-2.1283112147827197,53.7088345940547],[-2.1283533534,53.70883705064559],[-2.1287979856624104,53.708811129539605],[-2.1292255293650193,53.708734362448915],[-2.129619552894086,53.70860969975651],[-2.129964913245023,53.708441932579014],[-2.130248338096795,53.70823750858593],[-2.130458935907932,53.70800428414759],[-2.130546382185138,53.707833636665164],[-2.130665463824953,53.70787131294901],[-2.131092998757861,53.707948080039635],[-2.1315376219,53.707974001145594],[-2.1319822450421393,53.707948080039635],[-2.1324097799750468,53.70787131294901],[-2.1328037954220673,53.70774665025671],[-2.133149148689248,53.70757888307936],[-2.133432567727795,53.7073744590864],[-2.1336431612196214,53.70714123464818],[-2.1337728370763647,53.706888172848224],[-2.133816613276544,53.70662499897635],[-2.133772809116461,53.706361826750474],[-2.1336431095564556,53.70610876963795],[-2.1334884660208067,53.70593752571966],[-2.133740642,53.70595222804558],[-2.134185243778922,53.705926306939695],[-2.134612758169784,53.70584953984924],[-2.1350067546855125,53.7057248771572],[-2.1353520913597848,53.70555710998015],[-2.135635496781502,53.70535268598751],[-2.1358460801558246,53.705119461549536],[-2.1359757497830905,53.704866399749775],[-2.1360195238810507,53.704603225877946]]],[[[-2.1125106455049636,53.718697978366805],[-2.112466828765796,53.71843480614129],[-2.112337091973485,53.7181817490298],[-2.112126422189918,53.71794853160833],[-2.1120179181099594,53.717870297133544],[-2.1119874171427235,53.7178365316084],[-2.111703911946278,53.717632115892265],[-2.1113584660382134,53.717464356991734],[-2.1109643543942624,53.7173397013162],[-2.1105367216019713,53.71726293891402],[-2.1103941341540917,53.7172546285698],[-2.1102398832252556,53.7170838649088],[-2.109956383102199,53.71687944919254],[-2.1096109433757957,53.716711690291916],[-2.1092168387842345,53.716587034616275],[-2.108789213644085,53.71651027221404],[-2.108410182872089,53.7164881809809],[-2.1083820472269577,53.71643329893097],[-2.108171386201234,53.716200081509285],[-2.10788789203507,53.715995665792896],[-2.1075424595668326,53.71582790689213],[-2.1071483632558,53.71570325121638],[-2.1067207471003733,53.71562648881405],[-2.1062760428,53.71560056935442],[-2.1058313384996263,53.71562648881405],[-2.105766378385888,53.71563814995997],[-2.1056818101631607,53.715622968914076],[-2.1052371059,53.71559704945443],[-2.1047924016368396,53.715622968914076],[-2.1043647855171956,53.715699731316406],[-2.1039706892391417,53.715824386992146],[-2.103625256799811,53.71599214589291],[-2.103341762657371,53.7161965616093],[-2.1031311016492777,53.716429779030996],[-2.103001370261615,53.71668283614263],[-2.1029575553484294,53.716946008368204],[-2.1030013422842893,53.71720918224039],[-2.10313104995392,53.717462244041215],[-2.103341695114131,53.717695468480784],[-2.1036251836915345,53.71789989247528],[-2.1039706216959013,53.71806765965421],[-2.1043647338218374,53.71819232234782],[-2.1047923736595133,53.71826908943934],[-2.104979687114059,53.718280006956704],[-2.105290678762822,53.718378377147786],[-2.105718320492195,53.718455144239314],[-2.1061630547,53.71848106534559],[-2.1063474787991496,53.71847031628111],[-2.1064490492278867,53.71858277178028],[-2.1067325437856095,53.718787195774915],[-2.107077989077347,53.71895496295397],[-2.1074721095176385,53.71907962564771],[-2.10789975837709,53.719156392739286],[-2.1080423011826177,53.71916470063543],[-2.1081965153073496,53.719335438479874],[-2.108305012142602,53.719413672643405],[-2.1083355102596983,53.71944743847981],[-2.10861901064548,53.719651862474585],[-2.1089644630390505,53.71981962965377],[-2.1093585915820134,53.719944292347606],[-2.1097862492335455,53.720021059439276],[-2.110231,53.7200469805456],[-2.110675750766455,53.720021059439276],[-2.111103408417987,53.719944292347606],[-2.11149753696095,53.71981962965377],[-2.1118429893545203,53.719651862474585],[-2.112126489740302,53.71944743847981],[-2.1123371436743104,53.71921421404002],[-2.112466856746081,53.71896115223904],[-2.1125106455049636,53.718697978366805]]],[[[-2.1063622804563407,53.72478810736197],[-2.1063184573682623,53.724524935136635],[-2.1061887017840792,53.72427187802567],[-2.105978001488337,53.72403866060498],[-2.105694454477347,53.72383424488979],[-2.105348957620424,53.7236664859902],[-2.1049547878511183,53.72354183031546],[-2.104527091990364,53.72346506791381],[-2.1040823048,53.7234391484544],[-2.1036375176096365,53.72346506791381],[-2.1032098217488815,53.72354183031546],[-2.1028156519795753,53.7236664859902],[-2.102470155122653,53.72383424488979],[-2.102186608111663,53.72403866060498],[-2.1019759078159206,53.72427187802567],[-2.1018461522317375,53.724524935136635],[-2.101802329143659,53.72478810736197],[-2.1018461242411637,53.72505128123439],[-2.101975856096084,53.725304343035894],[-2.10218654053644,53.72553756747646],[-2.102470081979759,53.72574199147216],[-2.1028155844043526,53.725909758652264],[-2.1032097700290446,53.72603442134688],[-2.103637489619062,53.72611118843908],[-2.1040823048,53.726137109545576],[-2.1045271199809377,53.72611118843908],[-2.104954839570955,53.72603442134688],[-2.1053490251956473,53.725909758652264],[-2.105694527620241,53.72574199147216],[-2.1059780690635597,53.72553756747646],[-2.1061887535039157,53.725304343035894],[-2.106318485358836,53.72505128123439],[-2.1063622804563407,53.72478810736197]]],[[[-2.1010592164790163,53.72000738836577],[-2.101015398374996,53.71974421614029],[-2.100885657542916,53.71949115902893],[-2.1006749812000165,53.71925794160762],[-2.100391466421856,53.7190535258917],[-2.100046008838967,53.71888576699139],[-2.0996518838757123,53.718761111316034],[-2.0992242366314144,53.718684348913975],[-2.0987795,53.71865842945442],[-2.0983347633685856,53.718684348913975],[-2.0979071161242877,53.718761111316034],[-2.097512991161033,53.71888576699139],[-2.097167533578144,53.7190535258917],[-2.0968840187999835,53.71925794160762],[-2.096673342457084,53.71949115902893],[-2.096543601625004,53.71974421614029],[-2.0964997835209838,53.72000738836577],[-2.096543573642507,53.720270562238056],[-2.0966732907521717,53.72052362403914],[-2.0968839512442603,53.7207568484791],[-2.0971674604563564,53.720961272474064],[-2.0975129236053096,53.72112903965346],[-2.097907064419376,53.72125370234747],[-2.098334735386089,53.72133046943924],[-2.0987795,53.7213563905456],[-2.0992242646139108,53.72133046943924],[-2.0996519355806242,53.72125370234747],[-2.1000460763946904,53.72112903965346],[-2.1003915395436437,53.720961272474064],[-2.1006750487557397,53.7207568484791],[-2.1008857092478284,53.72052362403914],[-2.101015426357493,53.720270562238056],[-2.1010592164790163,53.72000738836577]]],[[[-2.0777602691310286,53.72594398156106],[-2.0777164448376975,53.72568080933576],[-2.077586685686136,53.72542775222491],[-2.0773759795980773,53.72519453480436],[-2.077092424792492,53.724990119089334],[-2.076746918438258,53.72482236018993],[-2.076352737833879,53.72469770451534],[-2.0759250302166126,53.72462094211379],[-2.0754802308,53.72459502265442],[-2.0750354313833883,53.72462094211379],[-2.0746077237661216,53.72469770451534],[-2.074213543161743,53.72482236018993],[-2.073868036807509,53.724990119089334],[-2.073584482001923,53.72519453480436],[-2.0733737759138644,53.72542775222491],[-2.0732440167623034,53.72568080933576],[-2.073200192468972,53.72594398156106],[-2.0732439887697764,53.72620715543353],[-2.073373724190419,53.726460217235115],[-2.0735844144219846,53.72669344167584],[-2.0738679636595103,53.72689786567171],[-2.074213475581804,53.727065632852],[-2.074607672042676,53.72719029554677],[-2.075035403390861,53.72726706263905],[-2.0754802308,53.72729298374559],[-2.0759250582091395,53.72726706263905],[-2.076352789557325,53.72719029554677],[-2.0767469860181964,53.727065632852],[-2.0770924979404906,53.72689786567171],[-2.077376047178016,53.72669344167584],[-2.0775867374095816,53.726460217235115],[-2.0777164728302244,53.72620715543353],[-2.0777602691310286,53.72594398156106]]],[[[-2.0651950557938865,53.73029867655761],[-2.0651512269590717,53.73003550433245],[-2.065021454365367,53.72978244722196],[-2.0648107264514324,53.72954922980198],[-2.0645271422752334,53.72934481408762],[-2.064181600134427,53.72917705518886],[-2.063787378702692,53.72905239951483],[-2.06335962678602,53.72897563711366],[-2.0629147813,53.728949717654416],[-2.06246993581398,53.72897563711366],[-2.0620421838973084,53.72905239951483],[-2.0616479624655732,53.72917705518886],[-2.061302420324767,53.72934481408762],[-2.061018836148568,53.72954922980198],[-2.0608081082346335,53.72978244722196],[-2.0606783356409286,53.73003550433245],[-2.0606345068061134,53.73029867655761],[-2.060678307641041,53.730561850430206],[-2.060808056497587,53.73081491223218],[-2.0610187685508587,53.73104813667345],[-2.061302347157534,53.731252560669994],[-2.061647894867864,53.731420327850934],[-2.0620421321602618,53.73154499054627],[-2.0624699078140925,53.73162175763891],[-2.0629147813,53.731647678745595],[-2.063359654785908,53.73162175763891],[-2.0637874304397386,53.73154499054627],[-2.064181667732136,53.731420327850934],[-2.0645272154424665,53.731252560669994],[-2.064810794049141,53.73104813667345],[-2.065021506102413,53.73081491223218],[-2.0651512549589595,53.730561850430206],[-2.0651950557938865,53.73029867655761]]],[[[-2.0637972670772653,53.71751478866774],[-2.063753451571292,53.71725161644219],[-2.0636237184290627,53.7169985593306],[-2.0634130545720972,53.71676534190898],[-2.063129556595992,53.716560926192685],[-2.062784119485537,53.716393167292004],[-2.0623900178784,53.71626851161632],[-2.061962395976475,53.71619174921405],[-2.0615176857,53.716165829754424],[-2.0610729754235257,53.71619174921405],[-2.060645353521601,53.71626851161632],[-2.0602512519144636,53.716393167292004],[-2.059905814804009,53.716560926192685],[-2.0596223168279035,53.71676534190898],[-2.059411652970938,53.7169985593306],[-2.0592819198287087,53.71725161644219],[-2.0592381043227355,53.71751478866774],[-2.059281891850422,53.717777962539955],[-2.0594116012738053,53.71803102434083],[-2.0596222492823437,53.71826424878046],[-2.0599057416932225,53.71846867277505],[-2.060251184368904,53.71863643995406],[-2.060645301824468,53.71876110264775],[-2.061072947445239,53.71883786973931],[-2.0615176857,53.7188637908456],[-2.061962423954762,53.71883786973931],[-2.0623900695755326,53.71876110264775],[-2.0627841870310966,53.71863643995406],[-2.0631296297067783,53.71846867277505],[-2.0634131221176566,53.71826424878046],[-2.0636237701261955,53.71803102434083],[-2.063753479549579,53.717777962539955],[-2.0637972670772653,53.71751478866774]]],[[[-2.046944352795599,53.768571950527274],[-2.0469004839943965,53.768308778303265],[-2.0467705931059097,53.76805572119606],[-2.046559673117927,53.76782250378101],[-2.046275830471799,53.767618088072446],[-2.0459299733987706,53.767450329179496],[-2.0455353926744557,53.76732567351039],[-2.0451072509101698,53.7672489111125],[-2.044662,53.767222991654414],[-2.0442167490898306,53.7672489111125],[-2.0437886073255447,53.76732567351039],[-2.04339402660123,53.767450329179496],[-2.0430481695282015,53.767618088072446],[-2.0427643268820734,53.76782250378101],[-2.0425534068940907,53.76805572119606],[-2.042423516005604,53.768308778303265],[-2.0423796472044016,53.768571950527274],[-2.04242348794091,53.76883512440102],[-2.0425533550372985,53.76908818620628],[-2.0427642591279094,53.76932141065248],[-2.043048096191623,53.76952583465481],[-2.0433939588470658,53.769693601841574],[-2.0437885554687525,53.76981826454182],[-2.044216721025137,53.769895031637766],[-2.044662,53.76992095274559],[-2.0451072789748634,53.769895031637766],[-2.045535444531248,53.76981826454182],[-2.0459300411529346,53.769693601841574],[-2.0462759038083775,53.76952583465481],[-2.046559740872091,53.76932141065248],[-2.046770644962702,53.76908818620628],[-2.04690051205909,53.76883512440102],[-2.046944352795599,53.768571950527274]]],[[[-2.0445517019303066,53.765796645029475],[-2.044507836030292,53.76553347280539],[-2.0443779537289015,53.76528041569794],[-2.0441670476837013,53.76504719828252],[-2.043883223800076,53.764842782573545],[-2.0435373895881854,53.76467502368018],[-2.0431428349451557,53.76455036801071],[-2.042714721480164,53.76447360561259],[-2.0422695,53.76444768615442],[-2.0418242785198366,53.76447360561259],[-2.041396165054845,53.76455036801071],[-2.0410016104118154,53.76467502368018],[-2.040655776199925,53.764842782573545],[-2.0403719523162995,53.76504719828252],[-2.0401610462710993,53.76528041569794],[-2.040031163969709,53.76553347280539],[-2.0399872980696943,53.765796645029475],[-2.0400311359097216,53.76605981890314],[-2.040160994423003,53.766312880708156],[-2.040371884573497,53.766546105154],[-2.0406557028756436,53.76675052915591],[-2.041001542669013,53.76691829634225],[-2.0413961132067486,53.76704295904214],[-2.041824250459849,53.76711972613784],[-2.0422695,53.767145647245584],[-2.042714749540152,53.76711972613784],[-2.043142886793252,53.76704295904214],[-2.043537457330988,53.76691829634225],[-2.0438832971243572,53.76675052915591],[-2.0441671154265038,53.766546105154],[-2.044378005576998,53.766312880708156],[-2.044507864090279,53.76605981890314],[-2.0445517019303066,53.765796645029475]]],[[[-2.026474222947342,53.759106289834776],[-2.026430364039142,53.758843117610496],[-2.026300502432519,53.75859006050246],[-2.026089629989203,53.75835684308619],[-2.0258058513229122,53.758152427376196],[-2.025460072206001,53.75798466848182],[-2.025065580418455,53.75786001281149],[-2.024637535154316,53.75778325041279],[-2.0241923846,53.75775733095441],[-2.023747234045684,53.75778325041279],[-2.0233191887815454,53.75786001281149],[-2.022924696993999,53.75798466848182],[-2.0225789178770883,53.758152427376196],[-2.0222951392107973,53.75835684308619],[-2.0220842667674814,53.75859006050246],[-2.0219544051608587,53.758843117610496],[-2.0219105462526588,53.759106289834776],[-2.0219543771122117,53.75936946370824],[-2.022084214940339,53.75962252551269],[-2.022295071495373,53.75985574995767],[-2.022578844582441,53.760060173958564],[-2.0229246292785747,53.76022794114389],[-2.0233191369544032,53.76035260384292],[-2.023747205997037,53.76042937093804],[-2.0241923846,53.760455292045584],[-2.0246375632029636,53.76042937093804],[-2.0250656322455973,53.76035260384292],[-2.025460139921426,53.76022794114389],[-2.0258059246175595,53.760060173958564],[-2.0260896977046277,53.75985574995767],[-2.0263005542596613,53.75962252551269],[-2.026430392087789,53.75936946370824],[-2.026474222947342,53.759106289834776]]],[[[-2.0196656525850765,53.76795553392776],[-2.0196217844282924,53.76769236170374],[-2.0194918954471897,53.76743930459647],[-2.019280978556208,53.76720608718134],[-2.018997140077647,53.76700167147269],[-2.0186512880825838,53.76683391257965],[-2.0182567131514997,53.76670925691047],[-2.017828577673114,53.76663249451252],[-2.0173833333,53.76660657505442],[-2.0169380889268864,53.76663249451252],[-2.0165099534485007,53.76670925691047],[-2.0161153785174166,53.76683391257965],[-2.0157695265223534,53.76700167147269],[-2.0154856880437926,53.76720608718134],[-2.0152747711528107,53.76743930459647],[-2.015144882171708,53.76769236170374],[-2.015101014014924,53.76795553392776],[-2.0151448541080597,53.76821870780149],[-2.01527471929795,53.768471769606705],[-2.0154856202921523,53.76870499405282],[-2.0157694531885064,53.768909418055046],[-2.0161153107657763,53.76907718524171],[-2.01650990159364,53.76920184794188],[-2.016938060863238,53.769278615037784],[-2.0173833333,53.769304536145576],[-2.0178286057367623,53.769278615037784],[-2.0182567650063605,53.76920184794188],[-2.018651355834224,53.76907718524171],[-2.018997213411494,53.768909418055046],[-2.019281046307848,53.76870499405282],[-2.0194919473020505,53.768471769606705],[-2.0196218124919407,53.76821870780149],[-2.0196656525850765,53.76795553392776]]],[[[-2.018006162713522,53.746666645044655],[-2.0179623167979712,53.74640347281999],[-2.0178324936477265,53.7461504157109],[-2.0176216836456446,53.74591719829303],[-2.0173379890051835,53.745712782581144],[-2.016992312269394,53.745545023684876],[-2.01659793728405,53.745420368012944],[-2.016170018755231,53.74534360561317],[-2.015725,53.74531768615443],[-2.0152799812447695,53.74534360561317],[-2.01485206271595,53.745420368012944],[-2.0144576877306064,53.745545023684876],[-2.0141120109948165,53.745712782581144],[-2.0138283163543553,53.74591719829303],[-2.0136175063522734,53.7461504157109],[-2.013487683202029,53.74640347281999],[-2.013443837286478,53.746666645044655],[-2.013487655174451,53.74692981891774],[-2.013617454564062,53.74718288072112],[-2.0138282486897965,53.747416105164504],[-2.0141119377552257,53.747620529163505],[-2.0144576200660476,53.74778829634694],[-2.0148520109277386,53.74791295904437],[-2.015279953217191,53.747989726138435],[-2.015725,53.7480156472456],[-2.016170046782809,53.747989726138435],[-2.0165979890722614,53.74791295904437],[-2.016992379933953,53.74778829634694],[-2.0173380622447743,53.747620529163505],[-2.017621751310204,53.747416105164504],[-2.017832545435938,53.74718288072112],[-2.017962344825549,53.74692981891774],[-2.018006162713522,53.746666645044655]]]]}},{"type":"Feature","properties":{"species":"Athyrium filix-femina","commonName":"lady fern","observedAt":"2020-08-09 14:02:02 UTC","imageUrl":"https://static.inaturalist.org/photos/89069994/medium.jpeg","locations":[],"common":false,"recordCount":55},"geometry":{"type":"MultiPolygon","coordinates":[[[[-2.164171804729154,53.764560268330456],[-2.1641279401214386,53.764297096106326],[-2.163998061645069,53.764044038998776],[-2.1637871618105153,53.763810821583206],[-2.1635033462844238,53.76360640587404],[-2.1631575222557555,53.76343864698049],[-2.1627629792303242,53.763313991310866],[-2.1623348783709178,53.76323722891263],[-2.16188967,53.76321130945442],[-2.1614444616290824,53.76323722891263],[-2.1610163607696755,53.763313991310866],[-2.1606218177442447,53.76343864698049],[-2.160275993715576,53.76360640587404],[-2.159992178189485,53.763810821583206],[-2.159781278354931,53.764044038998776],[-2.1596513998785616,53.764297096106326],[-2.159607535270846,53.764560268330456],[-2.1596513718206696,53.76482344220408],[-2.1597812265107077,53.765076504009],[-2.1599921104517428,53.76530972845468],[-2.1602759203967725,53.765514152456404],[-2.1606217500065026,53.765681919642546],[-2.1610163089254524,53.76580658234228],[-2.161444433571191,53.765883349437885],[-2.16188967,53.76590927054559],[-2.162334906428809,53.765883349437885],[-2.162763031074548,53.76580658234228],[-2.1631575899934976,53.765681919642546],[-2.1635034196032277,53.765514152456404],[-2.1637872295482574,53.76530972845468],[-2.1639981134892925,53.765076504009],[-2.16412796817933,53.76482344220408],[-2.164171804729154,53.764560268330456]]],[[[-2.153659462994165,53.77580668962154],[-2.153615586627783,53.775543517397736],[-2.153485673347455,53.77529046029116],[-2.153274717002066,53.77505724287704],[-2.152990825430558,53.77485282716958],[-2.15264490874449,53.774685068277726],[-2.1522502600102316,53.77456041260955],[-2.151822044452287,53.774483650212275],[-2.1513767168,53.77445773075441],[-2.1509313891477135,53.774483650212275],[-2.150503173589769,53.77456041260955],[-2.1501085248555105,53.774685068277726],[-2.1497626081694423,53.77485282716958],[-2.1494787165979345,53.77505724287704],[-2.1492677602525454,53.77529046029116],[-2.1491378469722173,53.775543517397736],[-2.1490939706058354,53.77580668962154],[-2.1491378188952504,53.77606986349551],[-2.1492677083730762,53.77632292530138],[-2.149478648814141,53.776556149748515],[-2.149762534800793,53.776760573751936],[-2.150108457071717,53.7769283409398],[-2.1505031217102992,53.77705300364097],[-2.150931361070747,53.77712977073755],[-2.1513767168,53.777155691845586],[-2.1518220725292534,53.77712977073755],[-2.152250311889701,53.77705300364097],[-2.1526449765282836,53.7769283409398],[-2.1529908987992075,53.776760573751936],[-2.1532747847858595,53.776556149748515],[-2.153485725226924,53.77632292530138],[-2.15361561470475,53.77606986349551],[-2.153659462994165,53.77580668962154]]],[[[-2.149560157144404,53.77792742181984],[-2.1495162785598003,53.777664249596114],[-2.149386358713855,53.777411192489716],[-2.14917539170794,53.777177975075865],[-2.148891485790792,53.776973559368734],[-2.148545551625305,53.7768058004772],[-2.148150882949532,53.776681144809295],[-2.147722645754203,53.77660438241221],[-2.1472772956,53.77657846295442],[-2.1468319454457974,53.77660438241221],[-2.146403708250468,53.776681144809295],[-2.146009039574695,53.7768058004772],[-2.145663105409208,53.776973559368734],[-2.14537919949206,53.777177975075865],[-2.145168232486145,53.777411192489716],[-2.1450383126401995,53.777664249596114],[-2.144994434055596,53.77792742181984],[-2.145038284559634,53.77819059569387],[-2.1451681806000256,53.77844365749994],[-2.1453791316995776,53.77867688194734],[-2.145663032031154,53.7788813059511],[-2.1460089717822126,53.77904907313927],[-2.146403656364348,53.77917373584073],[-2.146831917365232,53.77925050293747],[-2.1472772956,53.77927642404558],[-2.1477226738347683,53.77925050293747],[-2.148150934835652,53.77917373584073],[-2.148545619417787,53.77904907313927],[-2.1488915591688458,53.7788813059511],[-2.149175459500422,53.77867688194734],[-2.1493864105999743,53.77844365749994],[-2.1495163066403657,53.77819059569387],[-2.149560157144404,53.77792742181984]]],[[[-2.13809309902223,53.735359368353606],[-2.138049264908151,53.7350961961286],[-2.1379194766885785,53.73484313901853],[-2.1377087234030783,53.734609921599215],[-2.137425105084906,53.73440550588561],[-2.1370795213438734,53.73423774698763],[-2.136685252452235,53.734113091314256],[-2.1362574490395643,53.734036328913504],[-2.13581255,53.73401040945442],[-2.135367650960436,53.734036328913504],[-2.134939847547765,53.734113091314256],[-2.1345455786561267,53.73423774698763],[-2.134199994915094,53.73440550588561],[-2.133916376596922,53.734609921599215],[-2.1337056233114216,53.73484313901853],[-2.1335758350918486,53.7350961961286],[-2.13353200097777,53.735359368353606],[-2.1335758070834037,53.73562254222635],[-2.133705571558563,53.73587560402876],[-2.1339163089785536,53.736108828470684],[-2.134199921725499,53.73631325246797],[-2.134545511037758,53.736481019649695],[-2.1349397957949066,53.73660568234567],[-2.13536762295199,53.73668244943877],[-2.13581255,53.736708370545585],[-2.13625747704801,53.73668244943877],[-2.1366853042050935,53.73660568234567],[-2.137079588962242,53.736481019649695],[-2.137425178274501,53.73631325246797],[-2.1377087910214465,53.736108828470684],[-2.137919528441437,53.73587560402876],[-2.1380492929165964,53.73562254222635],[-2.13809309902223,53.735359368353606]]],[[[-2.1354846602269877,53.705684274577095],[-2.1354408570466794,53.70542110235118],[-2.1353111603866695,53.70516804523858],[-2.1351005557655243,53.70493482781545],[-2.1348171375017952,53.704730412097355],[-2.134471797516747,53.70456265319488],[-2.134077806715796,53.70443799751768],[-2.133650305043263,53.70436123511439],[-2.1332057198,53.70433531565441],[-2.1327611345567363,53.70436123511439],[-2.1323336328842033,53.70443799751768],[-2.131939642083253,53.70456265319488],[-2.131594302098204,53.704730412097355],[-2.1313108838344754,53.70493482781545],[-2.1311002792133302,53.70516804523858],[-2.13097058255332,53.70542110235118],[-2.1309267793730116,53.705684274577095],[-2.1309705545950033,53.705947448448946],[-2.13105671460213,53.70611559303977],[-2.13094685013603,53.70606222509451],[-2.130552845294265,53.705937569417515],[-2.130125328386856,53.705860807014346],[-2.1296807273,53.70583488755442],[-2.1292361262131436,53.705860807014346],[-2.1288086093057346,53.705937569417515],[-2.1284146044639702,53.70606222509451],[-2.128069252171669,53.70622998399677],[-2.12778582380718,53.706434399714624],[-2.127575211679964,53.706667617137576],[-2.127445510397107,53.70692067425004],[-2.1274017056549512,53.70718384647591],[-2.12744548243626,53.70744702034781],[-2.1275751600150556,53.707700082147795],[-2.1277857563037252,53.707933306586106],[-2.1280691791064554,53.70813773057914],[-2.1284145369605145,53.70830549775658],[-2.1288085576408267,53.70843016044894],[-2.129236098252297,53.70850692753962],[-2.1296807273,53.70853284864559],[-2.1301253563477025,53.70850692753962],[-2.130552896959173,53.70843016044894],[-2.130946917639485,53.70830549775658],[-2.131292275493544,53.70813773057914],[-2.131575698296275,53.707933306586106],[-2.131786294584944,53.707700082147795],[-2.1319159721637395,53.70744702034781],[-2.1319597489450484,53.70718384647591],[-2.131915944202893,53.70692067425004],[-2.1318297983426717,53.70675259709492],[-2.1319395745859056,53.70680592585694],[-2.1323335812239703,53.70693058854911],[-2.1327611065984198,53.70700735563967],[-2.1332057198,53.70703327674559],[-2.13365033300158,53.70700735563967],[-2.134077858376029,53.70693058854911],[-2.1344718650140937,53.70680592585694],[-2.134817210560397,53.70663815867971],[-2.1351006232628706,53.70643373468692],[-2.1353112120469024,53.706200510248806],[-2.135440885004996,53.705947448448946],[-2.1354846602269877,53.705684274577095]]],[[[-2.133971972202565,53.73357475835502],[-2.1339281399503576,53.73331158612995],[-2.1337983572416594,53.73305852901974],[-2.133587612904112,53.73282531160018],[-2.1333040066270077,53.732620895886306],[-2.132958437557392,53.73245313698806],[-2.132564185403741,53.732328481314454],[-2.132136400152494,53.73225171891356],[-2.13169152,53.73222579945441],[-2.131246639847506,53.73225171891356],[-2.1308188545962587,53.732328481314454],[-2.1304246024426075,53.73245313698806],[-2.130079033372992,53.732620895886306],[-2.129795427095888,53.73282531160018],[-2.1295846827583405,53.73305852901974],[-2.129454900049642,53.73331158612995],[-2.129411067797435,53.73357475835502],[-2.129454872044215,53.733837932227715],[-2.1295846310110584,53.73409099402996],[-2.129795359484806,53.73432421847166],[-2.1300789601912844,53.73452864246868],[-2.1304245348315254,53.734696409650134],[-2.1308188028489767,53.73482107234588],[-2.1312466118420788,53.73489783943882],[-2.13169152,53.73492376054559],[-2.132136428157921,53.73489783943882],[-2.132564237151023,53.73482107234588],[-2.1329585051684745,53.734696409650134],[-2.1333040798087155,53.73452864246868],[-2.133587680515194,53.73432421847166],[-2.1337984089889415,53.73409099402996],[-2.1339281679557844,53.733837932227715],[-2.133971972202565,53.73357475835502]]],[[[-2.116957258645922,53.72277934156356],[-2.116913437652224,53.72251616933817],[-2.1167836882671085,53.72226311222703],[-2.11657299803673,53.72202989480609],[-2.1162894645704857,53.72182547909058],[-2.1159439842171346,53.7216577201907],[-2.1155498332760416,53.721533064515704],[-2.115122157844692,53.72145630211388],[-2.1146773919,53.72143038265441],[-2.114232625955308,53.72145630211388],[-2.1138049505239582,53.721533064515704],[-2.1134107995828653,53.7216577201907],[-2.113065319229514,53.72182547909058],[-2.11278178576327,53.72202989480609],[-2.1125710955328914,53.72226311222703],[-2.112441346147776,53.72251616933817],[-2.1123975251540776,53.72277934156356],[-2.112441318160596,53.72304251543593],[-2.1125710438193264,53.72329557723726],[-2.112781718196241,53.72352880167757],[-2.113065246095489,53.72373322567296],[-2.113410732015837,53.72390099285277],[-2.1138048988103932,53.72402565554713],[-2.1142325979681282,53.72410242263914],[-2.1146773919,53.72412834374559],[-2.1151221858318716,53.72410242263914],[-2.1155498849896066,53.72402565554713],[-2.115944051784163,53.72390099285277],[-2.116289537704511,53.72373322567296],[-2.1165730656037587,53.72352880167757],[-2.1167837399806735,53.72329557723726],[-2.1169134656394037,53.72304251543593],[-2.116957258645922,53.72277934156356]]],[[[-2.115944271460181,53.726785443760406],[-2.115900446289387,53.726522271535124],[-2.115770684540662,53.726269214424335],[-2.115559974235614,53.72603599700391],[-2.115276413755317,53.725831581289015],[-2.11493090048674,53.725663822389734],[-2.114536711994085,53.725539166715244],[-2.1141089958177073,53.72546240431377],[-2.1136641875,53.72543648485441],[-2.1132193791822926,53.72546240431377],[-2.1127916630059143,53.725539166715244],[-2.11239747451326,53.725663822389734],[-2.112051961244683,53.725831581289015],[-2.1117684007643858,53.72603599700391],[-2.111557690459338,53.726269214424335],[-2.111427928710613,53.726522271535124],[-2.111384103539819,53.726785443760406],[-2.111427900716664,53.72704861763289],[-2.1115576387332644,53.72730167943456],[-2.1117683331810135,53.72753490387538],[-2.1120518880929686,53.727739327871376],[-2.112397406929888,53.7279070950518],[-2.1127916112798406,53.72803175774668],[-2.1132193511883433,53.72810852483903],[-2.1136641875,53.72813444594559],[-2.1141090238116567,53.72810852483903],[-2.114536763720159,53.72803175774668],[-2.114930968070112,53.7279070950518],[-2.1152764869070313,53.727739327871376],[-2.1155600418189864,53.72753490387538],[-2.1157707362667355,53.72730167943456],[-2.115900474283336,53.72704861763289],[-2.115944271460181,53.726785443760406]]],[[[-2.111927576349071,53.70813102977517],[-2.1118837706203233,53.707867857549324],[-2.1117540664172956,53.707614800436936],[-2.1115434495486256,53.70738158301411],[-2.1112600148036647,53.707177167296386],[-2.1109146547370883,53.70700940839428],[-2.110520641025988,53.7068847527174],[-2.110093114494975,53.706807990314324],[-2.1096485034,53.706782070854416],[-2.109203892305025,53.706807990314324],[-2.1087763657740117,53.7068847527174],[-2.1083823520629115,53.70700940839428],[-2.108036991996335,53.707177167296386],[-2.107753557251374,53.70738158301411],[-2.107542940382704,53.707614800436936],[-2.1074132361796765,53.707867857549324],[-2.107369430450929,53.70813102977517],[-2.107413208217231,53.70839420364709],[-2.1075428887148426,53.708647265447155],[-2.1077534897440597,53.70888048988559],[-2.1080369189269446,53.709084913878755],[-2.1083822845555975,53.709252681056356],[-2.1087763141061506,53.70937734374884],[-2.1092038643425797,53.709454110839594],[-2.1096485034,53.70948003194559],[-2.11009314245742,53.709454110839594],[-2.110520692693849,53.70937734374884],[-2.1109147222444022,53.709252681056356],[-2.111260087873055,53.709084913878755],[-2.11154351705594,53.70888048988559],[-2.111754118085157,53.708647265447155],[-2.1118837985827685,53.70839420364709],[-2.111927576349071,53.70813102977517]]],[[[-2.1093492842963633,53.71864984996684],[-2.1093054676073595,53.71838667774132],[-2.109175730963527,53.718133620629835],[-2.1089650614210442,53.71790040320836],[-2.1086815557940586,53.71769598749223],[-2.1085824340738712,53.71764785108316],[-2.108562780658544,53.717529806141975],[-2.108433046658137,53.71727674903041],[-2.108222381407757,53.71704353160883],[-2.107938881556562,53.71683911589257],[-2.1075934421614084,53.71667135699193],[-2.107589957305349,53.716670254727426],[-2.1076780232368963,53.71649843374092],[-2.1077218094332375,53.716235259868746],[-2.1076779952607705,53.71597208764316],[-2.1075482660655314,53.71571903053146],[-2.107337608617254,53.71548581310968],[-2.107054119265183,53.71528139739318],[-2.106708692662668,53.715113638492305],[-2.1063146030435855,53.714988982816465],[-2.1058869941492073,53.71491222041408],[-2.1057917486191386,53.714906668962044],[-2.1057507399321103,53.71488675269236],[-2.105356652438651,53.71476209701649],[-2.1049782801571317,53.714694172980366],[-2.104884466772347,53.714626525893436],[-2.104801818581481,53.714586386583306],[-2.1047542624161406,53.7144936181323],[-2.104543611105038,53.71426040071036],[-2.104260130011632,53.71405598499367],[-2.1039147134718736,53.713888226092614],[-2.103520635332955,53.713763570416624],[-2.10309303889504,53.71368680801413],[-2.1026483551,53.71366088855442],[-2.1026346577821196,53.71366168693539],[-2.1026178779188207,53.71364310915848],[-2.102650277614511,53.71363729234834],[-2.1030443470651643,53.71351262965531],[-2.1033897476654775,53.71334486247707],[-2.1036732055475604,53.713140438483265],[-2.1038838279007006,53.712907214044286],[-2.104013521527725,53.71265415224386],[-2.104057303724722,53.71239097837179],[-2.1040134935580905,53.712127806146086],[-2.1038837762195532,53.71187474903406],[-2.103673138022888,53.71164153161178],[-2.103389674577299,53.71143711589471],[-2.103044279540492,53.71126935699325],[-2.1026502259333637,53.71114470131692],[-2.1022226561134763,53.7110679389142],[-2.101778,53.71104201945442],[-2.1013333438865236,53.7110679389142],[-2.1012620884911404,53.71108073152748],[-2.101273633878072,53.71101133017289],[-2.1012298251488413,53.71074815794714],[-2.1011001120648056,53.71049510083498],[-2.1008894807761314,53.710261883412535],[-2.1006060266264788,53.71005746769525],[-2.1002606429162896,53.70988970879358],[-2.099866602231211,53.70976505311707],[-2.099439046432293,53.70968829071423],[-2.0989944049,53.709662371254424],[-2.0985497633677075,53.70968829071423],[-2.0981222075687893,53.70976505311707],[-2.0977281668837104,53.70988970879358],[-2.0973827831735217,53.71005746769525],[-2.097099329023869,53.710261883412535],[-2.096888697735195,53.71049510083498],[-2.096758984651159,53.71074815794714],[-2.096715175921928,53.71101133017289],[-2.0967456590032434,53.711194569344336],[-2.0965759143559897,53.71127701489477],[-2.0962924519891852,53.71148143061187],[-2.0960818145941853,53.71171464803416],[-2.0959520977493797,53.71196770514621],[-2.0959486257735187,53.711988561745585],[-2.09588961102341,53.71210368984612],[-2.095845800881906,53.71236686207181],[-2.095889583053816,53.71263003594387],[-2.0960192766065036,53.712883097744296],[-2.0962298988389096,53.71311632218327],[-2.0965133565585004,53.71332074617708],[-2.096858756960808,53.71348851335532],[-2.097252826185551,53.71361317604834],[-2.097680419471819,53.713689943139464],[-2.0981251033,53.7137158642456],[-2.098416002671816,53.713698907403426],[-2.098300958225441,53.71392333054472],[-2.09827086168586,53.71410411586672],[-2.0979617531031334,53.714122132814104],[-2.0975341522401947,53.714198895216555],[-2.097140070023073,53.7143235508925],[-2.09679464990863,53.714491309793495],[-2.096511165881423,53.714695725510104],[-2.0963005123901564,53.714928942932],[-2.096170785631964,53.71518200004376],[-2.096126972282864,53.71544517226937],[-2.0961707576571724,53.71570834614151],[-2.096300460699481,53.71596140794221],[-2.096511098344301,53.71619463238159],[-2.096794576806976,53.716399056375856],[-2.0971400024859514,53.71656682355456],[-2.0975341005495194,53.71669148624798],[-2.0979617251283416,53.716768253339374],[-2.0984064415,53.716794174445596],[-2.0986794086402445,53.71677826405711],[-2.0987906645947785,53.71690144798121],[-2.0990741478208492,53.71710587197558],[-2.099419579304303,53.7172736391544],[-2.0998136839903547,53.71739830184791],[-2.1002413157551296,53.71747506893936],[-2.1006860396,53.7175009900456],[-2.101130763444871,53.71747506893936],[-2.1015583952096457,53.71739830184791],[-2.1019524998956975,53.7172736391544],[-2.102297931379151,53.71710587197558],[-2.1023525772039906,53.71706646605395],[-2.102696950906271,53.7172337196544],[-2.1030910552182913,53.71735838234791],[-2.1035186865772095,53.717435149439346],[-2.10396341,53.71746107054559],[-2.104131479945775,53.717451274437046],[-2.104091219341455,53.717529806141975],[-2.104047403545543,53.71779297836752],[-2.1040911913626985,53.71805615223974],[-2.1042209016438616,53.71830921404064],[-2.104431551045549,53.718542438480306],[-2.1047150453314236,53.71874686247494],[-2.1048141483102034,53.71879499236273],[-2.1048337872124367,53.718913023839086],[-2.104963500135798,53.71916608564005],[-2.1051741538287683,53.71939931007983],[-2.1054576538901455,53.719603734074596],[-2.1058031058884095,53.71977150125378],[-2.1061972339803563,53.71989616394762],[-2.106624891142499,53.71997293103928],[-2.1070696414,53.719998852145594],[-2.1075143916575008,53.71997293103928],[-2.1079420488196434,53.71989616394762],[-2.1083361769115903,53.71977150125378],[-2.1086816289098542,53.719603734074596],[-2.1089651289712315,53.71939931007983],[-2.109175782664202,53.71916608564005],[-2.109305495587563,53.718913023839086],[-2.1093492842963633,53.71864984996684]]],[[[-2.1072020972067116,53.69805266838313],[-2.1071583019727513,53.69778949615699],[-2.1070286288328064,53.69753643904373],[-2.106818062400959,53.69730322161962],[-2.1065346955277535,53.697098805900374],[-2.106189418159399,53.696931046996745],[-2.1057954987951346,53.696806391318574],[-2.1053680746344225,53.69672962891463],[-2.10492357,53.69670370945442],[-2.104479065365578,53.69672962891463],[-2.1040516412048658,53.696806391318574],[-2.103657721840601,53.696931046996745],[-2.103312444472247,53.697098805900374],[-2.1030290775990412,53.69730322161962],[-2.102818511167194,53.69753643904373],[-2.102688838027249,53.69778949615699],[-2.102645042793289,53.69805266838313],[-2.102688810081805,53.69831584225475],[-2.102818459530746,53.69856890405396],[-2.1030290101327704,53.69880212849109],[-2.1033123714472817,53.699006552482736],[-2.10365765437433,53.69917431965881],[-2.1040515895684178,53.69929898234999],[-2.1044790374201336,53.69937574943989],[-2.10492357,53.69940167054558],[-2.1053681025798667,53.69937574943989],[-2.1057955504315826,53.69929898234999],[-2.1061894856256704,53.69917431965881],[-2.1065347685527187,53.699006552482736],[-2.10681812986723,53.69880212849109],[-2.1070286804692544,53.69856890405396],[-2.1071583299181955,53.69831584225475],[-2.1072020972067116,53.69805266838313]]],[[[-2.1040830617307384,53.736515128352686],[-2.1040392264107557,53.73625195612772],[-2.1039094346218796,53.73599889901775],[-2.103698675540938,53.735765681598565],[-2.103415049423964,53.735561265885146],[-2.103069456180495,53.73539350698735],[-2.1026751764479368,53.73526885131412],[-2.1022473612724104,53.735192088913465],[-2.10180245,53.735166169454416],[-2.1013575387275902,53.735192088913465],[-2.100929723552064,53.73526885131412],[-2.100535443819506,53.73539350698735],[-2.1001898505760366,53.735561265885146],[-2.0999062244590627,53.735765681598565],[-2.099695465378121,53.73599889901775],[-2.099565673589245,53.73625195612772],[-2.099521838269262,53.736515128352686],[-2.0995656455788447,53.73677830222547],[-2.09969541362165,53.73703136402797],[-2.099906156835975,53.73726458847005],[-2.100189777381334,53.73746901246752],[-2.1005353761964183,53.73763677964941],[-2.100929671795593,53.73776144234553],[-2.10135751071719,53.737838209438735],[-2.10180245,53.73786413054558],[-2.1022473892828106,53.737838209438735],[-2.1026752282044074,53.73776144234553],[-2.1030695238035824,53.73763677964941],[-2.103415122618667,53.73746901246752],[-2.1036987431640255,53.73726458847005],[-2.1039094863783507,53.73703136402797],[-2.104039254421156,53.73677830222547],[-2.1040830617307384,53.736515128352686]]],[[[-2.0978392633311054,53.730830338357194],[-2.0977954339417417,53.73056716613204],[-2.0976656597066525,53.7303141090216],[-2.0974549291276183,53.73008089160168],[-2.0971713413650517,53.7298764758874],[-2.096825794854442,53.72970871698874],[-2.0964315684373873,53.729584061314775],[-2.0960038111114327,53.72950729891364],[-2.09555896,53.72948137945441],[-2.095114108888567,53.72950729891364],[-2.0946863515626126,53.729584061314775],[-2.0942921251455577,53.72970871698874],[-2.0939465786349483,53.7298764758874],[-2.0936629908723816,53.73008089160168],[-2.093452260293348,53.7303141090216],[-2.093322486058258,53.73056716613204],[-2.093298546925226,53.73071090792265],[-2.093251244479359,53.73065855860138],[-2.0929676528199623,53.730454142887176],[-2.092622101561268,53.7302863839886],[-2.092227869727327,53.73016172831471],[-2.0918001065238228,53.730084965913626],[-2.0913552493,53.73005904645442],[-2.090910392076177,53.730084965913626],[-2.0904826288726728,53.73016172831471],[-2.0900883970387323,53.7302863839886],[-2.0897428457800373,53.730454142887176],[-2.0894592541206407,53.73065855860138],[-2.0892485206457967,53.73089177602121],[-2.0891187446272323,53.7311448331316],[-2.0890749146353143,53.73140800535674],[-2.089118716625469,53.731671179229366],[-2.0892484689052844,53.73192424103143],[-2.089459186518404,53.73215746547285],[-2.089742772607903,53.732361889469544],[-2.090088329436495,53.73252965665067],[-2.0904825771321605,53.73265431934613],[-2.0909103640744133,53.73273108643889],[-2.0913552493,53.73275700754559],[-2.0918001345255863,53.73273108643889],[-2.092227921467839,53.73265431934613],[-2.0926221691635045,53.73252965665067],[-2.0929677259920965,53.732361889469544],[-2.093251312081596,53.73215746547285],[-2.0934620296947153,53.73192424103143],[-2.093591781974531,53.731671179229366],[-2.093615691974426,53.73152752166393],[-2.0936629232725026,53.73157979847316],[-2.0939465054653663,53.73178422246977],[-2.0942920575456787,53.731951989650796],[-2.094686299823905,53.7320766523462],[-2.09511408088778,53.7321534194389],[-2.09555896,53.73217934054559],[-2.0960038391122198,53.7321534194389],[-2.096431620176095,53.7320766523462],[-2.0968258624543212,53.731951989650796],[-2.0971714145346336,53.73178422246977],[-2.097454996727498,53.73157979847316],[-2.09766571144536,53.73134657403182],[-2.0977954619425287,53.7310935122298],[-2.0978392633311054,53.730830338357194]]],[[[-2.097557525526455,53.72017429836563],[-2.09751370724845,53.71991112614016],[-2.097383965901399,53.719658069028796],[-2.0971732887223467,53.71942485160751],[-2.096889772818993,53.71922043589163],[-2.0965443138651145,53.71905267699134],[-2.096150187337757,53.718928021316],[-2.095722538396341,53.71885125891396],[-2.0952778,53.718825339454405],[-2.094833061603659,53.71885125891396],[-2.0946172957624847,53.71888998858833],[-2.0945849557372735,53.71869574904109],[-2.0944552181399314,53.718442691929624],[-2.0942445470492443,53.71820947450819],[-2.093961039338873,53.7180050587921],[-2.09361559036772,53.71783729989164],[-2.0932214752292224,53.71771264421615],[-2.092793838645201,53.717635881814005],[-2.0923491131,53.71760996235442],[-2.0919043875547985,53.717635881814005],[-2.0914767509707777,53.71771264421615],[-2.0910826358322803,53.71783729989164],[-2.0907371868611273,53.7180050587921],[-2.0904536791507558,53.71820947450819],[-2.0902430080600687,53.718442691929624],[-2.0901132704627265,53.71869574904109],[-2.090069453451575,53.71895892126659],[-2.0901132424820004,53.71922209513885],[-2.090242956358429,53.71947515693985],[-2.090453611599308,53.71970838137966],[-2.0906126826283113,53.71982308222345],[-2.0904368369187556,53.71983333031393],[-2.0900091779914276,53.71991009271589],[-2.0896150422608226,53.7200347483911],[-2.089269575239984,53.72020250729123],[-2.088986052715946,53.72040692300698],[-2.0887753706169345,53.72064014042813],[-2.088645626239774,53.72089319753941],[-2.088601806938034,53.72115636976485],[-2.0886455982553365,53.721419543637175],[-2.0887753189084366,53.72167260543836],[-2.0889859851555372,53.72190582987846],[-2.0892695021131242,53.7221102538736],[-2.089614974700414,53.722278021053164],[-2.0900091262829297,53.722402683747326],[-2.0904368089343177,53.72247945083919],[-2.0908815857,53.72250537194559],[-2.091326362465683,53.72247945083919],[-2.091754045117071,53.722402683747326],[-2.0921481966995867,53.722278021053164],[-2.092493669286876,53.7221102538736],[-2.092777186244463,53.72190582987846],[-2.092987852491564,53.72167260543836],[-2.093117573144664,53.721419543637175],[-2.0931613644619667,53.72115636976485],[-2.093117545160226,53.72089319753941],[-2.0929878007830656,53.72064014042813],[-2.092777118684054,53.72040692300698],[-2.0926180660830647,53.72029224833913],[-2.0927938666259274,53.72028200233927],[-2.0930095534530198,53.72024328551136],[-2.093041864768771,53.72043747223791],[-2.093171582393168,53.72069053403902],[-2.0933822437212495,53.720923758478996],[-2.0936657540584824,53.721128182474],[-2.0940112185784816,53.7212959496534],[-2.09440536095681,53.72142061234744],[-2.09483303362088,53.721497379439214],[-2.0952778,53.72152330054559],[-2.09572256637912,53.721497379439214],[-2.09615023904319,53.72142061234744],[-2.096544381421518,53.7212959496534],[-2.0968898459415173,53.721128182474],[-2.0971733562787502,53.720923758478996],[-2.097384017606832,53.72069053403902],[-2.0975137352312285,53.72043747223791],[-2.097557525526455,53.72017429836563]]],[[[-2.0953647818977372,53.70996875917371],[-2.0953209742546393,53.70970558694794],[-2.0951912643854054,53.7094525298357],[-2.0949806383165726,53.70921931241311],[-2.0946971911911496,53.70901489669567],[-2.0943518160396204,53.708847137793846],[-2.093957785118748,53.7087224821172],[-2.093530239914406,53.708645719714276],[-2.0930856094,53.70861980025443],[-2.092640978885594,53.708645719714276],[-2.0922134336812523,53.7087224821172],[-2.0920753706890567,53.70876615974451],[-2.09205038436047,53.70873849311338],[-2.0917669404743755,53.70853407739585],[-2.0914215692698,53.70836631849395],[-2.0910275428518372,53.70824166281725],[-2.0906000025333427,53.70816490041429],[-2.0901553771,53.70813898095442],[-2.089710751666657,53.70816490041429],[-2.0892832113481625,53.70824166281725],[-2.0888891849301996,53.70836631849395],[-2.0886716412219895,53.70847198709956],[-2.0885929093,53.70846739745441],[-2.0881482803961284,53.708493316914264],[-2.0877207367404433,53.708570079317205],[-2.087326707246849,53.70869473499387],[-2.086981333346378,53.70886249389572],[-2.0866978872477175,53.709066909613185],[-2.086487261941893,53.70930012703579],[-2.086357552542581,53.709553184148035],[-2.086313745058249,53.70981635637382],[-2.086357524577292,53.71007953024581],[-2.086487210268776,53.710332592046015],[-2.0866978197335366,53.71056581648466],[-2.0869812602695546,53.7107702404781],[-2.087326639732668,53.710938007655926],[-2.087720685067326,53.71106267034863],[-2.088148252430839,53.71113943743954],[-2.0885929093,53.71116535854558],[-2.089037566169161,53.71113943743954],[-2.089465133532674,53.71106267034863],[-2.0898591788673317,53.710938007655926],[-2.090076684877341,53.71083235467607],[-2.0901553771,53.710836942045596],[-2.090600030498077,53.71081102093955],[-2.0910275945239305,53.710734253848685],[-2.091165573255628,53.71069060167727],[-2.091190512968626,53.71071821928459],[-2.091473954531356,53.71092264327804],[-2.091819335245578,53.71109041045592],[-2.0922133820076603,53.71121507314862],[-2.092640950920048,53.71129184023954],[-2.0930856094,53.71131776134559],[-2.0935302678799523,53.71129184023954],[-2.0939578367923404,53.71121507314862],[-2.0943518835544226,53.71109041045592],[-2.0946972642686448,53.71092264327804],[-2.0949807058313747,53.71071821928459],[-2.095191316058998,53.71048499484593],[-2.095321002220186,53.71023193304569],[-2.0953647818977372,53.70996875917371]]],[[[-2.095042009380831,53.723748336462805],[-2.094998187376871,53.723485164237445],[-2.0948684350015228,53.723232107126385],[-2.094657739915934,53.722998889705565],[-2.094374199916137,53.72279447399021],[-2.0940287116019896,53.72262671509046],[-2.093634551578768,53.722502059415596],[-2.0932068662929257,53.72242529701386],[-2.0927620901,53.72239937755442],[-2.092317313907074,53.72242529701386],[-2.0918896286212316,53.722502059415596],[-2.0914954685980103,53.72262671509046],[-2.0911499802838627,53.72279447399021],[-2.0908664402840658,53.722998889705565],[-2.090655745198477,53.723232107126385],[-2.090525992823129,53.723485164237445],[-2.0904821708191688,53.723748336462805],[-2.090525964834312,53.724011510335195],[-2.090655693481887,53.724264572136605],[-2.090866372713085,53.72449779657705],[-2.0911499071455597,53.72470222057257],[-2.091495401027029,53.72486998775254],[-2.091889576904642,53.72499465044702],[-2.0923172859182575,53.72507141753912],[-2.0927620901,53.7250973386456],[-2.0932068942817423,53.72507141753912],[-2.0936346032953583,53.72499465044702],[-2.094028779172971,53.72486998775254],[-2.09437427305444,53.72470222057257],[-2.094657807486915,53.72449779657705],[-2.094868486718113,53.724264572136605],[-2.094998215365688,53.724011510335195],[-2.095042009380831,53.723748336462805]]],[[[-2.0876733482528675,53.73103353825702],[-2.087629518651552,53.73077036603187],[-2.0874997437891154,53.73051730892145],[-2.087289012191464,53.73028409150157],[-2.0870054230581654,53.73007967578732],[-2.0866598748773906,53.729911916888675],[-2.086265646554916,53.729787261214746],[-2.0858378871615004,53.729710498813624],[-2.0853930339,53.72968457935441],[-2.0849481806384995,53.729710498813624],[-2.084520421245084,53.729787261214746],[-2.0841261929226094,53.729911916888675],[-2.083780644741834,53.73007967578732],[-2.0834970556085355,53.73028409150157],[-2.0832863240108845,53.73051730892145],[-2.083156549148448,53.73077036603187],[-2.083112719547132,53.73103353825702],[-2.0831565211473175,53.73129671212964],[-2.083286272271542,53.73154977393167],[-2.0834969880078273,53.731782998373035],[-2.0837805715713547,53.73198742236969],[-2.084126125321901,53.732155189550745],[-2.0845203695057415,53.73227985224616],[-2.084948152637369,53.73235661933889],[-2.0853930339,53.73238254044557],[-2.0858379151626307,53.73235661933889],[-2.086265698294258,53.73227985224616],[-2.086659942478099,53.732155189550745],[-2.0870054962286453,53.73198742236969],[-2.087289079792172,53.731782998373035],[-2.087499795528458,53.73154977393167],[-2.0876295466526824,53.73129671212964],[-2.0876733482528675,53.73103353825702]]],[[[-2.0867928623638887,53.714412607470194],[-2.086749050090786,53.71414943524456],[-2.0866193265173947,53.713896378132695],[-2.0864086781972566,53.71366316071069],[-2.086125201128727,53.71345874499391],[-2.0857797894930727,53.713290986092744],[-2.0853857169490353,53.713166330416676],[-2.0849581265818014,53.71308956801415],[-2.0845134491,53.71306364855442],[-2.084068771618199,53.71308956801415],[-2.083641181250965,53.713166330416676],[-2.0832471087069275,53.713290986092744],[-2.0829016970712733,53.71345874499391],[-2.082618220002743,53.71366316071069],[-2.0824075716826056,53.713896378132695],[-2.082277848109214,53.71414943524456],[-2.0822340358361116,53.714412607470194],[-2.0822778201361656,53.71467578134231],[-2.082407519995152,53.71492884314292],[-2.082618152469831,53.71516206758215],[-2.082901623974175,53.715366491576276],[-2.083247041174015,53.71553425875483],[-2.083641129563511,53.71565892144811],[-2.0840687436451506,53.715735688539404],[-2.0845134491,53.7157616096456],[-2.0849581545548497,53.715735688539404],[-2.0853857686364887,53.71565892144811],[-2.085779857025985,53.71553425875483],[-2.086125274225825,53.715366491576276],[-2.086408745730169,53.71516206758215],[-2.0866193782048477,53.71492884314292],[-2.0867490780638343,53.71467578134231],[-2.0867928623638887,53.714412607470194]]],[[[-2.0776636043706582,53.73059323685739],[-2.0776197752286047,53.73033006463224],[-2.077490001725519,53.73007700752177],[-2.0772792723350313,53.729843790101825],[-2.0769956861718657,53.72963937438751],[-2.0766501416100445,53.729471615488805],[-2.0762559174162774,53.72934695981481],[-2.0758281625026846,53.72927019741366],[-2.0753833139,53.72924427795442],[-2.0749384652973157,53.72927019741366],[-2.0745107103837226,53.72934695981481],[-2.074116486189956,53.729471615488805],[-2.0737709416281347,53.72963937438751],[-2.073487355464969,53.729843790101825],[-2.0732766260744815,53.73007700752177],[-2.0731468525713956,53.73033006463224],[-2.073103023429342,53.73059323685739],[-2.0731468245710096,53.73085641072999],[-2.073276574336515,53.73110947253199],[-2.0734872878660577,53.73134269697331],[-2.0737708684596,53.73154712096987],[-2.0741164185910446,53.731714888150876],[-2.074510658645756,53.73183955084624],[-2.0749384372969297,53.73191631793892],[-2.0753833139,53.7319422390456],[-2.0758281905030707,53.73191631793892],[-2.076255969154244,53.73183955084624],[-2.0766502092089554,53.731714888150876],[-2.0769957593404,53.73154712096987],[-2.0772793399339426,53.73134269697331],[-2.0774900534634853,53.73110947253199],[-2.0776198032289908,53.73085641072999],[-2.0776636043706582,53.73059323685739]]],[[[-2.0758475308707864,53.70938492837418],[-2.0758037238358846,53.709121756148384],[-2.0756740157668236,53.7088686990361],[-2.075463392620914,53.708635481613435],[-2.0751799494288057,53.70843106589591],[-2.0748345790698175,53.708263306994],[-2.0747462206629144,53.70823535352826],[-2.074656685329596,53.70806066903662],[-2.0744460662288833,53.70782745161386],[-2.0741626284803094,53.70762303589622],[-2.073817264753986,53.70745527699417],[-2.0734232468676383,53.70733062131735],[-2.072995715806306,53.70725385891431],[-2.0725511,53.707227939454405],[-2.0721064841936947,53.70725385891431],[-2.0716789531323623,53.70733062131735],[-2.0712849352460148,53.70745527699417],[-2.070939571519691,53.70762303589622],[-2.0706561337711173,53.70782745161386],[-2.070445514670405,53.70806066903662],[-2.0703158090927034,53.70831372614898],[-2.0702720028995176,53.7085768983748],[-2.070315781129506,53.708840072246744],[-2.070445463001153,53.70909313404685],[-2.0706560662619866,53.70932635848533],[-2.0709394984483347,53.70953078247858],[-2.0712848677368836,53.70969854965623],[-2.071373202238671,53.7097264965453],[-2.0714627125614054,53.70990116404632],[-2.071673319866663,53.71013438848491],[-2.0719567574962743,53.71033881247827],[-2.0723021334177596,53.710506579656055],[-2.0726961747116803,53.710631242348704],[-2.0731237376906524,53.710708009439564],[-2.07356839,53.7107339305456],[-2.074013042309348,53.710708009439564],[-2.07444060528832,53.710631242348704],[-2.0748346465822403,53.710506579656055],[-2.075180022503726,53.71033881247827],[-2.075463460133337,53.71013438848491],[-2.075674067438595,53.70990116404632],[-2.0758037518004455,53.70964810224614],[-2.0758475308707864,53.70938492837418]]],[[[-2.071504454689291,53.718026100467334],[-2.0714606386504077,53.717762928241804],[-2.0713309039308387,53.71750987113025],[-2.071120237512763,53.7172766537087],[-2.0708367360902256,53.717072237992475],[-2.070491294780472,53.716904479091866],[-2.07016289200962,53.71680060544382],[-2.0701751820682346,53.71672673776835],[-2.070131367383569,53.71646356554278],[-2.070001636672293,53.716210508431125],[-2.0697909767624427,53.7159772910094],[-2.0695074840978855,53.71577287529298],[-2.0691620534592774,53.71560511639218],[-2.0687679592355908,53.7154804607164],[-2.0683403453450215,53.715403698314056],[-2.068194297861036,53.71539518593423],[-2.0681460311634283,53.71538652141407],[-2.0677013294,53.71536060195442],[-2.0672566276365716,53.71538652141407],[-2.0668290139206196,53.71546328381642],[-2.0664349198578638,53.715587939492195],[-2.0660894893603174,53.715755698393],[-2.065805996811531,53.71596011410942],[-2.065595336987713,53.716193331531144],[-2.0654656063294228,53.7164463886428],[-2.0654217916626583,53.716709560868374],[-2.065465578352496,53.71697273474056],[-2.0655952852930928,53.71722579654137],[-2.065805929269255,53.7174590209809],[-2.0660894162530843,53.717663444975365],[-2.066434852315587,53.71783121215425],[-2.0668289622259994,53.71795587484783],[-2.0669532148806735,53.717978179992706],[-2.0669452365107093,53.718026100467334],[-2.066989024570442,53.718289274339554],[-2.0671187355704332,53.71854233614048],[-2.067329386139593,53.71877556058018],[-2.067612881996732,53.71897998457484],[-2.0679583288718844,53.71914775175394],[-2.0683524511187366,53.71927241444769],[-2.0687801019384584,53.71934918153929],[-2.0692248456,53.7193751026456],[-2.069669589261542,53.71934918153929],[-2.070097240081264,53.71927241444769],[-2.070491362328116,53.71914775175394],[-2.0708368092032683,53.71897998457484],[-2.0711203050604072,53.71877556058018],[-2.071330955629567,53.71854233614048],[-2.0714606666295583,53.718289274339554],[-2.071504454689291,53.718026100467334]]],[[[-2.070158852302788,53.7570642406364],[-2.070114995528087,53.75680106841205],[-2.0699851402363136,53.756548011303856],[-2.0697742780463546,53.75631479388731],[-2.0694905131777865,53.756110378177006],[-2.069144750872686,53.75594261928232],[-2.068750278265009,53.755817963611726],[-2.0683222538118375,53.75574120121286],[-2.0678771249,53.75571528175442],[-2.067431995988162,53.75574120121286],[-2.067003971534991,53.755817963611726],[-2.066609498927314,53.75594261928232],[-2.066263736622213,53.756110378177006],[-2.065979971753645,53.75631479388731],[-2.065769109563686,53.756548011303856],[-2.065639254271913,53.75680106841205],[-2.0655953974972117,53.7570642406364],[-2.065639226226726,53.7573274145098],[-2.0657690577429375,53.757580476314075],[-2.065979904046574,53.757813700758796],[-2.0662636633366076,53.758018124759374],[-2.0666094312202428,53.758185891944386],[-2.067003919714242,53.75831055464316],[-2.067431967942975,53.75838732173811],[-2.0678771249,53.75841324284559],[-2.0683222818570246,53.75838732173811],[-2.068750330085758,53.75831055464316],[-2.069144818579757,53.758185891944386],[-2.069490586463392,53.758018124759374],[-2.0697743457534257,53.757813700758796],[-2.069985192057062,53.757580476314075],[-2.070115023573274,53.7573274145098],[-2.070158852302788,53.7570642406364]]],[[[-2.063682597362075,53.71741856196781],[-2.0636387819563917,53.71715538974226],[-2.0635090491110053,53.71690233263066],[-2.063298385736022,53.71666911520903],[-2.0630148884085076,53.71646469949273],[-2.062669452088329,53.71629694059202],[-2.062275351382783,53.716172284916325],[-2.061847730459123,53.716095522514046],[-2.0617688498355986,53.71609092503132],[-2.061724664669798,53.71600473553128],[-2.0615140057905728,53.715771518109534],[-2.0612305145129053,53.71556710239308],[-2.060885085564151,53.715399343492244],[-2.0604909932683455,53.71527468781644],[-2.060063381469609,53.715197925414074],[-2.0596186817,53.71517200595443],[-2.0591739819303907,53.715197925414074],[-2.058746370131654,53.71527468781644],[-2.0583522778358483,53.715399343492244],[-2.058006848887094,53.71556710239308],[-2.057723357609427,53.715771518109534],[-2.0575126987302017,53.71600473553128],[-2.0573829686536684,53.716257792642956],[-2.0573391541834525,53.71652096486853],[-2.05738294067706,53.71678413874071],[-2.05751264703617,53.7170372005415],[-2.0577232900679197,53.717270424981],[-2.0580067757806937,53.71747484897544],[-2.0583522102943412,53.71764261615431],[-2.0587463184376227,53.717767278847866],[-2.059173953953782,53.717844045939344],[-2.059252780912583,53.71784864039515],[-2.059296941592162,53.717934797640886],[-2.0595075891188115,53.7181680220805],[-2.0597910808811304,53.71837244607509],[-2.060136522766504,53.71854021325408],[-2.060530639320384,53.71866487594776],[-2.0609582839627523,53.71874164303931],[-2.0614030212,53.71876756414559],[-2.0618477584372474,53.71874164303931],[-2.062275403079616,53.71866487594776],[-2.062669519633496,53.71854021325408],[-2.0630149615188698,53.71837244607509],[-2.063298453281188,53.7181680220805],[-2.0635091008078383,53.717934797640886],[-2.063638809934516,53.71768173584002],[-2.063682597362075,53.71741856196781]]],[[[-2.056882392103268,53.728410798359114],[-2.056838565237456,53.72814762613388],[-2.0567087984717185,53.72789456902324],[-2.0564980800205963,53.72766135160301],[-2.056214508578302,53.727456935888355],[-2.055868981953099,53.72728917698934],[-2.0554747782224467,53.72716452131506],[-2.0550470455121967,53.72708775891371],[-2.05460222,53.72706183945442],[-2.054157394487803,53.72708775891371],[-2.053729661777553,53.72716452131506],[-2.0533354580469005,53.72728917698934],[-2.0529899314216977,53.727456935888355],[-2.0527063599794033,53.72766135160301],[-2.052495641528281,53.72789456902324],[-2.0523658747625437,53.72814762613388],[-2.0523376487840284,53.72831711791564],[-2.052164946789786,53.72819262588807],[-2.0518194141184956,53.728024866989145],[-2.051425203490122,53.72790021131497],[-2.050997463295554,53.727823448913696],[-2.05055263,53.72779752945442],[-2.0501077967044457,53.727823448913696],[-2.0496800565098776,53.72790021131497],[-2.049285845881504,53.728024866989145],[-2.0489403132102137,53.72819262588807],[-2.048656736805798,53.72839704160261],[-2.048446014667227,53.72863025902274],[-2.0483162456304598,53.728883316133334],[-2.048272417997371,53.72914648835853],[-2.04831621763252,53.729409662231085],[-2.04844596293378,53.729662724032956],[-2.048656669212791,53.72989594847409],[-2.0489402400480703,53.73010037247043],[-2.049285778288498,53.730268139651216],[-2.04968000477643,53.7303928023464],[-2.0501077687065057,53.73046956943895],[-2.05055263,53.730495490545586],[-2.0509974912934945,53.73046956943895],[-2.05142525522357,53.7303928023464],[-2.051819481711502,53.730268139651216],[-2.0521650199519295,53.73010037247043],[-2.0524485907872085,53.72989594847409],[-2.05265929706622,53.729662724032956],[-2.05278904236748,53.729409662231085],[-2.052817238988636,53.729240240409254],[-2.052989858262804,53.72936468247074],[-2.0533353904568963,53.729532449651394],[-2.0537296100464033,53.72965711234647],[-2.0541573664911064,53.72973387943898],[-2.05460222,53.72975980054559],[-2.0550470735088937,53.72973387943898],[-2.0554748299535968,53.72965711234647],[-2.0558690495431033,53.729532449651394],[-2.0562145817371955,53.72936468247074],[-2.056498147610601,53.729160258474494],[-2.0567088502028676,53.72892703403346],[-2.0568385932341524,53.72867397223165],[-2.056882392103268,53.728410798359114]]],[[[-2.034588316098439,53.735510065953484],[-2.0345444818271288,53.73524689372847],[-2.034414693142175,53.734993836618436],[-2.03420393910104,53.734760619199136],[-2.033920319766026,53.73455620348555],[-2.0335747347860242,53.73438844458759],[-2.0331804644808997,53.73426378891424],[-2.0327526595345367,53.7341870265135],[-2.0323077589,53.73416110705442],[-2.031862858265464,53.7341870265135],[-2.031435053319101,53.73426378891424],[-2.0310407830139763,53.73438844458759],[-2.0306951980339747,53.73455620348555],[-2.0304115786989607,53.734760619199136],[-2.0302008246578254,53.734993836618436],[-2.0300710359728718,53.73524689372847],[-2.0300272017015617,53.735510065953484],[-2.0300710079641715,53.73577323982624],[-2.030200772904496,53.736026301628655],[-2.030411511079977,53.7362595260706],[-2.0306951248437137,53.736463950067915],[-2.0310407153949925,53.736631717249665],[-2.031435001565771,53.73675637994565],[-2.0318628302567636,53.73683314703876],[-2.0323077589,53.736859068145584],[-2.032752687543237,53.73683314703876],[-2.0331805162342294,53.73675637994565],[-2.033574802405008,53.736631717249665],[-2.033920392956287,53.736463950067915],[-2.0342040067200235,53.7362595260706],[-2.0344147448955043,53.736026301628655],[-2.034544509835829,53.73577323982624],[-2.034588316098439,53.735510065953484]]],[[[-2.0256712514239843,53.75908929553481],[-2.0256273925335413,53.758826123310506],[-2.0254975309794747,53.75857306620249],[-2.025286658621494,53.758339848786214],[-2.0250028800700375,53.75813543307621],[-2.024657101093046,53.757967674181835],[-2.024262609465128,53.7578430185115],[-2.0238345643741926,53.7577662561128],[-2.023389414,53.75774033665443],[-2.0229442636258077,53.7577662561128],[-2.022516218534872,53.7578430185115],[-2.0223831761285718,53.75788505866943],[-2.022316636210057,53.757837127276325],[-2.0219708596890884,53.75766936838189],[-2.021576370863141,53.75754471271152],[-2.0211483288124614,53.757467950312794],[-2.0207031816,53.75744203085441],[-2.0202580343875387,53.757467950312794],[-2.019829992336859,53.75754471271152],[-2.0194355035109117,53.75766936838189],[-2.019089726989943,53.757837127276325],[-2.0188059504541838,53.758041542986376],[-2.0185950795941077,53.758274760402685],[-2.0184652189625725,53.75852781751073],[-2.01842136038381,53.75879098973503],[-2.0184651909144593,53.75905416360848],[-2.0185950277679527,53.759307225412904],[-2.0188058827400495,53.75954044985784],[-2.019089653696692,53.75974487385868],[-2.0194354357967774,53.75991264104396],[-2.019829940510704,53.760037303742955],[-2.0202580063394255,53.76011407083806],[-2.0207031816,53.760139991945586],[-2.0211483568605746,53.76011407083806],[-2.021576422689296,53.760037303742955],[-2.021709390767045,53.75999528609686],[-2.02177587463539,53.76004317965859],[-2.022121659191599,53.7602109468439],[-2.0225161667077827,53.76033560954293],[-2.022944235577189,53.76041237663806],[-2.023389414,53.760438297745594],[-2.0238345924228107,53.76041237663806],[-2.024262661292217,53.76033560954293],[-2.0246571688084014,53.7602109468439],[-2.0250029533646097,53.76004317965859],[-2.0252867263368493,53.75983875565768],[-2.0254975828065636,53.75960553121271],[-2.0256274205821594,53.75935246940826],[-2.0256712514239843,53.75908929553481]]],[[[-2.016137403109572,53.74188437834844],[-2.016093562186285,53.74162120612362],[-2.015963753812428,53.74136814901412],[-2.015752967802619,53.74113493159563],[-2.015469305448045,53.74093051588302],[-2.015123668050937,53.74076275698604],[-2.0147293379453965,53.74063810131349],[-2.0145670571582737,53.74060898717227],[-2.014422677292779,53.740563345713504],[-2.0139948082215455,53.74048658331332],[-2.0135498409,53.74046066385442],[-2.0131048735784547,53.74048658331332],[-2.012677004507221,53.740563345713504],[-2.012282675103132,53.74068800138606],[-2.0119370383208692,53.74085576028306],[-2.0116533764709086,53.741060175995685],[-2.011442590836088,53.74129339341418],[-2.011312782693179,53.741546450523686],[-2.0112689418479186,53.741809622748505],[-2.011312754673822,53.74207279662145],[-2.011442539063066,53.7423258584244],[-2.011653308826196,53.74255908286715],[-2.01193696510276,53.74276350686543],[-2.0122826074584195,53.742931274048125],[-2.0126769527341994,53.74305593674494],[-2.0128392326981284,53.743085050954065],[-2.012983610281348,53.74313069234492],[-2.0134115038674567,53.74320745943857],[-2.0138565,53.74323338054559],[-2.014301496132543,53.74320745943857],[-2.014729389718652,53.74313069234492],[-2.015123735695955,53.74300602964811],[-2.015469378666485,53.74283826246539],[-2.015753035447637,53.74263383846711],[-2.0159638055856837,53.74240061402435],[-2.016093590205769,53.74214755222138],[-2.016137403109572,53.74188437834844]]],[[[-1.9977717575487517,53.72001789906576],[-1.997727939433775,53.71975472684029],[-1.9975981985692661,53.71950166972891],[-1.9973875221737127,53.71926845230762],[-1.9971040073246962,53.719064036591696],[-1.9967585496554736,53.718896277691385],[-1.996364424593724,53.718771622016035],[-1.9959367772425554,53.71869485961397],[-1.9954920405,53.71866894015442],[-1.995047303757445,53.71869485961397],[-1.9946196564062761,53.718771622016035],[-1.9942255313445267,53.718896277691385],[-1.9938800736753042,53.719064036591696],[-1.9935965588262876,53.71926845230762],[-1.9933858824307342,53.71950166972891],[-1.9932561415662253,53.71975472684029],[-1.9932123234512487,53.72001789906576],[-1.9932561135837108,53.72028107293804],[-1.9933858307257895,53.72053413473913],[-1.9935964912705217,53.72076735917909],[-1.9938800005534698,53.72097178317407],[-1.9942254637887609,53.721139550353456],[-1.9946196047013314,53.72126421304746],[-1.9950472757749305,53.72134098013924],[-1.9954920405,53.7213669012456],[-1.9959368052250699,53.72134098013924],[-1.996364476298669,53.72126421304746],[-1.9967586172112395,53.721139550353456],[-1.9971040804465305,53.72097178317407],[-1.9973875897294786,53.72076735917909],[-1.997598250274211,53.72053413473913],[-1.9977279674162896,53.72028107293804],[-1.9977717575487517,53.72001789906576]]]]}},{"type":"Feature","properties":{"species":"Polypodium","commonName":"polypody ferns","observedAt":"2020-08-24 17:20:10 UTC","imageUrl":"https://inaturalist-open-data.s3.amazonaws.com/photos/91656174/medium.jpeg","locations":[],"common":false,"recordCount":3},"geometry":{"type":"MultiPolygon","coordinates":[[[[-2.091847352192828,53.719729069865984],[-2.091803534378919,53.719465897640504],[-2.0916737944055295,53.71921284052911],[-2.091463119456876,53.71897962310777],[-2.0911796065549235,53.7187752073918],[-2.090834151258097,53.718607448491454],[-2.0904400289029117,53.71848279281607],[-2.09001238448848,53.71840603041398],[-2.0895676508,53.71838011095441],[-2.0891229171115198,53.71840603041398],[-2.088695272697088,53.71848279281607],[-2.088301150341903,53.718607448491454],[-2.087955695045076,53.7187752073918],[-2.0876721821431237,53.71897962310777],[-2.0874615071944707,53.71921284052911],[-2.0873317672210807,53.719465897640504],[-2.0872879494071723,53.719729069865984],[-2.0873317392390542,53.719992243738254],[-2.0874614554904274,53.720245305539315],[-2.0876721145885355,53.72047852997924],[-2.087955621924517,53.72068295397417],[-2.0883010827873147,53.72085072115352],[-2.0886952209930447,53.72097538384749],[-2.0891228891294937,53.721052150939244],[-2.0895676508,53.7210780720456],[-2.0900124124705064,53.721052150939244],[-2.0904400806069554,53.72097538384749],[-2.090834218812685,53.72085072115352],[-2.091179679675483,53.72068295397417],[-2.0914631870114646,53.72047852997924],[-2.0916738461095723,53.720245305539315],[-2.0918035623609454,53.719992243738254],[-2.091847352192828,53.719729069865984]]],[[[-2.0722786326275053,53.699999978381605],[-2.0722348353662716,53.699736806155535],[-2.0721051562258856,53.699483749042436],[-2.0718945800511817,53.699250531618574],[-2.0716112000672213,53.69904611589961],[-2.0712659067240904,53.69887835699629],[-2.070871969134892,53.69875370131835],[-2.070444525199357,53.69867693891459],[-2.07,53.69865101945443],[-2.069555474800643,53.69867693891459],[-2.0691280308651083,53.69875370131835],[-2.0687340932759097,53.69887835699629],[-2.068388799932779,53.69904611589961],[-2.0681054199488185,53.699250531618574],[-2.0678948437741145,53.699483749042436],[-2.0677651646337285,53.699736806155535],[-2.067721367372495,53.699999978381605],[-2.0677651366850003,53.700263152253285],[-2.0678947921315984,53.700516214052655],[-2.0681053524746202,53.700749438490035],[-2.068388726899233,53.70095386248199],[-2.068734025801711,53.70112162965834],[-2.0691279792225923,53.701246292349786],[-2.069555446851915,53.701323059439844],[-2.07,53.701348980545596],[-2.0704445531480853,53.701323059439844],[-2.070872020777408,53.701246292349786],[-2.071265974198289,53.70112162965834],[-2.071611273100767,53.70095386248199],[-2.07189464752538,53.700749438490035],[-2.0721052078684012,53.700516214052655],[-2.072234863315,53.700263152253285],[-2.0722786326275053,53.699999978381605]]],[[[-2.0643171236639564,53.70828084317505],[-2.0642733177791577,53.70801767094922],[-2.064143613114239,53.70776461383684],[-2.0639329954956014,53.70753139641403],[-2.063649559741425,53.70732698069633],[-2.063304198445172,53.70715922179425],[-2.0629101833311863,53.70703456611739],[-2.0624826552779845,53.70695780371432],[-2.0620380426,53.70693188425442],[-2.061593429922015,53.70695780371432],[-2.061165901868813,53.70703456611739],[-2.0607718867548277,53.70715922179425],[-2.0604265254585745,53.70732698069633],[-2.060143089704398,53.70753139641403],[-2.0599324720857606,53.70776461383684],[-2.059802767420842,53.70801767094922],[-2.059758961536043,53.70828084317505],[-2.0598027394581435,53.70854401704697],[-2.059932420417432,53.708797078847056],[-2.0601430221964736,53.70903030328551],[-2.060426452388523,53.7092347272787],[-2.060771819246903,53.70940249445631],[-2.061165850200484,53.70952715714882],[-2.061593401959317,53.70960392423959],[-2.0620380426,53.70962984534559],[-2.0624826832406824,53.70960392423959],[-2.062910234999515,53.70952715714882],[-2.0633042659530965,53.70940249445631],[-2.0636496328114764,53.7092347272787],[-2.063933063003526,53.70903030328551],[-2.0641436647825677,53.708797078847056],[-2.0642733457418556,53.70854401704697],[-2.0643171236639564,53.70828084317505]]]]}},{"type":"Feature","properties":{"species":"Pteridium aquilinum","commonName":"common bracken","observedAt":"2020-06-15 13:30:00 UTC","imageUrl":"https://inaturalist-open-data.s3.amazonaws.com/photos/117385857/medium.jpeg","locations":[],"common":false,"recordCount":61},"geometry":{"type":"MultiPolygon","coordinates":[[[[-2.1701398203953426,53.739276907150504],[-2.1700959821934176,53.739013734925614],[-2.169966181874404,53.73876067781589],[-2.1697554089431628,53.738527460397066],[-2.1694717641881374,53.738323044684066],[-2.1691261482351685,53.738155285786675],[-2.168731842594321,53.7380306301138],[-2.1683039993072084,53.73795386771339],[-2.1679875322963977,53.73793543231906],[-2.168128186566462,53.73789096254936],[-2.1684737874715636,53.73772319536742],[-2.168757409732078,53.73751877136992],[-2.168968154220788,53.737285546927815],[-2.1690979230482483,53.73703248512528],[-2.169141730622623,53.736769311252495],[-2.1690978950374182,53.736506139027526],[-2.1689681024635226,53.73625308191758],[-2.168757342107952,53.73601986449844],[-2.1684737142757373,53.735815448785054],[-2.1681281189423363,53.73564768988729],[-2.167733836825465,53.73552303421409],[-2.167306019062859,53.73544627181347],[-2.1668611051,53.735420352354424],[-2.1664161911371416,53.73544627181347],[-2.165988373374535,53.73552303421409],[-2.165594091257664,53.73564768988729],[-2.165248495924263,53.735815448785054],[-2.1649648680920484,53.73601986449844],[-2.1647541077364774,53.73625308191758],[-2.1646243151625817,53.736506139027526],[-2.164580479577377,53.736769311252495],[-2.1646242871517516,53.73703248512528],[-2.164754055979212,53.737285546927815],[-2.1649648004679225,53.73751877136992],[-2.1652484227284368,53.73772319536742],[-2.1655940236335383,53.73789096254936],[-2.1659883216172697,53.73801562524551],[-2.1664161631263115,53.73809239233873],[-2.166732599383304,53.73811082705273],[-2.1665919693648314,53.738155285786675],[-2.166246353411862,53.738323044684066],[-2.1659627086568367,53.738527460397066],[-2.165751935725596,53.73876067781589],[-2.1656221354065823,53.739013734925614],[-2.1655782972046573,53.739276907150504],[-2.16562210739151,53.73954008102337],[-2.1657518839604926,53.739793142826116],[-2.16596264102247,53.74002636726854],[-2.166246280204951,53.74023079126643],[-2.1665919017304645,53.74039855844874],[-2.166986223240575,53.740523221145224],[-2.1674140902777195,53.74059998823866],[-2.1678590588,53.740625909345596],[-2.1683040273222804,53.74059998823866],[-2.1687318943594245,53.740523221145224],[-2.169126215869535,53.74039855844874],[-2.169471837395049,53.74023079126643],[-2.1697554765775298,53.74002636726854],[-2.1699662336395074,53.739793142826116],[-2.1700960102084896,53.73954008102337],[-2.1701398203953426,53.739276907150504]]],[[[-2.1376558517034705,53.70398133857844],[-2.137612050296648,53.70371816635249],[-2.1374823588859044,53.70346510923974],[-2.1372717627879405,53.70323189181639],[-2.1369883559936746,53.70302747609802],[-2.136643029983574,53.702859717195295],[-2.1362490551260382,53.702735061517885],[-2.135821570752784,53.70265829911445],[-2.1353770035,53.70263237965441],[-2.1349324362472157,53.70265829911445],[-2.134504951873961,53.702735061517885],[-2.1341109770164253,53.702859717195295],[-2.133765651006325,53.70302747609802],[-2.1334822442120593,53.70323189181639],[-2.1332716481140954,53.70346510923974],[-2.133141956703352,53.70371816635249],[-2.133098155296529,53.70398133857844],[-2.1331153905956897,53.704084960300484],[-2.1328152548906734,53.70410245841441],[-2.1323877558470383,53.70417922081772],[-2.131993767468941,53.70430387649494],[-2.131648429607606,53.70447163539746],[-2.1313650130868433,53.70467605111559],[-2.1311544097609296,53.70490926853876],[-2.1310247138986282,53.70516232565139],[-2.1309809109878293,53.70542549787731],[-2.1310246859407487,53.705688671749144],[-2.1311543581015036,53.70594173354899],[-2.1313649455905503,53.706174957987066],[-2.1316483565501456,53.70637938197982],[-2.1319936999726483,53.70654714915701],[-2.1323877041876123,53.70667181184915],[-2.1328152269327934,53.70674857893967],[-2.1332598374,53.7067745000456],[-2.1337044478672063,53.70674857893967],[-2.134131970612387,53.70667181184915],[-2.1345259748273513,53.70654714915701],[-2.1348713182498535,53.70637938197982],[-2.135154729209449,53.706174957987066],[-2.1353653166984956,53.70594173354899],[-2.135494988859251,53.705688671749144],[-2.1355387638121703,53.70542549787731],[-2.135521523246694,53.70532191485258],[-2.1358215987082274,53.70530441963971],[-2.1362491067809626,53.705227652549304],[-2.1366430974739847,53.70510298985736],[-2.1369884290447687,53.7049352226804],[-2.137271830278351,53.70473079868785],[-2.1374824105408283,53.704497574249956],[-2.1376120782520913,53.70424451245024],[-2.1376558517034705,53.70398133857844]]],[[[-2.1277099300494737,53.708077498375204],[-2.127666124376486,53.70781432614937],[-2.1275364203385005,53.70756126903697],[-2.1273258037378073,53.70732805161414],[-2.127042369353458,53.7071236358964],[-2.1266970097262674,53.7069558769943],[-2.1263029965164435,53.70683122131741],[-2.125875470529337,53.70675445891433],[-2.12543086,53.70672853945442],[-2.124986249470663,53.70675445891433],[-2.124558723483556,53.70683122131741],[-2.124164710273732,53.7069558769943],[-2.123819350646542,53.7071236358964],[-2.1235359162621923,53.70732805161414],[-2.1233252996614995,53.70756126903697],[-2.1231955956235136,53.70781432614937],[-2.1231517899505263,53.708077498375204],[-2.1231955676611585,53.708340672247125],[-2.123325247993805,53.70859373404719],[-2.123535848755096,53.7088269584856],[-2.1238192775773874,53.70903138247878],[-2.1241646427666363,53.709199149656364],[-2.1245586718158616,53.70932381234884],[-2.124986221508308,53.70940057943958],[-2.12543086,53.70942650054559],[-2.1258754984916917,53.70940057943958],[-2.126303048184138,53.70932381234884],[-2.1266970772333638,53.709199149656364],[-2.127042442422612,53.70903138247878],[-2.1273258712449037,53.7088269584856],[-2.127536472006195,53.70859373404719],[-2.127666152338841,53.708340672247125],[-2.1277099300494737,53.708077498375204]]],[[[-2.1208352584107435,53.79522076160612],[-2.120791361727208,53.79495758938291],[-2.1206613883110386,53.794704532278004],[-2.1204503343237,53.794471314866385],[-2.120166311357521,53.79426689916186],[-2.119820234573856,53.79409914027298],[-2.119425403191164,53.79397448460729],[-2.1189969894519627,53.793897722211696],[-2.1185514557,53.79387180275442],[-2.1181059219480374,53.793897722211696],[-2.117677508208836,53.79397448460729],[-2.1172826768261443,53.79409914027298],[-2.1169366000424796,53.79426689916186],[-2.1166525770763003,53.794471314866385],[-2.116441523088962,53.794704532278004],[-2.1163115496727922,53.79495758938291],[-2.1162676529892566,53.79522076160612],[-2.1163115215628565,53.795483935480675],[-2.1164414711485726,53.79573699728822],[-2.1166525092129116,53.795970221737846],[-2.116936526587677,53.79617464574424],[-2.117282608962755,53.796342412935026],[-2.1176774562684466,53.79646707563872],[-2.1181058938381017,53.79654384273696],[-2.1185514557,53.79656976384559],[-2.118997017561899,53.79654384273696],[-2.1194254551315534,53.79646707563872],[-2.1198203024372453,53.796342412935026],[-2.120166384812323,53.79617464574424],[-2.1204504021870885,53.795970221737846],[-2.120661440251428,53.79573699728822],[-2.1207913898371435,53.795483935480675],[-2.1208352584107435,53.79522076160612]]],[[[-2.1169991179131205,53.721850910864305],[-2.1169552978873374,53.72158773863888],[-2.1168255513671124,53.72133468152766],[-2.1166148657884283,53.7211014641066],[-2.11633133858187,53.72089704839095],[-2.1159858658556217,53.720729289490926],[-2.115591723615961,53.72060463381581],[-2.115164057626034,53.72052787141391],[-2.1147193015,53.72050195195442],[-2.1142745453739664,53.72052787141391],[-2.113846879384039,53.72060463381581],[-2.113452737144379,53.720729289490926],[-2.113107264418131,53.72089704839095],[-2.1128237372115724,53.7211014641066],[-2.112613051632888,53.72133468152766],[-2.112483305112663,53.72158773863888],[-2.1124394850868797,53.721850910864305],[-2.112483277127052,53.72211408473664],[-2.112612999922222,53.722367146537884],[-2.1128236696483307,53.72260037097807],[-2.1131071912882047,53.72280479497333],[-2.1134526695811373,53.722972562153],[-2.1138468276733726,53.72309722484724],[-2.1142745173883557,53.72317399193918],[-2.1147193015,53.72319991304558],[-2.115164085611645,53.72317399193918],[-2.115591775326628,53.72309722484724],[-2.1159859334188633,53.722972562153],[-2.116331411711796,53.72280479497333],[-2.11661493335167,53.72260037097807],[-2.116825603077779,53.722367146537884],[-2.116955325872948,53.72211408473664],[-2.1169991179131205,53.721850910864305]]],[[[-2.1167615583088484,53.731204181856896],[-2.116717728529538,53.730941009631756],[-2.1165879531402605,53.73068795252134],[-2.1163772206871827,53.73045473510148],[-2.1160936304027556,53.73025031938725],[-2.11574808081939,53.73008256048865],[-2.1153538508967595,53.72995790481473],[-2.1149260897671085,53.729881142413625],[-2.1144812347,53.72985522295442],[-2.1140363796328914,53.729881142413625],[-2.1136086185032403,53.72995790481473],[-2.1132143885806105,53.73008256048865],[-2.1128688389972448,53.73025031938725],[-2.112585248712817,53.73045473510148],[-2.1123745162597394,53.73068795252134],[-2.1122447408704623,53.730941009631756],[-2.1122009110911515,53.731204181856896],[-2.1122447128690434,53.73146735572952],[-2.1123027462638544,53.7315805414607],[-2.1121822157206753,53.73166741900082],[-2.1119714771882316,53.73190063642053],[-2.111841698054788,53.73215369353085],[-2.111797867010495,53.732416865755944],[-2.1118416700513185,53.7326800396286],[-2.1119714254445676,53.73293310143075],[-2.11218214811432,53.733166325872304],[-2.1122266537633614,53.733198407150844],[-2.112084579374732,53.733267377086065],[-2.1118009687358588,53.73347179279984],[-2.1115902211569955,53.7337050102193],[-2.1114604364520324,53.733958067329475],[-2.111416603525379,53.73422123955451],[-2.1114604084455117,53.73448441342722],[-2.1115901694076937,53.73473747522953],[-2.1118009011221375,53.73497069967131],[-2.1120845061901674,53.735175123668434],[-2.112430086145215,53.73534289084998],[-2.1128243602264716,53.73546755354581],[-2.1132521757993135,53.73554432063881],[-2.1136970908,53.73557024174559],[-2.114142005800687,53.73554432063881],[-2.1145698213735287,53.73546755354581],[-2.1149640954547855,53.73534289084998],[-2.1153096754098333,53.735175123668434],[-2.1155932804778628,53.73497069967131],[-2.1158040121923065,53.73473747522953],[-2.1159337731544885,53.73448441342722],[-2.1159775780746215,53.73422123955451],[-2.115933745147968,53.733958067329475],[-2.115803960443005,53.7337050102193],[-2.1155932128641415,53.73347179279984],[-2.1155487117466407,53.73343971809442],[-2.115690771790616,53.733370749869145],[-2.11597436468568,53.733166325872304],[-2.116185087355432,53.73293310143075],[-2.1163148427486815,53.7326800396286],[-2.116358645789505,53.732416865755944],[-2.116314814745212,53.73215369353085],[-2.116256772500412,53.73204051660976],[-2.116377288288588,53.731953641972964],[-2.116588004880136,53.73172041753157],[-2.116717756530957,53.73146735572952],[-2.1167615583088484,53.731204181856896]]],[[[-2.1160556188376325,53.72846306125907],[-2.116011791917314,53.72819988903385],[-2.1158820249902477,53.7279468319232],[-2.1156713062771773,53.72771361450299],[-2.1153877344823844,53.72750919878834],[-2.1150422074276807,53.72734143988931],[-2.1146480032070287,53.72721678421505],[-2.1142202699651094,53.72714002181372],[-2.1137754439,53.72711410235441],[-2.11333061783489,53.72714002181372],[-2.1129028845929705,53.72721678421505],[-2.112508680372319,53.72734143988931],[-2.112163153317615,53.72750919878834],[-2.111879581522822,53.72771361450299],[-2.111668862809752,53.7279468319232],[-2.1115390958826854,53.72819988903385],[-2.111495268962367,53.72846306125907],[-2.1115390678859005,53.728726235131596],[-2.111668811078439,53.728979296933424],[-2.1118795139326045,53.72921252137446],[-2.1121630801584907,53.72941694537071],[-2.1125086127821007,53.729584712551386],[-2.1129028328616575,53.72970937524648],[-2.113330589838105,53.729786142338966],[-2.1137754439,53.729812063445586],[-2.1142202979618943,53.729786142338966],[-2.114648054938342,53.72970937524648],[-2.1150422750178985,53.729584712551386],[-2.115387807641509,53.72941694537071],[-2.115671373867395,53.72921252137446],[-2.1158820767215603,53.728979296933424],[-2.1160118199140987,53.728726235131596],[-2.1160556188376325,53.72846306125907]]],[[[-2.112694206483377,53.7162933880687],[-2.112650392250332,53.71603021584311],[-2.1125206628757898,53.71577715873142],[-2.1123100051363806,53.71554394130964],[-2.1120265153925395,53.71533952559316],[-2.111681088312673,53.715171766692286],[-2.111286998149001,53.715047111016446],[-2.1108593886637195,53.714970348614074],[-2.1104146913,53.714944429154414],[-2.109969993936281,53.714970348614074],[-2.109542384450999,53.715047111016446],[-2.1091482942873268,53.715171766692286],[-2.1088028672074604,53.71533952559316],[-2.1085193774636193,53.71554394130964],[-2.10830871972421,53.71577715873142],[-2.1081789903496677,53.71603021584311],[-2.108135176116623,53.7162933880687],[-2.1081789623734437,53.71655656194086],[-2.1083086680308885,53.71680962374164],[-2.10851930992304,53.71704284818111],[-2.108802794102064,53.717247272175534],[-2.1091482267467474,53.71741503935435],[-2.1095423327576777,53.71753970204789],[-2.1099699659600564,53.71761646913934],[-2.1104146913,53.71764239024558],[-2.1108594166399435,53.71761646913934],[-2.111287049842322,53.71753970204789],[-2.111681155853253,53.71741503935435],[-2.112026588497936,53.717247272175534],[-2.1123100726769604,53.71704284818111],[-2.1125207145691114,53.71680962374164],[-2.112650420226556,53.71655656194086],[-2.112694206483377,53.7162933880687]]],[[[-2.110957175225419,53.70722779447588],[-2.1109133704374883,53.70696462225001],[-2.1108819443514437,53.70690330761913],[-2.1108666408963006,53.70681136655013],[-2.1107369399504288,53.70655830943764],[-2.1105263283703724,53.70632509201469],[-2.1102429007421857,53.7061206762968],[-2.10989754934703,53.705952917394534],[-2.1095035455287796,53.70582826171752],[-2.1090760297319266,53.705751499314346],[-2.1086314298,53.705725579854416],[-2.1081868298680733,53.705751499314346],[-2.1077593140712203,53.70582826171752],[-2.1073653102529697,53.705952917394534],[-2.1070199588578142,53.7061206762968],[-2.1067365312296276,53.70632509201469],[-2.1065259196495707,53.70655830943764],[-2.1063962187036993,53.70681136655013],[-2.106352414075396,53.70707453877599],[-2.106396190743037,53.70733771264789],[-2.106427610338066,53.70739902717889],[-2.1064429040015904,53.70749096834777],[-2.106572581715811,53.70774403014776],[-2.106783178224429,53.70797725458607],[-2.1070666013231816,53.70818167857911],[-2.1074119595379615,53.70834944575657],[-2.1078059806298293,53.70847410844893],[-2.1082335216878727,53.70855087553961],[-2.1086781512,53.70857679664559],[-2.109122780712127,53.70855087553961],[-2.10955032177017,53.70847410844893],[-2.1099443428620384,53.70834944575657],[-2.110289701076818,53.70818167857911],[-2.1105731241755703,53.70797725458607],[-2.1107837206841884,53.70774403014776],[-2.1109133983984094,53.70749096834777],[-2.110957175225419,53.70722779447588]]],[[[-2.1075502154485757,53.71998837836578],[-2.107506397364371,53.7197252061403],[-2.1073766565909424,53.719472149028924],[-2.107165980343275,53.71923893160762],[-2.1068824656932663,53.71903451589169],[-2.1065370082665233,53.71886675699139],[-2.1061428834814095,53.718742101316025],[-2.105715236430401,53.718665338913965],[-2.1052705,53.71863941945442],[-2.1048257635695986,53.718665338913965],[-2.1043981165185905,53.718742101316025],[-2.1040039917334763,53.71886675699139],[-2.1036585343067338,53.71903451589169],[-2.1033750196567245,53.71923893160762],[-2.1031643434090572,53.719472149028924],[-2.103034602635629,53.7197252061403],[-2.102990784551424,53.71998837836578],[-2.1030345746531642,53.720251552238054],[-2.103164291704205,53.72050461403914],[-2.1033749521010794,53.72073783847909],[-2.10365846118503,53.72094226247407],[-2.1040039241778308,53.721110029653445],[-2.1043980648137377,53.72123469234745],[-2.104825735587134,53.72131145943923],[-2.1052705,53.72133738054558],[-2.1057152644128663,53.72131145943923],[-2.106142935186262,53.72123469234745],[-2.1065370758221693,53.721110029653445],[-2.10688253881497,53.72094226247407],[-2.1071660478989207,53.72073783847909],[-2.1073767082957953,53.72050461403914],[-2.1075064253468354,53.720251552238054],[-2.1075502154485757,53.71998837836578]]],[[[-2.1040233945574194,53.788458328311485],[-2.103979504953591,53.78819515608808],[-2.1038495524923326,53.78794209898258],[-2.1036385325292675,53.78770888157009],[-2.10335455534882,53.787504465864544],[-2.1030085343526967,53.78733670697462],[-2.1026137666156015,53.78721205130808],[-2.102185421934557,53.7871352889119],[-2.10173996,53.787109369454406],[-2.1012944980654438,53.7871352889119],[-2.1008661533843993,53.78721205130808],[-2.1004713856473036,53.78733670697462],[-2.1001253646511806,53.787504465864544],[-2.0998413874707333,53.78770888157009],[-2.099630367507668,53.78794209898258],[-2.0995004150464096,53.78819515608808],[-2.0994565254425814,53.788458328311485],[-2.099461612829921,53.78848885319714],[-2.099341452419325,53.78845091130794],[-2.09891309508912,53.78837414891186],[-2.09846762,53.78834822945442],[-2.09802214491088,53.78837414891186],[-2.0975937875806747,53.78845091130794],[-2.09719900818582,53.78857556697434],[-2.096852976971272,53.788743325864075],[-2.0965689914044003,53.788947741569416],[-2.096357965209218,53.78918095898175],[-2.0962280089097156,53.789434016087135],[-2.0961841180091203,53.78969718831051],[-2.0962279808091657,53.78996036218489],[-2.0963579132861714,53.79021342399197],[-2.09656892356367,53.790446648440884],[-2.096852903540995,53.79065107244644],[-2.09719894034509,53.79081883963639],[-2.0975937356576284,53.790943502339374],[-2.0980221168103297,53.79102026943713],[-2.09846762,53.79104619054559],[-2.0989131231896705,53.79102026943713],[-2.0993415043423718,53.790943502339374],[-2.0997362996549103,53.79081883963639],[-2.1000823364590047,53.79065107244644],[-2.1003663164363298,53.790446648440884],[-2.1005773267138284,53.79021342399197],[-2.1007072591908345,53.78996036218489],[-2.1007511219908794,53.78969718831051],[-2.100746042384592,53.789666730715375],[-2.100866101465241,53.78970464233951],[-2.1012944699669975,53.789781409437154],[-2.10173996,53.78980733054559],[-2.102185450033003,53.789781409437154],[-2.10261381853476,53.78970464233951],[-2.1030086021883463,53.7895799796367],[-2.103354628773598,53.78941221244691],[-2.1036386003649166,53.78920778844156],[-2.103849604411491,53.78897456399281],[-2.1039795330520374,53.78872150218583],[-2.1040233945574194,53.788458328311485]]],[[[-2.103519732162108,53.712653754171576],[-2.1034759217216874,53.712390581945876],[-2.1033462035727735,53.71213752483387],[-2.1031355640603064,53.71190430741163],[-2.1028520988440715,53.71169989169459],[-2.1025067016498244,53.711532132793174],[-2.102112645581366,53.711407477116865],[-2.101685073090831,53.71133071471418],[-2.1012404142,53.71130479525441],[-2.1007957553091687,53.71133071471418],[-2.100368182818634,53.711407477116865],[-2.0999741267501753,53.711532132793174],[-2.099628729555928,53.71169989169459],[-2.099588924123419,53.71172859664872],[-2.0993522023040003,53.71155788849465],[-2.099006806275631,53.711390129593205],[-2.0986127515372726,53.711265473916896],[-2.098185180489952,53.7111887115142],[-2.0977405231,53.71116279205442],[-2.097295865710048,53.7111887115142],[-2.0968682946627277,53.711265473916896],[-2.096474239924369,53.711390129593205],[-2.096128843896,53.71155788849465],[-2.0958453796366197,53.71176230421172],[-2.09563474083521,53.71199552163398],[-2.095505023124223,53.71224857874599],[-2.0954612128317573,53.71251175097169],[-2.095504995154384,53.71277492484374],[-2.095634689153686,53.71302798664419],[-2.0958453121114546,53.713261211083186],[-2.096128770807288,53.71346563507702],[-2.096474172399204,53.71363340225528],[-2.096868242981204,53.71375806494832],[-2.097295837740209,53.71383483203945],[-2.0977405231,53.71386075314559],[-2.098185208459791,53.71383483203945],[-2.098612803218796,53.71375806494832],[-2.099006873800796,53.71363340225528],[-2.099352275392712,53.71346563507702],[-2.099392013188393,53.71343697707845],[-2.09962865646659,53.713607638276955],[-2.0999740592244316,53.71377540545523],[-2.1003681311366673,53.7139000681483],[-2.10079572733909,53.713976835239436],[-2.1012404142,53.714002756345586],[-2.1016851010609097,53.713976835239436],[-2.1021126972633324,53.7139000681483],[-2.102506769175568,53.71377540545523],[-2.10285217193341,53.713607638276955],[-2.1031356315860505,53.713403214283105],[-2.10334625525474,53.7131699898441],[-2.103475949691766,53.71291692804364],[-2.103519732162108,53.712653754171576]]],[[[-2.1028115736316524,53.71567057116919],[-2.1027677600476626,53.71540739894359],[-2.1026380325942333,53.715154341831834],[-2.1024273779741165,53.714921124409976],[-2.10214389242784,53.71471670869341],[-2.101798470462489,53.71454894979244],[-2.1014043861337464,53.71442429411653],[-2.10097678297961,53.7143475317141],[-2.1009073263853684,53.71434348333379],[-2.100852767933276,53.7143336891141],[-2.1004080773,53.71430776965441],[-2.0999633866667238,53.7143336891141],[-2.0995357836532995,53.71441045151653],[-2.0991416994542407,53.71453510719245],[-2.098796277602562,53.71470286609341],[-2.0985127921495774,53.714907281809985],[-2.098302137598788,53.71514049923184],[-2.098172410188056,53.7153935563436],[-2.0981285966184924,53.71565672856921],[-2.098172382212907,53.71591990244135],[-2.0983020859074526,53.71617296424207],[-2.0983058441971254,53.716177125514356],[-2.098348184263094,53.71625973404201],[-2.098558823401719,53.71649295848142],[-2.0988423038748585,53.716697382475736],[-2.099187732003703,53.71686514965448],[-2.0995818328623925,53.71698981234795],[-2.1000094604741566,53.71706657943935],[-2.10045418,53.71709250054559],[-2.1008988995258426,53.71706657943935],[-2.101326527137607,53.71698981234795],[-2.1017206279962966,53.71686514965448],[-2.102066056125141,53.716697382475736],[-2.1023495365982807,53.71649295848142],[-2.102392906956414,53.71644493783565],[-2.1024274455121574,53.71642003128146],[-2.102638084285612,53.71618680684206],[-2.1027677880228355,53.71593374504135],[-2.1028115736316524,53.71567057116919]]],[[[-2.09695344868991,53.72471310966204],[-2.0969096256800306,53.7244499374367],[-2.096779870327304,53.724196880325735],[-2.096569170407376,53.723963662905035],[-2.0962856239021117,53.72375924718984],[-2.0959401276613896,53.72359148829023],[-2.09554595859508,53.723466832615486],[-2.095118263497106,53.72339007021384],[-2.0946734771,53.72336415075441],[-2.0942286907028946,53.72339007021384],[-2.0938009956049206,53.723466832615486],[-2.093406826538611,53.72359148829023],[-2.0933852628667613,53.72360195873082],[-2.0934031416328587,53.72356708223553],[-2.0934469351853906,53.72330390836316],[-2.093403113644793,53.72304073613778],[-2.0932733626409323,53.72278767902668],[-2.093062669782214,53.72255446160581],[-2.0929791511212543,53.72249424891173],[-2.092884750157802,53.72238975540589],[-2.092601214265203,53.722185339690434],[-2.0922557309554644,53.72201758079061],[-2.091861576641557,53.721892925115654],[-2.0914338975505613,53.72181616271387],[-2.0909891278,53.72179024325442],[-2.0905443580494385,53.72181616271387],[-2.090116678958443,53.721892925115654],[-2.089722524644535,53.72201758079061],[-2.0893770413347967,53.722185339690434],[-2.089093505442198,53.72238975540589],[-2.0888828134087487,53.72262297282679],[-2.0887530629131557,53.72287602993789],[-2.088709241544278,53.723139202163274],[-2.088753034925368,53.72340237603565],[-2.08888276169406,53.723655437837],[-2.0890934378737014,53.72388866227737],[-2.0891769513997622,53.723948875126354],[-2.0892713426486185,53.724053368477286],[-2.089554874084591,53.72425779247276],[-2.0899003643146457,53.724425559652644],[-2.090294536026262,53.72455022234707],[-2.0907222405194203,53.72462698943912],[-2.09116704,53.724652910545586],[-2.09161183948058,53.72462698943912],[-2.0920395439737387,53.72455022234707],[-2.092433715685355,53.724425559652644],[-2.0924551701609686,53.72441514153787],[-2.09243732851997,53.7244499374367],[-2.0923935055100906,53.72471310966204],[-2.0924373005295234,53.72497628353447],[-2.092567032153094,53.725229345335954],[-2.0927777162177077,53.72546256977652],[-2.093061257155326,53.7256669937722],[-2.093406758963694,53.725834760952296],[-2.0938009438853182,53.72595942364691],[-2.0942286627124473,53.72603619073909],[-2.0946734771,53.7260621118456],[-2.0951182914875535,53.72603619073909],[-2.0955460103146826,53.72595942364691],[-2.095940195236307,53.725834760952296],[-2.096285697044675,53.7256669937722],[-2.0965692379822927,53.72546256977652],[-2.0967799220469066,53.725229345335954],[-2.0969096536704774,53.72497628353447],[-2.09695344868991,53.72471310966204]]],[[[-2.0937183978532294,53.731420699156736],[-2.093674567848071,53.731157526931604],[-2.0935447917903156,53.73090446982121],[-2.0933340582518367,53.73067125240137],[-2.093133794846846,53.730526900572826],[-2.0931308245934925,53.730523613401445],[-2.092847233844422,53.730319197687216],[-2.0925016836949126,53.73015143878862],[-2.092107453126394,53.73002678311471],[-2.091679691295926,53.72995002071362],[-2.0912348355,53.729924101254404],[-2.0907899797040734,53.72995002071362],[-2.0903622178736057,53.73002678311471],[-2.089967987305087,53.73015143878862],[-2.089622437155578,53.730319197687216],[-2.0893388464065072,53.730523613401445],[-2.0891281136081443,53.73075683082129],[-2.088998338006212,53.7310098879317],[-2.088954508155055,53.73127306015683],[-2.088998310004677,53.731536234029456],[-2.089128061868054,53.73178929583151],[-2.089338778804821,53.732022520272906],[-2.08953902870115,53.73216687155479],[-2.0895419991458746,53.73217015927285],[-2.0898255853210013,53.73237458326955],[-2.0901711422539346,53.73254235045066],[-2.0905653900686465,53.732667013146134],[-2.0909931771400747,53.73274378023889],[-2.0914380625,53.7327697013456],[-2.0918829478599257,53.73274378023889],[-2.0923107349313534,53.732667013146134],[-2.0927049827460653,53.73254235045066],[-2.093050539678999,53.73237458326955],[-2.093334125854126,53.73217015927285],[-2.0935448435308674,53.731936934831424],[-2.0936745958498557,53.73168387302936],[-2.0937183978532294,53.731420699156736]]],[[[-2.092543980832723,53.7200729484657],[-2.092500162660364,53.71980977624023],[-2.092370421626011,53.71955671912886],[-2.092159744954682,53.71932350170758],[-2.091876229734561,53.71911908599166],[-2.0915307716131672,53.71895132709137],[-2.0911366460355545,53.71882667141602],[-2.090708998124653,53.71874990901396],[-2.0905122763130155,53.71873844399234],[-2.0903864975645394,53.718493109029595],[-2.0901758262212993,53.718259891608156],[-2.089892318171073,53.718055475892086],[-2.089546868785824,53.717887716991626],[-2.0891527531749032,53.71776306131615],[-2.0887251160782823,53.717686298913996],[-2.08828039,53.71766037945441],[-2.0878356639217177,53.717686298913996],[-2.0874080268250967,53.71776306131615],[-2.0870139112141755,53.717887716991626],[-2.0866684618289266,53.718055475892086],[-2.0863849537787007,53.718259891608156],[-2.08617428243546,53.718493109029595],[-2.0860445446825757,53.718746166141045],[-2.086000727618874,53.719009338366554],[-2.0860445167017647,53.71927251223881],[-2.0861742307336635,53.71952557403981],[-2.086384886227047,53.71975879847964],[-2.086668388711544,53.71996322247447],[-2.0870138436625223,53.7201309896537],[-2.0874079751232997,53.720255652347575],[-2.0878356359409067,53.72033241943926],[-2.0880323084335957,53.72034388188349],[-2.088158048268873,53.72058918413909],[-2.0883687090893277,53.72082240857904],[-2.088652218743362,53.721026832574026],[-2.0889976824308425,53.721194599753424],[-2.0893918238593283,53.721319262447444],[-2.0898194954927396,53.72139602953923],[-2.0902642608,53.721421950645585],[-2.0907090261072603,53.72139602953923],[-2.0911366977406716,53.721319262447444],[-2.0915308391691574,53.721194599753424],[-2.0918763028566385,53.721026832574026],[-2.0921598125106726,53.72082240857904],[-2.092370473331127,53.72058918413909],[-2.0925001906429714,53.72033612233798],[-2.092543980832723,53.7200729484657]]],[[[-2.0814984297964014,53.7204652232654],[-2.081454611215135,53.72020205103994],[-2.0814340485406704,53.720161944357535],[-2.0814301793474534,53.720138706139984],[-2.0813004372982373,53.71988564902865],[-2.0810897589790853,53.7196524316074],[-2.0808062415415245,53.71944801589154],[-2.080460780718294,53.7192802569913],[-2.0800666520582736,53.71915560131598],[-2.0796390008028287,53.71907883891395],[-2.07919426,53.71905291945443],[-2.078749519197171,53.71907883891395],[-2.078321867941726,53.71915560131598],[-2.0779277392817055,53.7192802569913],[-2.0775822784584754,53.71944801589154],[-2.077298761020914,53.7196524316074],[-2.0770880827017626,53.71988564902865],[-2.0769583406525465,53.720138706139984],[-2.0769145221373115,53.72040187836545],[-2.076958312669383,53.720665052237756],[-2.076978871061936,53.72070515870535],[-2.076982737801595,53.720728397137705],[-2.0771124563231838,53.72098145893883],[-2.077323119108426,53.72121468337885],[-2.077606631406805,53.72141910737388],[-2.077952098316576,53.721586874553346],[-2.0783462434214592,53.72171153724741],[-2.078773919044071,53.72178830433923],[-2.0792186885,53.72181422544559],[-2.0796634579559297,53.72178830433923],[-2.080091133578541,53.72171153724741],[-2.0804852786834243,53.721586874553346],[-2.0808307455931954,53.72141910737388],[-2.0811142578915747,53.72121468337885],[-2.0813249206768165,53.72098145893883],[-2.0814546391984052,53.720728397137705],[-2.0814984297964014,53.7204652232654]]],[[[-2.0757547454613388,53.70928506837425],[-2.0757109385304617,53.70902189614845],[-2.0755812307693016,53.70876883903616],[-2.0753706081233263,53.70853562161348],[-2.0750871656039687,53.708331205895924],[-2.074741796064693,53.708163446994],[-2.074347771546598,53.708038791317264],[-2.07392023328954,53.707962028914295],[-2.07347561,53.70793610945442],[-2.07303098671046,53.707962028914295],[-2.072603448453402,53.708038791317264],[-2.0722094239353073,53.708163446994],[-2.071864054396031,53.708331205895924],[-2.0715806118766737,53.70853562161348],[-2.0715471543056707,53.708572668382324],[-2.071463357486279,53.70863310161342],[-2.0712527343522846,53.7088663190361],[-2.0711230262905618,53.70911937614839],[-2.0710792192581393,53.70938254837417],[-2.071122998326005,53.70964572224614],[-2.0712526826805204,53.70989878404631],[-2.0714632899738654,53.710132008484905],[-2.0717467275874437,53.710336432478265],[-2.0720921034893918,53.71050419965604],[-2.0724861447610214,53.710628862348685],[-2.072913707715806,53.71070562943955],[-2.07335836,53.71073155054559],[-2.0738030122841935,53.71070562943955],[-2.0742305752389782,53.710628862348685],[-2.0746246165106084,53.71050419965604],[-2.0749699924125564,53.710336432478265],[-2.0752534300261343,53.710132008484905],[-2.075286884348173,53.71009496149877],[-2.0753706756353423,53.71003452848496],[-2.075581282440761,53.70980130404638],[-2.0757109664948548,53.70954824224621],[-2.0757547454613388,53.70928506837425]]],[[[-2.074970765624847,53.72095829956501],[-2.0749269465295845,53.72069512733957],[-2.0747972027635697,53.72044207022828],[-2.0745865216568693,53.7202088528071],[-2.0743030004681633,53.72000443709131],[-2.074246918576123,53.719977203577635],[-2.074128598554601,53.71989189589136],[-2.0737831340852475,53.71972413699118],[-2.0733890012655216,53.71959948131593],[-2.0729613454966214,53.71952271891394],[-2.0725166,53.71949679945441],[-2.072071854503379,53.71952271891394],[-2.0716441987344787,53.71959948131593],[-2.0712500659147532,53.71972413699118],[-2.0709046014453993,53.71989189589136],[-2.0706210810154064,53.720096311607165],[-2.0704104004725203,53.72032952902835],[-2.070280657053748,53.720582586139656],[-2.0702368380758034,53.720845758365094],[-2.0702806290698352,53.72110893223741],[-2.0704103487649914,53.721361994038574],[-2.070621013456264,53.721595218478626],[-2.070904528319911,53.721799642473734],[-2.070960608763921,53.72182687626233],[-2.071078921605851,53.72191218367369],[-2.071424392566042,53.72207995085323],[-2.0718185422921565,53.72220461354735],[-2.072246222929193,53.7222813806392],[-2.0726909976,53.7223073017456],[-2.073135772270807,53.7222813806392],[-2.0735634529078437,53.72220461354735],[-2.0739576026339583,53.72207995085323],[-2.074303073594149,53.72191218367369],[-2.0745865892164708,53.72170775967857],[-2.07479725447145,53.72147453523849],[-2.074926974513688,53.72122147343733],[-2.074970765624847,53.72095829956501]]],[[[-2.072233559878539,53.7238589592627],[-2.072189737759241,53.72359578703735],[-2.0720599850425097,53.723342729926294],[-2.0718492894026204,53.723109512505495],[-2.0715657486569126,53.722905096790164],[-2.0712202594339124,53.72273733789043],[-2.0708260983738187,53.72261268221556],[-2.0703984119629273,53.722535919813836],[-2.0699536346,53.72251000035441],[-2.0695088572370732,53.722535919813836],[-2.0690811708261814,53.72261268221556],[-2.0686870097660877,53.72273733789043],[-2.0683415205430875,53.722905096790164],[-2.0680579797973797,53.723109512505495],[-2.067847284157491,53.723342729926294],[-2.0677175314407594,53.72359578703735],[-2.0676737093214617,53.7238589592627],[-2.067717503451756,53.7241221331351],[-2.0678472324405552,53.72437519493653],[-2.0680579122259473,53.72460841937697],[-2.068341447404296,53.72481284337253],[-2.068686942194655,53.7249806105525],[-2.069081119109246,53.725105273246996],[-2.0695088292480697,53.7251820403391],[-2.0699536346,53.72520796144558],[-2.070398439951931,53.7251820403391],[-2.0708261500907543,53.725105273246996],[-2.071220327005345,53.7249806105525],[-2.071565821795704,53.72481284337253],[-2.071849356974053,53.72460841937697],[-2.0720600367594453,53.72437519493653],[-2.0721897657482446,53.7241221331351],[-2.072233559878539,53.7238589592627]]],[[[-2.0703338420334525,53.71655264566851],[-2.0702900275302207,53.71628947344292],[-2.0701602973559625,53.71603641633126],[-2.069949638318063,53.71580319890952],[-2.0696661468268713,53.71559878319306],[-2.0693207176179484,53.715431024292236],[-2.0689266250253278,53.71530636861643],[-2.0684990129045344,53.71522960621407],[-2.0680543128000006,53.71520368675442],[-2.0676096126954664,53.71522960621407],[-2.067182000574673,53.71530636861643],[-2.0667879079820524,53.715431024292236],[-2.0664424787731295,53.71559878319306],[-2.0661589872819377,53.71580319890952],[-2.0659483282440383,53.71603641633126],[-2.06581859806978,53.71628947344292],[-2.0657747835665483,53.71655264566851],[-2.065818570093118,53.716815819540685],[-2.065948276549908,53.717068881341476],[-2.066158919740301,53.71730210578099],[-2.066442405666589,53.71750652977543],[-2.0667878404404156,53.7176742969543],[-2.0671819488805423,53.717798959647865],[-2.0676095847188045,53.717875726739344],[-2.0680543128000006,53.7179016478456],[-2.0684990408811963,53.717875726739344],[-2.0689266767194585,53.717798959647865],[-2.069320785159585,53.7176742969543],[-2.0696662199334117,53.71750652977543],[-2.0699497058597,53.71730210578099],[-2.070160349050093,53.717068881341476],[-2.0702900555068826,53.716815819540685],[-2.0703338420334525,53.71655264566851]]],[[[-2.0672416080259133,53.71912824116645],[-2.0671977908382764,53.71886506894095],[-2.067068052718561,53.7186120118295],[-2.0668573807797017,53.71837879440809],[-2.0665738719279636,53.718174378692034],[-2.0662284215661137,53.718006619791595],[-2.065834304841031,53.717881964116124],[-2.0654066665354973,53.71780520171399],[-2.0649619392,53.71777928225441],[-2.0645172118645023,53.71780520171399],[-2.064089573558969,53.717881964116124],[-2.063695456833886,53.718006619791595],[-2.0633500064720365,53.718174378692034],[-2.063066497620298,53.71837879440809],[-2.0628558256814387,53.7186120118295],[-2.0627260875617237,53.71886506894095],[-2.0626822703740864,53.71912824116645],[-2.062726059580712,53.719391415038714],[-2.062855773979271,53.71964447683973],[-2.06306643006816,53.719877701279565],[-2.0633499333541288,53.720082125274416],[-2.063695389281748,53.72024989245366],[-2.0640895218568005,53.72037455514756],[-2.0645171838834906,53.72045132223925],[-2.0649619392,53.720477243345584],[-2.065406694516509,53.72045132223925],[-2.065834356543199,53.72037455514756],[-2.066228489118252,53.72024989245366],[-2.066573945045871,53.720082125274416],[-2.06685744833184,53.719877701279565],[-2.0670681044207293,53.71964447683973],[-2.067197818819288,53.719391415038714],[-2.0672416080259133,53.71912824116645]]],[[[-2.066339479934789,53.77991994831828],[-2.0662955992658034,53.77965677609461],[-2.0661656732503886,53.779403718988384],[-2.0659546962271698,53.77917050157479],[-2.06567077682995,53.77896608586795],[-2.0653248262396944,53.77879832697674],[-2.0649301388256123,53.77867367130908],[-2.064501881298427,53.77859690891217],[-2.06405651,53.778570989454415],[-2.063611138701573,53.77859690891217],[-2.0631828811743875,53.77867367130908],[-2.062788193760306,53.77879832697674],[-2.06244224317005,53.77896608586795],[-2.0621583237728305,53.77917050157479],[-2.061947346749611,53.779403718988384],[-2.0618174207341964,53.77965677609461],[-2.0617735400652113,53.77991994831828],[-2.0618173926502488,53.78018312219237],[-2.061947294857243,53.7804361839986],[-2.0621582559721836,53.78066940844626],[-2.062442169783159,53.78087383245032],[-2.062788125959659,53.78104159963879],[-2.0631828292820193,53.781166262340506],[-2.063611110617626,53.78124302943743],[-2.06405651,53.7812689505456],[-2.064501909382374,53.78124302943743],[-2.064930190717981,53.781166262340506],[-2.065324894040341,53.78104159963879],[-2.0656708502168413,53.78087383245032],[-2.065954764027816,53.78066940844626],[-2.0661657251427568,53.7804361839986],[-2.066295627349751,53.78018312219237],[-2.066339479934789,53.77991994831828]]],[[[-2.058862491695542,53.79609462240543],[-2.0588185940969352,53.79583145018225],[-2.058688617972288,53.79557839307742],[-2.0584775595872213,53.79534517566591],[-2.0581935307031136,53.79514075996153],[-2.0578474467087613,53.79497300107276],[-2.057452607099706,53.794848345407196],[-2.0570241844345536,53.79477158301168],[-2.0565786414,53.79474566355442],[-2.056133098365446,53.79477158301168],[-2.055704675700293,53.794848345407196],[-2.0553098360912383,53.79497300107276],[-2.0549637520968855,53.79514075996153],[-2.0546797232127783,53.79534517566591],[-2.0544686648277115,53.79557839307742],[-2.054338688703064,53.79583145018225],[-2.054294791104457,53.79609462240543],[-2.0543386605916427,53.79635779628001],[-2.054468612884578,53.79661085808763],[-2.054679655345804,53.79684408253738],[-2.054963678638202,53.797048506543895],[-2.055309768224264,53.79721627373483],[-2.0557046237571597,53.79734093643862],[-2.056133070254025,53.79741770353694],[-2.0565786414,53.7974436246456],[-2.057024212545975,53.79741770353694],[-2.0574526590428395,53.79734093643862],[-2.0578475145757356,53.79721627373483],[-2.0581936041617976,53.797048506543895],[-2.0584776274541956,53.79684408253738],[-2.0586886699154214,53.79661085808763],[-2.0588186222083564,53.79635779628001],[-2.058862491695542,53.79609462240543]]],[[[-2.058001674953884,53.73770977775174],[-2.0579578383873316,53.73744660552679],[-2.0578280429087896,53.73719354841694],[-2.057617277836974,53.73696033099792],[-2.057333643658209,53.73675591528469],[-2.0569880405918655,53.73658815638705],[-2.0565937496528135,53.73646350071397],[-2.0561659223177684,53.73638673831343],[-2.0557209984,53.736360818854415],[-2.055276074482232,53.73638673831343],[-2.054848247147187,53.73646350071397],[-2.054453956208135,53.73658815638705],[-2.054108353141791,53.73675591528469],[-2.053824718963026,53.73696033099792],[-2.0536139538912104,53.73719354841694],[-2.0534841584126684,53.73744660552679],[-2.0534403218461166,53.73770977775174],[-2.0534841304002476,53.737972951624556],[-2.053613902131006,53.73822601342716],[-2.0538246513350598,53.738459237869385],[-2.0541082799418082,53.738663661867044],[-2.0544538885801686,53.738831429049114],[-2.0548481953869824,53.7389560917454],[-2.0552760464698108,53.739032858838684],[-2.0557209984,53.73905877994558],[-2.0561659503301897,53.739032858838684],[-2.056593801413018,53.7389560917454],[-2.056988108219832,53.738831429049114],[-2.057333716858192,53.738663661867044],[-2.0576173454649402,53.738459237869385],[-2.0578280946689946,53.73822601342716],[-2.057957866399753,53.737972951624556],[-2.058001674953884,53.73770977775174]]],[[[-2.0558248138014816,53.72586044836113],[-2.055780989595254,53.72559727613583],[-2.0556512307015105,53.72534421902496],[-2.0554405250320666,53.72511100160442],[-2.0551569707898025,53.72490658588937],[-2.0548114651219462,53.72473882698995],[-2.0544172853006266,53.72461417131535],[-2.0539895785330122,53.7245374089138],[-2.05354478,53.724511489454414],[-2.053099981466988,53.7245374089138],[-2.0526722746993737,53.72461417131535],[-2.052278094878054,53.72473882698995],[-2.051932589210198,53.72490658588937],[-2.0516490349679333,53.72511100160442],[-2.05143832929849,53.72534421902496],[-2.0513085704047462,53.72559727613583],[-2.0512647461985187,53.72586044836113],[-2.05130854241236,53.726123622233594],[-2.0514382775753046,53.72637668403518],[-2.051648967388336,53.726609908475886],[-2.051932516062568,53.72681433247174],[-2.0522780272984558,53.72698209965203],[-2.0526722229761885,53.72710676234678],[-2.053099953474602,53.72718352943905],[-2.05354478,53.727209450545594],[-2.0539896065253984,53.72718352943905],[-2.054417337023812,53.72710676234678],[-2.054811532701544,53.72698209965203],[-2.0551570439374323,53.72681433247174],[-2.0554405926116646,53.726609908475886],[-2.0556512824246957,53.72637668403518],[-2.0557810175876403,53.726123622233594],[-2.0558248138014816,53.72586044836113]]],[[[-2.0557469280959833,53.80816992829583],[-2.055703017847658,53.807906756073024],[-2.055573004281681,53.80765369896923],[-2.0553618851035123,53.807420481559284],[-2.055077774411438,53.80721606585673],[-2.0547315907383195,53.807048306969804],[-2.0543366374100662,53.806923651305794],[-2.0539080913547867,53.806846888911316],[-2.05346242,53.80682096945442],[-2.0530167486452124,53.806846888911316],[-2.052588202589933,53.806923651305794],[-2.05219324926168,53.807048306969804],[-2.0518470655885612,53.80721606585673],[-2.051562954896487,53.807420481559284],[-2.051351835718318,53.80765369896923],[-2.0512218221523413,53.807906756073024],[-2.051177911904016,53.80816992829583],[-2.0512217940203854,53.808433102170774],[-2.0513517837372426,53.808686163979445],[-2.051562886979938,53.808919388430745],[-2.0518469920762183,53.8091238124391],[-2.052193181345131,53.80929157963187],[-2.0525881506088566,53.809416242337214],[-2.053016720513257,53.80949300943658],[-2.05346242,53.8095189305456],[-2.0539081194867426,53.80949300943658],[-2.0543366893911426,53.809416242337214],[-2.0547316586548687,53.80929157963187],[-2.055077847923781,53.8091238124391],[-2.055361953020061,53.808919388430745],[-2.055573056262757,53.808686163979445],[-2.0557030459796137,53.808433102170774],[-2.0557469280959833,53.80816992829583]]],[[[-2.054946510635063,53.80014039830222],[-2.0549026087992552,53.79987722607917],[-2.0547726201331074,53.79962416897468],[-2.054561541384535,53.799390951563694],[-2.054277485097698,53.79918653585993],[-2.0539313677145388,53.799018776971785],[-2.053536490013637,53.79889412130673],[-2.0531080260172234,53.79881735891156],[-2.05266244,53.798791439454426],[-2.0522168539827774,53.79881735891156],[-2.051788389986364,53.79889412130673],[-2.051393512285462,53.799018776971785],[-2.051047394902303,53.79918653585993],[-2.050763338615466,53.799390951563694],[-2.0505522598668935,53.79962416897468],[-2.0504222712007456,53.79987722607917],[-2.050378369364938,53.80014039830222],[-2.050422243082447,53.80040357217692],[-2.0505522079110516,53.80065663398489],[-2.0507632707318866,53.800889858435156],[-2.051047321425647,53.80109428244228],[-2.0513934444018833,53.801262049633834],[-2.0517883380305224,53.80138671233816],[-2.052216825864478,53.80146347943682],[-2.05266244,53.8014894005456],[-2.0531080541355227,53.80146347943682],[-2.0535365419694784,53.80138671233816],[-2.0539314355981175,53.801262049633834],[-2.054277558574354,53.80109428244228],[-2.0545616092681143,53.800889858435156],[-2.054772672088949,53.80065663398489],[-2.054902636917554,53.80040357217692],[-2.054946510635063,53.80014039830222]]],[[[-2.053908345849958,53.7303236783576],[-2.053864516989065,53.73006050613243],[-2.053734744318174,53.72980744902194],[-2.0535240162789132,53.72957423160197],[-2.053240431934065,53.72936981588761],[-2.0528948895877686,53.72920205698887],[-2.052500667921599,53.72907740131483],[-2.0520729157505553,53.729000638913654],[-2.05162807,53.72897471945443],[-2.0511832242494448,53.729000638913654],[-2.050755472078401,53.72907740131483],[-2.0503612504122315,53.72920205698887],[-2.050015708065935,53.72936981588761],[-2.049732123721087,53.72957423160197],[-2.049521395681826,53.72980744902194],[-2.0493916230109352,53.73006050613243],[-2.049347794150042,53.7303236783576],[-2.0493915950110044,53.73058685223019],[-2.049521343944701,53.73083991403217],[-2.0497320561232755,53.73107313847344],[-2.050015634898591,53.73127756246998],[-2.05036118281442,53.73144532965093],[-2.050755420341276,53.731569992346266],[-2.0511831962495144,53.731646759438924],[-2.05162807,53.731672680545586],[-2.0520729437504857,53.731646759438924],[-2.052500719658724,53.731569992346266],[-2.05289495718558,53.73144532965093],[-2.053240505101409,53.73127756246998],[-2.0535240838767246,53.73107313847344],[-2.053734796055299,53.73083991403217],[-2.0538645449889956,53.73058685223019],[-2.053908345849958,53.7303236783576]]],[[[-2.05209569969701,53.735631684753386],[-2.052051865298808,53.73536851252838],[-2.0519220762382697,53.735115455418345],[-2.0517113215873026,53.73488223799906],[-2.0514277014316513,53.73467782228549],[-2.0510821154517456,53.73451006338756],[-2.050687844005873,53.73438540771421],[-2.050260037821751,53.73430864531349],[-2.0498151359,53.734282725854406],[-2.0493702339782494,53.73430864531349],[-2.048942427794127,53.73438540771421],[-2.0485481563482546,53.73451006338756],[-2.048202570368349,53.73467782228549],[-2.0479189502126975,53.73488223799906],[-2.0477081955617304,53.735115455418345],[-2.0475784065011924,53.73536851252838],[-2.04753457210299,53.735631684753386],[-2.047578378492287,53.735894858626146],[-2.0477081438080207,53.73614792042857],[-2.0479188825932173,53.736381144870535],[-2.0482024971775505,53.73658556886787],[-2.0485480887287744,53.736753336049624],[-2.0489423760404173,53.73687799874564],[-2.0493702059693435,53.73695476583875],[-2.0498151359,53.73698068694559],[-2.0502600658306567,53.73695476583875],[-2.050687895759583,53.73687799874564],[-2.051082183071226,53.736753336049624],[-2.0514277746224496,53.73658556886787],[-2.051711389206783,53.736381144870535],[-2.0519221279919795,53.73614792042857],[-2.052051893307713,53.735894858626146],[-2.05209569969701,53.735631684753386]]],[[[-2.0477929112492292,53.74933964524253],[-2.0477490625426733,53.74907647301794],[-2.047619231131455,53.74882341590908],[-2.0474084077161123,53.74859019849155],[-2.0471246950257136,53.748385782780076],[-2.04677899629701,53.748218023884206],[-2.0463845962209,53.74809336821262],[-2.0459566504675397,53.748016605813085],[-2.0455116034,53.74799068635442],[-2.0450665563324604,53.748016605813085],[-2.0446386105791,53.74809336821262],[-2.0442442105029905,53.748218023884206],[-2.0438985117742865,53.748385782780076],[-2.0436147990838878,53.74859019849155],[-2.043403975668545,53.74882341590908],[-2.043274144257327,53.74907647301794],[-2.0432302955507713,53.74933964524253],[-2.043274116225223,53.749602819115694],[-2.043403923871972,53.7498558809193],[-2.0436147314084034,53.750089105363024],[-2.04389843852287,53.75029352936244],[-2.0442441428275058,53.75046129654628],[-2.044638558782527,53.750585959244056],[-2.0450665283003566,53.75066272633835],[-2.0455116034,53.750688647445585],[-2.0459566784996435,53.75066272633835],[-2.046384648017473,53.750585959244056],[-2.0467790639724943,53.75046129654628],[-2.04712476827713,53.75029352936244],[-2.0474084753915966,53.750089105363024],[-2.0476192829280286,53.7498558809193],[-2.047749090574777,53.749602819115694],[-2.0477929112492292,53.74933964524253]]],[[[-2.0436954187043925,53.77290342072384],[-2.043651545374282,53.77264024849996],[-2.043521641080877,53.77238719139313],[-2.0433106993274643,53.77215397397864],[-2.043026827392065,53.77194955827073],[-2.042680934631578,53.771781799378445],[-2.042286313192982,53.77165714370989],[-2.041858127251983,53.771580381312376],[-2.0414128304,53.771554461854414],[-2.040967533548017,53.771580381312376],[-2.0405393476070186,53.77165714370989],[-2.0401447261684225,53.771781799378445],[-2.0397988334079353,53.77194955827073],[-2.0395149614725363,53.77215397397864],[-2.0393040197191237,53.77238719139313],[-2.039174115425719,53.77264024849996],[-2.039130242095608,53.77290342072384],[-2.039174087353678,53.77316659459772],[-2.039303967848756,53.773419656403355],[-2.0395148937006353,53.7736528808501],[-2.0397987600521583,53.773857304853095],[-2.040144658396521,53.77402507204051],[-2.0405392957366506,53.77414973474132],[-2.040967505475977,53.77422650183764],[-2.0414128304,53.774252422945594],[-2.041858155324024,53.77422650183764],[-2.04228636506335,53.77414973474132],[-2.0426810024034796,53.77402507204051],[-2.0430269007478423,53.773857304853095],[-2.0433107670993653,53.7736528808501],[-2.0435216929512445,53.773419656403355],[-2.0436515734463225,53.77316659459772],[-2.0436954187043925,53.77290342072384]]],[[[-2.0417653800216975,53.74927468294257],[-2.0417215313829775,53.74901151071798],[-2.0415917001725425,53.74875845360912],[-2.04138087708321,53.748525236191576],[-2.0410971648315157,53.748320820480096],[-2.0407514666373507,53.748153061584226],[-2.0403570671710733,53.74802840591262],[-2.0399291220794074,53.747951643513076],[-2.0394840757,53.74792572405441],[-2.0390390293205924,53.747951643513076],[-2.0386110842289265,53.74802840591262],[-2.038216684762649,53.748153061584226],[-2.037870986568484,53.748320820480096],[-2.03758727431679,53.748525236191576],[-2.0373764512274573,53.74875845360912],[-2.0372466200170223,53.74901151071798],[-2.0372027713783023,53.74927468294257],[-2.0372465919850287,53.74953785681573],[-2.0373763994310874,53.74979091861933],[-2.0375872066415712,53.75002414306305],[-2.037870913317355,53.75022856706247],[-2.03821661708743,53.750396334246275],[-2.038611032432556,53.75052099694405],[-2.039039001288599,53.75059776403834],[-2.0394840757,53.75062368514557],[-2.039929150111401,53.75059776403834],[-2.0403571189674437,53.75052099694405],[-2.04075153431257,53.750396334246275],[-2.041097238082645,53.75022856706247],[-2.0413809447584286,53.75002414306305],[-2.041591751968913,53.74979091861933],[-2.041721559414971,53.74953785681573],[-2.0417653800216975,53.74927468294257]]],[[[-2.038272496849526,53.74269022604779],[-2.0382286550851063,53.74242705382301],[-2.038098844221617,53.74217399671358],[-2.0378880541694153,53.74194077929519],[-2.0376043863750812,53.7417363635827],[-2.037258742349907,53.741568604685845],[-2.0368644046826927,53.741443949013394],[-2.036436526645619,53.74136718661328],[-2.03599155,53.74134126715441],[-2.035546573354381,53.74136718661328],[-2.035118695317307,53.741443949013394],[-2.034724357650093,53.741568604685845],[-2.0343787136249185,53.7417363635827],[-2.0340950458305844,53.74194077929519],[-2.0338842557783834,53.74217399671358],[-2.0337544449148934,53.74242705382301],[-2.033710603150474,53.74269022604779],[-2.033754416894046,53.742953399920765],[-2.0338842040026077,53.743206461723794],[-2.034094978182274,53.743439686166674],[-2.034378640402915,53.74364411016507],[-2.034724290001783,53.7438118773479],[-2.035118643541532,53.74393654004483],[-2.035546545333533,53.744013307138545],[-2.03599155,53.74403922824559],[-2.0364365546664667,53.744013307138545],[-2.036864456458468,53.74393654004483],[-2.0372588099982174,53.7438118773479],[-2.037604459597085,53.74364411016507],[-2.037888121817726,53.743439686166674],[-2.038098895997392,53.743206461723794],[-2.0382286831059537,53.742953399920765],[-2.038272496849526,53.74269022604779]]],[[[-2.0257152932910385,53.761344978333],[-2.025671432043592,53.76108180610878],[-2.0255415635131357,53.76082874900095],[-2.0253306798276602,53.76059553158496],[-2.025046886033038,53.760391115875315],[-2.0247010884830385,53.760223356981264],[-2.0243065756659773,53.760098701311236],[-2.023878507583927,53.760021938912715],[-2.0234333333,53.759996019454405],[-2.0229881590160725,53.760021938912715],[-2.0225600909340224,53.760098701311236],[-2.022165578116961,53.760223356981264],[-2.0218197805669615,53.760391115875315],[-2.021535986772339,53.76059553158496],[-2.021325103086864,53.76082874900095],[-2.0211952345564077,53.76108180610878],[-2.021151373308961,53.761344978333],[-2.0211952065039664,53.761608152206534],[-2.0213250512527114,53.76186121401118],[-2.021535919047755,53.76209443845644],[-2.0218197072624,53.76229886245768],[-2.0221655103923775,53.76246662964333],[-2.0225600390998695,53.76259129234265],[-2.0229881309636313,53.762668059437985],[-2.0234333333,53.762693980545585],[-2.0238785356363684,53.762668059437985],[-2.02430662750013,53.76259129234265],[-2.0247011562076223,53.76246662964333],[-2.0250469593375993,53.76229886245768],[-2.0253307475522444,53.76209443845644],[-2.025541615347288,53.76186121401118],[-2.0256714600960333,53.761608152206534],[-2.0257152932910385,53.761344978333]]],[[[-2.021886453812163,53.75856637003522],[-2.021842595468087,53.7583031978109],[-2.021712735531193,53.75805014070284],[-2.021501865798997,53.75781692328649],[-2.0212180907810033,53.757612507576404],[-2.0208723161093527,53.75744474868196],[-2.0204778293932133,53.75732009301156],[-2.0204359060356722,53.75731257469719],[-2.0203256738057536,53.75725909328201],[-2.019931188833416,53.75713443761159],[-2.019503150964066,53.75705767521282],[-2.0190580081000005,53.757031755754426],[-2.0186128652359345,53.75705767521282],[-2.0181848273665843,53.75713443761159],[-2.017790342394247,53.75725909328201],[-2.0174445692510985,53.75742685217649],[-2.017160795487571,53.75763126788661],[-2.016949926687594,53.75786448530297],[-2.016820067324835,53.75811754241106],[-2.016776209174734,53.758380714635365],[-2.0168200392774174,53.7586438885088],[-2.016949874862724,53.75889695031319],[-2.017160727775115,53.75913017475808],[-2.0174444959596642,53.75933459875886],[-2.0177902746817904,53.759502365944066],[-2.018184775541714,53.759627028643],[-2.018226686957182,53.75963454489128],[-2.018336905777431,53.75968802134401],[-2.0187314083813352,53.75981268404298],[-2.0191594719205037,53.759889451138065],[-2.0196046448,53.75991537224559],[-2.0200498176794963,53.759889451138065],[-2.020477881218665,53.75981268404298],[-2.020872383822569,53.75968802134401],[-2.0212181640732596,53.75952025415879],[-2.0215019335122126,53.759315830157966],[-2.021712787356644,53.75908260571305],[-2.0218426235158193,53.758829543908654],[-2.021886453812163,53.75856637003522]]],[[[-2.02160017914214,53.706890233376136],[-2.0215563747058023,53.706627061150265],[-2.0214266743281226,53.70637400403777],[-2.0212160636706327,53.70614078661479],[-2.020932637283924,53.70593637089688],[-2.0205872874014457,53.70576861199458],[-2.0201932853089435,53.705643956317545],[-2.0197657713846002,53.705567193914355],[-2.0193211734,53.70554127445441],[-2.0188765754153994,53.705567193914355],[-2.0184490614910566,53.705643956317545],[-2.0180550593985545,53.70576861199458],[-2.0177097095160756,53.70593637089688],[-2.017426283129367,53.70614078661479],[-2.0172156724718775,53.70637400403777],[-2.017085972094198,53.706627061150265],[-2.0170421676578596,53.706890233376136],[-2.0170859441338465,53.70715340724802],[-2.017215620807885,53.70740646904798],[-2.017426215627108,53.70763969348626],[-2.0177096364521567,53.70784411747923],[-2.018054991896295,53.70801188465665],[-2.018449009827064,53.70813654734897],[-2.0188765474550485,53.708213314439625],[-2.0193211734,53.708239235545584],[-2.0197657993449516,53.708213314439625],[-2.020193336972936,53.70813654734897],[-2.020587354903705,53.70801188465665],[-2.020932710347843,53.70784411747923],[-2.0212161311728916,53.70763969348626],[-2.021426725992115,53.70740646904798],[-2.021556402666153,53.70715340724802],[-2.02160017914214,53.706890233376136]]],[[[-2.018648568879921,53.750518777141586],[-2.018604718942035,53.750255604917044],[-2.018474883886256,53.75000254780828],[-2.018264054553277,53.74976933039089],[-2.0179803338996414,53.749564914679596],[-2.0176346254681463,53.74939715578392],[-2.0172402143225403,53.749272500112475],[-2.01681225655831,53.749195737713045],[-2.016367197,53.74916981825441],[-2.0159221374416902,53.749195737713045],[-2.01549417967746,53.749272500112475],[-2.0150997685318535,53.74939715578392],[-2.0147540601003584,53.749564914679596],[-2.014470339446723,53.74976933039089],[-2.014259510113744,53.75000254780828],[-2.0141296750579647,53.750255604917044],[-2.0140858251200786,53.750518777141586],[-2.0141296470238643,53.75078195101479],[-2.0142594583134814,53.7510350128185],[-2.0144702717664185,53.75126823726237],[-2.0147539868437243,53.751472661261964],[-2.015099700851549,53.75164042844599],[-2.015494127877197,53.751765091143916],[-2.01592210940759,53.7518418582383],[-2.016367197,53.75186777934559],[-2.0168122845924104,53.7518418582383],[-2.017240266122803,53.751765091143916],[-2.0176346931484512,53.75164042844599],[-2.0179804071562755,53.751472661261964],[-2.0182641222335813,53.75126823726237],[-2.018474935686519,53.7510350128185],[-2.0186047469761355,53.75078195101479],[-2.018648568879921,53.750518777141586]]],[[[-2.018496656504956,53.776303311621135],[-2.0184527796191483,53.77604013939737],[-2.018322864801393,53.775787082290826],[-2.0181119059597004,53.77555386487676],[-2.0178280110289704,53.775349449169376],[-2.0174820902498642,53.775181690277606],[-2.017087436846035,53.775057034609496],[-2.016659216221409,53.77498027221227],[-2.0162138833,53.77495435275441],[-2.0157685503785907,53.77498027221227],[-2.0153403297539647,53.775057034609496],[-2.0149456763501354,53.775181690277606],[-2.0145997555710293,53.775349449169376],[-2.0143158606402993,53.77555386487676],[-2.0141049017986066,53.775787082290826],[-2.0139749869808514,53.77604013939737],[-2.0139311100950437,53.776303311621135],[-2.013974958903042,53.77656648549512],[-2.01410484991758,53.776819547301045],[-2.0143157928544713,53.77705277174823],[-2.0145996822001777,53.77725719575174],[-2.014945608564308,53.77742496293967],[-2.015340277872938,53.77754962564091],[-2.0157685223007813,53.77762639273753],[-2.0162138833,53.777652313845586],[-2.0166592442992184,53.77762639273753],[-2.017087488727062,53.77754962564091],[-2.017482158035692,53.77742496293967],[-2.017828084399822,53.77725719575174],[-2.0181119737455284,53.77705277174823],[-2.01832291668242,53.776819547301045],[-2.0184528076969577,53.77656648549512],[-2.018496656504956,53.776303311621135]]],[[[-2.015301980164318,53.743303978347306],[-2.0152581377592447,53.743040806122536],[-2.0151283249995116,53.74278774901317],[-2.014917531868399,53.742554531594855],[-2.0146338599308398,53.74235011588246],[-2.01428821085736,53.742182356985694],[-2.013893867430752,53.74205770131332],[-2.0134659831444934,53.74198093891326],[-2.013021,53.741955019454416],[-2.012576016855507,53.74198093891326],[-2.0121481325692483,53.74205770131332],[-2.0117537891426407,53.742182356985694],[-2.0114081400691606,53.74235011588246],[-2.0111244681316016,53.742554531594855],[-2.0109136750004892,53.74278774901317],[-2.0107838622407557,53.743040806122536],[-2.010740019835682,53.743303978347306],[-2.0107838342188695,53.743567152220294],[-2.0109136232227947,53.74382021402338],[-2.011124400480784,53.74405343846633],[-2.011408066844443,53.74425786246483],[-2.0117537214918224,53.74442562964775],[-2.0121480807915537,53.744550292344755],[-2.0125759888336208,53.74462705943853],[-2.013021,53.74465298054559],[-2.01346601116638,53.74462705943853],[-2.013893919208447,53.744550292344755],[-2.014288278508178,53.74442562964775],[-2.0146339331555576,53.74425786246483],[-2.014917599519217,53.74405343846633],[-2.0151283767772057,53.74382021402338],[-2.015258165781131,53.743567152220294],[-2.015301980164318,53.743303978347306]]],[[[-2.015141251193591,53.77896331161904],[-2.0150973715253744,53.77870013939534],[-2.014967448472091,53.778447082289034],[-2.014756476258455,53.77821386487532],[-2.014472563333387,53.77800944916833],[-2.014126620629114,53.777841690276965],[-2.013731942211808,53.777717034609196],[-2.013303694446505,53.7776402722122],[-2.0128583333,53.77761435275442],[-2.0124129721534953,53.7776402722122],[-2.011984724388192,53.777717034609196],[-2.0115900459708866,53.777841690276965],[-2.011244103266613,53.77800944916833],[-2.0109601903415455,53.77821386487532],[-2.010749218127909,53.778447082289034],[-2.010619295074626,53.77870013939534],[-2.010575415406409,53.77896331161904],[-2.0106192669923018,53.7792264854931],[-2.0107491662385413,53.779479547299246],[-2.010960122544819,53.77971277174678],[-2.0112440298839647,53.77991719575069],[-2.0115899781741597,53.78008496293903],[-2.011984672498824,53.780209625640616],[-2.0124129440711718,53.78028639273745],[-2.0128583333,53.7803123138456],[-2.0133037225288284,53.78028639273745],[-2.0137319941011764,53.780209625640616],[-2.0141266884258404,53.78008496293903],[-2.0144726367160355,53.77991719575069],[-2.014756544055181,53.77971277174678],[-2.0149675003614593,53.779479547299246],[-2.0150973996076984,53.7792264854931],[-2.015141251193591,53.77896331161904]]],[[[-2.006656306629766,53.723304726863155],[-2.006612485088315,53.723041554637774],[-2.0064827340819287,53.722788497526686],[-2.006272041219109,53.722555280105816],[-2.0059885042104453,53.722350864390386],[-2.0056430195408392,53.72218310549057],[-2.0052488636755164,53.72205844981565],[-2.0048211829011704,53.721981687413866],[-2.0043764114,53.72195576795442],[-2.0039316398988296,53.721981687413866],[-2.0035039591244836,53.72205844981565],[-2.0031098032591608,53.72218310549057],[-2.002764318589555,53.722350864390386],[-2.002480781580891,53.722555280105816],[-2.0022700887180713,53.722788497526686],[-2.002140337711685,53.723041554637774],[-2.002096516170234,53.723304726863155],[-2.0021403097236177,53.72356790073554],[-2.0022700370028663,53.723820962536905],[-2.0024807140117193,53.724054186977284],[-2.0027642454532106,53.724258610972754],[-2.0031097356899896,53.72442637815264],[-2.003503907409278,53.724551040847075],[-2.003931611910762,53.724627807939136],[-2.0043764114,53.72465372904559],[-2.004821210889238,53.724627807939136],[-2.005248915390722,53.724551040847075],[-2.0056430871100104,53.72442637815264],[-2.0059885773467894,53.724258610972754],[-2.0062721087882807,53.724054186977284],[-2.0064827857971337,53.723820962536905],[-2.0066125130763823,53.72356790073554],[-2.006656306629766,53.723304726863155]]],[[[-2.0061621360120565,53.700832700580925],[-2.0061183378838336,53.70056952835488],[-2.0059886561772826,53.700316471241855],[-2.0057780758359205,53.70008325381809],[-2.005494690244978,53.69987883809926],[-2.00514939007003,53.69971107919606],[-2.004755444686705,53.69958642351824],[-2.0043279922942143,53.69950966111453],[-2.0038834583,53.699483741654404],[-2.003438924305785,53.69950966111453],[-2.0030114719132945,53.69958642351824],[-2.0026175265299697,53.69971107919606],[-2.0022722263550214,53.69987883809926],[-2.001988840764079,53.70008325381809],[-2.001778260422717,53.700316471241855],[-2.0016485787161655,53.70056952835488],[-2.001604780587943,53.700832700580925],[-2.001648550766033,53.701095874452626],[-2.001778208777606,53.701348936252074],[-2.00198877328649,53.70158216068956],[-2.0022721533178056,53.70178658468164],[-2.0026174590523804,53.70195435185812],[-2.0030114202681837,53.70207901454967],[-2.0034388963556524,53.7021557816398],[-2.0038834583,53.702181702745584],[-2.004328020244347,53.7021557816398],[-2.0047554963318155,53.70207901454967],[-2.0051494575476188,53.70195435185812],[-2.005494763282194,53.70178658468164],[-2.0057781433135093,53.70158216068956],[-2.005988707822393,53.701348936252074],[-2.006118365833966,53.701095874452626],[-2.0061621360120565,53.700832700580925]]],[[[-1.9953689422709215,53.71995004886581],[-1.995325124226671,53.71968687664033],[-1.9951953835715002,53.719433819528945],[-1.9949847075158471,53.71920060210764],[-1.9947011931242273,53.71899618639171],[-1.9943557360123192,53.71882842749139],[-1.9939616115863854,53.71870377181604],[-1.9935339649251038,53.718627009413964],[-1.9930892289000002,53.71860108995441],[-1.9926444928748965,53.718627009413964],[-1.9922168462136147,53.71870377181604],[-1.9918227217876812,53.71882842749139],[-1.9914772646757728,53.71899618639171],[-1.9911937502841532,53.71920060210764],[-1.9909830742285,53.719433819528945],[-1.9908533335733294,53.71968687664033],[-1.9908095155290788,53.71995004886581],[-1.9908533055909292,53.720213222738096],[-1.9909830225237668,53.72046628453918],[-1.9911936827286636,53.72069950897912],[-1.991477191554238,53.720903932974075],[-1.9918226542321915,53.721071700153466],[-1.9922167945088816,53.721196362847465],[-1.9926444648924966,53.721273129939235],[-1.9930892289000002,53.72129905104559],[-1.9935339929075038,53.721273129939235],[-1.9939616632911188,53.721196362847465],[-1.9943558035678086,53.721071700153466],[-1.9947012662457624,53.720903932974075],[-1.9949847750713365,53.72069950897912],[-1.9951954352762336,53.72046628453918],[-1.995325152209071,53.720213222738096],[-1.9953689422709215,53.71995004886581]]]]}},{"type":"Feature","properties":{"species":"Dryopteris dilatata","commonName":"broad buckler-fern","observedAt":"2021-04-29 13:10:40 UTC","imageUrl":"https://static.inaturalist.org/photos/124210572/medium.jpeg","locations":[],"common":false,"recordCount":63},"geometry":{"type":"MultiPolygon","coordinates":[[[[-2.1945248648375766,53.74894164544284],[-2.1944810165466193,53.748678473218234],[-2.194351186365514,53.74842541610934],[-2.194140364947493,53.74819219869176],[-2.1938566549448475,53.747987782980225],[-2.1935109594910323,53.7478200240843],[-2.1931165631511007,53.747695368412664],[-2.1926886214516523,53.7476186060131],[-2.1922435786,53.74759268655442],[-2.1917985357483474,53.7476186060131],[-2.191370594048899,53.747695368412664],[-2.1909761977089675,53.7478200240843],[-2.190630502255152,53.747987782980225],[-2.1903467922525066,53.74819219869176],[-2.190135970834486,53.74842541610934],[-2.1900061406533804,53.748678473218234],[-2.1899886728611637,53.74878331282854],[-2.1898137690756254,53.748909330491365],[-2.189602944058717,53.74914254790885],[-2.189473111661123,53.74939560501768],[-2.1894292626213168,53.74965877724227],[-2.1894730836284797,53.74992195111545],[-2.1896028922611444,53.75017501291908],[-2.1898137013988364,53.750408237362834],[-2.1900974106683893,53.75061266136232],[-2.1904431175991244,53.75078042854619],[-2.1908375365503323,53.75090509124401],[-2.1912655093192774,53.75098185833833],[-2.1917105878,53.75100777944559],[-2.1921556662807227,53.75098185833833],[-2.192583639049668,53.75090509124401],[-2.1929780580008753,53.75078042854619],[-2.193323764931611,53.75061266136232],[-2.1936074742011633,53.750408237362834],[-2.1938182833388553,53.75017501291908],[-2.1939480919715204,53.74992195111545],[-2.1939655474450763,53.749817119554486],[-2.1941404326213507,53.749691105563244],[-2.1943512381608423,53.74945788111957],[-2.1944810445780494,53.749204819316],[-2.1945248648375766,53.74894164544284]]],[[[-2.169942361327731,53.73652981695268],[-2.1698985259924224,53.736266644727706],[-2.169768734158182,53.736013587617755],[-2.1695579750035834,53.73578037019857],[-2.16927434878749,53.73557595448515],[-2.1689287554232504,53.73540819558735],[-2.1685344755529097,53.73528353991412],[-2.1681066602278833,53.73520677751347],[-2.1676617488,53.73518085805441],[-2.167216837372117,53.73520677751347],[-2.1667890220470905,53.73528353991412],[-2.1663947421767498,53.73540819558735],[-2.1660491488125095,53.73557595448515],[-2.1657655225964167,53.73578037019857],[-2.165554763441818,53.736013587617755],[-2.1654249716075777,53.736266644727706],[-2.165381136272269,53.73652981695268],[-2.165424943597153,53.736792990825464],[-2.165554711685301,53.73704605262797],[-2.165765454973269,53.737279277070044],[-2.166049075617742,53.73748370106752],[-2.1663946745536022,53.73765146824941],[-2.1667889702905736,53.737776130945534],[-2.1672168093616917,53.73785289803873],[-2.1676617488,53.73787881914559],[-2.1681066882383084,53.73785289803873],[-2.168534527309426,53.737776130945534],[-2.168928823046398,53.73765146824941],[-2.169274421982258,53.73748370106752],[-2.169558042626731,53.737279277070044],[-2.169768785914699,53.73704605262797],[-2.169898554002847,53.736792990825464],[-2.169942361327731,53.73652981695268]]],[[[-2.1520270686577603,53.77700476592058],[-2.1519831910382616,53.776741593696826],[-2.1518532740488885,53.776488536590335],[-2.151642311681161,53.77625531917637],[-2.151358412005522,53.77605090346909],[-2.1510124854449897,53.77588314457743],[-2.1506178254453814,53.7757584889094],[-2.150189597664057,53.77568172651224],[-2.1497442573,53.775655807054406],[-2.149298916935943,53.77568172651224],[-2.1488706891546183,53.7757584889094],[-2.1484760291550105,53.77588314457743],[-2.1481301025944783,53.77605090346909],[-2.147846202918839,53.77625531917637],[-2.1476352405511117,53.776488536590335],[-2.1475053235617385,53.776741593696826],[-2.14746144594224,53.77700476592058],[-2.1475052954827385,53.777267939794584],[-2.1476351886678855,53.77752100160057],[-2.1478461351301372,53.77775422604785],[-2.1481300292205163,53.77795865005146],[-2.1484759613663087,53.7781264172395],[-2.1488706372713926,53.77825107994083],[-2.1492988888569435,53.7783278470375],[-2.1497442573,53.778353768145585],[-2.1501896257430566,53.7783278470375],[-2.1506178773286075,53.77825107994083],[-2.1510125532336914,53.7781264172395],[-2.151358485379484,53.77795865005146],[-2.151642379469863,53.77775422604785],[-2.151853325932114,53.77752100160057],[-2.151983219117261,53.777267939794584],[-2.1520270686577603,53.77700476592058]]],[[[-2.1355144079404527,53.70526353037743],[-2.135470605198336,53.705000358151516],[-2.135340909835312,53.70474730103887],[-2.13513030732007,53.70451408361568],[-2.1348468918902093,53.70430966789752],[-2.1345015553580833,53.704141908994984],[-2.1341075684964226,53.70401725331774],[-2.133680071098186,53.70394049091442],[-2.1332354903,53.70391457145441],[-2.132790909501814,53.70394049091442],[-2.1323634121035773,53.70401725331774],[-2.1319694252419166,53.704141908994984],[-2.131624088709791,53.70430966789752],[-2.1313406732799303,53.70451408361568],[-2.131130070764688,53.70474730103887],[-2.1310003754016638,53.705000358151516],[-2.130956572659547,53.70526353037743],[-2.1309595166334936,53.70528122953988],[-2.1308629175979794,53.70538819993844],[-2.1307332202593074,53.70564125705103],[-2.1306986732588804,53.705848816487254],[-2.130600169008876,53.70581765151752],[-2.1301726533198213,53.70574088911436],[-2.1297280535,53.705714969654416],[-2.129283453680179,53.70574088911436],[-2.128855937991124,53.70581765151752],[-2.1284619342722233,53.70594230719454],[-2.1281165829641506,53.70611006609682],[-2.1278331554074343,53.70631448181469],[-2.1276225438804888,53.706547699237646],[-2.1274928429673277,53.70680075635014],[-2.127449038350075,53.707063928576],[-2.127492815006683,53.7073271024479],[-2.127622492215955,53.70758016424787],[-2.127833087904467,53.70781338868617],[-2.1281165098994657,53.70801781267919],[-2.128461866769256,53.70818557985661],[-2.1288558863265896,53.70831024254895],[-2.129283425719534,53.708387009639615],[-2.1297280535,53.70841293074559],[-2.1301726812804658,53.708387009639615],[-2.1306002206734105,53.70831024254895],[-2.130994240230744,53.70818557985661],[-2.1313395971005344,53.70801781267919],[-2.1316230190955325,53.70781338868617],[-2.1318336147840453,53.70758016424787],[-2.131963291993317,53.7073271024479],[-2.131997807526714,53.70711960403965],[-2.1320962260607774,53.70715074324909],[-2.1325237536721136,53.70722751033966],[-2.1329683692,53.707253431445594],[-2.133412984727886,53.70722751033966],[-2.1338405123392223,53.70715074324909],[-2.1342345210387736,53.7070260805569],[-2.1345798683919295,53.70685831337965],[-2.1348632825771823,53.70665388938681],[-2.13507387246294,53.706420664948666],[-2.13520354609938,53.70616760314878],[-2.135247321550289,53.70590442927693],[-2.1352443762841515,53.70588673402781],[-2.1353409614942334,53.7057797660491],[-2.135470633155943,53.705526704249266],[-2.1355144079404527,53.70526353037743]]],[[[-2.1170165502342546,53.72181440796434],[-2.1169727302465255,53.721551235738914],[-2.1168429838389358,53.7212981786277],[-2.116632298443136,53.721064961206636],[-2.1163487714826807,53.72086054549098],[-2.1160032990562967,53.720692786590945],[-2.115609157158739,53.72056813091583],[-2.115181491540007,53.72049136851392],[-2.1147367358,53.72046544905442],[-2.114291980059993,53.72049136851392],[-2.113864314441261,53.72056813091583],[-2.1134701725437033,53.720692786590945],[-2.1131247001173192,53.72086054549098],[-2.1128411731568644,53.721064961206636],[-2.1126304877610647,53.7212981786277],[-2.112500741353475,53.721551235738914],[-2.1124569213657454,53.72181440796434],[-2.1125007133679254,53.72207758183668],[-2.112543568760755,53.72216118373795],[-2.112451504275463,53.72234074273832],[-2.1124076834646557,53.722603914963706],[-2.1124514762885798,53.72286708883607],[-2.112581201406229,53.72312015063737],[-2.1127918749043557,53.723353375077664],[-2.113075401620871,53.72355779907303],[-2.1134208860999886,53.72372556625282],[-2.1138150512502083,53.72385022894715],[-2.114242748623698,53.723926996039154],[-2.1146875407,53.723952917145596],[-2.1151323327763016,53.723926996039154],[-2.1155600301497914,53.72385022894715],[-2.115954195300011,53.72372556625282],[-2.1162996797791287,53.72355779907303],[-2.116583206495644,53.723353375077664],[-2.1167938799937707,53.72312015063737],[-2.11692360511142,53.72286708883607],[-2.1169673979353436,53.722603914963706],[-2.116923577124537,53.72234074273832],[-2.1168807131552168,53.72225714251552],[-2.116972758232075,53.72207758183668],[-2.1170165502342546,53.72181440796434]]],[[[-2.1139580539680614,53.726016587360995],[-2.113914229599019,53.725753415135706],[-2.1137844702233664,53.725500358024846],[-2.113573763771452,53.72526714060432],[-2.1132902084762337,53.7250627248893],[-2.1129447015254077,53.72489496598991],[-2.1125505202404025,53.72477031031532],[-2.112122811884628,53.72469354791379],[-2.1116780117,53.72466762845441],[-2.1112332115153722,53.72469354791379],[-2.1108055031595976,53.72477031031532],[-2.1104113218745923,53.72489496598991],[-2.1100658149237663,53.7250627248893],[-2.109782259628548,53.72526714060432],[-2.1095715531766337,53.725500358024846],[-2.109441793800981,53.725753415135706],[-2.109397969431939,53.726016587360995],[-2.1094417658083313,53.726279761233464],[-2.109571501452961,53.726532823035065],[-2.1097821920483133,53.726766047475785],[-2.1100657417754474,53.726970471471674],[-2.1104112542943576,53.72713823865197],[-2.1108054514359247,53.72726290134676],[-2.1112331835227227,53.727339668439036],[-2.1116780117,53.727365589545585],[-2.112122839877278,53.727339668439036],[-2.1125505719640754,53.72726290134676],[-2.112944769105643,53.72713823865197],[-2.113290281624553,53.726970471471674],[-2.113573831351687,53.726766047475785],[-2.1137845219470393,53.726532823035065],[-2.113914257591669,53.726279761233464],[-2.1139580539680614,53.726016587360995]]],[[[-2.1120818340210676,53.70782220057541],[-2.1120380286140046,53.707559028349564],[-2.1119083253631175,53.707305971237155],[-2.1116977100404286,53.70707275381429],[-2.1114142773758613,53.70686833809651],[-2.111068919844137,53.70670057919436],[-2.1106749090249397,53.70657592351745],[-2.110247385631764,53.706499161114344],[-2.1098027778,53.70647324165443],[-2.1093581699682358,53.706499161114344],[-2.10893064657506,53.70657592351745],[-2.1085366357558635,53.70670057919436],[-2.108191278224139,53.70686833809651],[-2.1080347044239818,53.706981261375105],[-2.107864408231186,53.70706398309645],[-2.107580974248682,53.70726839881418],[-2.107370357946609,53.70750161623702],[-2.1072406540925375,53.70775467334943],[-2.1071968484816868,53.708017845575256],[-2.1072406261302836,53.70828101944717],[-2.1073703062791007,53.70853408124725],[-2.107580906741829,53.708767305685654],[-2.1078643351622945,53.7089717296788],[-2.108209699861894,53.70913949685638],[-2.1086037283524663,53.70926415954885],[-2.109031277438727,53.7093409266396],[-2.1094759153,53.7093668477456],[-2.1099205531612735,53.7093409266396],[-2.110348102247534,53.70926415954885],[-2.1107421307381062,53.70913949685638],[-2.111087495437706,53.7089717296788],[-2.11124406025492,53.70885880661672],[-2.11141435044389,53.70877608467888],[-2.1116977775464845,53.70857166068575],[-2.1119083770300153,53.70833843624737],[-2.112038056575929,53.70808537444733],[-2.1120818340210676,53.70782220057541]]],[[[-2.108099859670657,53.73758292835185],[-2.1080560232364722,53.7373197561269],[-2.1079262281497164,53.737066699017035],[-2.1077154637140394,53.73683348159799],[-2.1074318303913135,53.73662906588473],[-2.1070862283680083,53.73646130698709],[-2.106691938618915,53.73633665131399],[-2.1062641125750248,53.73625988891344],[-2.10581919,53.73623396945442],[-2.105374267424976,53.73625988891344],[-2.1049464413810854,53.73633665131399],[-2.104552151631992,53.73646130698709],[-2.104206549608687,53.73662906588473],[-2.1040779377097674,53.736721757014244],[-2.1041097325782685,53.736530748352685],[-2.1040658972419877,53.7362675761277],[-2.1039361054048715,53.73601451901775],[-2.1037253462456014,53.73578130159858],[-2.103441720023224,53.73557688588515],[-2.1030961266513253,53.73540912698735],[-2.102701846772248,53.735284471314124],[-2.102274031437742,53.73520770891347],[-2.10182912,53.73518178945442],[-2.1013842085622585,53.73520770891347],[-2.1009563932277526,53.735284471314124],[-2.1005621133486754,53.73540912698735],[-2.100216519976777,53.73557688588515],[-2.099932893754399,53.73578130159858],[-2.099722134595129,53.73601451901775],[-2.099592342758013,53.7362675761277],[-2.0995485074217317,53.736530748352685],[-2.099592314747586,53.736793922225466],[-2.0997220828386096,53.73704698402797],[-2.0999328261312473,53.73728020847004],[-2.1002164467820053,53.73748463246751],[-2.1005620457255234,53.73765239964941],[-2.100956341471233,53.73777706234554],[-2.1013841805518316,53.73785382943874],[-2.10182912,53.737879750545595],[-2.1022740594481686,53.73785382943874],[-2.1027018985287675,53.73777706234554],[-2.1030961942744772,53.73765239964941],[-2.1034417932179954,53.73748463246751],[-2.103570324562062,53.73739199150119],[-2.103538520329343,53.73758292835185],[-2.1035823287513216,53.737846102224665],[-2.1037121000904757,53.73809916402726],[-2.1039228486585126,53.738332388469466],[-2.104206476409264,53.738536812467096],[-2.1045520840045433,53.73870457964915],[-2.104946389621277,53.738829242345425],[-2.105374239412769,53.73890600943871],[-2.10581919,53.7389319305456],[-2.1062641405872315,53.73890600943871],[-2.106691990378723,53.738829242345425],[-2.1070862959954573,53.73870457964915],[-2.107431903590736,53.738536812467096],[-2.107715531341488,53.738332388469466],[-2.1079262799095244,53.73809916402726],[-2.1080560512486786,53.737846102224665],[-2.108099859670657,53.73758292835185]]],[[[-2.1075436976908515,53.716350728768646],[-2.1074998833980487,53.716087556543066],[-2.1073701538466323,53.715834499431374],[-2.107159495820034,53.7156012820096],[-2.106876005689729,53.715396866293126],[-2.1065305781389765,53.71522910739227],[-2.1061364874380906,53.71510445171644],[-2.105963274148434,53.71507335734045],[-2.105960987163788,53.71505962014383],[-2.10583126078307,53.71480656303206],[-2.1056206079047044,53.71457334561018],[-2.1053371247022645,53.714368929893546],[-2.1049917055927576,53.71420117099252],[-2.1045976245221243,53.71407651531656],[-2.104170024903174,53.71399975291409],[-2.1037253378,53.71397383345441],[-2.103679717136977,53.7139764925442],[-2.103438987509431,53.7138595769926],[-2.1030449096388995,53.71373492131661],[-2.1026173134921944,53.713658158914114],[-2.10217263,53.713632239454405],[-2.1017279465078063,53.713658158914114],[-2.1013003503611007,53.71373492131661],[-2.1009062724905694,53.7138595769926],[-2.1005608561860605,53.714027335893675],[-2.1002773752857276,53.714231751610356],[-2.100277353977203,53.71423177520158],[-2.100124174265224,53.714204276614105],[-2.099679485,53.71417835715442],[-2.099234795734776,53.714204276614105],[-2.098807194036843,53.71428103901654],[-2.098413111050171,53.71440569469248],[-2.0980676902611903,53.71457345359345],[-2.09778420568038,53.71477786931007],[-2.0975735517777196,53.71501108673194],[-2.097443824766158,53.715264143843704],[-2.097400011331456,53.71552731606931],[-2.0974437967912283,53.715790489941455],[-2.0975735000867886,53.71604355174215],[-2.0977841381429236,53.71627677618153],[-2.0980676171591743,53.716481200175835],[-2.0984130435127146,53.716648967354544],[-2.098528118516807,53.716685368274184],[-2.0987270099084396,53.71690558318119],[-2.0990104931623788,53.71711000717558],[-2.099355924679792,53.71727777435439],[-2.0997500294045897,53.71740243704791],[-2.1001776612114065,53.717479204139345],[-2.1006223851,53.717505125245594],[-2.101067108988593,53.717479204139345],[-2.10149474079541,53.71740243704791],[-2.101888845520208,53.71727777435439],[-2.1022342770376206,53.71711000717558],[-2.102275935580261,53.71707996658035],[-2.102363226666931,53.71709563693936],[-2.1028079465,53.71712155804559],[-2.1029166640785513,53.71711522129222],[-2.1029255143447942,53.71711951965444],[-2.1033196175868047,53.71724418234792],[-2.1036509657144244,53.71730366512565],[-2.103652280004622,53.71730461287549],[-2.1039977131202106,53.71747238005433],[-2.1043918196684097,53.71759704274787],[-2.1048194534537705,53.71767380983933],[-2.1052641794,53.71769973094559],[-2.1057089053462303,53.71767380983933],[-2.106136539131591,53.71759704274787],[-2.1065306456797903,53.71747238005433],[-2.106876078795379,53.71730461287549],[-2.107159563360848,53.71710018888108],[-2.107370205540133,53.7168669644416],[-2.1074999113743695,53.716613902640816],[-2.1075436976908515,53.716350728768646]]],[[[-2.1041141556030643,53.711502778372484],[-2.1040703463618264,53.711239606146755],[-2.1039406317623244,53.71098654903466],[-2.1037299980130015,53.71075333161227],[-2.1034465405521074,53.71054891589505],[-2.103101152807341,53.71038115699345],[-2.102707107519388,53.710256501317005],[-2.1022795467261566,53.71017973891422],[-2.1018349000000005,53.71015381945442],[-2.101390253273844,53.71017973891422],[-2.1012978130699067,53.71019633522586],[-2.101200289951888,53.710126005595235],[-2.100854905679039,53.70995824669357],[-2.100460864352047,53.70983359101707],[-2.1000333078566253,53.709756828614246],[-2.0995886656000002,53.70973090915442],[-2.0991440233433747,53.709756828614246],[-2.098716466847953,53.70983359101707],[-2.098322425520961,53.70995824669357],[-2.0979770412481122,53.710126005595235],[-2.097693586636676,53.710330421312506],[-2.0974829550048417,53.710563638734946],[-2.09735324170946,53.71081669584709],[-2.0973094329088244,53.71107986807284],[-2.0973532137420383,53.71134304194485],[-2.0974829033277844,53.71159610374518],[-2.0976935191173465,53.71182932818398],[-2.0979769681657165,53.71203375217759],[-2.098322358001631,53.712201519355645],[-2.0987164151708955,53.71232618204851],[-2.0991439953759525,53.7124029491395],[-2.0995886656000002,53.712428870245596],[-2.1000333358240475,53.7124029491395],[-2.100125711529191,53.712386364147775],[-2.100223186363632,53.712456662477415],[-2.1005685796716063,53.71262442965552],[-2.1009626408022357,53.71274909234844],[-2.1013902253057077,53.712825859439484],[-2.1018349000000005,53.71285178054558],[-2.102279574694293,53.712825859439484],[-2.102707159197765,53.71274909234844],[-2.1031012203283943,53.71262442965552],[-2.1034466136363688,53.712456662477415],[-2.103730065534055,53.71225223848373],[-2.1039406834407006,53.71201901404487],[-2.1040703743299627,53.71176595224451],[-2.1041141556030643,53.711502778372484]]],[[[-2.0978300331173974,53.730826398357195],[-2.0977862037321433,53.730563226132055],[-2.097656429509218,53.73031016902161],[-2.097445698949935,53.73007695160169],[-2.097162111213946,53.7298725358874],[-2.0968165647357204,53.72970477698875],[-2.096422338355611,53.72958012131477],[-2.095994581069744,53.72950335891363],[-2.09554973,53.72947743945441],[-2.0951048789302567,53.72950335891363],[-2.094677121644389,53.72958012131477],[-2.09428289526428,53.72970477698875],[-2.093937348786054,53.7298725358874],[-2.093653761050066,53.73007695160169],[-2.0934430304907825,53.73031016902161],[-2.093313256267857,53.730563226132055],[-2.0932810450996735,53.73075663712233],[-2.093168765398633,53.73063237780139],[-2.0928851739158496,53.7304279620872],[-2.092539622872349,53.73026020318861],[-2.0921453912839145,53.730135547514706],[-2.091717628346795,53.73005878511363],[-2.0912727714,53.730032865654415],[-2.090827914453205,53.73005878511363],[-2.0904001515160853,53.730135547514706],[-2.090005919927651,53.73026020318861],[-2.0896603688841506,53.7304279620872],[-2.0893767774013674,53.73063237780139],[-2.0891660440577686,53.73086559522122],[-2.089036268120035,53.731118652331624],[-2.088992438155427,53.731381824556756],[-2.089036240118316,53.73164499842939],[-2.0891659923173376,53.73189806023145],[-2.0893767097992373,53.73213128467286],[-2.089660295712132,53.73233570866956],[-2.0900058523255205,53.73250347585066],[-2.090400099775655,53.73262813854614],[-2.090827886451486,53.73270490563888],[-2.0912727714,53.732730826745595],[-2.0917176563485143,53.73270490563888],[-2.092145443024345,53.73262813854614],[-2.0925396904744793,53.73250347585066],[-2.092885247087868,53.73233570866956],[-2.0931688330007625,53.73213128467286],[-2.093379550482662,53.73189806023145],[-2.0935093026816842,53.73164499842939],[-2.0935414815147246,53.731451659420145],[-2.093653693450203,53.73157585847317],[-2.09393727561649,53.73178028246978],[-2.0942828276644168,53.731948049650796],[-2.094677069905694,53.7320727123462],[-2.095104850929476,53.73214947943891],[-2.09554973,53.732175400545586],[-2.0959946090705244,53.73214947943891],[-2.096422390094306,53.7320727123462],[-2.096816632335584,53.731948049650796],[-2.0971621843835107,53.73178028246978],[-2.097445766549798,53.73157585847317],[-2.0976564812479133,53.73134263403182],[-2.0977862317329232,53.7310895722298],[-2.0978300331173974,53.730826398357195]]],[[[-2.0975644062875043,53.72018833836563],[-2.097520587994864,53.71992516614016],[-2.097390846604495,53.7196721090288],[-2.0971801693551075,53.719438891607524],[-2.096896653357105,53.719234475891625],[-2.096551194287902,53.71906671699135],[-2.0961570676289756,53.71894206131602],[-2.0957294185448023,53.71886529891397],[-2.0955863383137023,53.718856960166846],[-2.095638052917279,53.71879970404029],[-2.0957677647108706,53.718546642239346],[-2.095811553038415,53.718283468367126],[-2.0957677367312857,53.718020296141596],[-2.0957519082478617,53.71798942170956],[-2.0957558119297524,53.71796595986737],[-2.0957119959535504,53.717702787641834],[-2.095582261419511,53.71744973053028],[-2.095371595302678,53.71721651310873],[-2.0952531231725087,53.71713108990431],[-2.095240497823484,53.71711711300879],[-2.0949569974763214,53.716912697292535],[-2.0946115574768576,53.71674493839191],[-2.0942174525737727,53.71662028271628],[-2.0937898270956063,53.71654352031404],[-2.0933451131,53.71651760085442],[-2.0929003991043933,53.71654352031404],[-2.092472773626227,53.71662028271628],[-2.0920786687231425,53.71674493839191],[-2.0917332287236783,53.716912697292535],[-2.091449728376516,53.71711711300879],[-2.091239062757572,53.71735033043036],[-2.0911093285301736,53.717603387541914],[-2.0910738236213646,53.717816641445445],[-2.0909480112699566,53.71767736270847],[-2.0906645071464167,53.71747294699233],[-2.090319062545632,53.717305188091764],[-2.0899249523931,53.71718053241621],[-2.089497321219061,53.71710377001402],[-2.0890526013,53.71707785055441],[-2.0886078813809394,53.71710377001402],[-2.0881802502069005,53.71718053241621],[-2.0877861400543685,53.717305188091764],[-2.0874406954535836,53.71747294699233],[-2.0871571913300437,53.71767736270847],[-2.0869465229048005,53.717910580129974],[-2.086816786949055,53.71816363724149],[-2.0867729704925244,53.718426809467005],[-2.086816758969228,53.718689983339246],[-2.0869464712048216,53.71894304514021],[-2.086985021782841,53.71898572649324],[-2.086987003973861,53.718989593640174],[-2.086999878451301,53.719003847629004],[-2.0870088001884626,53.719021253440154],[-2.0872194531560866,53.719254477879915],[-2.0875029522412416,53.71945890187466],[-2.087848403049922,53.71962666905382],[-2.088242529784641,53.71975133174763],[-2.088670185474077,53.71982809883927],[-2.0891149342,53.71985401994559],[-2.0892460865922273,53.71984637604488],[-2.089049921665215,53.71990841849113],[-2.088704455682106,53.72007617739128],[-2.0884209340097493,53.72028059310705],[-2.088210252543639,53.72051381052822],[-2.08808050855627,53.720766867639504],[-2.088036689386223,53.72103003986495],[-2.088080480572046,53.72129321373727],[-2.088210200835535,53.721546275538444],[-2.088420866449856,53.72177949997853],[-2.088704382555804,53.72198392397365],[-2.0890498541053213,53.7221516911532],[-2.0893628257912873,53.72225067847811],[-2.0895733492447746,53.72235291195316],[-2.0899675015292063,53.722477574647314],[-2.090395184942233,53.7225543417392],[-2.0904232250478567,53.72255597588316],[-2.090150988635455,53.72264207239047],[-2.0898055001951357,53.7228098312902],[-2.0895219600917874,53.72301424700555],[-2.0893112649292473,53.72324746442637],[-2.089181512506507,53.72350052153743],[-2.0891376904865346,53.72376369376279],[-2.089181484517664,53.72402686763518],[-2.0893112132126093,53.7242799294366],[-2.0895218925207435,53.72451315387703],[-2.0898054270567648,53.72471757787257],[-2.0901509210644105,53.72488534505253],[-2.0905450970859825,53.72501000774702],[-2.090875101133288,53.725069238301046],[-2.0908446775939127,53.7252519397616],[-2.0908884731742705,53.72551511363404],[-2.091018206460024,53.72576817543558],[-2.0912288932242444,53.72600139987621],[-2.0915124377951786,53.72620582387198],[-2.091857944030956,53.72637359105216],[-2.0922521340039295,53.72649825374684],[-2.092679858312198,53.726575020839064],[-2.0931246784,53.72660094194558],[-2.093569498487802,53.726575020839064],[-2.0939972227960713,53.72649825374684],[-2.094391412769044,53.72637359105216],[-2.094736919004822,53.72620582387198],[-2.094740648741709,53.7262031348848],[-2.0948186733904697,53.72617845945221],[-2.0951641780228916,53.72601069227207],[-2.0954477212780453,53.725806268276315],[-2.095658407064622,53.72557304383572],[-2.0957881397484273,53.7253199820342],[-2.09583193512565,53.72505680816176],[-2.095788111757399,53.724793635936436],[-2.095658355343946,53.7245405788255],[-2.095447653701726,53.72430736140485],[-2.0951641048788106,53.724102945689694],[-2.094818605814151,53.72393518679015],[-2.094424433526133,53.72381053111544],[-2.0939967349324684,53.723733768713814],[-2.093689567188998,53.723715868982985],[-2.093653708693493,53.72350052153743],[-2.0935239562707526,53.72324746442637],[-2.0933132611082126,53.72301424700555],[-2.0930297210048647,53.7228098312902],[-2.0926842325645456,53.72264207239047],[-2.0922900723973794,53.7225174167156],[-2.0918623869553516,53.72244065431386],[-2.091834326523975,53.72243901908482],[-2.0921065757552255,53.72235291195316],[-2.0924520489577314,53.722185144773576],[-2.09273556642019,53.72198072077842],[-2.0928481849795646,53.72185604321832],[-2.092856535205198,53.72187233293822],[-2.093067202452734,53.72210555737835],[-2.0933507207567748,53.72230998137353],[-2.0936961949847976,53.72247774855312],[-2.0940903484392694,53.7226024112473],[-2.0945180331218882,53.72267917833919],[-2.094962812,53.722705099445584],[-2.0954075908781116,53.72267917833919],[-2.09583527556073,53.7226024112473],[-2.0962294290152017,53.72247774855312],[-2.096574903243225,53.72230998137353],[-2.0968584215472656,53.72210555737835],[-2.0970690887948016,53.72187233293822],[-2.0971988100638823,53.72161927113703],[-2.0972426015890555,53.721356097264696],[-2.097198782079107,53.72109292503926],[-2.0971357086401934,53.7209699054003],[-2.0971802369115684,53.720937798479],[-2.0973908983099716,53.720704574039026],[-2.0975206159776665,53.720451512237915],[-2.0975644062875043,53.72018833836563]],[[-2.093111807172558,53.72057454000016],[-2.0930672700139574,53.72060665050688],[-2.0929545739051036,53.72073140040815],[-2.092946181333686,53.72071503132809],[-2.0927354988594757,53.72048181390695],[-2.092482255822607,53.72029922959684],[-2.0927494338434354,53.72028365793926],[-2.0930129436244536,53.72023635666185],[-2.093048744022333,53.720451512237915],[-2.093111807172558,53.72057454000016]],[[-2.0903867233308957,53.71968517575897],[-2.0903164613,53.719681080954416],[-2.09018526684889,53.71968872684266],[-2.0903444526001107,53.719638376224914],[-2.0903867233308957,53.71968517575897]]],[[[-2.095348207565036,53.709776174673856],[-2.095304400122562,53.70951300244808],[-2.0951746908471462,53.709259945335816],[-2.094964065742491,53.709026727913205],[-2.0946806199145405,53.708822312195736],[-2.094335246343914,53.708654553293876],[-2.0939412172266265,53.70852989761721],[-2.0935136739792495,53.70845313521427],[-2.0930690455,53.70842721575441],[-2.0926244170207506,53.70845313521427],[-2.0921968737733736,53.70852989761721],[-2.091802844656086,53.708654553293876],[-2.09145747108546,53.708822312195736],[-2.091174025257509,53.709026727913205],[-2.090963400152854,53.709259945335816],[-2.0908336908774383,53.70951300244808],[-2.0907898834349643,53.709776174673856],[-2.090833662912217,53.71003934854583],[-2.090963348479862,53.710292410346035],[-2.091173957743492,53.71052563478468],[-2.091457398008814,53.71073005877812],[-2.0918027771420684,53.71089782595594],[-2.0921968221003824,53.71102248864864],[-2.0926243890555294,53.711099255739526],[-2.0930690455,53.711125176845584],[-2.0935137019444707,53.711099255739526],[-2.0939412688996177,53.71102248864864],[-2.0943353138579317,53.71089782595594],[-2.094680692991186,53.71073005877812],[-2.094964133256508,53.71052563478468],[-2.0951747425201384,53.710292410346035],[-2.0953044280877835,53.71003934854583],[-2.095348207565036,53.709776174673856]]],[[[-2.090611241434252,53.71005250117364],[-2.090567433703916,53.70978932894786],[-2.090437723576468,53.70953627183564],[-2.090227097088377,53.70930305441307],[-2.0899436493987653,53.70909863869564],[-2.0895982735598024,53.70893087979381],[-2.0892042418546666,53.708806224117176],[-2.0887766957993654,53.708729461714256],[-2.0883320644,53.70870354225441],[-2.0878874330006347,53.708729461714256],[-2.0874598869453336,53.708806224117176],[-2.0870658552401977,53.70893087979381],[-2.0867204794012344,53.70909863869564],[-2.086437031711623,53.70930305441307],[-2.0862264052235315,53.70953627183564],[-2.086096695096084,53.70978932894786],[-2.0860528873657476,53.71005250117364],[-2.086096384706843,53.71031397730922],[-2.0859775849169178,53.71044551623502],[-2.0858478719857825,53.71069857334717],[-2.085804063308209,53.71096174557292],[-2.0858478440185597,53.71122491944494],[-2.0859775332402286,53.711477981245245],[-2.086188148438481,53.71171120568404],[-2.086471596691025,53.71191562967763],[-2.086816985557179,53.71208339685566],[-2.087211041620018,53.71220805954851],[-2.08763862062451,53.712284826639504],[-2.0880832896,53.71231074774559],[-2.08852795857549,53.712284826639504],[-2.088955537579982,53.71220805954851],[-2.089349593642821,53.71208339685566],[-2.0896949825089757,53.71191562967763],[-2.0899784307615197,53.71171120568404],[-2.090189045959772,53.711477981245245],[-2.090318735181441,53.71122491944494],[-2.0903625158917913,53.71096174557292],[-2.09031899059554,53.710700275706095],[-2.090437775250322,53.71056873684586],[-2.0905674616696035,53.71031567504562],[-2.090611241434252,53.71005250117364]]],[[[-2.082946807198316,53.72729326286],[-2.0829029814979547,53.72703009063474],[-2.082773218181788,53.72677703352399],[-2.0825625053317003,53.726543816103636],[-2.0822789414265968,53.72633940038881],[-2.0819334239850718,53.726171641489614],[-2.081539230731681,53.72604698581519],[-2.081111509389702,53.72597022341376],[-2.08072394603382,53.72594763995269],[-2.0807063093788734,53.72593907678965],[-2.0803121183057636,53.72581442111522],[-2.0798843993294818,53.72573765871376],[-2.0794395881,53.72571173925442],[-2.078994776870519,53.72573765871376],[-2.078567057894237,53.72581442111522],[-2.0781728668211272,53.72593907678965],[-2.0778273512906935,53.726106835688896],[-2.077543788954053,53.72631125140376],[-2.0773330772695204,53.72654446882415],[-2.0772033146711975,53.72679752593492],[-2.077159489213363,53.72706069816018],[-2.077203286676783,53.72732387203268],[-2.0773330255425875,53.72757693383437],[-2.0775437213695582,53.72781015827523],[-2.0778272781377627,53.72801458227127],[-2.0781727992366323,53.728182349451735],[-2.0785670061673036,53.728307012146644],[-2.078994748876104,53.72838377923901],[-2.0793822847742307,53.72840636123893],[-2.0793998998294847,53.72841491415167],[-2.07979410894066,53.728539576846615],[-2.080221854015491,53.72861634393901],[-2.0806666957,53.7286422650456],[-2.0811115373845097,53.72861634393901],[-2.0815392824593406,53.728539576846615],[-2.081933491570516,53.72841491415167],[-2.0822790145805548,53.72824714697118],[-2.0825625729171446,53.7280427229751],[-2.0827732699094477,53.72780949853422],[-2.0829030094927625,53.727556436732506],[-2.082946807198316,53.72729326286]]],[[[-2.075952767583618,53.70969344837393],[-2.0759089602273235,53.70943027614815],[-2.0757792512069857,53.709177219035894],[-2.075568626516497,53.708944001613254],[-2.0752851812458823,53.70873958589578],[-2.074939808354341,53.70857182699391],[-2.0745457800117912,53.70844717131723],[-2.074118237605038,53.708370408914284],[-2.07367361,53.708344489454426],[-2.0732289823949626,53.708370408914284],[-2.0728014399882095,53.70844717131723],[-2.07240741164566,53.70857182699391],[-2.0720620387541184,53.70873958589578],[-2.071778593483504,53.708944001613254],[-2.071567968793015,53.709177219035894],[-2.0714382597726773,53.70943027614815],[-2.0713944524163828,53.70969344837393],[-2.0714382318075955,53.709956622245905],[-2.071567917120282,53.710209684046106],[-2.0717785259698234,53.710442908484744],[-2.072061965677838,53.71064733247814],[-2.07240734413198,53.710815099655974],[-2.072801388315476,53.71093976234866],[-2.0732289544298808,53.71101652943955],[-2.07367361,53.71104245054559],[-2.07411826557012,53.71101652943955],[-2.074545831684525,53.71093976234866],[-2.074939875868021,53.710815099655974],[-2.075285254322163,53.71064733247814],[-2.0755686940301774,53.710442908484744],[-2.075779302879719,53.710209684046106],[-2.0759089881924053,53.709956622245905],[-2.075952767583618,53.70969344837393]]],[[[-2.0668716912594727,53.77994429831824],[-2.0668278105650133,53.77968112609458],[-2.0666978844741983,53.779428068988345],[-2.066486907328554,53.77919485157476],[-2.066202987766589,53.77899043586793],[-2.0658570369755993,53.77882267697671],[-2.065462349332509,53.77869802130907],[-2.0650340915568393,53.77862125891215],[-2.06458872,53.77859533945441],[-2.0641433484431615,53.77862125891215],[-2.063715090667492,53.77869802130907],[-2.0633204030244015,53.77882267697671],[-2.0629744522334117,53.77899043586793],[-2.062690532671447,53.77919485157476],[-2.062479555525802,53.779428068988345],[-2.0623496294349875,53.77968112609458],[-2.062305748740528,53.77994429831824],[-2.0623496013509985,53.78020747219234],[-2.0624795036333574,53.78046053399858],[-2.0626904648707005,53.78069375844623],[-2.0629743788464125,53.78089818245031],[-2.063320335223655,53.78106594963878],[-2.063715038775047,53.78119061234049],[-2.0641433203591726,53.78126737943741],[-2.06458872,53.78129330054558],[-2.065034119640828,53.78126737943741],[-2.065462401224954,53.78119061234049],[-2.0658571047763457,53.78106594963878],[-2.066203061153588,53.78089818245031],[-2.0664869751293002,53.78069375844623],[-2.0666979363666433,53.78046053399858],[-2.066827838649002,53.78020747219234],[-2.0668716912594727,53.77994429831824]]],[[[-2.063404251589301,53.71769583136759],[-2.06336043589464,53.71743265914205],[-2.0632307021939194,53.71717960203048],[-2.0630200374301384,53.71694638460887],[-2.0627365382337497,53.71674196889259],[-2.0623910996364434,53.716574209991954],[-2.0619969963330207,53.71644955431629],[-2.0615693725905557,53.71637279191404],[-2.0611246604,53.71634687245441],[-2.0606799482094447,53.71637279191404],[-2.0602523244669793,53.71644955431629],[-2.0598582211635565,53.716574209991954],[-2.0595127825662503,53.71674196889259],[-2.059229283369862,53.71694638460887],[-2.0590186186060806,53.71717960203048],[-2.05888888490536,53.71743265914205],[-2.0588450692106988,53.71769583136759],[-2.058888856926768,53.717959005239805],[-2.059018566908383,53.718212067040696],[-2.059229215823564,53.71844529148035],[-2.059512709454665,53.718649715474974],[-2.059858153617259,53.718817482654],[-2.060252272769281,53.718942145347725],[-2.060679920230852,53.71901891243929],[-2.0611246604,53.71904483354559],[-2.061569400569148,53.71901891243929],[-2.061997048030719,53.718942145347725],[-2.062391167182741,53.718817482654],[-2.062736611345335,53.718649715474974],[-2.063020104976436,53.71844529148035],[-2.0632307538916175,53.718212067040696],[-2.063360463873232,53.717959005239805],[-2.063404251589301,53.71769583136759]]],[[[-2.0538979468734486,53.73034254835758],[-2.0538541179928735,53.730079376132416],[-2.0537243452637264,53.72982631902192],[-2.053513617129876,53.72959310160195],[-2.05323003265774,53.729388685887585],[-2.0530994483429104,53.72932528795315],[-2.0533047487715512,53.72909804403335],[-2.053434492330479,53.72884498223153],[-2.0534782913776546,53.72858180835898],[-2.053434464333493,53.728318636133764],[-2.0533046970398674,53.72806557902313],[-2.0530939777316184,53.72783236160293],[-2.052810405135906,53.7276279458883],[-2.0524648771053235,53.7274601869893],[-2.0520706717713337,53.72733553131505],[-2.0516429373213954,53.72725876891373],[-2.05119811,53.72723284945443],[-2.0507532826786044,53.72725876891373],[-2.0503255482286664,53.72733553131505],[-2.0499313428946766,53.7274601869893],[-2.049585814864094,53.7276279458883],[-2.0493022422683818,53.72783236160293],[-2.0490915229601327,53.72806557902313],[-2.048961755666507,53.728318636133764],[-2.0489179286223456,53.72858180835898],[-2.0489617276695213,53.72884498223153],[-2.049091471228449,53.72909804403335],[-2.0493021746776794,53.72933126847441],[-2.0495857417044454,53.72953569247067],[-2.0497163129849847,53.72959908883978],[-2.049510994736274,53.72982631902192],[-2.049381222007127,53.730079376132416],[-2.0493373931265517,53.73034254835758],[-2.049381194007165,53.73060572223017],[-2.04951094299909,53.73085878403215],[-2.0497216552722364,53.731092008473425],[-2.050005234174833,53.73129643246996],[-2.050350782245761,53.731464199650915],[-2.0507450199495745,53.73158886234626],[-2.0511727960498254,53.731665629438915],[-2.05161767,53.731691550545584],[-2.0520625439501745,53.731665629438915],[-2.052490320050426,53.73158886234626],[-2.0528845577542394,53.731464199650915],[-2.0532301058251674,53.73129643246996],[-2.053513684727764,53.731092008473425],[-2.0537243970009103,53.73085878403215],[-2.0538541459928354,53.73060572223017],[-2.0538979468734486,53.73034254835758]]],[[[-2.0496678047630956,53.749553522042355],[-2.0496239558332014,53.74929034981778],[-2.0494941237609337,53.74903729270894],[-2.0492832992722523,53.74880407529143],[-2.0489995851374845,53.748599659579995],[-2.0486538846488913,53.74843190068416],[-2.048259482565,53.748307245012604],[-2.047831534633112,53.74823048261307],[-2.0473864853,53.74820456315441],[-2.0469414359668887,53.74823048261307],[-2.046513488035001,53.748307245012604],[-2.046119085951109,53.74843190068416],[-2.045773385462516,53.748599659579995],[-2.0454896713277484,53.74880407529143],[-2.045338045406,53.74897180630844],[-2.045014592301126,53.74881484488405],[-2.0446201866222573,53.74869018921255],[-2.044192234789668,53.74861342681305],[-2.0437471814,53.748587507354415],[-2.0433021280103323,53.74861342681305],[-2.0428741761777425,53.74869018921255],[-2.0427485493664945,53.74872989476283],[-2.0425621909156915,53.74852374069158],[-2.0422784786740973,53.7483193249801],[-2.041932780492238,53.74815156608422],[-2.041538381039999,53.74802691041263],[-2.0411104359635663,53.74795014801308],[-2.0406653896,53.74792422855441],[-2.040220343236434,53.74795014801308],[-2.039792398160001,53.74802691041263],[-2.039397998707762,53.74815156608422],[-2.0390523005259027,53.7483193249801],[-2.0387685882843085,53.74852374069158],[-2.038557765202481,53.74875695810912],[-2.0384279339966684,53.74901001521798],[-2.0383840853595094,53.74927318744257],[-2.038427905964677,53.749536361315734],[-2.0385577134061155,53.749789423119346],[-2.038768520609096,53.75002264756305],[-2.0388618759061483,53.75008991444641],[-2.038900885005193,53.75032418741515],[-2.039030694880542,53.750577249218814],[-2.039241506036518,53.75081047366263],[-2.0395252180224164,53.75101489766215],[-2.0398709282631784,53.7511826648461],[-2.0402653509908846,53.75130732754397],[-2.0406933278576482,53.751384094638325],[-2.0411384106,53.7514100157456],[-2.041583493342352,53.751384094638325],[-2.0420114702091157,53.75130732754397],[-2.042405892936822,53.7511826648461],[-2.042590427155537,53.751093113590265],[-2.042874124379302,53.751182780243965],[-2.043302099977218,53.75125954733832],[-2.0437471814,53.75128546844557],[-2.044192262822782,53.75125954733832],[-2.0446202384206984,53.751182780243965],[-2.04501465997905,53.75105811754612],[-2.0453603691948965,53.75089035036219],[-2.0456440803397062,53.75068592636269],[-2.045795646855174,53.75051824490914],[-2.04611901827475,53.750675173346224],[-2.0465134362377584,53.750799836044024],[-2.0469414079344226,53.750876603138344],[-2.0473864853,53.750902524245596],[-2.0478315626655776,53.750876603138344],[-2.0482595343622423,53.750799836044024],[-2.0486539523252505,53.750675173346224],[-2.0489996583898473,53.75050740616235],[-2.0492833669486106,53.75030298216291],[-2.0494941755581766,53.75006975771915],[-2.0496239838656676,53.74981669591553],[-2.0496678047630956,53.749553522042355]]],[[[-2.04471349968619,53.76913831452683],[-2.044669630292875,53.76887514230284],[-2.044539737651819,53.76862208519568],[-2.044328814818208,53.76838886778069],[-2.0440449683427797,53.76818445207223],[-2.043699106603947,53.76801669317937],[-2.0433045205566174,53.76789203751032],[-2.042876373016636,53.76781527511248],[-2.0424311161,53.76778935565442],[-2.041985859183364,53.76781527511248],[-2.0415577116433825,53.76789203751032],[-2.0411631255960527,53.76801669317937],[-2.04081726385722,53.76818445207223],[-2.0405334173817917,53.76838886778069],[-2.040322494548181,53.76862208519568],[-2.040192601907125,53.76887514230284],[-2.04014873251381,53.76913831452683],[-2.0401925738414706,53.7694014884006],[-2.0403224426896136,53.76965455020591],[-2.0405333496253086,53.76988777465217],[-2.0408171905181316,53.77009219865459],[-2.0411630578395696,53.770259965841426],[-2.0415576597848153,53.770384628541755],[-2.0419858311177097,53.77046139563775],[-2.0424311161,53.770487316745594],[-2.04287640108229,53.77046139563775],[-2.0433045724151846,53.770384628541755],[-2.0436991743604302,53.770259965841426],[-2.0440450416818683,53.77009219865459],[-2.0443288825746913,53.76988777465217],[-2.0445397895103863,53.76965455020591],[-2.0446696583585293,53.7694014884006],[-2.04471349968619,53.76913831452683]]],[[[-2.033573096243179,53.735440852053536],[-2.0335292620440835,53.73517767982853],[-2.0333994735728753,53.73492462271848],[-2.0331887198787966,53.73469140529916],[-2.032905101010809,53.73448698958558],[-2.032559516599855,53.73431923068761],[-2.0321652469439315,53.73419457501424],[-2.0317374427019805,53.7341178126135],[-2.0312925428,53.734091893154414],[-2.0308476428980202,53.7341178126135],[-2.030419838656069,53.73419457501424],[-2.030025569000146,53.73431923068761],[-2.0296799845891917,53.73448698958558],[-2.029396365721204,53.73469140529916],[-2.0291856120271254,53.73492462271848],[-2.029055823555917,53.73517767982853],[-2.029011989356822,53.735440852053536],[-2.029055795547334,53.735704025926296],[-2.029185560274012,53.73595708772869],[-2.029396298102503,53.73619031217064],[-2.0296799113992368,53.736394736167945],[-2.0300255013814446,53.73656250334967],[-2.0304197869029554,53.73668716604566],[-2.0308476148894377,53.73676393313877],[-2.0312925428,53.736789854245586],[-2.031737470710563,53.73676393313877],[-2.0321652986970453,53.73668716604566],[-2.032559584218556,53.73656250334967],[-2.0329051742007636,53.736394736167945],[-2.033188787497498,53.73619031217064],[-2.033399525325988,53.73595708772869],[-2.033529290052667,53.735704025926296],[-2.033573096243179,53.735440852053536]]],[[[-2.031697338924665,53.746385041244885],[-2.031653493303123,53.7461218690202],[-2.0315236710231046,53.745868811911095],[-2.0313128624339996,53.74563559449319],[-2.0310291696949516,53.74543117878125],[-2.030683495275935,53.74526341988495],[-2.030289122933698,53.74513876421298],[-2.0298612072727615,53.74506200181318],[-2.0294161915,53.745036082354424],[-2.0289711757272393,53.74506200181318],[-2.0285432600663027,53.74513876421298],[-2.0281488877240657,53.74526341988495],[-2.027803213305049,53.74543117878125],[-2.0275195205660013,53.74563559449319],[-2.0274878967922527,53.74567057985546],[-2.02723885244689,53.74559186121291],[-2.026810932171543,53.74551509881317],[-2.0263659116,53.74548917935442],[-2.025920891028458,53.74551509881317],[-2.02549297075311,53.74559186121291],[-2.025098594158125,53.745716516884826],[-2.02475291601143,53.745884275781066],[-2.024469220213016,53.74608869149293],[-2.024258409350437,53.74632190891077],[-2.024128585670229,53.74657496601985],[-2.024087054693106,53.74682424248885],[-2.0237225238572916,53.74670902361279],[-2.023294592204048,53.74663226121313],[-2.0228495598,53.74660634175442],[-2.0224045273959526,53.74663226121313],[-2.0219765957427085,53.74670902361279],[-2.0215822086615916,53.746833679284556],[-2.021236521323443,53.74700143818063],[-2.0209528179814558,53.74720585389231],[-2.0207420015131,53.747439071310026],[-2.0206121743803998,53.747692128419],[-2.020568327119359,53.747955300643625],[-2.02061214635064,53.748218474516754],[-2.020741949720858,53.74847153632024],[-2.02095275031163,53.74870476076378],[-2.021236448078151,53.748909184762994],[-2.0215821409917654,53.74907695194662],[-2.021976543950466,53.74920161464422],[-2.0224044993661927,53.74927838173839],[-2.0228495598,53.74930430284559],[-2.0232946202338074,53.74927838173839],[-2.0237225756495345,53.74920161464422],[-2.024116978608235,53.74907695194662],[-2.024462671521849,53.748909184762994],[-2.0246124602461766,53.74880125155492],[-2.0247785844262016,53.74892095556298],[-2.0251242774366673,53.74908872274661],[-2.0255186805058685,53.749213385444214],[-2.0259466360414975,53.74929015253839],[-2.0263916966,53.7493160736456],[-2.0268367571585033,53.74929015253839],[-2.0272647126941323,53.749213385444214],[-2.0276591157633335,53.74908872274661],[-2.028004808773799,53.74892095556298],[-2.0281148244301463,53.74884168164264],[-2.0283763968462476,53.7488264470384],[-2.028804347658441,53.74874967994426],[-2.029198746374584,53.74862501724672],[-2.029544435569678,53.748457250063154],[-2.029828130284628,53.74825282606403],[-2.0300389286080383,53.748019601620534],[-2.030168730582212,53.747766539817086],[-2.0301882237414857,53.74764946461447],[-2.030289174721029,53.74763135524441],[-2.0306835629393434,53.74750669254702],[-2.031029242933297,53.74733892536362],[-2.0313129300974078,53.74713450136465],[-2.031523722810435,53.746901276921314],[-2.0316535213302243,53.74664821511796],[-2.031697338924665,53.746385041244885]]],[[[-2.0232165011515795,53.75849531393528],[-2.0231726428817445,53.758232141710955],[-2.0230427831645903,53.75797908460289],[-2.0228319137891853,53.75774586718654],[-2.0225481392513163,53.757541451476456],[-2.022202365164673,53.75737369258198],[-2.021807879115943,53.75724903691157],[-2.0213798400786613,53.75717227451281],[-2.020934696,53.757146355054424],[-2.020489551921338,53.75717227451281],[-2.020061512884056,53.75724903691157],[-2.019667026835326,53.75737369258198],[-2.0193212527486835,53.757541451476456],[-2.0190374782108145,53.75774586718654],[-2.018826608835409,53.75797908460289],[-2.0186967491182553,53.758232141710955],[-2.01865289084842,53.75849531393528],[-2.018696721070643,53.75875848780872],[-2.01882655701018,53.75901154961311],[-2.0190374104978894,53.759244774058004],[-2.019321179456741,53.75944919805881],[-2.019666959122401,53.759616965244035],[-2.0200614610588272,53.759741627942994],[-2.0204895238737257,53.759818395038074],[-2.020934696,53.759844316145596],[-2.0213798681262736,53.759818395038074],[-2.021807930941172,53.759741627942994],[-2.0222024328775987,53.759616965244035],[-2.022548212543258,53.75944919805881],[-2.02283198150211,53.759244774058004],[-2.0230428349898193,53.75901154961311],[-2.0231726709293567,53.75875848780872],[-2.0232165011515795,53.75849531393528]]],[[[-2.0152749177907876,53.74931831164254],[-2.015231069106509,53.74905513941795],[-2.015101237761228,53.74880208230908],[-2.0148904144529465,53.74856886489156],[-2.014606701906619,53.74836444918008],[-2.014261003353458,53.74819669028421],[-2.013866603477617,53.74807203461262],[-2.0134386579415575,53.74799527221308],[-2.0129936111,53.74796935275441],[-2.012548564258443,53.74799527221308],[-2.0121206187223835,53.74807203461262],[-2.0117262188465426,53.74819669028421],[-2.011380520293381,53.74836444918008],[-2.011096807747054,53.74856886489156],[-2.0108859844387723,53.74880208230908],[-2.0107561530934914,53.74905513941795],[-2.010712304409213,53.74931831164254],[-2.010756125061424,53.749581485515705],[-2.010885932642266,53.74983454731932],[-2.0110967400716566,53.75006777176303],[-2.0113804470420593,53.750272195762435],[-2.0117261511711453,53.75043996294628],[-2.012120566925877,53.750564625644046],[-2.0125485362263755,53.750641392738345],[-2.0129936111,53.75066731384559],[-2.013438685973625,53.750641392738345],[-2.0138666552741236,53.750564625644046],[-2.014261071028855,53.75043996294628],[-2.014606775157941,53.750272195762435],[-2.0148904821283438,53.75006777176303],[-2.0151012895577343,53.74983454731932],[-2.0152310971385763,53.749581485515705],[-2.0152749177907876,53.74931831164254]]],[[[-1.9948000842781153,53.72015680316564],[-1.9947562660183467,53.71989363094017],[-1.9946265247252744,53.71964057382881],[-1.9944158476338665,53.71940735640752],[-1.9941323318484536,53.71920294069162],[-1.9937868730382806,53.71903518179135],[-1.99339274667487,53.718910526116005],[-1.9929650979113438,53.71883376371396],[-1.9925203597,53.71880784425441],[-1.9920756214886564,53.71883376371396],[-1.9916479727251302,53.718910526116005],[-1.9912538463617195,53.71903518179135],[-1.9909083875515465,53.71920294069162],[-1.9906248717661337,53.71940735640752],[-1.9904141946747258,53.71964057382881],[-1.9902844533816535,53.71989363094017],[-1.990240635121885,53.72015680316564],[-1.9902844253989045,53.72041997703793],[-1.9904141429693474,53.720673038839024],[-1.9906248042098014,53.720906263279],[-1.990908314429099,53.72111068727399],[-1.9912537788053872,53.721278454453405],[-1.9916479210197515,53.72140311714744],[-1.992075593505907,53.72147988423922],[-1.9925203597,53.72150580534559],[-1.9929651258940932,53.72147988423922],[-1.9933927983802486,53.72140311714744],[-1.9937869405946131,53.721278454453405],[-1.994132404970901,53.72111068727399],[-1.9944159151901988,53.720906263279],[-1.994626576430653,53.720673038839024],[-1.9947562940010957,53.72041997703793],[-1.9948000842781153,53.72015680316564]]]]}},{"type":"Feature","properties":{"species":"Dryopteris filix-mas","commonName":"male fern","observedAt":"2021-05-08 16:16:05 UTC","imageUrl":"https://inaturalist-open-data.s3.amazonaws.com/photos/127456438/medium.jpeg","locations":[],"common":false,"recordCount":31},"geometry":{"type":"MultiPolygon","coordinates":[[[[-2.1680926772393914,53.73888153455082],[-2.1680488394500705,53.73861836232591],[-2.1679190403523076,53.73836530521616],[-2.167708269403999,53.738132087797275],[-2.167424627317363,53.73792767208422],[-2.167079014615688,53.737759913186764],[-2.1666847126841025,53.73763525751384],[-2.1662568734216943,53.737558495113404],[-2.1658119371,53.73753257565441],[-2.1653670007783057,53.737558495113404],[-2.164939161515898,53.73763525751384],[-2.164544859584312,53.737759913186764],[-2.164199246882637,53.73792767208422],[-2.1639156047960015,53.738132087797275],[-2.1637048338476927,53.73836530521616],[-2.1635750347499294,53.73861836232591],[-2.163531196960609,53.73888153455082],[-2.163575006735526,53.73914470842366],[-2.1637047820838253,53.73939777022637],[-2.1639155371632492,53.73963099466876],[-2.1641991736774737,53.73983541866658],[-2.16454479195156,53.74000318584884],[-2.1649391097520305,53.74012784854527],[-2.1653669727639024,53.74020461563866],[-2.1658119371,53.74023053674559],[-2.1662569014360975,53.74020461563866],[-2.16668476444797,53.74012784854527],[-2.16707908224844,53.74000318584884],[-2.1674247005225262,53.73983541866658],[-2.1677083370367507,53.73963099466876],[-2.167919092116175,53.73939777022637],[-2.168048867464474,53.73914470842366],[-2.1680926772393914,53.73888153455082]]],[[[-2.1382985466961584,53.73550080835349],[-2.1382547124345077,53.735237636128495],[-2.138124923778143,53.73498457901844],[-2.1379141697834276,53.73475136159914],[-2.1376305505108806,53.734546945885555],[-2.137284965606991,53.7343791869876],[-2.1368906953886992,53.734254531314235],[-2.136462890536554,53.7341777689135],[-2.13601799,53.73415184945441],[-2.135573089463446,53.7341777689135],[-2.1351452846113004,53.734254531314235],[-2.1347510143930086,53.7343791869876],[-2.1344054294891195,53.734546945885555],[-2.134121810216572,53.73475136159914],[-2.133911056221857,53.73498457901844],[-2.1337812675654924,53.735237636128495],[-2.1337374333038412,53.73550080835349],[-2.1337812395568077,53.735763982226246],[-2.133911004468556,53.736017044028664],[-2.134121742597626,53.7362502684706],[-2.1344053562988994,53.73645469246792],[-2.134750946774063,53.73662245964966],[-2.1351452328579996,53.736747122345655],[-2.1355730614547612,53.73682388943877],[-2.13601799,53.73684981054559],[-2.1364629185452384,53.73682388943877],[-2.136890747142,53.736747122345655],[-2.137285033225937,53.73662245964966],[-2.1376306237011002,53.73645469246792],[-2.1379142374023736,53.7362502684706],[-2.1381249755314435,53.736017044028664],[-2.138254740443192,53.735763982226246],[-2.1382985466961584,53.73550080835349]]],[[[-2.116665124798151,53.72696317526026],[-2.116621299442016,53.726700003035],[-2.1164915371447077,53.72644694592421],[-2.1162808259489307,53.72621372850381],[-2.115997264269998,53.72600931278895],[-2.1156517495409464,53.72584155388969],[-2.1152575593821,53.725716898215225],[-2.1148298413978317,53.72564013581376],[-2.1143850312,53.72561421635442],[-2.1139402210021685,53.72564013581376],[-2.1135125030179003,53.725716898215225],[-2.113118312859054,53.72584155388969],[-2.112772798130002,53.72600931278895],[-2.1124892364510695,53.72621372850381],[-2.1122785252552925,53.72644694592421],[-2.1121487629579843,53.726700003035],[-2.112104937601849,53.72696317526026],[-2.1121487349637347,53.72722634913275],[-2.1122784735286637,53.72747941093444],[-2.112489168866972,53.72771263537529],[-2.1127727249775026,53.727917059371315],[-2.1131182452749564,53.72808482655175],[-2.113512451291272,53.72820948924666],[-2.113940193007919,53.728286256339025],[-2.1143850312,53.72831217744559],[-2.1148298693920813,53.728286256339025],[-2.1152576111087282,53.72820948924666],[-2.115651817125044,53.72808482655175],[-2.1159973374224976,53.727917059371315],[-2.116280893533028,53.72771263537529],[-2.1164915888713365,53.72747941093444],[-2.1166213274362655,53.72722634913275],[-2.116665124798151,53.72696317526026]]],[[[-2.114412192711517,53.72325827836319],[-2.114368371218492,53.722995106137816],[-2.1142386203554424,53.72274204902672],[-2.114027927725356,53.722508831605836],[-2.1137443910298765,53.722304415890406],[-2.113398906741869,53.72213665699059],[-2.113004751311897,53.722012001315655],[-2.1125770710099236,53.72193523891387],[-2.1121323,53.72190931945441],[-2.111687528990076,53.72193523891387],[-2.111259848688103,53.722012001315655],[-2.1108656932581304,53.72213665699059],[-2.110520208970123,53.722304415890406],[-2.1102366722746435,53.722508831605836],[-2.1100259796445573,53.72274204902672],[-2.109896228781507,53.722995106137816],[-2.1098524072884826,53.72325827836319],[-2.1098962007935183,53.723521452235566],[-2.110025927929497,53.72377451403693],[-2.110236604705661,53.724007738477304],[-2.110520135833984,53.72421216247276],[-2.110865625689148,53.72437992965265],[-2.1112597969730427,53.724504592347074],[-2.111687501002087,53.72458135943913],[-2.1121323,53.724607280545584],[-2.1125770989979125,53.72458135943913],[-2.113004803026957,53.724504592347074],[-2.1133989743108517,53.72437992965265],[-2.113744464166016,53.72421216247276],[-2.1140279952943386,53.724007738477304],[-2.1142386720705026,53.72377451403693],[-2.1143683992064815,53.723521452235566],[-2.114412192711517,53.72325827836319]]],[[[-2.111721231827268,53.708097396275186],[-2.111677426133554,53.707834224049364],[-2.1115477220342216,53.707581166936954],[-2.1113371053339205,53.70734794951414],[-2.1110536708155294,53.707143533796405],[-2.110708311025017,53.706975774894296],[-2.1103142976288667,53.70685111921741],[-2.1102814085589863,53.70684521397908],[-2.1102786119129955,53.70684319699653],[-2.109933254587626,53.70667543809437],[-2.10953924400385,53.70655078241745],[-2.109111720866116,53.70647402001433],[-2.1086671133,53.70644810055442],[-2.108222505733884,53.70647402001433],[-2.10779498259615,53.70655078241745],[-2.1074009720123743,53.70667543809437],[-2.1070556146870043,53.70684319699653],[-2.1067721821917957,53.707047612714305],[-2.1065615669949604,53.70728083013717],[-2.1064318638215838,53.70753388724959],[-2.106388058440708,53.707797059475425],[-2.106431835859702,53.70806023334735],[-2.1065615153281403,53.708313295147384],[-2.106772114685842,53.70854651958577],[-2.107055541619087,53.708750943578885],[-2.1074009045064206,53.70891871075643],[-2.1077949309293302,53.70904337344887],[-2.1078277964632313,53.70904927453659],[-2.107830577515228,53.709051280378766],[-2.1081759428678053,53.70921904755635],[-2.1085699721033766,53.70934371024883],[-2.108997521998024,53.709420477339584],[-2.1094421607,53.70944639844559],[-2.1098867994019757,53.709420477339584],[-2.110314349296623,53.70934371024883],[-2.1107083785321943,53.70921904755635],[-2.1110537438847716,53.709051280378766],[-2.1113371728410972,53.7088468563856],[-2.111547773701978,53.70861363194718],[-2.1116774540959424,53.70836057014711],[-2.111721231827268,53.708097396275186]]],[[[-2.104238507559658,53.7156489440692],[-2.1041946939982066,53.7153857718436],[-2.1040649666114857,53.71513271473185],[-2.103854312099683,53.71489949730999],[-2.1035708266991624,53.71469508159341],[-2.1032254049114076,53.71452732269243],[-2.1028313207852776,53.71440266701653],[-2.102403717850984,53.714325904614086],[-2.1019590273,53.714299985154405],[-2.101514336749016,53.714325904614086],[-2.1010867338147223,53.71440266701653],[-2.1006926496885923,53.71452732269243],[-2.1003472279008375,53.71469508159341],[-2.1002680048505464,53.71475220776839],[-2.1002010933032738,53.7147197113924],[-2.099807007374754,53.71459505571651],[-2.099379402484792,53.71451829331409],[-2.0989347099,53.71449237385441],[-2.098490017315208,53.71451829331409],[-2.0980624124252456,53.71459505571651],[-2.097668326496726,53.7147197113924],[-2.0973229031291156,53.714887470293334],[-2.097039416431982,53.71509188600989],[-2.097024396087266,53.715108515086655],[-2.0967388909340134,53.71496985699234],[-2.0963448026619784,53.714845201316486],[-2.095917195229204,53.71476843891409],[-2.0954725,53.71474251945441],[-2.0950278047707966,53.71476843891409],[-2.0946001973380217,53.714845201316486],[-2.094206109065987,53.71496985699234],[-2.0938606836442055,53.71513761589324],[-2.0935771952611817,53.71534203160976],[-2.0933665385330222,53.71557524903156],[-2.0932368097812892,53.71582830614327],[-2.0931929957586632,53.71609147836887],[-2.093236781805406,53.71635465224102],[-2.0933664868403303,53.71660771404178],[-2.093473202634094,53.7167258712155],[-2.0931783867947704,53.71674305401404],[-2.0927507592880334,53.71681981641626],[-2.092356652515371,53.71694447209186],[-2.0920112108771582,53.71711223099246],[-2.091727709185048,53.71731664670868],[-2.091517042566648,53.71754986413023],[-2.091387307723703,53.71780292124178],[-2.091376368399872,53.717868626027816],[-2.09130397382474,53.718009836141604],[-2.0913013878959505,53.718025367911586],[-2.0912992903816283,53.7180294592416],[-2.0912554740649485,53.71829263146713],[-2.0912992624020283,53.71855580533936],[-2.091428974223875,53.7188088671403],[-2.091639626127839,53.719042091580036],[-2.0919231237814486,53.71924651557474],[-2.092268572845706,53.719414282753874],[-2.092662697590167,53.71953894544766],[-2.093090351120005,53.719615712539294],[-2.0935350976,53.7196416336456],[-2.093979844079995,53.719615712539294],[-2.0944074976098324,53.71953894544766],[-2.0948016223542933,53.719414282753874],[-2.0951470714185514,53.71924651557474],[-2.0954305690721604,53.719042091580036],[-2.095641220976125,53.7188088671403],[-2.0957709327979717,53.71855580533936],[-2.095773517058913,53.71854027357898],[-2.0957756141548276,53.71853618223936],[-2.0957865465097316,53.71847047726616],[-2.095858926055515,53.71832926733953],[-2.0959027141568645,53.71806609346731],[-2.0958588980762975,53.71780292124178],[-2.0957291632333526,53.71754986413023],[-2.0956224609744134,53.717431739930525],[-2.095917223205087,53.71741455943935],[-2.0963448543546703,53.717337792347905],[-2.09673895847377,53.71721312965441],[-2.0970843894603,53.7170453624756],[-2.0973678722785754,53.716840938481226],[-2.0973828422767156,53.71682436349632],[-2.0976682589579894,53.71696298405446],[-2.0980623607333344,53.717087646747935],[-2.0984899893397473,53.71716441383935],[-2.0989347099,53.717190334945585],[-2.0993794304602527,53.71716441383935],[-2.0998070590666655,53.717087646747935],[-2.1002011608420106,53.71696298405446],[-2.1005465897742863,53.716795216875695],[-2.100625747116413,53.71673813491078],[-2.1006925821506397,53.716770595354504],[-2.1010866821234115,53.71689525804795],[-2.1015143087738806,53.716972025139356],[-2.1019590273,53.716997946245584],[-2.1024037458261193,53.716972025139356],[-2.1028313724765884,53.71689525804795],[-2.10322547244936,53.716770595354504],[-2.1035708998017153,53.716602828175766],[-2.1038543796376357,53.71639840418146],[-2.1040650183027965,53.71616517974207],[-2.104194721973342,53.71591211794135],[-2.104238507559658,53.7156489440692]]],[[[-2.1041911534630593,53.71146327837253],[-2.1041473442629743,53.7112001061468],[-2.1040176297852793,53.710947049034694],[-2.1038069962337334,53.71071383161229],[-2.103523539038983,53.71050941589507],[-2.103178151618499,53.710341656993485],[-2.102784106700505,53.71021700131703],[-2.1023565463086955,53.71014023891423],[-2.1019119,53.710114319454426],[-2.101467253691305,53.71014023891423],[-2.1010396932994952,53.71021700131703],[-2.1006456483815015,53.710341656993485],[-2.100300260961018,53.71050941589507],[-2.100016803766267,53.71071383161229],[-2.0998061702147215,53.710947049034694],[-2.099676455737026,53.7112001061468],[-2.0996535840115844,53.711337502010664],[-2.0994782638285607,53.71125234869325],[-2.099084210380742,53.711127693016905],[-2.0986566407337124,53.7110509306142],[-2.0982119848,53.71102501115441],[-2.0977673288662877,53.7110509306142],[-2.097339759219258,53.711127693016905],[-2.0969457057714393,53.71125234869325],[-2.0966003108742726,53.711420107594726],[-2.0963168475432883,53.71162452331179],[-2.0961062094317877,53.71185774073407],[-2.0959764921457027,53.7121107978461],[-2.0959326819967923,53.7123739700718],[-2.095976464176096,53.71263714394386],[-2.096106157750694,53.71289020574429],[-2.096316780018685,53.713123430183266],[-2.0966002377861686,53.71332785417709],[-2.0969456382468357,53.713495621355314],[-2.097339707538164,53.713620284048346],[-2.097767300896681,53.71369705113947],[-2.0982119848,53.7137229722456],[-2.098656668703319,53.71369705113947],[-2.099084262061836,53.713620284048346],[-2.099478331353164,53.713495621355314],[-2.0998237318138315,53.71332785417709],[-2.100107189581315,53.713123430183266],[-2.100317811849306,53.71289020574429],[-2.1004475054239036,53.71263714394386],[-2.100470351626481,53.71249981584165],[-2.10064558086061,53.712584929655534],[-2.1010396416212416,53.71270959234844],[-2.1014672257232356,53.7127863594395],[-2.1019119,53.71281228054559],[-2.1023565742767647,53.7127863594395],[-2.1027841583787588,53.71270959234844],[-2.103178219139391,53.712584929655534],[-2.103523612123069,53.71241716247745],[-2.1038070637546253,53.712212738483764],[-2.1040176814635325,53.71197951404491],[-2.1041473722310435,53.711726452244555],[-2.1041911534630593,53.71146327837253]]],[[[-2.094213408764293,53.72169874936442],[-2.094169588897137,53.721435577139],[-2.094039842846427,53.72118252002777],[-2.093829158030089,53.720949302606684],[-2.0935456318494037,53.72074488689102],[-2.093200160373129,53.72057712799097],[-2.092806019559509,53.72045247231584],[-2.092759942625099,53.720444201868716],[-2.0925209607197823,53.72027189959121],[-2.092175493128921,53.720104140691085],[-2.091781356748002,53.71997948501589],[-2.091353697115056,53.71990272261394],[-2.0909089476,53.71987680315442],[-2.090464198084944,53.71990272261394],[-2.0903401610926187,53.71992498652834],[-2.0900265390202453,53.71994326401961],[-2.0903445884033007,53.719788805474515],[-2.090628089712139,53.71958438147973],[-2.0908387443319914,53.71935115703993],[-2.0909684578260452,53.71909809523893],[-2.0910122467274332,53.71883492136669],[-2.090968429845529,53.718571749141184],[-2.0908386926307387,53.7183186920297],[-2.090628022161197,53.71808547460825],[-2.0903445152866875,53.717881058892154],[-2.0899990673339897,53.717713299991665],[-2.089604953357404,53.71758864431616],[-2.0891773180341056,53.71751188191399],[-2.0887325938,53.71748596245441],[-2.088287869565894,53.71751188191399],[-2.087860234242596,53.71758864431616],[-2.08746612026601,53.717713299991665],[-2.087120672313312,53.717881058892154],[-2.086837165438803,53.71808547460825],[-2.086626494969261,53.7183186920297],[-2.086496757754471,53.718571749141184],[-2.0864529408725665,53.71883492136669],[-2.0864967297739545,53.71909809523893],[-2.0866264432680084,53.71935115703993],[-2.086837097887861,53.71958438147973],[-2.087120599196699,53.719788805474515],[-2.0874660527150684,53.71995657265373],[-2.0878601825413434,53.72008123534759],[-2.088287841585378,53.72015800243927],[-2.0887325938,53.72018392354559],[-2.08905358986668,53.72016521521115],[-2.0887355583499283,53.7203196509912],[-2.088452035036134,53.72052406670693],[-2.088241352350239,53.72075728412807],[-2.088111607611628,53.72101034123933],[-2.0880677881877707,53.721273513464766],[-2.0881115796269927,53.721536687337085],[-2.088241300641375,53.72178974913829],[-2.088451967475247,53.722022973578405],[-2.0887354852225513,53.72222739757356],[-2.0890809587721573,53.72239516475315],[-2.089475111452606,53.72251982744732],[-2.0899027952953437,53.7225965945392],[-2.0902737587766396,53.722618213827396],[-2.0903214962213426,53.72265263347339],[-2.09066697326425,53.722820400653035],[-2.0910611299302997,53.722945063347254],[-2.0914888180977504,53.72302183043918],[-2.0919336006,53.72304775154559],[-2.09237838310225,53.72302183043918],[-2.0928060712697008,53.722945063347254],[-2.09320022793575,53.722820400653035],[-2.093545704978658,53.72265263347339],[-2.09382922559271,53.722448209478166],[-2.094039894556618,53.72221498503799],[-2.094169616882491,53.72196192323676],[-2.094213408764293,53.72169874936442]]],[[[-2.0903859862345806,53.7109809938729],[-2.090342177536954,53.71071782164715],[-2.0902124645464646,53.71046476453501],[-2.09000183340968,53.71023154711255],[-2.0897183794644216,53.710027131395265],[-2.0893729960032763,53.70985937249358],[-2.0889789556023213,53.70973471681707],[-2.0885514001116894,53.70965795441424],[-2.0881067589,53.70963203495441],[-2.087662117688311,53.70965795441424],[-2.087234562197679,53.70973471681707],[-2.086840521796724,53.70985937249358],[-2.0864951383355788,53.710027131395265],[-2.08621168439032,53.71023154711255],[-2.086001053253536,53.71046476453501],[-2.085871340263046,53.71071782164715],[-2.08582753156542,53.7109809938729],[-2.085871312295791,53.711244167744916],[-2.0860010015767867,53.71149722954522],[-2.086211616871394,53.71173045398402],[-2.086495065253619,53.71193487797763],[-2.0868404542777976,53.71210264515565],[-2.0872345105209296,53.712227307848494],[-2.087662089721056,53.712304074939496],[-2.0881067589,53.71232999604558],[-2.0885514280789446,53.712304074939496],[-2.088979007279071,53.712227307848494],[-2.0893730635222028,53.71210264515565],[-2.0897184525463812,53.71193487797763],[-2.0900019009286064,53.71173045398402],[-2.0902125162232137,53.71149722954522],[-2.0903422055042093,53.711244167744916],[-2.0903859862345806,53.7109809938729]]],[[[-2.086555648148366,53.714519357570104],[-2.086511835764026,53.71425618534447],[-2.086382111861388,53.71400312823262],[-2.086171463006656,53.713769910810605],[-2.0858879852187346,53.71356549509385],[-2.0855425727065384,53.71339773619272],[-2.0851484991624925,53.71327308051666],[-2.0847209077102065,53.713196318114136],[-2.0842762291,53.713170398654405],[-2.083831550489793,53.713196318114136],[-2.0834039590375073,53.71327308051666],[-2.0830098854934613,53.71339773619272],[-2.0826644729812647,53.71356549509385],[-2.082380995193344,53.713769910810605],[-2.0821703463386116,53.71400312823262],[-2.0820406224359735,53.71425618534447],[-2.081996810051634,53.714519357570104],[-2.082040594462745,53.71478253144222],[-2.082170294650825,53.71503559324284],[-2.082380927659996,53.71526881768209],[-2.0826643998836962,53.71547324167623],[-2.0830098179601135,53.71564100885479],[-2.083403907349721,53.71576567154809],[-2.0838315225165647,53.715842438639385],[-2.0842762291,53.715868359745585],[-2.084720935683435,53.715842438639385],[-2.085148550850279,53.71576567154809],[-2.085542640239886,53.71564100885479],[-2.0858880583163035,53.71547324167623],[-2.0861715305400037,53.71526881768209],[-2.0863821635491746,53.71503559324284],[-2.086511863737255,53.71478253144222],[-2.086555648148366,53.714519357570104]]],[[[-2.0810986761595927,53.709297958374236],[-2.081054869215288,53.70903478614844],[-2.0809251614143833,53.70878172903614],[-2.0807145387038766,53.70854851161347],[-2.080431096097681,53.708344095895924],[-2.080085726452596,53.708176336994],[-2.0796917018137884,53.70805168131727],[-2.079264163425752,53.70797491891429],[-2.0788195400000005,53.70794899945442],[-2.0783749165742487,53.70797491891429],[-2.077947378186212,53.70805168131727],[-2.0775533535474047,53.708176336994],[-2.0772079839023196,53.708344095895924],[-2.076924541296124,53.70854851161347],[-2.076713918585617,53.70878172903614],[-2.0766525949779266,53.708901370067515],[-2.076296959249398,53.70896522131717],[-2.0759029260552047,53.70908987699379],[-2.075557548911032,53.70925763589557],[-2.0752741001502146,53.709462051612974],[-2.075063472866089,53.709695269035535],[-2.0749337622483788,53.70994832614775],[-2.0748899543524053,53.71021149837352],[-2.0749337342824226,53.71047467224551],[-2.07506342119174,53.71072773404576],[-2.075274032634424,53.710960958484456],[-2.0755574758324666,53.71116538247794],[-2.0759028585394135,53.71133314965584],[-2.0762969075750486,53.71145781234859],[-2.0767244789544326,53.71153457943953],[-2.07716914,53.711560500545595],[-2.0776138010455676,53.71153457943953],[-2.0780413724249516,53.71145781234859],[-2.0784354214605867,53.71133314965584],[-2.0787808041675335,53.71116538247794],[-2.0790642473655763,53.710960958484456],[-2.0792748588082604,53.71072773404576],[-2.079336158592528,53.7106081180117],[-2.079691753485289,53.71054427234869],[-2.080085793964664,53.71041960965606],[-2.080431169172217,53.71025184247829],[-2.0807146062159454,53.71004741848494],[-2.0809252130858837,53.709814194046366],[-2.081054897179703,53.7095611322462],[-2.0810986761595927,53.709297958374236]]],[[[-2.066731196879592,53.77986378831832],[-2.0666873162693595,53.77960061609466],[-2.066557390427843,53.77934755898843],[-2.0663464136869814,53.779114341574825],[-2.0660624946697244,53.77890992586797],[-2.065716544542433,53.77874216697675],[-2.065321857656527,53.77861751130909],[-2.064893600702435,53.77854074891217],[-2.06444823,53.77851482945443],[-2.064002859297565,53.77854074891217],[-2.063574602343473,53.77861751130909],[-2.063179915457567,53.77874216697675],[-2.062833965330276,53.77890992586797],[-2.0625500463130186,53.779114341574825],[-2.062339069572157,53.77934755898843],[-2.0622091437306405,53.77960061609466],[-2.062165263120408,53.77986378831832],[-2.0622091156467888,53.78012696219241],[-2.0623390176799647,53.780380023998646],[-2.0625499785126022,53.78061324844629],[-2.0628338919436335,53.780817672450354],[-2.0631798476571506,53.78098543963881],[-2.0635745504512806,53.78111010234052],[-2.064002831213713,53.781186869437434],[-2.06444823,53.7812127905456],[-2.064893628786287,53.781186869437434],[-2.0653219095487194,53.78111010234052],[-2.0657166123428494,53.78098543963881],[-2.0660625680563665,53.780817672450354],[-2.066346481487398,53.78061324844629],[-2.0665574423200352,53.780380023998646],[-2.066687344353211,53.78012696219241],[-2.066731196879592,53.77986378831832]]],[[[-2.0649090957549405,53.71849410566696],[-2.064865279228268,53.71823093344144],[-2.0647355430649124,53.71797787632993],[-2.0645248743025753,53.717744658908444],[-2.064241369725415,53.71754024319229],[-2.0638959245719173,53.71737248429175],[-2.0635018137888186,53.71724782861621],[-2.0630741819305887,53.71717106621402],[-2.0626294613,53.71714514675441],[-2.062184740669411,53.71717106621402],[-2.061757108811181,53.71724782861621],[-2.0613629980280823,53.71737248429175],[-2.061017552874585,53.71754024319229],[-2.0607340482974243,53.717744658908444],[-2.0605233795350872,53.71797787632993],[-2.0603936433717323,53.71823093344144],[-2.060349826845059,53.71849410566696],[-2.0603936153917912,53.7187572795392],[-2.060523327834898,53.71901034134016],[-2.060733980747872,53.71924356577991],[-2.0610174797594762,53.71944798977466],[-2.06136293047853,53.719615756953814],[-2.061757057110992,53.719740419647636],[-2.0621847126894703,53.71981718673927],[-2.0626294613,53.71984310784559],[-2.0630742099105293,53.71981718673927],[-2.0635018654890076,53.719740419647636],[-2.0638959921214695,53.719615756953814],[-2.064241442840524,53.71944798977466],[-2.0645249418521274,53.71924356577991],[-2.0647355947651014,53.71901034134016],[-2.0648653072082084,53.7187572795392],[-2.0649090957549405,53.71849410566696]]],[[[-2.0584837400562117,53.72579137836119],[-2.058439915922007,53.725528206135884],[-2.0583101572414404,53.725275149025],[-2.05809945191813,53.725041931604444],[-2.0578158981416492,53.7248375158894],[-2.057470393041327,53.72466975698997],[-2.057076213867482,53.72454510131536],[-2.0566485078024046,53.724468338913795],[-2.05620371,53.72444241945442],[-2.055758912197596,53.724468338913795],[-2.055741219513238,53.724471514302344],[-2.055554800843054,53.72438099869004],[-2.055160624376052,53.724256343015384],[-2.0547329212480143,53.72417958061379],[-2.0542881265,53.72415366115442],[-2.0538433317519855,53.72417958061379],[-2.0534156286239473,53.724256343015384],[-2.053021452156946,53.72438099869004],[-2.052675949429264,53.7245487575895],[-2.0523923976000478,53.7247531733046],[-2.052181693723787,53.724986390725185],[-2.0520519359344305,53.725239447836096],[-2.052008112101326,53.725502620061405],[-2.0520519079426496,53.72576579393386],[-2.05218164200172,53.72601885573542],[-2.05239233002191,53.72625208017607],[-2.0526758762832142,53.72645650417188],[-2.0530213845788077,53.726624271352094],[-2.05341557690188,53.72674893404682],[-2.053843303760204,53.72682570113906],[-2.0542881265,53.72685162224558],[-2.0547329492397957,53.72682570113906],[-2.0547505891641378,53.726822535180055],[-2.0549369593793574,53.72691302965203],[-2.0553311544095494,53.727037692346784],[-2.0557588842053267,53.72711445943905],[-2.05620371,53.727140380545585],[-2.056648535794674,53.72711445943905],[-2.0570762655904513,53.727037692346784],[-2.0574704606206433,53.72691302965203],[-2.0578159712889743,53.726745262471766],[-2.0580995194974454,53.72654083847592],[-2.05831020896441,53.72630761403523],[-2.0584399439142764,53.72605455223364],[-2.0584837400562117,53.72579137836119]]],[[[-2.043978232394897,53.749616720342324],[-2.0439343833990087,53.74935354811774],[-2.043804551131406,53.7491004910089],[-2.0435937263255615,53.7488672735914],[-2.0433100117639946,53.74866285787997],[-2.0429643107553694,53.748495098984144],[-2.0425699080781947,53.7483704433126],[-2.04214195950257,53.748293680913086],[-2.0416969095,53.74826776145443],[-2.041251859497431,53.748293680913086],[-2.040823910921806,53.7483704433126],[-2.0404295082446313,53.748495098984144],[-2.0400838072360057,53.74866285787997],[-2.039800092674439,53.7488672735914],[-2.0395892678685943,53.7491004910089],[-2.0394594356009916,53.74935354811774],[-2.039415586605103,53.749616720342324],[-2.0394594075684194,53.749879894215496],[-2.0395892160711537,53.75013295601913],[-2.0398000249978216,53.75036618046288],[-2.040083733983363,53.75057060446235],[-2.040429440568014,53.75073837164623],[-2.040823859124366,53.75086303434403],[-2.041251831464858,53.75093980143835],[-2.0416969095,53.7509657225456],[-2.0421419875351425,53.75093980143835],[-2.042569959875635,53.75086303434403],[-2.042964378431986,53.75073837164623],[-2.0433100850166372,53.75057060446235],[-2.043593794002179,53.75036618046288],[-2.0438046029288466,53.75013295601913],[-2.0439344114315814,53.749879894215496],[-2.043978232394897,53.749616720342324]]],[[[-2.0306133987683497,53.73996187834995],[-2.0305695598515765,53.739698706125075],[-2.030439757416714,53.73944564901541],[-2.03022898104999,53.73921243159668],[-2.029945331671909,53.7390080158838],[-2.0295997100859857,53.73884025698649],[-2.029205398018745,53.73871560131371],[-2.028777547758723,53.73863883891335],[-2.0283326000000006,53.73861291945441],[-2.0278876522412776,53.73863883891335],[-2.0274598019812555,53.73871560131371],[-2.027065489914015,53.73884025698649],[-2.0267198683280916,53.7390080158838],[-2.026436218950011,53.73921243159668],[-2.0262254425832866,53.73944564901541],[-2.0260956401484242,53.739698706125075],[-2.026051801231651,53.73996187834995],[-2.026095612132193,53.74022505222284],[-2.026225390816042,53.74047811402564],[-2.026436151312846,53.74071133846816],[-2.026719795118152,53.74091576246615],[-2.02706542227685,53.74108352964857],[-2.027459750214011,53.741208192345134],[-2.0278876242250465,53.74128495943862],[-2.0283326000000006,53.74131088054558],[-2.028777575774954,53.74128495943862],[-2.02920544978599,53.741208192345134],[-2.029599777723151,53.74108352964857],[-2.0299454048818486,53.74091576246615],[-2.0302290486871546,53.74071133846816],[-2.030439809183959,53.74047811402564],[-2.0305695878678076,53.74022505222284],[-2.0306133987683497,53.73996187834995]]],[[[-2.0230709569380174,53.75864046773515],[-2.0230270985165237,53.75837729551084],[-2.0228972383504815,53.75812423840279],[-2.0226863682462217,53.757891020986456],[-2.0224025927275484,53.75768660527639],[-2.0220568174458466,53.757518846381934],[-2.021662330033725,53.757394190711544],[-2.0212342895171065,53.7573174283128],[-2.0207891439,53.757291508854415],[-2.0203439982828937,53.7573174283128],[-2.0199159577662753,53.757394190711544],[-2.0195214703541535,53.757518846381934],[-2.0191756950724518,53.75768660527639],[-2.0188919195537784,53.757891020986456],[-2.0186810494495186,53.75812423840279],[-2.0185511892834764,53.75837729551084],[-2.0185073308619828,53.75864046773515],[-2.0185511612356186,53.7589036416086],[-2.018680997623835,53.759156703413005],[-2.01889185184026,53.759389927857924],[-2.019175621779867,53.759594351858745],[-2.0195214026406347,53.759762119044005],[-2.0199159059405916,53.75988678174297],[-2.0203439702350354,53.759963548838066],[-2.0207891439,53.75998946994559],[-2.0212343175649647,53.759963548838066],[-2.021662381859409,53.75988678174297],[-2.022056885159366,53.759762119044005],[-2.0224026660201333,53.759594351858745],[-2.0226864359597405,53.759389927857924],[-2.0228972901761653,53.759156703413005],[-2.0230271265643816,53.7589036416086],[-2.0230709569380174,53.75864046773515]]],[[[-2.0024627450381494,53.735521856553476],[-2.0024189107545376,53.73525868432847],[-2.002289122033172,53.73500562721842],[-2.0020783679329157,53.73477240979911],[-2.0017947485183436,53.734567994085545],[-2.001449163441404,53.734400235187586],[-2.0010548930256875,53.734275579514225],[-2.000627087959328,53.7341988171135],[-2.0001821872,53.73417289765442],[-1.9997372864406724,53.7341988171135],[-1.9993094813743126,53.734275579514225],[-1.9989152109585961,53.734400235187586],[-1.9985696258816568,53.734567994085545],[-1.9982860064670844,53.73477240979911],[-1.9980752523668284,53.73500562721842],[-1.9979454636454625,53.73525868432847],[-1.9979016293618508,53.735521856553476],[-1.9979454356367423,53.73578503042623],[-1.9980752006134619,53.736038092228654],[-1.9982859388480527,53.736271316670596],[-1.9985695526913438,53.736475740667906],[-1.998915143339564,53.73664350784966],[-1.9993094296209464,53.73676817054565],[-1.9997372584319522,53.73684493763876],[-2.0001821872,53.73687085874558],[-2.000627115968048,53.73684493763876],[-2.001054944779054,53.73676817054565],[-2.001449231060436,53.73664350784966],[-2.0017948217086565,53.736475740667906],[-2.002078435551948,53.736271316670596],[-2.0022891737865383,53.736038092228654],[-2.0024189387632583,53.73578503042623],[-2.0024627450381494,53.735521856553476]]],[[[-1.994862779217245,53.72015936986565],[-1.9948189609548013,53.719896197640175],[-1.99468921965381,53.71964314052881],[-1.9944785425495437,53.719409923107534],[-1.994195026746828,53.71920550739163],[-1.9938495679155719,53.719037748491345],[-1.9934554415281087,53.71891309281601],[-1.993027792738485,53.718836330413964],[-1.9925830545000003,53.71881041095442],[-1.9921383162615156,53.718836330413964],[-1.9917106674718918,53.71891309281601],[-1.9913165410844287,53.719037748491345],[-1.9909710822531725,53.71920550739163],[-1.9906875664504569,53.719409923107534],[-1.9904768893461906,53.71964314052881],[-1.990347148045199,53.719896197640175],[-1.9903033297827553,53.72015936986565],[-1.990347120062446,53.72042254373793],[-1.9904768376408044,53.72067560553904],[-1.9906874988941141,53.720908829979],[-1.990971009130714,53.721113253973996],[-1.9913164735280855,53.721281021153416],[-1.9917106157665052,53.72140568384744],[-1.9921382882787622,53.72148245093923],[-1.9925830545000003,53.72150837204559],[-1.9930278207212384,53.72148245093923],[-1.9934554932334951,53.72140568384744],[-1.993849635471915,53.721281021153416],[-1.9941950998692866,53.721113253973996],[-1.9944786101058865,53.720908829979],[-1.994689271359196,53.72067560553904],[-1.9948189889375545,53.72042254373793],[-1.994862779217245,53.72015936986565]]]]}},{"type":"Feature","properties":{"species":"Oreopteris limbosperma","commonName":"Lemon-scented Fern","observedAt":"2021-05-29 10:39:26 UTC","imageUrl":"https://static.inaturalist.org/photos/132380933/medium.jpeg","locations":[],"common":false,"recordCount":24},"geometry":{"type":"MultiPolygon","coordinates":[[[[-2.149288950460824,53.778510485519384],[-2.149245071266304,53.77824731329567],[-2.149115149615092,53.777994256189324],[-2.1489041796779853,53.77776103877555],[-2.148620269816395,53.777556623068506],[-2.1482743308448096,53.77738886417706],[-2.1478796566859666,53.77726420850924],[-2.147451413541275,53.777187446112194],[-2.1470060572,53.77716152665441],[-2.1465607008587257,53.777187446112194],[-2.146132457714034,53.77726420850924],[-2.145737783555191,53.77738886417706],[-2.1453918445836053,53.777556623068506],[-2.145107934722015,53.77776103877555],[-2.1448969647849085,53.777994256189324],[-2.1447670431336965,53.77824731329567],[-2.1447231639391764,53.778510485519384],[-2.1447670150521416,53.77877365939343],[-2.1448969128969604,53.77902672119954],[-2.145107866927144,53.77925994564702],[-2.1453917712029655,53.779464369650874],[-2.14573771576032,53.779632136839126],[-2.146132405826086,53.77975679954066],[-2.146560672777171,53.77983356663746],[-2.1470060572,53.77985948774559],[-2.1474514416228296,53.77983356663746],[-2.1478797085739143,53.77975679954066],[-2.1482743986396806,53.779632136839126],[-2.148620343197035,53.779464369650874],[-2.1489042474728564,53.77925994564702],[-2.14911520150304,53.77902672119954],[-2.149245099347859,53.77877365939343],[-2.149288950460824,53.778510485519384]]],[[[-2.1434572511875727,53.78033082681794],[-2.143413370088736,53.780067654594276],[-2.1432834428010237,53.77981459748809],[-2.143072463711988,53.779581380074546],[-2.1427885415348435,53.77937696436778],[-2.142442587557394,53.77920920547661],[-2.142047896279008,53.77908454980902],[-2.14161963455889,53.77900778741214],[-2.1411742589,53.77898186795441],[-2.14072888324111,53.77900778741214],[-2.140300621520992,53.77908454980902],[-2.1399059302426067,53.77920920547661],[-2.1395599762651565,53.77937696436778],[-2.1392760540880125,53.779581380074546],[-2.139065074998977,53.77981459748809],[-2.138935147711264,53.780067654594276],[-2.138891266612428,53.78033082681794],[-2.1389351196266193,53.78059400069205],[-2.13906502310532,53.78084706249831],[-2.139275986285682,53.78108028694602],[-2.139559902876443,53.78128471095015],[-2.139905862440276,53.78145247813868],[-2.140300569627335,53.78157714084045],[-2.1407288551564654,53.781653907937404],[-2.1411742589,53.78167982904558],[-2.141619662643535,53.781653907937404],[-2.142047948172665,53.78157714084045],[-2.1424426553597242,53.78145247813868],[-2.1427886149235573,53.78128471095015],[-2.1430725315143184,53.78108028694602],[-2.1432834946946806,53.78084706249831],[-2.143413398173381,53.78059400069205],[-2.1434572511875727,53.78033082681794]]],[[[-2.13326386548859,53.73418831835453],[-2.1332200325962822,53.73392514612949],[-2.1330902479929783,53.73367208901932],[-2.1328795005791776,53.73343887159985],[-2.1325958901624262,53.73323445588607],[-2.132250316048865,53.73306669698792],[-2.1318560581407935,53.73294204131438],[-2.1314282666457567,53.73286527891354],[-2.13098338,53.73283935945441],[-2.1305384933542433,53.73286527891354],[-2.130110701859207,53.73294204131438],[-2.129716443951135,53.73306669698792],[-2.129370869837574,53.73323445588607],[-2.1290872594208223,53.73343887159985],[-2.1288765120070217,53.73367208901932],[-2.128796308413643,53.733828471895634],[-2.128631356484237,53.73394736159957],[-2.128420606520895,53.73418057901899],[-2.128290820347376,53.7344336361291],[-2.1282469869245655,53.73469680835413],[-2.128290792340052,53.734959982226854],[-2.128420554770107,53.7352130440292],[-2.128631288868574,53.73544626847104],[-2.1289148971451866,53.735650692468234],[-2.1292604810100806,53.73581845964986],[-2.1296547595521846,53.73594312234575],[-2.1300825799654226,53.736019889438786],[-2.1305275,53.73604581054559],[-2.1309724200345777,53.736019889438786],[-2.1314002404478156,53.73594312234575],[-2.1317945189899197,53.73581845964986],[-2.1321401028548137,53.735650692468234],[-2.132423711131426,53.73544626847104],[-2.132634445229893,53.7352130440292],[-2.132714631118016,53.73505666605938],[-2.132879568192765,53.73493777847131],[-2.1330902997421775,53.73470455402955],[-2.1332200606027474,53.734451492227244],[-2.13326386548859,53.73418831835453]]],[[[-2.115084947147841,53.78828545201163],[-2.115041057724962,53.78802227978821],[-2.114911105799287,53.787769222682705],[-2.114700086705843,53.7875360052702],[-2.114416110695627,53.787331589564616],[-2.11407009112537,53.78716383067467],[-2.1136753250149827,53.787039175008104],[-2.1132469820989854,53.786962412611906],[-2.112801522,53.78693649315442],[-2.112356061901014,53.786962412611906],[-2.1119277189850165,53.787039175008104],[-2.11153295287463,53.78716383067467],[-2.1111869333043725,53.787331589564616],[-2.1109029572941567,53.7875360052702],[-2.1106919382007128,53.787769222682705],[-2.1105619862750378,53.78802227978821],[-2.1105180968521586,53.78828545201163],[-2.110561958176885,53.78854862588597],[-2.1106918862820967,53.788801687692924],[-2.110902889459216,53.78903491214166],[-2.111186859880362,53.78923933614699],[-2.1115328850396895,53.78940710333674],[-2.1119276670664013,53.789531766039524],[-2.1123560338028615,53.78960853313718],[-2.112801522,53.789634454245586],[-2.1132470101971377,53.78960853313718],[-2.113675376933598,53.789531766039524],[-2.1140701589603097,53.78940710333674],[-2.114416184119637,53.78923933614699],[-2.1147001545407833,53.78903491214166],[-2.1149111577179025,53.788801687692924],[-2.115041085823114,53.78854862588597],[-2.115084947147841,53.78828545201163]]],[[[-2.110050337516687,53.78952313791064],[-2.110006446798283,53.789259965687265],[-2.1098764910380425,53.78900690858187],[-2.1096654657184533,53.7887736911695],[-2.109381481329848,53.78856927546413],[-2.1090354515509575,53.78840151657437],[-2.108640673793982,53.78827686090795],[-2.1082123182409447,53.788200098511865],[-2.107766845,53.788174179054415],[-2.1073213717590558,53.788200098511865],[-2.1068930162060187,53.78827686090795],[-2.106498238449043,53.78840151657437],[-2.1061522086701525,53.78856927546413],[-2.1058682242815467,53.7887736911695],[-2.105657198961958,53.78900690858187],[-2.1055272432017174,53.789259965687265],[-2.1054833524833136,53.78952313791064],[-2.1055272151014623,53.78978631178502],[-2.105657147039458,53.79003937359208],[-2.1058681564415305,53.790272598040985],[-2.106152135240648,53.790477022046495],[-2.1064981706090267,53.79064478923643],[-2.106892964283518,53.790769451939376],[-2.1073213436588007,53.790846219037135],[-2.107766845,53.79087214014558],[-2.1082123463411993,53.790846219037135],[-2.1086407257164823,53.790769451939376],[-2.109035519390974,53.79064478923643],[-2.1093815547593526,53.790477022046495],[-2.10966553355847,53.790272598040985],[-2.1098765429605426,53.79003937359208],[-2.1100064748985377,53.78978631178502],[-2.110050337516687,53.78952313791064]]],[[[-2.108702404812165,53.73638761835278],[-2.1086585696252294,53.7361244461278],[-2.108528778230151,53.73587138901783],[-2.108318019788615,53.73563817159864],[-2.108034394532076,53.735433755885204],[-2.1076888023370017,53.735265996987366],[-2.1072945238005127,53.73514134131412],[-2.106866709922772,53.73506457891346],[-2.1064218000000006,53.7350386594544],[-2.105976890077229,53.73506457891346],[-2.105549076199488,53.73514134131412],[-2.105154797662999,53.735265996987366],[-2.104809205467925,53.735433755885204],[-2.104525580211386,53.73563817159864],[-2.1043148217698495,53.73587138901783],[-2.1041850303747713,53.7361244461278],[-2.1041411951878355,53.73638761835278],[-2.1041850023645874,53.73665079222556],[-2.1043147700137776,53.73690385402806],[-2.1045255125888187,53.737137078470106],[-2.104809132273786,53.73734150246757],[-2.105154730040432,53.737509269649436],[-2.1055490244434156,53.737633932345545],[-2.1059768620670445,53.73771069943873],[-2.1064218000000006,53.73773662054558],[-2.106866737932956,53.73771069943873],[-2.107294575556585,53.737633932345545],[-2.107688869959569,53.737509269649436],[-2.1080344677262146,53.73734150246757],[-2.108318087411182,53.737137078470106],[-2.108528829986223,53.73690385402806],[-2.1086585976354133,53.73665079222556],[-2.108702404812165,53.73638761835278]]],[[[-2.105403064266353,53.789922698310335],[-2.1053591731296963,53.78965952608698],[-2.105229216131487,53.78940646898161],[-2.1050181888018207,53.7891732515693],[-2.1047342017082977,53.78896883586398],[-2.104388168633605,53.78880107697428],[-2.1039933871165917,53.78867642130792],[-2.1035650274837545,53.78859965891187],[-2.10311955,53.78857373945443],[-2.102674072516246,53.78859965891187],[-2.1022457128834087,53.78867642130792],[-2.1018509313663953,53.78880107697428],[-2.101504898291703,53.78896883586398],[-2.1012209111981797,53.7891732515693],[-2.1010098838685134,53.78940646898161],[-2.1008799268703044,53.78965952608698],[-2.1008360357336473,53.789922698310335],[-2.1008798987693704,53.79018587218473],[-2.1010098319447588,53.79043893399182],[-2.101220843356525,53.79067215844077],[-2.1015048248604247,53.790876582446344],[-2.1018508635247404,53.791044349636344],[-2.102245660959654,53.791169012339346],[-2.1026740444153122,53.791245779437126],[-2.10311955,53.7912717005456],[-2.1035650555846885,53.791245779437126],[-2.1039934390403463,53.791169012339346],[-2.10438823647526,53.791044349636344],[-2.1047342751395757,53.790876582446344],[-2.1050182566434756,53.79067215844077],[-2.1052292680552416,53.79043893399182],[-2.10535920123063,53.79018587218473],[-2.105403064266353,53.789922698310335]]],[[[-2.102584369198164,53.72780404835959],[-2.102540542965127,53.727540876134356],[-2.1024107780723136,53.727287819023644],[-2.1022000626622406,53.72705460160334],[-2.10191649531222,53.7268501858886],[-2.101570973673241,53.72668242698948],[-2.1011767756311563,53.72655777131512],[-2.1007490490932423,53.72648100891373],[-2.10030423,53.72645508945442],[-2.0998594109067574,53.72648100891373],[-2.099431684368844,53.72655777131512],[-2.0990374863267593,53.72668242698948],[-2.0987399561929467,53.72682688488176],[-2.098665922372337,53.72677351588864],[-2.098320401363413,53.7266057569895],[-2.0979262040401307,53.72648110131514],[-2.0974984782821484,53.72640433891373],[-2.09705366,53.72637841945442],[-2.0966088417178512,53.72640433891373],[-2.096181115959869,53.72648110131514],[-2.0957869186365867,53.7266057569895],[-2.0954413976276625,53.72677351588864],[-2.0951578307947383,53.72697793160338],[-2.0949471157689294,53.7272111490237],[-2.0948173511127774,53.72746420613441],[-2.0947735249596975,53.727727378359646],[-2.094817323117236,53.727990552232164],[-2.094947064039914,53.728243614033914],[-2.095157763207523,53.72847683847487],[-2.095441324471788,53.72868126247099],[-2.095786851049371,53.72884902965157],[-2.096181064230853,53.72897369234656],[-2.0966088137223102,53.729050459439],[-2.09705366,53.729076380545585],[-2.09749850627769,53.729050459439],[-2.0979262557691465,53.72897369234656],[-2.0983204689506287,53.72884902965157],[-2.0986179198521153,53.728704605163436],[-2.098691891531567,53.72875793247096],[-2.099037418739231,53.728925699651555],[-2.099431632639589,53.72905036234655],[-2.0998593829110868,53.72912712943899],[-2.10030423,53.72915305054559],[-2.1007490770889135,53.72912712943899],[-2.1011768273604106,53.72905036234655],[-2.1015710412607693,53.728925699651555],[-2.1019165684684333,53.72875793247096],[-2.1022001302497686,53.72855350847482],[-2.1024108298015682,53.72832028403386],[-2.1025405709607976,53.728067222232106],[-2.102584369198164,53.72780404835959]]],[[[-2.0978252724741036,53.730814538357194],[-2.0977814431012205,53.730551366132055],[-2.097651668914911,53.730298309021606],[-2.09744093841508,53.7300650916017],[-2.097157350759095,53.72986067588741],[-2.09681180437835,53.72969291698873],[-2.0964175781094516,53.729568261314775],[-2.0959898209442533,53.72949149891364],[-2.09554497,53.729465579454406],[-2.095100119055747,53.72949149891364],[-2.0946723618905487,53.729568261314775],[-2.0942781356216504,53.72969291698873],[-2.0939325892409055,53.72986067588741],[-2.0936490015849203,53.7300650916017],[-2.09343827108509,53.730298309021606],[-2.0933084968987803,53.730551366132055],[-2.093264667525897,53.730814538357194],[-2.0932648664305873,53.73081573344573],[-2.093138257148622,53.73067561580136],[-2.0928546653741584,53.73047120008717],[-2.0927285339540256,53.73040996558432],[-2.092462251564202,53.73021802548727],[-2.0921167022462743,53.730050266588655],[-2.091722472626471,53.72992561091473],[-2.0912947118253995,53.72984884851362],[-2.0908498571,53.729822929054414],[-2.0904050023746,53.72984884851362],[-2.0899772415735285,53.72992561091473],[-2.0895830119537253,53.730050266588655],[-2.0892374626357975,53.73021802548727],[-2.0889538725692196,53.7304224412015],[-2.08874314027803,53.73065565862136],[-2.0886133649884564,53.730908715731786],[-2.088569535242831,53.73117188795692],[-2.0886133369870925,53.73143506182953],[-2.088743088538256,53.731688123631585],[-2.0889538049679466,53.731921348072966],[-2.089237389464707,53.73212577206963],[-2.089363515770301,53.73218700649432],[-2.0896297838536317,53.732378946669535],[-2.089975340822432,53.732546713850645],[-2.0903695886780653,53.732671376546115],[-2.0907973757938962,53.732748143638865],[-2.0912422612,53.73277406474558],[-2.0916871466061036,53.732748143638865],[-2.092114933721935,53.732671376546115],[-2.092509181577568,53.732546713850645],[-2.092854738546368,53.732378946669535],[-2.0931383247509285,53.73217452267282],[-2.09334904244954,53.731941298231405],[-2.0934787947819937,53.73168823642934],[-2.093522596789912,53.73142506255671],[-2.093522413560577,53.731423962377356],[-2.093648933985106,53.73156399847316],[-2.0939325160713933,53.73176842246977],[-2.094278068021836,53.7319361896508],[-2.0946723101518905,53.732060852346194],[-2.0951000910549866,53.732137619438895],[-2.09554497,53.732163540545585],[-2.0959898489450137,53.732137619438895],[-2.09641762984811,53.732060852346194],[-2.0968118719781645,53.7319361896508],[-2.097157423928607,53.73176842246977],[-2.0974410060148947,53.73156399847316],[-2.097651720653569,53.73133077403182],[-2.0977814711019804,53.731077712229805],[-2.0978252724741036,53.730814538357194]]],[[[-2.0966983145927136,53.72421518836242],[-2.0966544921019983,53.72395201613708],[-2.0965247382859244,53.72369895902606],[-2.096314040861043,53.723465741605295],[-2.0960304977133104,53.72326132589002],[-2.095685005563566,53.72309356699034],[-2.0952908411644775,53.722968911315526],[-2.094863151130635,53.72289214891384],[-2.09441837,53.722866229454404],[-2.0939735888693654,53.72289214891384],[-2.0935458988355227,53.722968911315526],[-2.093151734436434,53.72309356699034],[-2.0928062422866898,53.72326132589002],[-2.092522699138957,53.723465741605295],[-2.092312001714076,53.72369895902606],[-2.0921822478980023,53.72395201613708],[-2.0921384254072866,53.72421518836242],[-2.0921822199083966,53.72447836223483],[-2.092311949996028,53.72473142403628],[-2.0925226315660717,53.72496464847678],[-2.092806169146326,53.725169072472376],[-2.093151666863548,53.725336839652414],[-2.093545847117475,53.72546150234696],[-2.0939735608797596,53.725538269439085],[-2.09441837,53.72556419054558],[-2.0948631791202406,53.725538269439085],[-2.095290892882525,53.72546150234696],[-2.095685073136452,53.725336839652414],[-2.096030570853675,53.725169072472376],[-2.0963141084339285,53.72496464847678],[-2.096524790003972,53.72473142403628],[-2.0966545200916036,53.72447836223483],[-2.0966983145927136,53.72421518836242]]],[[[-2.0776188596578935,53.73040125955754],[-2.077575030716081,53.73013808733237],[-2.0774452578056786,53.729885030221894],[-2.077234529377526,53.72965181280192],[-2.0769509445093535,53.72944739708757],[-2.0766054015254145,53.72927963818884],[-2.0762111791317848,53.72915498251483],[-2.075783426171417,53.72907822011365],[-2.0753385796,53.72905230065442],[-2.0748937330285826,53.72907822011365],[-2.074465980068215,53.72915498251483],[-2.0740717576745857,53.72927963818884],[-2.0737262146906463,53.72944739708757],[-2.073442629822474,53.72965181280192],[-2.0732319013943217,53.729885030221894],[-2.0731021284839186,53.73013808733237],[-2.0730582995421063,53.73040125955754],[-2.0731021004838577,53.73066443343012],[-2.073231849656954,53.730917495232106],[-2.0734425622243466,53.7311507196734],[-2.07372614152296,53.731355143669944],[-2.0740716900764578,53.73152291085091],[-2.074465928330848,53.73164757354625],[-2.0748937050285217,53.73172434063892],[-2.0753385796,53.73175026174559],[-2.0757834541714786,53.73172434063892],[-2.076211230869152,53.73164757354625],[-2.076605469123542,53.73152291085091],[-2.07695101767704,53.731355143669944],[-2.0772345969756536,53.7311507196734],[-2.077445309543046,53.730917495232106],[-2.0775750587161426,53.73066443343012],[-2.0776188596578935,53.73040125955754]]],[[[-2.0681356945636957,53.74001154324993],[-2.06809185559509,53.73974837102506],[-2.067962053006811,53.7394953139154],[-2.0677512763909864,53.73926209649667],[-2.0674676266776966,53.73905768078378],[-2.067122004683338,53.7388899218865],[-2.066727692150131,53.73876526621372],[-2.0662998413845166,53.73868850381337],[-2.0658548931,53.73866258435442],[-2.0654099448154835,53.73868850381337],[-2.0649820940498684,53.73876526621372],[-2.0645877815166616,53.7388899218865],[-2.0642421595223035,53.73905768078378],[-2.0639585098090136,53.73926209649667],[-2.0637477331931886,53.7394953139154],[-2.06361793060491,53.73974837102506],[-2.0635740916363043,53.74001154324993],[-2.063617902588595,53.74027471712281],[-2.063747681425789,53.740527778925625],[-2.0639584421716455,53.74076100336815],[-2.0642420863121442,53.74096542736614],[-2.064587713879294,53.74113319454857],[-2.0649820422824683,53.74125785724515],[-2.0654099167991684,53.74133462433864],[-2.0658548931,53.7413605454456],[-2.0662998694008317,53.74133462433864],[-2.0667277439175313,53.74125785724515],[-2.0671220723207058,53.74113319454857],[-2.067467699887856,53.74096542736614],[-2.067751344028354,53.74076100336815],[-2.0679621047742107,53.740527778925625],[-2.0680918836114053,53.74027471712281],[-2.0681356945636957,53.74001154324993]]],[[[-2.0658986462419744,53.77966824831848],[-2.0658547658363067,53.779405076094804],[-2.0657248406002724,53.779152018988555],[-2.065513864842526,53.778918801574925],[-2.0652299471482265,53.77871438586805],[-2.0648839986328897,53.77854662697679],[-2.064489313585994,53.778421971309115],[-2.064061058627305,53.77834520891217],[-2.06361569,53.77831928945442],[-2.063170321372695,53.77834520891217],[-2.062742066414006,53.778421971309115],[-2.06234738136711,53.77854662697679],[-2.0620014328517735,53.77871438586805],[-2.061717515157474,53.778918801574925],[-2.0615065393997276,53.779152018988555],[-2.0613766141636933,53.779405076094804],[-2.0613327337580256,53.77966824831848],[-2.0613765860801734,53.779931422192554],[-2.0615064875081486,53.78018448399877],[-2.0617174473578586,53.78041770844639],[-2.0620013594659987,53.78062213245041],[-2.0623473135674946,53.780789899638854],[-2.062742014522427,53.78091456234053],[-2.063170293289175,53.78099132943744],[-2.06361569,53.7810172505456],[-2.064061086710825,53.78099132943744],[-2.064489365477573,53.78091456234053],[-2.0648840664325054,53.780789899638854],[-2.0652300205340013,53.78062213245041],[-2.0655139326421414,53.78041770844639],[-2.0657248924918514,53.78018448399877],[-2.0658547939198266,53.779931422192554],[-2.0658986462419744,53.77966824831848]]],[[[-2.0643451591687914,53.718455615967],[-2.064301342682236,53.718192443741486],[-2.064171606637622,53.71793938662998],[-2.063960938068084,53.717706169208476],[-2.0636774337503696,53.71750175349231],[-2.0633319889129935,53.71733399459177],[-2.062937878490544,53.71720933891622],[-2.062510247023634,53.717132576514025],[-2.0620655268,53.71710665705443],[-2.0616208065763666,53.717132576514025],[-2.0611931751094565,53.71720933891622],[-2.060799064687007,53.71733399459177],[-2.060453619849631,53.71750175349231],[-2.0601701155319163,53.717706169208476],[-2.0599594469623783,53.71793938662998],[-2.0598297109177643,53.718192443741486],[-2.0597858944312093,53.718455615967],[-2.059829682937889,53.71871878983924],[-2.0599593952623096,53.71897185164019],[-2.0601700479825213,53.719205076079945],[-2.060453546734692,53.71940950007469],[-2.0607989971376113,53.71957726725384],[-2.0611931234093874,53.71970192994765],[-2.061620778596491,53.71977869703929],[-2.0620655268,53.7198046181456],[-2.06251027500351,53.71977869703929],[-2.062937930190613,53.71970192994765],[-2.0633320564623885,53.71957726725384],[-2.0636775068653086,53.71940950007469],[-2.0639610056174793,53.719205076079945],[-2.064171658337691,53.71897185164019],[-2.064301370662111,53.71871878983924],[-2.0643451591687914,53.718455615967]]],[[[-2.0618849772064274,53.79507927300623],[-2.061841080671048,53.794816100783024],[-2.0617111076934007,53.7945630436781],[-2.0615000544180853,53.794329826266456],[-2.061216032410061,53.79412541056192],[-2.0608699567938578,53.793957651673004],[-2.0604751267430723,53.79383299600731],[-2.0600467144490455,53.7937562336117],[-2.0596011822,53.793730314154416],[-2.059155649950955,53.7937562336117],[-2.058727237656928,53.79383299600731],[-2.0583324076061427,53.793957651673004],[-2.0579863319899396,53.79412541056192],[-2.057702309981915,53.794329826266456],[-2.0574912567065997,53.7945630436781],[-2.0573612837289526,53.794816100783024],[-2.057317387193573,53.79507927300623],[-2.057361255619257,53.79534244688078],[-2.057491204766655,53.79559550868832],[-2.057702242119107,53.79582873313793],[-2.0579862585357653,53.796033157144294],[-2.0583323397433344,53.79620092433507],[-2.058727185716983,53.79632558703874],[-2.059155621841259,53.79640235413696],[-2.0596011822,53.79642827524558],[-2.060046742558741,53.79640235413696],[-2.060475178683017,53.79632558703874],[-2.060870024656666,53.79620092433507],[-2.0612161058642346,53.796033157144294],[-2.0615001222808935,53.79582873313793],[-2.061711159633345,53.79559550868832],[-2.0618411087807433,53.79534244688078],[-2.0618849772064274,53.79507927300623]]],[[[-2.0523900984685675,53.729450088358284],[-2.052346270518833,53.729186916133095],[-2.0522165005448416,53.728933859022526],[-2.0520057768845095,53.72870064160244],[-2.051722198432292,53.72849622588795],[-2.051376663265861,53.728328466989076],[-2.0509824497908897,53.728203811314934],[-2.0505547065076426,53.728127048913684],[-2.05010987,53.72810112945441],[-2.049665033492357,53.728127048913684],[-2.04923729020911,53.728203811314934],[-2.048843076734139,53.728328466989076],[-2.048497541567708,53.72849622588795],[-2.0482139631154905,53.72870064160244],[-2.0480032394551584,53.728933859022526],[-2.0478734694811664,53.729186916133095],[-2.047829641531432,53.729450088358284],[-2.0478734414827136,53.729713262230845],[-2.0480031877207625,53.72996632403276],[-2.0482138955212448,53.73019954847392],[-2.0484974684042236,53.73040397247031],[-2.048843009139893,53.73057173965113],[-2.049237238474714,53.73069640234636],[-2.0496650054939036,53.73077316943894],[-2.05010987,53.73079909054559],[-2.0505547345060964,53.73077316943894],[-2.0509825015252856,53.73069640234636],[-2.051376730860107,53.73057173965113],[-2.0517222715957764,53.73040397247031],[-2.0520058444787552,53.73019954847392],[-2.0522165522792375,53.72996632403276],[-2.0523462985172864,53.729713262230845],[-2.0523900984685675,53.729450088358284]]],[[[-2.0449329036035073,53.765834786629455],[-2.044889037663624,53.76557161440536],[-2.04475915524423,53.765318557297924],[-2.0445482490074265,53.765085339882525],[-2.0442644248659656,53.76488092417354],[-2.0439185903399157,53.764713165280185],[-2.043524035338475,53.76458850961072],[-2.0430959214845927,53.76451174721259],[-2.0426506996,53.76448582775442],[-2.0422054777154064,53.76451174721259],[-2.041777363861524,53.76458850961072],[-2.0413828088600834,53.764713165280185],[-2.041036974334034,53.76488092417354],[-2.040753150192573,53.765085339882525],[-2.0405422439557697,53.765318557297924],[-2.0404123615363754,53.76557161440536],[-2.0403684955964922,53.765834786629455],[-2.040412333476323,53.76609796050311],[-2.0405421921075537,53.76635102230814],[-2.0407530824496143,53.76658424675398],[-2.0410369010095835,53.7667886707559],[-2.041382741117125,53.76695643794225],[-2.0417773120133083,53.767081100642145],[-2.042205449655354,53.76715786773785],[-2.0426506996,53.76718378884559],[-2.0430959495446452,53.76715786773785],[-2.043524087186691,53.767081100642145],[-2.0439186580828745,53.76695643794225],[-2.044264498190416,53.7667886707559],[-2.0445483167503853,53.76658424675398],[-2.044759207092446,53.76635102230814],[-2.0448890657236767,53.76609796050311],[-2.0449329036035073,53.765834786629455]]],[[[-2.020790659068387,53.70664331167634],[-2.0207468548892304,53.70638013945047],[-2.0206171552727703,53.706127082337936],[-2.020406545851266,53.70589386491493],[-2.0201231211277966,53.705689449196974],[-2.019777773271889,53.70552169029464],[-2.0193837734914144,53.705397034617576],[-2.0189562620757187,53.705320272214365],[-2.0185116667,53.705294352754414],[-2.018067071324281,53.705320272214365],[-2.0176395599085852,53.705397034617576],[-2.0172455601281105,53.70552169029464],[-2.016900212272203,53.705689449196974],[-2.0166167875487337,53.70589386491493],[-2.0164061781272293,53.706127082337936],[-2.016276478510769,53.70638013945047],[-2.0162326743316124,53.70664331167634],[-2.016276450550835,53.70690648554822],[-2.0164061264640067,53.70715954734816],[-2.0166167200474803,53.707392771786395],[-2.0169001392093726,53.70759719577934],[-2.017245492626857,53.707764962956716],[-2.0176395082453626,53.707889625649],[-2.018067043364346,53.707966392739635],[-2.0185116667,53.70799231384559],[-2.018956290035653,53.707966392739635],[-2.019383825154637,53.707889625649],[-2.0197778407731426,53.707764962956716],[-2.0201231941906266,53.70759719577934],[-2.0204066133525194,53.707392771786395],[-2.020617206935993,53.70715954734816],[-2.020746882849165,53.70690648554822],[-2.020790659068387,53.70664331167634]]],[[[-2.008822057918975,53.72289873866347],[-2.008778236800798,53.72263556643808],[-2.008648487047243,53.722382509326955],[-2.008437796218633,53.722149291906035],[-2.0081542619473614,53.72194487619054],[-2.0078087806131264,53.72177711729068],[-2.007414628552985,53.7216524616157],[-2.006986951907421,53.72157569921388],[-2.0065421847,53.72154977975441],[-2.0060974174925787,53.72157569921388],[-2.005669740847015,53.7216524616157],[-2.005275588786873,53.72177711729068],[-2.004930107452638,53.72194487619054],[-2.0046465731813665,53.722149291906035],[-2.004435882352757,53.722382509326955],[-2.0043061325992015,53.72263556643808],[-2.0042623114810247,53.72289873866347],[-2.0043061046118207,53.72316191253584],[-2.004435830638819,53.72341497433718],[-2.004646505613851,53.723648198777504],[-2.004930034318086,53.72385262277291],[-2.0052755212193576,53.724020389952734],[-2.005669689133077,53.72414505264711],[-2.006097389505197,53.72422181973914],[-2.0065421847,53.72424774084559],[-2.0069869798948026,53.72422181973914],[-2.0074146802669226,53.72414505264711],[-2.007808848180642,53.724020389952734],[-2.0081543350819135,53.72385262277291],[-2.0084378637861486,53.723648198777504],[-2.0086485387611805,53.72341497433718],[-2.0087782647881793,53.72316191253584],[-2.008822057918975,53.72289873866347]]],[[[-2.0061692788016594,53.700802956880956],[-2.0061254807044047,53.70053978465491],[-2.005995799089516,53.70028672754188],[-2.005785218896985,53.700053510118124],[-2.005501833506321,53.69984909439929],[-2.0051565335754016,53.69968133549608],[-2.0047625884704794,53.699556679818265],[-2.0043351363800666,53.69947991741456],[-2.0038906027,53.699453997954414],[-2.0034460690199336,53.69947991741456],[-2.0030186169295208,53.699556679818265],[-2.0026246718245986,53.69968133549608],[-2.002279371893679,53.69984909439929],[-2.0019959865030152,53.700053510118124],[-2.0017854063104843,53.70028672754188],[-2.0016557246955955,53.70053978465491],[-2.0016119265983408,53.700802956880956],[-2.001655696745513,53.70106613075267],[-2.0017853546654667,53.70131919255211],[-2.0019959190255476,53.70155241698959],[-2.0022792988565943,53.70175684098166],[-2.0026246043471305,53.70192460815814],[-2.0030185652845027,53.70204927084968],[-2.003446041069851,53.70212603793981],[-2.0038906027,53.7021519590456],[-2.0043351643301492,53.70212603793981],[-2.0047626401154974,53.70204927084968],[-2.0051566010528696,53.70192460815814],[-2.005501906543406,53.70175684098166],[-2.0057852863744525,53.70155241698959],[-2.0059958507345335,53.70131919255211],[-2.0061255086544874,53.70106613075267],[-2.0061692788016594,53.700802956880956]]]]}},{"type":"Feature","properties":{"species":"Asplenium ruta-muraria","commonName":"wall-rue","observedAt":"2021-07-19 20:24:57 UTC","imageUrl":"https://static.inaturalist.org/photos/144730861/medium.jpeg","locations":[],"common":false,"recordCount":30},"geometry":{"type":"MultiPolygon","coordinates":[[[[-2.16300877462522,53.77215717072444],[-2.1629649020754598,53.771893998500545],[-2.1628350000917793,53.771640941393635],[-2.1626240620886437,53.77140772397905],[-2.1623401951999113,53.771203308271026],[-2.161994308588526,53.77103554937863],[-2.1615996941651745,53.77091089370998],[-2.1611715158360125,53.7708341313124],[-2.1607262269,53.77080821185442],[-2.160280937963988,53.7708341313124],[-2.159852759634826,53.77091089370998],[-2.1594581452114747,53.77103554937863],[-2.1591122586000893,53.771203308271026],[-2.158828391711357,53.77140772397905],[-2.1586174537082212,53.771640941393635],[-2.1584875517245408,53.771893998500545],[-2.1584436791747805,53.77215717072444],[-2.158487523653766,53.772420344598295],[-2.158617401840193,53.77267340640387],[-2.158828323942512,53.77290663085052],[-2.1591121852476203,53.7731110548534],[-2.1594580774426295,53.7732788220407],[-2.1598527077667975,53.773403484741415],[-2.1602809098932134,53.77348025183767],[-2.1607262269,53.7735061729456],[-2.161171543906787,53.77348025183767],[-2.161599746033203,53.773403484741415],[-2.161994376357371,53.7732788220407],[-2.1623402685523803,53.7731110548534],[-2.1626241298574884,53.77290663085052],[-2.1628350519598074,53.77267340640387],[-2.1629649301462344,53.772420344598295],[-2.16300877462522,53.77215717072444]]],[[[-2.1377798963674675,53.70382001647857],[-2.137736095128641,53.70355684425261],[-2.1376064042151413,53.70330378713985],[-2.1373958089245475,53.70307056971647],[-2.1371124032167432,53.702866153998094],[-2.136767078530439,53.70269839509534],[-2.136373105183166,53.70257373941791],[-2.1359456224486104,53.70249697701446],[-2.1358295376038896,53.70249020893154],[-2.1355852855137893,53.70244634891446],[-2.1351407205,53.70242042945441],[-2.1346961554862105,53.70244634891446],[-2.1342686732659284,53.702523111317916],[-2.1338747003926217,53.70264776699535],[-2.1335293761217655,53.70281552589812],[-2.1332459707549254,53.7030199416165],[-2.1330353757177094,53.70325315903988],[-2.13290568496026,53.70350621615265],[-2.1328618837741553,53.70376938837861],[-2.1329056570051743,53.70403256225041],[-2.1330353240634463,53.7042856240501],[-2.133245903265378,53.704518848487965],[-2.1335293030716054,53.7047232724805],[-2.133874632903074,53.70489103965741],[-2.134268621611665,53.70501570234934],[-2.1346961275311247,53.70509246943972],[-2.1348122124902016,53.70509923754161],[-2.135056463396218,53.70514309753972],[-2.1355010569,53.705169018645584],[-2.135945650403782,53.70514309753972],[-2.1363731568375877,53.70506633044934],[-2.1367671460201927,53.7049416677574],[-2.137112476267126,53.70477390058046],[-2.1373958764143013,53.70456947658794],[-2.137606455869562,53.70433625215007],[-2.137736123083812,53.704083190350374],[-2.1377798963674675,53.70382001647857]]],[[[-2.1110783670009234,53.72416554166246],[-2.1110345445619716,53.72390236943711],[-2.110904790899112,53.72364931232609],[-2.1106940937230028,53.72341609490533],[-2.110410550910037,53.72321167919004],[-2.1100650591681887,53.72304392029035],[-2.1096708952344514,53.72291926461554],[-2.1092432057055346,53.72284250221383],[-2.1087984251,53.722816582754405],[-2.1083536444944655,53.72284250221383],[-2.1079259549655487,53.72291926461554],[-2.107531791031811,53.72304392029035],[-2.107186299289963,53.72321167919004],[-2.1069027564769973,53.72341609490533],[-2.106692059300888,53.72364931232609],[-2.106562305638028,53.72390236943711],[-2.1065184831990766,53.72416554166246],[-2.1065622776485062,53.72442871553486],[-2.106692007582995,53.72468177733632],[-2.1069026889043143,53.7249150017768],[-2.107186226149818,53.72511942577241],[-2.1075317234591275,53.72528719295243],[-2.1079259032476556,53.72541185564696],[-2.1083536165049437,53.72548862273909],[-2.1087984251,53.725514543845584],[-2.1092432336950564,53.72548862273909],[-2.109670946952344,53.72541185564696],[-2.1100651267408725,53.72528719295243],[-2.110410624050182,53.72511942577241],[-2.1106941612956858,53.7249150017768],[-2.1109048426170047,53.72468177733632],[-2.111034572551494,53.72442871553486],[-2.1110783670009234,53.72416554166246]]],[[[-2.1102800345441257,53.72045134536542],[-2.1102362159773262,53.72018817313995],[-2.1101064737754855,53.719935116028616],[-2.109895795208519,53.719701898607376],[-2.109612277437478,53.71949748289152],[-2.1092668162079207,53.71932972399128],[-2.108872687084338,53.71920506831598],[-2.1084981246338304,53.71913783530959],[-2.108519751350615,53.71912733227477],[-2.1088032482009025,53.718922908280085],[-2.1090138995079863,53.718689683840374],[-2.1091436109623265,53.71843662203944],[-2.109187399175386,53.718173448167214],[-2.1091435829829273,53.71791027594168],[-2.1090138478087983,53.717657218830155],[-2.1088031806526573,53.71742400140862],[-2.1085196782369215,53.71721958569241],[-2.108174235717008,53.71705182679183],[-2.1077801279384514,53.71692717111624],[-2.107352499340277,53.716850408714016],[-2.1069077821,53.71682448925442],[-2.1064630648597227,53.716850408714016],[-2.106035436261548,53.71692717111624],[-2.105641328482992,53.71705182679183],[-2.105295885963078,53.71721958569241],[-2.105012383547342,53.71742400140862],[-2.1048017163912016,53.717657218830155],[-2.104671981217072,53.71791027594168],[-2.104628165024614,53.718173448167214],[-2.104671953237673,53.71843662203944],[-2.104801664692013,53.718689683840374],[-2.1050123159990974,53.718922908280085],[-2.1052958128493846,53.71912733227477],[-2.105641260934747,53.7192950994539],[-2.10603538456236,53.71941976214767],[-2.1064099122436093,53.71948699293215],[-2.106388310562522,53.71949748289152],[-2.106104792791481,53.719701898607376],[-2.1058941142245144,53.719935116028616],[-2.1057643720226737,53.72018817313995],[-2.1057205534558743,53.72045134536542],[-2.105764344039427,53.72071451923771],[-2.105894062518217,53.72096758103884],[-2.1061047252339478,53.72120080547885],[-2.1063882374387743,53.72140522947388],[-2.106733704234546,53.72157299665334],[-2.107127849209364,53.72169765934741],[-2.107555524690844,53.72177442643922],[-2.108000294,53.721800347545596],[-2.108445063309156,53.72177442643922],[-2.108872738790636,53.72169765934741],[-2.109266883765454,53.72157299665334],[-2.1096123505612256,53.72140522947388],[-2.1098958627660522,53.72120080547885],[-2.110106525481783,53.72096758103884],[-2.110236243960573,53.72071451923771],[-2.1102800345441257,53.72045134536542]]],[[[-2.1070055246153734,53.70756177947561],[-2.1069617194795676,53.70729860724976],[-2.1068320170315613,53.70704555013732],[-2.1066214030125026,53.70681233271443],[-2.1063379721022035,53.70660791699662],[-2.1059926167079634,53.70644015809442],[-2.10559860832733,53.706315502417475],[-2.1051710875800995,53.70623874001435],[-2.1047264825,53.70621282055442],[-2.1042818774199006,53.70623874001435],[-2.1038543566726697,53.706315502417475],[-2.1034603482920367,53.70644015809442],[-2.1031149928977966,53.70660791699662],[-2.102831561987497,53.70681233271443],[-2.102620947968439,53.70704555013732],[-2.1024912455204325,53.70729860724976],[-2.1024474403846263,53.70756177947561],[-2.1024912175589483,53.707824953347526],[-2.1026208963023523,53.70807801514754],[-2.102831494482502,53.708311239585896],[-2.103114919830916,53.708515663578986],[-2.1034602807870413,53.708683430756494],[-2.103854305006583,53.70880809344891],[-2.104281849458416,53.70888486053961],[-2.1047264825,53.70891078164559],[-2.105171115541584,53.70888486053961],[-2.105598659993417,53.70880809344891],[-2.1059926842129584,53.708683430756494],[-2.1063380451690836,53.708515663578986],[-2.106621470517498,53.708311239585896],[-2.106832068697648,53.70807801514754],[-2.106961747441052,53.707824953347526],[-2.1070055246153734,53.70756177947561]]],[[[-2.1034996609004315,53.72027343836555],[-2.1034558425190824,53.72001026614009],[-2.1033261008661506,53.719757209028735],[-2.103115423190442,53.719523991607474],[-2.1028319066187486,53.71931957589158],[-2.1024864468505333,53.71915181699132],[-2.1020923193941337,53.719027161316],[-2.101664669444668,53.718950398913975],[-2.10121993,53.71892447945442],[-2.100775190555332,53.718950398913975],[-2.100615023182507,53.718979148671295],[-2.100636613711565,53.718849388366685],[-2.100592796814581,53.71858621614118],[-2.1004630595551594,53.718333159029704],[-2.1002523890131486,53.71809994160826],[-2.0999688820411206,53.71789552589215],[-2.0996234339696005,53.71772776699168],[-2.0992293198574554,53.717603111316166],[-2.0988016843870696,53.717526348914014],[-2.09835696,53.717500429454425],[-2.0979122356129296,53.717526348914014],[-2.0977948209068833,53.71754742535764],[-2.097515068848766,53.71741156919175],[-2.09712095769944,53.717286913516205],[-2.096693325443838,53.717210151114024],[-2.0962486044,53.717184231654414],[-2.095803883356162,53.717210151114024],[-2.09537625110056,53.717286913516205],[-2.094982139951234,53.71741156919175],[-2.0946366944767254,53.71757932809228],[-2.0943531896361067,53.717783743808425],[-2.0941425206779885,53.718016961229914],[-2.094012784394055,53.71827001834142],[-2.0939689678266444,53.71853319056694],[-2.0939935408266304,53.71868087680077],[-2.0937015854265923,53.718822655091785],[-2.0934180722047855,53.71902707080774],[-2.093352919681401,53.71909919464805],[-2.093293732133464,53.718983749029256],[-2.093083058332436,53.718750531607895],[-2.092799546974817,53.71854611589189],[-2.0924540935596814,53.7183783569915],[-2.0920599733512364,53.718253701316094],[-2.0919818639833676,53.718239680566235],[-2.091881072399215,53.71820780131609],[-2.0914534307807737,53.71813103891398],[-2.0910087,53.718105119454414],[-2.0905639692192266,53.71813103891398],[-2.0901363276007854,53.71820780131609],[-2.08974220782245,53.71833245699152],[-2.089396754784321,53.7185002158919],[-2.089113243736117,53.718704631607906],[-2.0889025701650215,53.718937849029274],[-2.0887728310400426,53.71919090614071],[-2.088729013512773,53.7194540783662],[-2.0887728030584807,53.71971725223846],[-2.088902518461836,53.71997031403951],[-2.0891131761826505,53.72020353847939],[-2.0893966816649754,53.72040796247427],[-2.0897421402689837,53.72057572965358],[-2.0901362758976,53.72070039234751],[-2.090214385045009,53.72071441315192],[-2.090315174945435,53.72074629234751],[-2.0907428407522524,53.72082305943925],[-2.0911876,53.72084898054559],[-2.0916323592477473,53.72082305943925],[-2.092060025054565,53.72074629234751],[-2.0924541611133356,53.72062162965358],[-2.092799620094365,53.72045386247425],[-2.09308312588609,53.72024943847936],[-2.0931482084550166,53.72017738401556],[-2.0932073453142523,53.72029275323929],[-2.093418004650004,53.720525977679216],[-2.0937015123058234,53.720730401674146],[-2.0940469735583616,53.72089816885351],[-2.094441112208757,53.72102283154749],[-2.094868780827706,53.72109959863924],[-2.095313543,53.721125519745584],[-2.095758305172294,53.72109959863924],[-2.096185973791243,53.72102283154749],[-2.0965801124416386,53.72089816885351],[-2.0969255736941768,53.720730401674146],[-2.097209081349996,53.720525977679216],[-2.0974197406857478,53.72029275323929],[-2.0975176965425733,53.7201016526075],[-2.097912207632389,53.72017246943927],[-2.09835696,53.7201983905456],[-2.09880171236761,53.72017246943927],[-2.098961795018681,53.72014373375487],[-2.0989401990995686,53.72027343836555],[-2.0989839894979716,53.720536612237844],[-2.099113707428107,53.72078967403896],[-2.0993243692527495,53.72102289847894],[-2.099607880258289,53.72122732247396],[-2.0999533455926587,53.72139508965339],[-2.100347488900124,53.72151975234743],[-2.100775162572386,53.72159651943922],[-2.10121993,53.721622440545595],[-2.1016646974276143,53.72159651943922],[-2.1020923710998765,53.72151975234743],[-2.102486514407342,53.72139508965339],[-2.102831979741711,53.72122732247396],[-2.1031154907472507,53.72102289847894],[-2.103326152571893,53.72078967403896],[-2.103455870502029,53.720536612237844],[-2.1034996609004315,53.72027343836555]]],[[[-2.100184330612012,53.791889080108774],[-2.1001404374168327,53.79162590788547],[-2.100010474325694,53.79137285078026],[-2.099799437103001,53.79113963336822],[-2.0995154366966444,53.79093521766319],[-2.0991693874009547,53.79076745877379],[-2.0987745873781054,53.79064280310769],[-2.098346207665657,53.7905660407118],[-2.0980852362091222,53.79055085718013],[-2.0979147690508233,53.79046821697387],[-2.097519971844313,53.79034356130772],[-2.0970915951877114,53.790266798911816],[-2.0966461,53.790240879454416],[-2.0962006048122888,53.790266798911816],[-2.0957722281556865,53.79034356130772],[-2.095377430949177,53.79046821697387],[-2.095031384122105,53.79063597586332],[-2.0947473857417824,53.79084039156838],[-2.0945363500246756,53.79107360898047],[-2.094406387860799,53.791326666085695],[-2.094362494978899,53.79158983830901],[-2.094406359757033,53.79185301218346],[-2.0945362980956874,53.7921060739907],[-2.0947473178932903,53.792339298439856],[-2.0950313106834257,53.79254372244568],[-2.095377363100684,53.792711489635934],[-2.0957721762266983,53.792836152339156],[-2.096200576708523,53.79291291943708],[-2.0964615219691756,53.792928101562346],[-2.096631963349326,53.793010731435864],[-2.097026779291967,53.793135394139114],[-2.09745518283007,53.79321216123706],[-2.0979007093000006,53.79323808234559],[-2.098346235769931,53.79321216123706],[-2.0987746393080338,53.793135394139114],[-2.0991694552506748,53.793010731435864],[-2.0995155101366523,53.79284296424556],[-2.0997995049527214,53.79263854023968],[-2.1000105262556215,53.79240531579049],[-2.100140465521107,53.79215225398322],[-2.100184330612012,53.791889080108774]]],[[[-2.0960558491085366,53.71337993947102],[-2.096012037911472,53.713116767245346],[-2.095882317523001,53.7128637101334],[-2.095671674374186,53.71263049271125],[-2.0955784850623695,53.7125632921164],[-2.095569779712607,53.712553653811284],[-2.0952863101208017,53.71234923809435],[-2.0949409075951477,53.71218147919303],[-2.094546845444318,53.71205682351681],[-2.0941192663541526,53.711980061114176],[-2.0936746006,53.711954141654424],[-2.093229934845848,53.711980061114176],[-2.0928023557556825,53.71205682351681],[-2.0924082936048527,53.71218147919303],[-2.0921915351744866,53.71228675681386],[-2.091795178543768,53.71221560011415],[-2.0913505103,53.712189680654404],[-2.0909058420562316,53.71221560011415],[-2.0904782605721026,53.71229236251677],[-2.0900841962149403,53.71241701819296],[-2.0897387917553605,53.71258477709424],[-2.089455320576351,53.712789192811144],[-2.08924467663283,53.71302241023327],[-2.0891149557549142,53.713275467345206],[-2.0890711443924888,53.71353863957087],[-2.089114927783341,53.713801813442956],[-2.089244624948103,53.71405487524349],[-2.0894552530470007,53.71428809968262],[-2.089738718662119,53.71449252367662],[-2.09008412868559,53.71466029085501],[-2.0904782088873755,53.7147849535482],[-2.090905814084659,53.71486172063941],[-2.0913505103,53.71488764174558],[-2.0917952065153407,53.71486172063941],[-2.0922228117126243,53.7147849535482],[-2.09261689191441,53.71466029085501],[-2.0927726468654386,53.71458463998538],[-2.0929041936783084,53.71462625344823],[-2.09333179726237,53.71470302053944],[-2.0937764918,53.7147289416456],[-2.0942211863376303,53.71470302053944],[-2.094648789921692,53.71462625344823],[-2.095042868636752,53.71450159075507],[-2.0953882773571384,53.71433382357669],[-2.09567174190289,53.71412939958271],[-2.095882369207233,53.713896175143624],[-2.096012065882777,53.713643113343096],[-2.0960558491085366,53.71337993947102]]],[[[-2.0919413257302097,53.7162979427687],[-2.0918975114924185,53.716034770543104],[-2.091767782103827,53.71578171343141],[-2.091557124341606,53.715548496009646],[-2.0912736345670666,53.71534408029317],[-2.090928207449797,53.71517632139229],[-2.0905341172434526,53.71505166571645],[-2.09010650771187,53.71497490331407],[-2.0896618103,53.71494898385441],[-2.0892171128881296,53.71497490331407],[-2.088789503356547,53.71505166571645],[-2.0883954131502027,53.71517632139229],[-2.08834974267824,53.715198501550695],[-2.0883386920772122,53.71520199699229],[-2.087993264749093,53.71536975589316],[-2.0877097748015054,53.71557417160963],[-2.08749911691069,53.715807389031404],[-2.087369387442898,53.7160604461431],[-2.0873255731783487,53.71632361836868],[-2.087369359466623,53.716586792240854],[-2.0874990652172736,53.71683985404162],[-2.087709707260803,53.717073078481114],[-2.087993191643563,53.71727750247552],[-2.0883386245365094,53.71744526965435],[-2.0887327308306904,53.717569932347885],[-2.0891603643404197,53.71764669943935],[-2.08960509,53.7176726205456],[-2.090049815659581,53.71764669943935],[-2.09047744916931,53.717569932347885],[-2.090871555463491,53.71744526965435],[-2.0909172242059997,53.717423089612296],[-2.090928274990395,53.71741959405435],[-2.0912737076724834,53.71725182687553],[-2.091557191882204,53.71704740288111],[-2.091767833797163,53.71681417844164],[-2.09189753946865,53.71656111664086],[-2.0919413257302097,53.7162979427687]]],[[[-2.087955320918671,53.713356133971025],[-2.0879115097464114,53.71309296174535],[-2.0877817894313577,53.71283990463341],[-2.087571146401751,53.71260668721125],[-2.087287676452576,53.71240227149432],[-2.086942273491487,53.71223451259301],[-2.086548210843887,53.712109856916804],[-2.086120631214705,53.71203309451417],[-2.0856759649,53.71200717505441],[-2.085231298585295,53.71203309451417],[-2.0848037189561133,53.712109856916804],[-2.0844096563085133,53.71223451259301],[-2.0840642533474236,53.71240227149432],[-2.0837807833982493,53.71260668721125],[-2.0835701403686424,53.71283990463341],[-2.0834404200535888,53.71309296174535],[-2.083396608881329,53.713356133971025],[-2.083440392082324,53.71361930784311],[-2.0835700886844846,53.713872369643624],[-2.0837807158696426,53.71410559408273],[-2.084064180254987,53.71431001807668],[-2.084409588779907,53.71447778525507],[-2.084803667271956,53.714602447948224],[-2.08523127061403,53.71467921503943],[-2.0856759649,53.71470513614559],[-2.0861206591859696,53.71467921503943],[-2.0865482625280443,53.714602447948224],[-2.086942341020093,53.71447778525507],[-2.087287749545013,53.71431001807668],[-2.0875712139303575,53.71410559408273],[-2.087781841115515,53.713872369643624],[-2.087911537717676,53.71361930784311],[-2.087955320918671,53.713356133971025]]],[[[-2.0830520006053077,53.7204672323654],[-2.0830081820219477,53.72020406013995],[-2.082878439771089,53.719951003028605],[-2.082667761124533,53.719717785607365],[-2.082384243246391,53.71951336989151],[-2.0822806742813813,53.719463075943544],[-2.082278566160484,53.719461555991515],[-2.081933105226034,53.719293797091275],[-2.0815389764391274,53.719169141415975],[-2.081111325046006,53.719092379013944],[-2.0806665841,53.71906645955441],[-2.0804813715554915,53.71907725372368],[-2.0804952817309523,53.71899365306656],[-2.0804514646835996,53.71873048084105],[-2.080321726979106,53.718477423729595],[-2.0801110557144376,53.71824420630817],[-2.0798275477699444,53.718039790592094],[-2.079482098513525,53.71787203169163],[-2.0790879830495803,53.71774737601615],[-2.078885135686738,53.71771096416888],[-2.0789708413998595,53.71754375224013],[-2.0790146286838436,53.71728057836793],[-2.0789708134219684,53.71701740614237],[-2.0788410810022353,53.71676434903076],[-2.078630418318381,53.716531131609116],[-2.078346921920904,53.71632671589278],[-2.0780014867339274,53.716158956992054],[-2.0776073873212026,53.71603430131635],[-2.077179767800309,53.715957538914054],[-2.07673506,53.71593161945442],[-2.076290352199691,53.715957538914054],[-2.075862732678797,53.71603430131635],[-2.0754686332660723,53.716158956992054],[-2.075123198079096,53.71632671589278],[-2.074839701681619,53.716531131609116],[-2.0746290389977644,53.71676434903076],[-2.0744993065780313,53.71701740614237],[-2.074455491316156,53.71728057836793],[-2.07449927860014,53.71754375224013],[-2.074628987301362,53.71779681404099],[-2.0748396341370148,53.718030038480585],[-2.075123124969343,53.71823446247514],[-2.0754685657214678,53.718402229654124],[-2.075862680982395,53.71852689234778],[-2.076065487030377,53.718563298466286],[-2.0759797757164002,53.71873048084105],[-2.0759359586690476,53.71899365306656],[-2.075979747735616,53.71925682693882],[-2.0761094617191453,53.71950988873982],[-2.0763201171339727,53.71974311317964],[-2.0766036195127424,53.71994753717445],[-2.0769490743348857,53.7201153043537],[-2.0773432056486714,53.72023996704757],[-2.0777708663067807,53.72031673413927],[-2.0782156202,53.720342655245595],[-2.0784007572502374,53.72033186510472],[-2.0783868455033496,53.72041541846543],[-2.0784306360495126,53.72067859233773],[-2.078560354417506,53.720931654138845],[-2.078771016953288,53.721164878578854],[-2.079054528915927,53.72136930257389],[-2.079158093459872,53.72141959610856],[-2.0791602020297915,53.721421116473884],[-2.0795056689560667,53.72158888365334],[-2.0798998140797793,53.7217135463474],[-2.0803274897228223,53.72179031343922],[-2.0807722592,53.721816234545585],[-2.081217028677178,53.72179031343922],[-2.081644704320221,53.7217135463474],[-2.0820388494439332,53.72158888365334],[-2.0823843163702085,53.721421116473884],[-2.082667828682131,53.72121669247884],[-2.082878491477436,53.72098346803884],[-2.083008210005221,53.7207304062377],[-2.0830520006053077,53.7204672323654]]],[[[-2.0662113615085556,53.71910209176647],[-2.0661675443481746,53.71883891954097],[-2.0660378063091343,53.718585862429514],[-2.0658271345012653,53.7183526450081],[-2.065543625825798,53.718148229292034],[-2.0651981756787254,53.71798047039159],[-2.0648040591986727,53.717855814716124],[-2.0643764211590065,53.71777905231398],[-2.0639316941,53.71775313285441],[-2.063486967040993,53.71777905231398],[-2.0630593290013275,53.717855814716124],[-2.0626652125212748,53.71798047039159],[-2.062319762374202,53.718148229292034],[-2.062036253698735,53.7183526450081],[-2.061825581890866,53.718585862429514],[-2.061695843851825,53.71883891954097],[-2.0616520266914447,53.71910209176647],[-2.061695815870858,53.71936526563872],[-2.0618255301887793,53.71961832743974],[-2.0620361861467034,53.71985155187957],[-2.06231968925641,53.72005597587441],[-2.0626651449692432,53.720223743053666],[-2.063059277299241,53.72034840574754],[-2.0634869390600254,53.72042517283925],[-2.0639316941,53.720451093945584],[-2.0643764491399748,53.72042517283925],[-2.0648041109007593,53.72034840574754],[-2.065198243230757,53.720223743053666],[-2.06554369894359,53.72005597587441],[-2.065827202053297,53.71985155187957],[-2.066037858011221,53.71961832743974],[-2.0661675723291424,53.71936526563872],[-2.0662113615085556,53.71910209176647]]],[[[-2.055634278456955,53.71828565546712],[-2.0555904621475456,53.718022483241604],[-2.05546072662726,53.717769426130076],[-2.0552500589090683,53.71753620870855],[-2.0549665557369927,53.717331792992375],[-2.054621112295518,53.7171640340918],[-2.054227003465592,53.71703937841623],[-2.0537993737266373,53.716962616014015],[-2.0533546553,53.71693669655441],[-2.0529099368733625,53.716962616014015],[-2.052482307134408,53.71703937841623],[-2.052088198304482,53.7171640340918],[-2.051742754863007,53.717331792992375],[-2.0514592516909316,53.71753620870855],[-2.05124858397274,53.717769426130076],[-2.0511188484524543,53.718022483241604],[-2.051075032143045,53.71828565546712],[-2.0511188204728654,53.718548829339355],[-2.0512485322732013,53.7188018911403],[-2.0514591841422294,53.719035115580034],[-2.0517426817488187,53.71923953957474],[-2.05208813075578,53.719407306753865],[-2.0524822554348696,53.71953196944765],[-2.052909908893774,53.719608736539286],[-2.0533546553,53.71963465764559],[-2.0537994017062258,53.719608736539286],[-2.0542270551651307,53.71953196944765],[-2.05462117984422,53.719407306753865],[-2.054966628851181,53.71923953957474],[-2.0552501264577705,53.719035115580034],[-2.0554607783267986,53.7188018911403],[-2.0555904901271345,53.718548829339355],[-2.055634278456955,53.71828565546712]]],[[[-2.0279393863492654,53.74464664504625],[-2.0278955425425917,53.74438347282152],[-2.0277657256343233,53.74413041571226],[-2.027554925767275,53.74389719829413],[-2.027271244765311,53.74369278258194],[-2.026925584647324,53.74352502368536],[-2.026531228620515,53.74340036801318],[-2.026103330662505,53.743323605613234],[-2.0256583333,53.74329768615442],[-2.025213335937495,53.743323605613234],[-2.0247854379794856,53.74340036801318],[-2.024391081952676,53.74352502368536],[-2.024045421834689,53.74369278258194],[-2.0237617408327253,53.74389719829413],[-2.023550940965677,53.74413041571226],[-2.0234211240574083,53.74438347282152],[-2.0233772802507346,53.74464664504625],[-2.0234210960332497,53.744909818919275],[-2.0235508891837832,53.74516288072248],[-2.023761673176421,53.74539610516559],[-2.024045348604033,53.7456005291643],[-2.0243910142963717,53.74576829634743],[-2.0247853861975917,53.74589295904459],[-2.025213307913336,53.74596972613849],[-2.0256583333,53.74599564724559],[-2.026103358686664,53.74596972613849],[-2.0265312804024083,53.74589295904459],[-2.0269256523036283,53.74576829634743],[-2.027271317995967,53.7456005291643],[-2.027554993423579,53.74539610516559],[-2.0277657774162168,53.74516288072248],[-2.0278955705667507,53.744909818919275],[-2.0279393863492654,53.74464664504625]]],[[[-2.020630682554688,53.75858187713521],[-2.0205868241944107,53.75831870491089],[-2.0204569642095604,53.75806564780283],[-2.0202460943994995,53.757832430386486],[-2.019962319276724,53.75762801467641],[-2.0196165444774032,53.75746025578196],[-2.0192220576156092,53.75733560011156],[-2.018794017696119,53.757258837712804],[-2.0183488727,53.757232918254424],[-2.0179037277038803,53.757258837712804],[-2.0174756877843905,53.75733560011156],[-2.017081200922596,53.75746025578196],[-2.016735426123275,53.75762801467641],[-2.0164516510004997,53.757832430386486],[-2.016240781190439,53.75806564780283],[-2.016110921205589,53.75831870491089],[-2.0160670628453112,53.75858187713521],[-2.01611089315783,53.75884505100864],[-2.016240729364939,53.75909811281305],[-2.0164515832872203,53.75933133725796],[-2.01673535283095,53.759535761258775],[-2.0170811332093166,53.75970352844402],[-2.01747563595889,53.75982819114298],[-2.0179036996561215,53.759904958238074],[-2.0183488727,53.75993087934559],[-2.0187940457438778,53.759904958238074],[-2.019222109441109,53.75982819114298],[-2.0196166121906822,53.75970352844402],[-2.0199623925690497,53.759535761258775],[-2.020246162112779,53.75933133725796],[-2.020457016035061,53.75909811281305],[-2.020586852242169,53.75884505100864],[-2.020630682554688,53.75858187713521]]],[[[-2.011859269357989,53.74463759524626],[-2.0118154255607625,53.744374423021526],[-2.0116856086804575,53.74412136591226],[-2.011474808858812,53.74388814849413],[-2.0111911279179466,53.74368373278193],[-2.0108454678744043,53.743515973885366],[-2.0104511119325252,53.74339131821318],[-2.0100232140666696,53.74331455581322],[-2.0095782168,53.74328863635442],[-2.009133219533331,53.74331455581322],[-2.0087053216674753,53.74339131821318],[-2.008310965725596,53.743515973885366],[-2.007965305682054,53.74368373278193],[-2.0076816247411884,53.74388814849413],[-2.007470824919543,53.74412136591226],[-2.007341008039238,53.744374423021526],[-2.0072971642420114,53.74463759524626],[-2.007340980015094,53.744900769119276],[-2.007470773137678,53.74515383092249],[-2.0076815570849216,53.745387055365605],[-2.007965232451438,53.74559147936431],[-2.008310898069329,53.74575924654743],[-2.00870526988561,53.745883909244604],[-2.0091331915091875,53.74596067633849],[-2.0095782168,53.745986597445594],[-2.010023242090813,53.74596067633849],[-2.0104511637143907,53.745883909244604],[-2.0108455355306716,53.74575924654743],[-2.011191201148562,53.74559147936431],[-2.011474876515079,53.745387055365605],[-2.011685660462322,53.74515383092249],[-2.0118154535849064,53.744900769119276],[-2.011859269357989,53.74463759524626]]]]}},{"type":"Feature","properties":{"species":"Asplenium adiantum-nigrum","commonName":"black spleenwort","observedAt":"2021-07-19 20:25:22 UTC","imageUrl":"https://static.inaturalist.org/photos/144730966/medium.jpeg","locations":[],"common":false,"recordCount":15},"geometry":{"type":"MultiPolygon","coordinates":[[[[-2.1628441491659234,53.772067806124504],[-2.1628002767096084,53.7718046339006],[-2.1626703750025142,53.771551576793705],[-2.1624594374484687,53.77131835937909],[-2.162175571164067,53.77111394367107],[-2.1618296852890277,53.77094618477865],[-2.161435071705742,53.770821529109995],[-2.161006894288086,53.7707447667124],[-2.1605616063,53.77071884725443],[-2.1601163183119136,53.7707447667124],[-2.1596881408942576,53.770821529109995],[-2.1592935273109717,53.77094618477865],[-2.1589476414359323,53.77111394367107],[-2.1586637751515307,53.77131835937909],[-2.158452837597485,53.771551576793705],[-2.158322935890391,53.7718046339006],[-2.158279063434076,53.772067806124504],[-2.1583229078197683,53.772330979998365],[-2.158452785729737,53.772584041803924],[-2.1586637073830524,53.77281726625057],[-2.1589475680838595,53.77302169025342],[-2.159293459542493,53.773189457440715],[-2.1596880890265093,53.773314120141414],[-2.160116290241291,53.77339088723767],[-2.1605616063,53.77341680834559],[-2.161006922358709,53.77339088723767],[-2.16143512357349,53.773314120141414],[-2.161829753057507,53.773189457440715],[-2.1621756445161404,53.77302169025342],[-2.1624595052169475,53.77281726625057],[-2.1626704268702626,53.772584041803924],[-2.1628003047802316,53.772330979998365],[-2.1628441491659234,53.772067806124504]]],[[[-2.113834380502731,53.72303308836338],[-2.1137905592444852,53.722769916138],[-2.1136608090763467,53.722516859026875],[-2.113450117574581,53.72228364160597],[-2.1131665823974584,53.722079225890496],[-2.1128210999594903,53.721911466990655],[-2.112426946640148,53.72178681131569],[-2.112002413029681,53.721710613291286],[-2.1119781420702624,53.721564847838906],[-2.1118483956206706,53.72131179072768],[-2.111637710156672,53.72107857330663],[-2.1113541831044444,53.72087415759098],[-2.1110087105662396,53.72070639869095],[-2.1106145685411106,53.72058174301583],[-2.1101869027839584,53.72050498061391],[-2.1097421469,53.720479061154414],[-2.1092973910160415,53.72050498061391],[-2.1088697252588893,53.72058174301583],[-2.1084755832337603,53.72070639869095],[-2.1081301106955554,53.72087415759098],[-2.1078465836433278,53.72107857330663],[-2.1076358981793293,53.72131179072768],[-2.1075061517297375,53.721564847838906],[-2.1074623317278176,53.72182802006432],[-2.107506123744165,53.72209119393666],[-2.1076358464687344,53.722344255737916],[-2.1078465160801794,53.72257748017809],[-2.108130037565731,53.72278190417334],[-2.1084755156706114,53.72294967135301],[-2.1088696735482944,53.72307433404725],[-2.109294161715622,53.7231505265269],[-2.109318412767907,53.72329626223574],[-2.1094481392092965,53.7235493240371],[-2.1096588148573554,53.72378254847744],[-2.1099423444673966,53.723986972472865],[-2.110287832472446,53.72415473965272],[-2.110682001645495,53.72427940234711],[-2.1111097033840935,53.72435616943915],[-2.1115545,53.724382090545596],[-2.1119992966159065,53.72435616943915],[-2.1124269983545054,53.72427940234711],[-2.1128211675275543,53.72415473965272],[-2.1131666555326034,53.723986972472865],[-2.1134501851426446,53.72378254847744],[-2.1136608607907035,53.7235493240371],[-2.1137905872320935,53.72329626223574],[-2.113834380502731,53.72303308836338]]],[[[-2.103344195299806,53.71323397697112],[-2.1033003842548292,53.71297080474544],[-2.103208771054047,53.712792086097345],[-2.103168946144858,53.712552856145756],[-2.1030392274954988,53.712299799033765],[-2.1028285871704635,53.71206658161154],[-2.102545120860772,53.71186216589453],[-2.102199722334205,53.71169440699314],[-2.101805664745761,53.71156975131686],[-2.1013780906059765,53.71149298891418],[-2.10093343,53.711467069454415],[-2.1004887693940235,53.71149298891418],[-2.1003887646814614,53.711510942764285],[-2.1001307666,53.711495903954415],[-2.0996861056892575,53.71152182341419],[-2.0992585312564165,53.71159858581686],[-2.0988644733978843,53.71172324149313],[-2.098519074634576,53.71189100039453],[-2.098235608130587,53.71209541611153],[-2.0980249676611655,53.71232863353375],[-2.0978952489228817,53.71258169064574],[-2.0978514382833398,53.71284486287143],[-2.09789522095248,53.7131080367435],[-2.098024915978603,53.71336109854396],[-2.098235540604065,53.713594322983006],[-2.0982952829646315,53.713637407479716],[-2.0982594708995492,53.713663231610674],[-2.0980488225790563,53.71389644903269],[-2.097919099005446,53.71414950614455],[-2.0978752867322696,53.714412678370195],[-2.0979190710323974,53.71467585224231],[-2.098048770891603,53.71492891404292],[-2.0982594033666366,53.71516213848216],[-2.098542874871458,53.71536656247627],[-2.0988882920718805,53.71553432965482],[-2.099282380462041,53.715658992348104],[-2.099709994544401,53.715735759439404],[-2.1001547,53.71576168054559],[-2.100599405455599,53.715735759439404],[-2.101027019537959,53.715658992348104],[-2.1014211079281195,53.71553432965482],[-2.101766525128542,53.71536656247627],[-2.1020499966333634,53.71516213848216],[-2.102260629108397,53.71492891404292],[-2.1023903289676027,53.71467585224231],[-2.102415028270702,53.71452739237847],[-2.102475136855275,53.71449819737663],[-2.1027586025086245,53.714293773382614],[-2.1029692306359284,53.7140605489435],[-2.103072602268953,53.71385885287637],[-2.103170716000291,53.7137502126437],[-2.1033004122258876,53.713497150843196],[-2.103344195299806,53.71323397697112]]],[[[-2.0966329172416964,53.71839054046704],[-2.096589100822968,53.718127368241504],[-2.0964593649791126,53.717874311130004],[-2.0962486967355445,53.717641093708494],[-2.0959651928564806,53.717436677992325],[-2.095619748553577,53.717268919091765],[-2.0952256387408847,53.71714426341621],[-2.094798007935587,53.717067501014014],[-2.0943532884,53.717041581554405],[-2.0939085688644132,53.717067501014014],[-2.0934809380591153,53.71714426341621],[-2.093086828246423,53.717268919091765],[-2.0927413839435194,53.717436677992325],[-2.0924578800644555,53.717641093708494],[-2.092247211820887,53.717874311130004],[-2.0921174759770316,53.718127368241504],[-2.0920736595583036,53.71839054046704],[-2.092117447997266,53.718653714339275],[-2.0922471601210213,53.718906776140216],[-2.0924578125153257,53.71914000057996],[-2.092741310828868,53.71934442457471],[-2.0930867606972927,53.71951219175384],[-2.093480886359249,53.719636854447636],[-2.0939085408846476,53.71971362153927],[-2.0943532884,53.719739542645584],[-2.0947980359153524,53.71971362153927],[-2.095225690440751,53.719636854447636],[-2.0956198161027073,53.71951219175384],[-2.095965265971132,53.71934442457471],[-2.0962487642846743,53.71914000057996],[-2.0964594166789787,53.718906776140216],[-2.096589128802734,53.718653714339275],[-2.0966329172416964,53.71839054046704]]],[[[-2.0960229705491984,53.713393608970996],[-2.095979159337891,53.713130436745324],[-2.095849438907262,53.71287737963338],[-2.0956387956899962,53.71264416221123],[-2.0953553254882933,53.712439746494304],[-2.095009922219511,53.71227198759299],[-2.0946158592208772,53.7121473319168],[-2.09418827921081,53.71207056951417],[-2.0937436125,53.71204465005442],[-2.09329894578919,53.71207056951417],[-2.0928713657791223,53.7121473319168],[-2.092477302780489,53.71227198759299],[-2.0921318995117066,53.712439746494304],[-2.0918484293100037,53.71264416221123],[-2.091637786092738,53.71287737963338],[-2.091508065662109,53.713130436745324],[-2.091464254450801,53.713393608970996],[-2.091508037690781,53.71365678284309],[-2.0916377344084633,53.7139098446436],[-2.0918483617812442,53.7141430690827],[-2.0921318264191044,53.71434749307667],[-2.09247723525173,53.71451526025506],[-2.092871314094848,53.71463992294822],[-2.0932989178178625,53.71471669003943],[-2.0937436125,53.71474261114559],[-2.0941883071821374,53.71471669003943],[-2.094615910905152,53.71463992294822],[-2.0950099897482697,53.71451526025506],[-2.0953553985808955,53.71434749307667],[-2.0956388632187557,53.7141430690827],[-2.095849490591536,53.7139098446436],[-2.095979187309219,53.71365678284309],[-2.0960229705491984,53.713393608970996]]],[[[-2.0913728453196394,53.71863551946685],[-2.091329028645572,53.718372347241335],[-2.0911992920459506,53.71811929012984],[-2.090988622575251,53.71788607270836],[-2.090705117044864,53.71768165699223],[-2.090359670729908,53.71751389809172],[-2.0899655586217514,53.717389242416196],[-2.0895379253257778,53.717312480014016],[-2.0890932032,53.71728656055442],[-2.0886484810742223,53.717312480014016],[-2.0882208477782487,53.717389242416196],[-2.0878267356700926,53.71751389809172],[-2.087481289355136,53.71768165699223],[-2.087197783824749,53.71788607270836],[-2.0869871143540495,53.71811929012984],[-2.086857377754428,53.718372347241335],[-2.0868135610803606,53.71863551946685],[-2.0868573497742484,53.718898693339085],[-2.086987062653419,53.71915175514007],[-2.0871977162746203,53.719384979579836],[-2.087481216239404,53.7195894035746],[-2.087826668119963,53.71975717075379],[-2.0882207960776182,53.71988183344761],[-2.088648453094043,53.719958600539265],[-2.0890932032,53.71998452164559],[-2.0895379533059577,53.719958600539265],[-2.089965610322382,53.71988183344761],[-2.090359738280037,53.71975717075379],[-2.090705190160596,53.7195894035746],[-2.0909886901253802,53.719384979579836],[-2.091199343746581,53.71915175514007],[-2.0913290566257516,53.718898693339085],[-2.0913728453196394,53.71863551946685]]],[[[-2.082397366445719,53.72045137476542],[-2.0823535478788893,53.72018820253996],[-2.0822238056769575,53.71993514542863],[-2.0820131271098434,53.719701928007375],[-2.0817296093386046,53.719497512291525],[-2.0813841481088056,53.719329753391285],[-2.0809900189849477,53.71920509771598],[-2.08056236722622,53.71912833531396],[-2.0801176259,53.71910241585442],[-2.0796728845737795,53.71912833531396],[-2.0792452328150515,53.71920509771598],[-2.078851103691194,53.719329753391285],[-2.078505642461395,53.719497512291525],[-2.078222124690156,53.719701928007375],[-2.078011446123042,53.71993514542863],[-2.0780053475829114,53.71994704039361],[-2.077987142818148,53.71996719272859],[-2.077857400517338,53.720220249839926],[-2.077813581917101,53.720483422065385],[-2.077857372534037,53.720746595937676],[-2.07798709111175,53.72099965773881],[-2.0781977539881455,53.721232882178825],[-2.078481266409205,53.72143730617387],[-2.07882673346847,53.72160507335334],[-2.0792208787439144,53.7217297360474],[-2.0796485545515986,53.72180650313922],[-2.0800933242,53.72183242424559],[-2.080538093848401,53.72180650313922],[-2.0809657696560855,53.7217297360474],[-2.0813599149315296,53.72160507335334],[-2.0817053819907945,53.72143730617387],[-2.0819888944118543,53.721232882178825],[-2.08219955728825,53.72099965773881],[-2.0822056546771424,53.72098776263294],[-2.082223857383255,53.72096761043884],[-2.0823535758621357,53.720714548637716],[-2.082397366445719,53.72045137476542]]],[[[-2.078972218486569,53.71727693836792],[-2.078928403228488,53.717013766142365],[-2.0787986708199835,53.71676070903076],[-2.0785880081543606,53.7165274916091],[-2.078304511781418,53.71632307589276],[-2.077959076624335,53.716155316992044],[-2.0775649772457148,53.71603066131634],[-2.0771373577618255,53.715953898914044],[-2.07669265,53.71592797945441],[-2.0762479422381745,53.715953898914044],[-2.0758203227542853,53.71603066131634],[-2.075426223375665,53.716155316992044],[-2.075080788218582,53.71632307589276],[-2.0747972918456394,53.7165274916091],[-2.0745866291800166,53.71676070903076],[-2.0744568967715122,53.717013766142365],[-2.074413081513431,53.71727693836792],[-2.074456868793627,53.717540112240115],[-2.074586577483626,53.71779317404098],[-2.07479722430105,53.718026398480575],[-2.075080715108845,53.718230822475135],[-2.0754261558310754,53.718398589654115],[-2.0758202710578946,53.71852325234777],[-2.076247914260289,53.71860001943931],[-2.07669265,53.71862594054558],[-2.077137385739711,53.71860001943931],[-2.0775650289421055,53.71852325234777],[-2.0779591441689242,53.718398589654115],[-2.0783045848911548,53.718230822475135],[-2.0785880756989497,53.718026398480575],[-2.078798722516374,53.71779317404098],[-2.078928431206373,53.717540112240115],[-2.078972218486569,53.71727693836792]]]]}},{"type":"Feature","properties":{"species":"Dryopteris cambrensis","commonName":"Narrow Male-fern","observedAt":"2021-08-20 15:35:00 UTC","imageUrl":"https://static.inaturalist.org/photos/152008475/medium.jpeg","locations":[],"common":false,"recordCount":4},"geometry":{"type":"MultiPolygon","coordinates":[[[[-2.103567666055677,53.713428794470964],[-2.1035238548077073,53.7131656222453],[-2.1033941342685636,53.71291256513335],[-2.1031834908751033,53.71267934771121],[-2.1029000204362993,53.71247493199429],[-2.1025546168786216,53.712307173092995],[-2.1021605535503998,53.71218251741679],[-2.1017329731827155,53.712105755014164],[-2.1012883061,53.712079835554405],[-2.100843639017284,53.712105755014164],[-2.1004160586495995,53.71218251741679],[-2.100021995321378,53.712307173092995],[-2.0996765917637004,53.71247493199429],[-2.099393121324896,53.71267934771121],[-2.099182477931436,53.71291256513335],[-2.099052757392292,53.7131656222453],[-2.0990089461443224,53.713428794470964],[-2.099052729420905,53.71369196834305],[-2.0991824262470518,53.71394503014357],[-2.0993930537959935,53.71417825458268],[-2.0996765186709427,53.714382678576655],[-2.100021927792475,53.714550445755044],[-2.100416006965215,53.714675108448205],[-2.100843611045897,53.71475187553941],[-2.1012883061,53.71477779664559],[-2.101733001154103,53.71475187553941],[-2.1021606052347845,53.714675108448205],[-2.1025546844075245,53.714550445755044],[-2.102900093529057,53.714382678576655],[-2.1031835584040057,53.71417825458268],[-2.1033941859529475,53.71394503014357],[-2.1035238827790943,53.71369196834305],[-2.103567666055677,53.713428794470964]]],[[[-2.093498459073884,53.731465325556684],[-2.0934546290221756,53.73120215333156],[-2.0933248528266386,53.73094909622116],[-2.093114119064446,53.730715878801334],[-2.0928305270183714,53.73051146308714],[-2.092484975288529,53.73034370418857],[-2.092090742917076,53.7302190485147],[-2.0916629791303487,53.73014228611361],[-2.0912181213,53.73011636665441],[-2.090773263469651,53.73014228611361],[-2.0903454996829236,53.7302190485147],[-2.089951267311471,53.73034370418857],[-2.0896057155816283,53.73051146308714],[-2.0893221235355535,53.730715878801334],[-2.089111389773361,53.73094909622116],[-2.088981613577824,53.73120215333156],[-2.0889377835261156,53.731465325556684],[-2.088981585575964,53.73172849942931],[-2.08911133803267,53.73198156123139],[-2.0893220559330823,53.7322147856728],[-2.089605642409241,53.73241920966952],[-2.0899511997089997,53.73258697685064],[-2.0903454479422323,53.73271163954611],[-2.0907732354677906,53.732788406638875],[-2.0912181213,53.73281432774559],[-2.091663007132209,53.732788406638875],[-2.0920907946577674,53.73271163954611],[-2.092485042891,53.73258697685064],[-2.0928306001907586,53.73241920966952],[-2.0931141866669174,53.7322147856728],[-2.09332490456733,53.73198156123139],[-2.0934546570240355,53.73172849942931],[-2.093498459073884,53.731465325556684]]],[[[-2.0923745615710576,53.71814015746724],[-2.092330745413297,53.7178769852417],[-2.092201010341868,53.71762392813017],[-2.091990343352481,53.717390710708635],[-2.0917068411611424,53.717186294992416],[-2.0913613989146445,53.71701853609183],[-2.0909672914480164,53.716893880416244],[-2.0905396631882978,53.71681711801401],[-2.0900949463,53.71679119855441],[-2.089650229411702,53.71681711801401],[-2.089222601151983,53.716893880416244],[-2.0888284936853547,53.71701853609183],[-2.0884830514388573,53.717186294992416],[-2.0881995492475185,53.717390710708635],[-2.087988882258131,53.71762392813017],[-2.0878591471867027,53.7178769852417],[-2.0878153310289416,53.71814015746724],[-2.08785911920736,53.71840333133946],[-2.0879578231857816,53.71859589896144],[-2.0876965515013053,53.71867853559143],[-2.0873510956205847,53.71884629449177],[-2.0870675822394205,53.719050710207725],[-2.0868569069346563,53.71928392762905],[-2.0867271667419445,53.719536984740444],[-2.086683348853937,53.71980015696593],[-2.086727138759798,53.72006333083821],[-2.0868568552303914,53.720316392639276],[-2.0870675146845423,53.7205496170792],[-2.0873510224997114,53.72075404107414],[-2.0876964839464267,53.72092180825351],[-2.088090622818364,53.72104647094747],[-2.0885182916777043,53.72112323803924],[-2.0889630541,53.72114915914558],[-2.089407816522296,53.72112323803924],[-2.089835485381636,53.72104647094747],[-2.0902296242535736,53.72092180825351],[-2.090575085700289,53.72075404107414],[-2.090858593515458,53.7205496170792],[-2.091069252969609,53.720316392639276],[-2.0911989694402022,53.72006333083821],[-2.091242759346063,53.71980015696593],[-2.091198941458056,53.719536984740444],[-2.0911002255573234,53.71934444023927],[-2.091361466462754,53.7192618087539],[-2.091706914274689,53.71909404157479],[-2.09199041090059,53.718889617580096],[-2.092201062040952,53.71865639314039],[-2.0923307733926393,53.71840333133946],[-2.0923745615710576,53.71814015746724]]]]}},{"type":"Feature","properties":{"species":"Osmunda regalis","commonName":"European royal fern","observedAt":"2021-09-16 18:21:04 UTC","imageUrl":"https://static.inaturalist.org/photos/157768170/medium.jpeg","locations":[],"common":false,"recordCount":12},"geometry":{"type":"MultiPolygon","coordinates":[[[[-2.162413833206674,53.775352770921906],[-2.1623699573150406,53.77508959869811],[-2.1622400454398987,53.77483654159148],[-2.162029091376097,53.77460332417729],[-2.161745202874872,53.77439890846976],[-2.1613992899297845,53.77423114957785],[-2.1610046454634495,53.77410649390961],[-2.1605764345363814,53.77402973151231],[-2.1601311117,53.774003812054424],[-2.159685788863619,53.77402973151231],[-2.1592575779365513,53.77410649390961],[-2.158862933470216,53.77423114957785],[-2.1585170205251285,53.77439890846976],[-2.1582331320239034,53.77460332417729],[-2.1580221779601017,53.77483654159148],[-2.1578922660849598,53.77508959869811],[-2.1578483901933265,53.775352770921906],[-2.1578922380087637,53.77561594479586],[-2.1580221260820553,53.7758690066017],[-2.1582330642419696,53.77610223104877],[-2.1585169471584917,53.77630665505213],[-2.158862865688282,53.77647442223992],[-2.1592575260585045,53.77659908494105],[-2.159685760787423,53.77667585203758],[-2.1601311117,53.776701773145604],[-2.1605764626125774,53.77667585203758],[-2.161004697341496,53.77659908494105],[-2.1613993577117183,53.77647442223992],[-2.1617452762415086,53.77630665505213],[-2.1620291591580307,53.77610223104877],[-2.162240097317945,53.7758690066017],[-2.1623699853912366,53.77561594479586],[-2.162413833206674,53.775352770921906]]],[[[-2.1589117573019205,53.77320496132361],[-2.1588678836564803,53.772941789099725],[-2.1587379784297447,53.77268873199292],[-2.158527035160893,53.77245551457846],[-2.1582431611862,53.772251098870605],[-2.157897265940939,53.77208333997837],[-2.157502641667572,53.77195868430986],[-2.157074452650726,53.77188192191237],[-2.1566291526,53.77185600245442],[-2.156183852549274,53.77188192191237],[-2.155755663532428,53.77195868430986],[-2.155361039259061,53.77208333997837],[-2.1550151440138,53.772251098870605],[-2.154731270039107,53.77245551457846],[-2.1545203267702555,53.77268873199292],[-2.15439042154352,53.772941789099725],[-2.1543465478980797,53.77320496132361],[-2.154390393470968,53.77346813519749],[-2.1545202748989425,53.77372119700315],[-2.154731202265971,53.77395442144994],[-2.1550150706566864,53.77415884545297],[-2.155360971485925,53.77432661264044],[-2.155755611661115,53.77445127534128],[-2.1561838244767215,53.77452804243762],[-2.1566291526,53.774553963545586],[-2.1570744807232787,53.77452804243762],[-2.1575026935388846,53.77445127534128],[-2.157897333714075,53.77432661264044],[-2.158243234543314,53.77415884545297],[-2.158527102934029,53.77395442144994],[-2.1587380303010573,53.77372119700315],[-2.158867911729032,53.77346813519749],[-2.1589117573019205,53.77320496132361]]],[[[-2.1047933331483875,53.813310036591744],[-2.1047494175126387,53.813046864369085],[-2.1046193880006725,53.812793807265734],[-2.1044082429311652,53.81256058985644],[-2.104124097397675,53.81235617415468],[-2.103777871272098,53.81218841526854],[-2.1033828695116696,53.81206375960518],[-2.1029542709054367,53.81198699721116],[-2.1025085449,53.81196107775441],[-2.1020628188945634,53.81198699721116],[-2.1016342202883305,53.81206375960518],[-2.101239218527902,53.81218841526854],[-2.100892992402325,53.81235617415468],[-2.100608846868835,53.81256058985644],[-2.1003977017993276,53.812793807265734],[-2.1003058803639454,53.81297250567129],[-2.100067514394658,53.81308800045439],[-2.0997833638997174,53.81329241615604],[-2.0995722151432594,53.81352563356524],[-2.0995040389478485,53.81365831243934],[-2.0993619005807034,53.81376056455579],[-2.0991507494656214,53.813993781964925],[-2.099020716230299,53.814246839068176],[-2.0989767993365978,53.81451001129079],[-2.0990206880875535,53.81477318516593],[-2.0991506974646095,53.815026246975144],[-2.0993618326381065,53.81525947142726],[-2.099645980709056,53.81546389543657],[-2.099992222345135,53.8156316626303],[-2.1003872513559623,53.81575632533648],[-2.100815886091003,53.81583309243638],[-2.101261653,53.8158590135456],[-2.1017074199089967,53.81583309243638],[-2.1021360546440375,53.81575632533648],[-2.1025310836548647,53.8156316626303],[-2.102877325290944,53.81546389543657],[-2.1031614733618937,53.81525947142726],[-2.1033726085353908,53.815026246975144],[-2.1034407693052595,53.814893572793245],[-2.1035828942409553,53.814791323027514],[-2.1037940270562805,53.81455809857546],[-2.103885825835391,53.814379411275404],[-2.104124170932875,53.814263920737034],[-2.1044083108688314,53.81405949672791],[-2.104619439997911,53.813826272275946],[-2.1047494456533413,53.813573210466835],[-2.1047933331483875,53.813310036591744]]],[[[-2.0532201669342287,53.72942179835831],[-2.0531763390140005,53.72915862613313],[-2.0530732378240133,53.7289575741795],[-2.0530725548013353,53.72895347283327],[-2.052942785547993,53.72870041572268],[-2.052732063057772,53.72846719830256],[-2.052724277892384,53.7284615863847],[-2.052713136748696,53.72844925590258],[-2.0524295599920936,53.728244840188054],[-2.052415416653089,53.72823797349142],[-2.05241515182145,53.72823778258805],[-2.0520696187790413,53.728070023689135],[-2.0516754077272754,53.727945368014964],[-2.0512476670733086,53.727868605613686],[-2.0508028333,53.72784268615442],[-2.0503579995266916,53.727868605613686],[-2.049930258872725,53.727945368014964],[-2.049536047820959,53.728070023689135],[-2.0491905147785503,53.72823778258805],[-2.0489069380695524,53.72844219830259],[-2.0486962157046404,53.728675415722705],[-2.0485664465284734,53.72892847283329],[-2.0485226188482875,53.72919164505849],[-2.048566418530457,53.72945481893105],[-2.048696163971052,53.729707880732924],[-2.048740312460392,53.72975674731508],[-2.048833259138351,53.72993803403278],[-2.0490439667970586,53.73017125847394],[-2.0493275394892274,53.73037568247033],[-2.049673079992384,53.73054344965116],[-2.050067309061924,53.73066811234638],[-2.050495075793262,53.73074487943895],[-2.05093994,53.73077080054559],[-2.0513848042067377,53.73074487943895],[-2.051812570938076,53.73066811234638],[-2.052206800007616,53.73054344965116],[-2.0525523405107724,53.73037568247033],[-2.0528359132029417,53.73017125847394],[-2.0530466208616494,53.72993803403278],[-2.053176367012406,53.729684972230885],[-2.0532201669342287,53.72942179835831]]],[[[-2.0136948490436404,53.743038311647524],[-2.013651006915881,53.74277513942275],[-2.013521194976958,53.74252208231335],[-2.0133104031785862,53.74228886489501],[-2.013026733034468,53.74208444918258],[-2.0126810861462037,53.741916690285755],[-2.012286745212613,53.74179203461336],[-2.011858863631383,53.741715272213284],[-2.0114138833,53.74168935275442],[-2.0109689029686164,53.741715272213284],[-2.010541021387387,53.74179203461336],[-2.010146680453796,53.741916690285755],[-2.0098010335655316,53.74208444918258],[-2.009517363421413,53.74228886489501],[-2.0093065716230414,53.74252208231335],[-2.009298747243247,53.74253733526273],[-2.009252391486224,53.74258862261329],[-2.0091225793417182,53.74284167972268],[-2.009107410412954,53.74293273448234],[-2.0090562348903447,53.74298935381303],[-2.00892642150772,53.743242410922385],[-2.0088825788922,53.743505583147154],[-2.008926393485493,53.74376875702015],[-2.0090561831120195,53.74402181882325],[-2.0092669613811984,53.744255043266214],[-2.0095506291057865,53.74445946726475],[-2.009896285411537,53.744627234447705],[-2.0102906466033486,53.74475189714473],[-2.010718556698482,53.74482866423851],[-2.01116357,53.74485458534559],[-2.0116085833015176,53.74482866423851],[-2.012036493396651,53.74475189714473],[-2.0124308545884624,53.744627234447705],[-2.0127765108942133,53.74445946726475],[-2.0130601786188014,53.744255043266214],[-2.0132709568879803,53.74402181882325],[-2.013400746514507,53.74376875702015],[-2.013415905324504,53.74367770510258],[-2.0134670732908475,53.74362108762351],[-2.0134748963017626,53.74360583429258],[-2.0135212467538217,53.74355454732357],[-2.0136510349373173,53.743301485520504],[-2.0136948490436404,53.743038311647524]]]]}},{"type":"Feature","properties":{"species":"Polypodium vulgare","commonName":"common polypody","observedAt":"2021-09-26 13:40:26 UTC","imageUrl":"https://static.inaturalist.org/photos/159828453/medium.jpeg","locations":[],"common":false,"recordCount":7},"geometry":{"type":"MultiPolygon","coordinates":[[[[-2.1095815358186596,53.71690111666823],[-2.1095377209522597,53.71663794444266],[-2.109407989703075,53.71638488733101],[-2.109197328919829,53.71615166990932],[-2.1089138350799606,53.71594725419292],[-2.108568403009297,53.71577949529215],[-2.10817430715184,53.71565483961639],[-2.107746691488561,53.71557807721407],[-2.1073019877000005,53.71555215775442],[-2.1068572839114394,53.71557807721407],[-2.1064296682481607,53.71565483961639],[-2.1060355723907036,53.71577949529215],[-2.10569014032004,53.71594725419292],[-2.1054066464801715,53.71615166990932],[-2.1051959856969256,53.71638488733101],[-2.105066254447741,53.71663794444266],[-2.105022439581341,53.71690111666823],[-2.1050662264704907,53.71716429054042],[-2.1051959340017077,53.71741735234124],[-2.1054065789371146,53.71765057678079],[-2.105690067211962,53.717855000775295],[-2.1060355048476462,53.71802276795421],[-2.1064296165529424,53.718147430647825],[-2.106857255934189,53.718224197739325],[-2.1073019877000005,53.718250118845596],[-2.1077467194658115,53.718224197739325],[-2.1081743588470583,53.718147430647825],[-2.1085684705523544,53.71802276795421],[-2.108913908188039,53.717855000775295],[-2.109197396462886,53.71765057678079],[-2.109408041398293,53.71741735234124],[-2.10953774892951,53.71716429054042],[-2.1095815358186596,53.71690111666823]]],[[[-2.0913838397043936,53.71849132806697],[-2.091340023180616,53.71822815584145],[-2.09121028702583,53.717975098729944],[-2.0909996182774058,53.71774188130844],[-2.0907161137189685,53.717537465592294],[-2.090370668588284,53.717369706691755],[-2.089976557831211,53.71724505101621],[-2.0895489260012208,53.71716828861402],[-2.0891042054,53.71714236915442],[-2.0886594847987787,53.71716828861402],[-2.0882318529687884,53.71724505101621],[-2.087837742211716,53.717369706691755],[-2.087492297081031,53.717537465592294],[-2.0872087925225937,53.71774188130844],[-2.0869981237741695,53.717975098729944],[-2.0868683876193836,53.71822815584145],[-2.086824571095606,53.71849132806697],[-2.0868683596394475,53.71875450193921],[-2.0869980720739894,53.719007563740156],[-2.0872087249730527,53.719240788179924],[-2.087492223965935,53.71944521217466],[-2.087837674662175,53.719612979353826],[-2.088231801268608,53.71973764204764],[-2.088659456818843,53.71981440913928],[-2.0891042054,53.719840330245596],[-2.089548953981157,53.71981440913928],[-2.0899766095313916,53.71973764204764],[-2.090370736137825,53.719612979353826],[-2.090716186834065,53.71944521217466],[-2.090999685826947,53.719240788179924],[-2.09121033872601,53.719007563740156],[-2.0913400511605524,53.71875450193921],[-2.0913838397043936,53.71849132806697]]],[[[-2.0695683270517518,53.73277748385564],[-2.0695244956312706,53.73251431163056],[-2.069394715384364,53.732261254520274],[-2.069183975044002,53.73202803710062],[-2.0689003741458256,53.73182362138663],[-2.0685548116301553,53.73165586248826],[-2.068160566953617,53.731531206814545],[-2.0677327898153526,53.73145444441358],[-2.0672879181,53.73142852495441],[-2.066843046384647,53.73145444441358],[-2.0664152692463826,53.731531206814545],[-2.066021024569844,53.73165586248826],[-2.065675462054174,53.73182362138663],[-2.065391861155997,53.73202803710062],[-2.065181120815635,53.732261254520274],[-2.0650513405687287,53.73251431163056],[-2.065007509148248,53.73277748385564],[-2.0650513125646497,53.73304065772831],[-2.0651810690708445,53.7332937195305],[-2.0653917935481703,53.733526943972095],[-2.0656753888759893,53.73373136796901],[-2.0660209569620167,53.73389913515032],[-2.0664152175015915,53.734023797845964],[-2.066843018380568,53.734100564938835],[-2.0672879181,53.73412648604558],[-2.0677328178194316,53.734100564938835],[-2.0681606186984083,53.734023797845964],[-2.0685548792379826,53.73389913515032],[-2.0689004473240105,53.73373136796901],[-2.0691840426518295,53.733526943972095],[-2.069394767129155,53.7332937195305],[-2.06952452363535,53.73304065772831],[-2.0695683270517518,53.73277748385564]]],[[[-2.0449385606333275,53.764924638030166],[-2.0448946956447713,53.76466146580605],[-2.0447648160411687,53.764408408698536],[-2.044553914376338,53.76417519128301],[-2.044270096387282,53.76397077557389],[-2.043924269357619,53.76380301668039],[-2.0435297229084823,53.76367836101081],[-2.0431016183342114,53.76360159861262],[-2.0426564061,53.763575679154414],[-2.0422111938657883,53.76360159861262],[-2.0417830892915174,53.76367836101081],[-2.041388542842381,53.76380301668039],[-2.0410427158127176,53.76397077557389],[-2.040758897823662,53.76417519128301],[-2.040547996158831,53.764408408698536],[-2.0404181165552284,53.76466146580605],[-2.0403742515666723,53.764924638030166],[-2.040418088496719,53.76518781190381],[-2.040547944313466,53.76544087370875],[-2.0407588300844286,53.765674098154484],[-2.0410426424923,53.765878522156264],[-2.041388475103147,53.76604628934247],[-2.0417830374461525,53.76617095204225],[-2.0422111658072795,53.76624771913787],[-2.0426564061,53.766273640245586],[-2.0431016463927203,53.76624771913787],[-2.0435297747538472,53.76617095204225],[-2.0439243370968527,53.76604628934247],[-2.0442701697077,53.765878522156264],[-2.044553982115571,53.765674098154484],[-2.0447648678865336,53.76544087370875],[-2.0448947237032806,53.76518781190381],[-2.0449385606333275,53.764924638030166]]],[[[-2.0424505021588844,53.76182652273263],[-2.0424066404082217,53.76156335050841],[-2.0422767703883187,53.76131029340064],[-2.0420658842844444,53.76107707598471],[-2.041782087235433,53.760872660275126],[-2.0414362857201294,53.76070490138115],[-2.0410417683792246,53.760580245711175],[-2.0406136953886125,53.760503483312704],[-2.040168516,53.760477563854415],[-2.040110681404029,53.76048093112935],[-2.0400886700814858,53.76034885850934],[-2.039958803817999,53.760095801401455],[-2.039747923813379,53.75986258398537],[-2.0394641349720044,53.75965816827559],[-2.0391183434572806,53.75949040938145],[-2.038723837525605,53.75936575371131],[-2.038295776914489,53.75928899131274],[-2.0378506104,53.75926307185441],[-2.037405443885511,53.75928899131274],[-2.036977383274395,53.75936575371131],[-2.03658287734272,53.75949040938145],[-2.036237085827996,53.75965816827559],[-2.035953296986621,53.75986258398537],[-2.0357424169820013,53.760095801401455],[-2.0356125507185143,53.76034885850934],[-2.0355686902369734,53.76061203073358],[-2.0356125226673156,53.76087520460709],[-2.0357423651501443,53.76112826641167],[-2.035953229265036,53.761361490856835],[-2.036237012526681,53.76156591485797],[-2.0365828096211347,53.76173368204351],[-2.036977331442538,53.76185834474274],[-2.0374054158343124,53.761935111838],[-2.0378506104,53.76196103294558],[-2.037908373415897,53.76195766973888],[-2.037930363538521,53.762089696606175],[-2.0380602097760208,53.762342758410846],[-2.038271079989002,53.76257598285618],[-2.038554871457873,53.76278040685749],[-2.038900678553316,53.76294817404322],[-2.039295211785115,53.7630728367426],[-2.0397233085581297,53.763149603837974],[-2.040168516,53.763175524945595],[-2.04061372344187,53.763149603837974],[-2.0410418202148852,53.7630728367426],[-2.041436353446684,53.76294817404322],[-2.041782160542127,53.76278040685749],[-2.042065952010998,53.76257598285618],[-2.0422768222239793,53.762342758410846],[-2.0424066684614792,53.762089696606175],[-2.0424505021588844,53.76182652273263]]],[[[-2.025908701636962,53.75801649293565],[-2.0258648438673963,53.757753320711316],[-2.0257349856309674,53.75750026360321],[-2.0255241186598005,53.757267046186804],[-2.025240347357264,53.75706263047663],[-2.024894577212706,53.75689487158209],[-2.0245000956613297,53.75677021591162],[-2.0240720615038676,53.75669345351283],[-2.0236269225,53.75666753405442],[-2.023181783496133,53.75669345351283],[-2.0227537493386705,53.75677021591162],[-2.0223592677872944,53.75689487158209],[-2.022013497642736,53.75706263047663],[-2.0217297263401997,53.757267046186804],[-2.0215188593690328,53.75750026360321],[-2.021389001132604,53.757753320711316],[-2.021345143363038,53.75801649293565],[-2.0213889730858035,53.75827966680908],[-2.021518807545303,53.75853272861344],[-2.0217296586292335,53.758765953058266],[-2.0220134243529144,53.75897037705901],[-2.022359200076328,53.759138144244154],[-2.0227536975149403,53.75926280694305],[-2.023181755449332,53.75933957403808],[-2.0236269225,53.75936549514559],[-2.024072089550668,53.75933957403808],[-2.02450014748506,53.75926280694305],[-2.024894644923672,53.759138144244154],[-2.0252404206470858,53.75897037705901],[-2.0255241863707667,53.758765953058266],[-2.025735037454697,53.75853272861344],[-2.025864871914197,53.75827966680908],[-2.025908701636962,53.75801649293565]]]]}},{"type":"Feature","properties":{"species":"Dryopteris affinis","commonName":"Golden-scaled Male-fern","observedAt":"2021-09-26 15:19:49 UTC","imageUrl":"https://static.inaturalist.org/photos/159916463/medium.jpeg","locations":[],"common":false,"recordCount":17},"geometry":{"type":"MultiPolygon","coordinates":[[[[-2.1367998907590344,53.70393989217847],[-2.136756089395373,53.70367671995251],[-2.13662639811238,53.70342366283976],[-2.136415802221844,53.703190445416396],[-2.13613239570671,53.70298602969804],[-2.1357870700367165,53.702818270795305],[-2.1353930955671947,53.70269361511789],[-2.1349656116149514,53.70261685271445],[-2.1345210448,53.702590933254406],[-2.1340764779850487,53.70261685271445],[-2.1336489940328054,53.70269361511789],[-2.1332550195632836,53.702818270795305],[-2.13290969389329,53.70298602969804],[-2.132626287378156,53.703190445416396],[-2.13241569148762,53.70342366283976],[-2.132286000204627,53.70367671995251],[-2.1322421988409657,53.70393989217847],[-2.1322859722492535,53.70420306605027],[-2.132415639832825,53.70445612784998],[-2.1326262198879142,53.70468935228788],[-2.1329096208423786,53.704893776280414],[-2.1332549520730413,53.70506154345736],[-2.1336489423780103,53.705186206149314],[-2.134076450029675,53.705262973239705],[-2.1345210448,53.70528889434559],[-2.134965639570325,53.705262973239705],[-2.13539314722199,53.705186206149314],[-2.135787137526959,53.70506154345736],[-2.1361324687576215,53.704893776280414],[-2.136415869712086,53.70468935228788],[-2.136626449767175,53.70445612784998],[-2.136756117350746,53.70420306605027],[-2.1367998907590344,53.70393989217847]]],[[[-2.132441502319166,53.70680303277621],[-2.132397697973652,53.706539860550336],[-2.1322679978647985,53.70628680343783],[-2.1320573876438003,53.70605358601483],[-2.131773961844469,53.7058491702969],[-2.1314286126776794,53.70568141139459],[-2.131034611401675,53.70555675571755],[-2.1306070983632672,53.705479993314356],[-2.1301625013,53.70545407385441],[-2.129717904236733,53.705479993314356],[-2.129290391198325,53.70555675571755],[-2.1288963899223208,53.70568141139459],[-2.128551040755531,53.7058491702969],[-2.1282676149562,53.70605358601483],[-2.128057004735201,53.70628680343783],[-2.127927304626348,53.706539860550336],[-2.1278835002808343,53.70680303277621],[-2.127927276666144,53.707066206648086],[-2.1280569530714804,53.707319268448046],[-2.1282675474542954,53.70755249288631],[-2.1285509676919965,53.707756916879276],[-2.1288963224204167,53.70792468405667],[-2.129290339534604,53.70804934674898],[-2.1297178762765285,53.708126113839626],[-2.1301625013,53.708152034945584],[-2.130607126323471,53.708126113839626],[-2.131034663065396,53.70804934674898],[-2.131428680179583,53.70792468405667],[-2.131774034908003,53.707756916879276],[-2.1320574551457048,53.70755249288631],[-2.1322680495285193,53.707319268448046],[-2.1323977259338562,53.707066206648086],[-2.132441502319166,53.70680303277621]]],[[[-2.1168935619246,53.7228840862635],[-2.1168497408216993,53.7226209140381],[-2.116719991113359,53.72236785692697],[-2.1165093003581643,53.722134639506045],[-2.1162257661856865,53.72193022379055],[-2.1158802849718255,53.721762464890695],[-2.115486133049014,53.7216378092157],[-2.1150584565524584,53.72156104681389],[-2.1146136895,53.72153512735442],[-2.1141689224475413,53.72156104681389],[-2.1137412459509863,53.7216378092157],[-2.1133470940281747,53.721762464890695],[-2.1130016128143136,53.72193022379055],[-2.1127180786418354,53.722134639506045],[-2.1125073878866405,53.72236785692697],[-2.112377638178301,53.7226209140381],[-2.1123338170754,53.7228840862635],[-2.1123776101909444,53.72314726013586],[-2.112507336172749,53.7234003219372],[-2.1127180110743797,53.72363354637752],[-2.1130015396798267,53.72383797037293],[-2.1133470264607186,53.724005737552744],[-2.113741194237094,53.724130400247134],[-2.1141688944601844,53.724207167339145],[-2.1146136895,53.7242330884456],[-2.1150584845398153,53.724207167339145],[-2.115486184762906,53.724130400247134],[-2.1158803525392815,53.724005737552744],[-2.1162258393201734,53.72383797037293],[-2.1165093679256204,53.72363354637752],[-2.116720042827251,53.7234003219372],[-2.1168497688090557,53.72314726013586],[-2.1168935619246,53.7228840862635]]],[[[-2.109374429792048,53.718646080366845],[-2.109330613106973,53.71838290814133],[-2.1092008764747705,53.71812985102984],[-2.10899020695117,53.71789663360837],[-2.108706701349594,53.717692217892235],[-2.108361254947899,53.71752445899172],[-2.1079671427407862,53.71739980331619],[-2.1075395093374403,53.71732304091401],[-2.1070947871,53.71729712145443],[-2.1066500648625595,53.71732304091401],[-2.1063884559655044,53.71737000106074],[-2.1065354142802293,53.71720728914137],[-2.1066651211637635,53.71695422734057],[-2.1067089078343444,53.71669105346839],[-2.106665093186868,53.71642788124281],[-2.1065353625856673,53.71617482413116],[-2.106324702854545,53.715941606709436],[-2.1060412104304973,53.715737190993],[-2.1056957800849383,53.71556943209219],[-2.1053016861955784,53.71544477641641],[-2.104874072667769,53.715368014014075],[-2.1044293711,53.715342094554416],[-2.1039846695322315,53.715368014014075],[-2.1035570560044214,53.71544477641641],[-2.1031629621150616,53.71556943209219],[-2.102817531769503,53.715737190993],[-2.1025340393454552,53.715941606709436],[-2.102323379614333,53.71617482413116],[-2.1021936490131323,53.71642788124281],[-2.102149834365656,53.71669105346839],[-2.1021936210362364,53.71695422734057],[-2.1023233279197706,53.71720728914137],[-2.1025339718032545,53.7174405135809],[-2.1028174586623516,53.71764493757537],[-2.1031628945728604,53.717812704754266],[-2.103557004309859,53.717937367447846],[-2.103984641555336,53.71801413453933],[-2.1044293711,53.718040055645595],[-2.1048741006446643,53.71801413453933],[-2.1051356369127823,53.717967184983756],[-2.1049886977252292,53.71812985102984],[-2.1048589610930266,53.71838290814133],[-2.1048151444079517,53.718646080366845],[-2.1048589331128293,53.718909254239094],[-2.104988646024566,53.719162316040055],[-2.1051992996986577,53.719395540479844],[-2.105482799734626,53.719599964474604],[-2.105828251701929,53.71976773165379],[-2.10622237975855,53.719892394347625],[-2.106650036882362,53.71996916143928],[-2.1070947871,53.719995082545594],[-2.1075395373176375,53.71996916143928],[-2.1079671944414495,53.719892394347625],[-2.108361322498071,53.71976773165379],[-2.108706774465374,53.719599964474604],[-2.108990274501342,53.719395540479844],[-2.109200928175434,53.719162316040055],[-2.1093306410871704,53.718909254239094],[-2.109374429792048,53.718646080366845]]],[[[-2.104925021742827,53.71087777837299],[-2.1048812131527312,53.71061460614724],[-2.104751500480518,53.710361549035085],[-2.1045408698605166,53.71012833161261],[-2.104257416610682,53.7099239158953],[-2.1039120339968744,53.70975615699362],[-2.1035179945626106,53.70963150131709],[-2.1030904401208788,53.70955473891424],[-2.1026458,53.70952881945442],[-2.102201159879121,53.70955473891424],[-2.1017736054373892,53.70963150131709],[-2.101379566003126,53.70975615699362],[-2.101034183389318,53.7099239158953],[-2.1007507301394837,53.71012833161261],[-2.1005400995194816,53.710361549035085],[-2.1004103868472686,53.71061460614724],[-2.100366578257173,53.71087777837299],[-2.100410358880188,53.711140952245],[-2.1005400478430545,53.7113940140453],[-2.1007506626209773,53.711627238484084],[-2.101034110307814,53.711831662477664],[-2.101253440257552,53.711938198743795],[-2.1011785045,53.71193383075442],[-2.1007338389605295,53.71195975021416],[-2.100306260076798,53.71203651261681],[-2.0999121981162214,53.71216116829302],[-2.099566795757332,53.71232892719435],[-2.0992833263023924,53.712533342911286],[-2.0990726836400615,53.712766560333456],[-2.098942963551206,53.713019617445404],[-2.098899152455368,53.713282789671084],[-2.098942935580065,53.71354596354317],[-2.0990726319561324,53.713799025343675],[-2.099283258774085,53.71403224978277],[-2.0995667226652186,53.714236673776725],[-2.0999121305879145,53.71440444095509],[-2.100306208392869,53.714529103648225],[-2.1007338109893885,53.71460587073944],[-2.1011785045,53.7146317918456],[-2.101623198010611,53.71460587073944],[-2.1020508006071306,53.714529103648225],[-2.1024448784120855,53.71440444095509],[-2.102790286334781,53.714236673776725],[-2.103073750225915,53.71403224978277],[-2.103284377043867,53.713799025343675],[-2.1034140734199345,53.71354596354317],[-2.103457856544632,53.713282789671084],[-2.103414045448794,53.713019617445404],[-2.1032843253599385,53.712766560333456],[-2.103073682697607,53.712533342911286],[-2.1027902132426677,53.71232892719435],[-2.102570913372804,53.71222241516777],[-2.1026458,53.71222678054559],[-2.1030904680879603,53.71220085943951],[-2.1035180462390377,53.71212409234851],[-2.1039121015153803,53.71199942965568],[-2.104257489692186,53.711831662477664],[-2.1045409373790225,53.711627238484084],[-2.1047515521569453,53.7113940140453],[-2.104881241119812,53.711140952245],[-2.104925021742827,53.71087777837299]]],[[[-2.1041400211360566,53.73650416835269],[-2.10409618582751,53.73624099612772],[-2.103966394072483,53.73598793901776],[-2.1037556350465003,53.73575472159858],[-2.103472009003484,53.73555030588516],[-2.1031264158501295,53.735382546987346],[-2.1027321362203786,53.73525789131411],[-2.102304321156403,53.73518112891346],[-2.10185941,53.73515520945441],[-2.1014144988435968,53.73518112891346],[-2.1009866837796216,53.73525789131411],[-2.1005924041498707,53.735382546987346],[-2.1002468109965156,53.73555030588516],[-2.0999631849535,53.73575472159858],[-2.0997524259275173,53.73598793901776],[-2.09962263417249,53.73624099612772],[-2.099578798863943,53.73650416835269],[-2.0996226061621086,53.73676734222547],[-2.099752374171081,53.73702040402797],[-2.0999631173304563,53.73725362847004],[-2.100246737801861,53.737458052467524],[-2.1005923365268275,53.7376258196494],[-2.1009866320231847,53.73775048234553],[-2.1014144708332156,53.73782724943873],[-2.10185941,53.737853170545584],[-2.1023043491667845,53.73782724943873],[-2.1027321879768155,53.73775048234553],[-2.1031264834731727,53.7376258196494],[-2.1034720821981385,53.737458052467524],[-2.1037557026695435,53.73725362847004],[-2.103966445828919,53.73702040402797],[-2.1040962138378916,53.73676734222547],[-2.1041400211360566,53.73650416835269]]],[[[-2.0978255934921997,53.730833308357205],[-2.0977817640997385,53.73057013613205],[-2.0976519898554797,53.73031707902161],[-2.0974412592615574,53.7300838616017],[-2.097157671478956,53.72987944588741],[-2.0968121249439355,53.72971168698875],[-2.096417898499031,53.729587031314786],[-2.0959901411428583,53.72951026891365],[-2.09554529,53.729484349454424],[-2.0951004388571417,53.72951026891365],[-2.094672681500969,53.729587031314786],[-2.0942784550560645,53.72971168698875],[-2.0939329085210434,53.72987944588741],[-2.093649320738442,53.7300838616017],[-2.0934385901445203,53.73031707902161],[-2.093308815900261,53.73057013613205],[-2.0932649865078,53.730833308357205],[-2.0932750386678505,53.73089370520278],[-2.0931184778701795,53.73072044060134],[-2.092834885793331,53.73051602488715],[-2.0924893340259922,53.73034826598858],[-2.0920951016117617,53.7302236103147],[-2.091667337778619,53.730146847913616],[-2.0912224799,53.73012092845441],[-2.0907776220213807,53.730146847913616],[-2.090349858188238,53.7302236103147],[-2.0899556257740075,53.73034826598858],[-2.0896100740066688,53.73051602488715],[-2.08932648192982,53.73072044060134],[-2.089115748144759,53.730953658021164],[-2.0889859719351382,53.73120671513156],[-2.088942141878671,53.73146988735669],[-2.08898594393327,53.731733061229306],[-2.0891156964040536,53.73198612303139],[-2.0893264143273305,53.732219347472814],[-2.089610000834261,53.73242377146952],[-2.0899555581715177,53.732591538650645],[-2.090349806447532,53.73271620134612],[-2.0907775940195124,53.732792968438886],[-2.0912224799,53.73281888954559],[-2.091667365780487,53.732792968438886],[-2.0920951533524677,53.73271620134612],[-2.092489401628482,53.732591538650645],[-2.0928349589657382,53.73242377146952],[-2.093118545472669,53.732219347472814],[-2.093329263395946,53.73198612303139],[-2.0934590158667294,53.731733061229306],[-2.0935028179213284,53.73146988735669],[-2.0934927726756993,53.73140957190521],[-2.0936492531385507,53.731582768473174],[-2.0939328353514486,53.73178719246979],[-2.094278387456173,53.73195495965081],[-2.094672629762252,53.73207962234621],[-2.0951004108563493,53.73215638943892],[-2.09554529,53.7321823105456],[-2.09599016914365,53.73215638943892],[-2.0964179502377474,53.73207962234621],[-2.0968121925438266,53.73195495965081],[-2.097157744648551,53.73178719246979],[-2.097441326861449,53.731582768473174],[-2.097652041594196,53.73134954403182],[-2.0977817921005304,53.731096482229816],[-2.0978255934921997,53.730833308357205]]],[[[-2.092963803852599,53.721130370964886],[-2.092919984577961,53.72086719873944],[-2.0927902402810203,53.72061414162817],[-2.0925795583122606,53.72038092420701],[-2.0922960359635003,53.720176508491264],[-2.0919505691562277,53.72000874959112],[-2.0916406420192954,53.71991072701311],[-2.091581892845174,53.71988219829114],[-2.0911877585441916,53.71975754261591],[-2.0907601011680645,53.71968078021394],[-2.090315354,53.71965486075442],[-2.0898706068319353,53.71968078021394],[-2.089442949455808,53.71975754261591],[-2.089048815154826,53.71988219829114],[-2.0887033493871,53.7200499571913],[-2.088661544111825,53.72008009831076],[-2.0883855332391095,53.72009618381393],[-2.087957871638931,53.720172946215854],[-2.0875637334449646,53.72029760189103],[-2.0872182642649055,53.72046536079113],[-2.086934739968761,53.72066977650683],[-2.086724056552862,53.72090299392795],[-2.086594311364656,53.72115605103921],[-2.0865504917889006,53.72141922326464],[-2.0865942833797746,53.72168239713697],[-2.0867240048435436,53.721935458938184],[-2.08693467240728,53.722168683378314],[-2.0872181911368854,53.722373107373485],[-2.0875636658834837,53.722540874553104],[-2.087957819929612,53.722665537247295],[-2.088385505254228,53.72274230433918],[-2.0888302848,53.722768225445584],[-2.0892750643457725,53.72274230433918],[-2.0897027496703884,53.722665537247295],[-2.0900969037165167,53.722540874553104],[-2.0902728912986723,53.722455412618196],[-2.0906840265,53.7224793731456],[-2.0911288029907062,53.72245345203921],[-2.0915564853776885,53.72237668494734],[-2.0919506367165304,53.72225202225319],[-2.0922961090902454,53.722084255073625],[-2.0925796258725633,53.72187983107848],[-2.092790291989438,53.72164660663839],[-2.0929200125623546,53.721393544837206],[-2.092963803852599,53.721130370964886]]],[[[-2.0767992429269033,53.71690311396823],[-2.0767554280584215,53.71663994174265],[-2.0766256968030765,53.71638688463102],[-2.076415036009826,53.71615366720932],[-2.076131542156496,53.71594925149292],[-2.0757861100694304,53.71578149259214],[-2.07539201419326,53.715656836916395],[-2.074964398509677,53.715580074514065],[-2.0745196947,53.71555415505442],[-2.0740749908903235,53.715580074514065],[-2.0736473752067406,53.715656836916395],[-2.0732532793305705,53.71578149259214],[-2.0729078472435045,53.71594925149292],[-2.0726243533901743,53.71615366720932],[-2.072413692596924,53.71638688463102],[-2.072283961341579,53.71663994174265],[-2.072240146473097,53.71690311396823],[-2.072283933364325,53.71716628784042],[-2.0724136409017,53.71741934964123],[-2.0726242858471093,53.71765257408079],[-2.0729077741354174,53.71785699807529],[-2.073253211787505,53.71802476525422],[-2.0736473235115165,53.71814942794782],[-2.0740749629130697,53.718226195039335],[-2.0745196947,53.7182521161456],[-2.074964426486931,53.718226195039335],[-2.075392065888484,53.71814942794782],[-2.0757861776124957,53.71802476525422],[-2.0761316152645835,53.71785699807529],[-2.0764151035528915,53.71765257408079],[-2.0766257484983,53.71741934964123],[-2.0767554560356754,53.71716628784042],[-2.0767992429269033,53.71690311396823]]],[[[-2.063582705804652,53.71780128486751],[-2.063538890000083,53.71753811264197],[-2.0634091559740506,53.717285055530404],[-2.0631984906820637,53.71705183810883],[-2.06291499077488,53.71684742239256],[-2.0625695513115074,53.716679663491924],[-2.0621754470200266,53.71655500781629],[-2.0617478222054757,53.71647824541403],[-2.0613031089,53.71645232595442],[-2.060858395594524,53.71647824541403],[-2.0604307707799734,53.71655500781629],[-2.0600366664884926,53.716679663491924],[-2.05969122702512,53.71684742239256],[-2.0594077271179363,53.71705183810883],[-2.059197061825949,53.717285055530404],[-2.059067327799917,53.71753811264197],[-2.0590235119953477,53.71780128486751],[-2.059067299821147,53.71806445873973],[-2.0591970101279222,53.71831752054063],[-2.0594076595712085,53.7185507449803],[-2.059691153913069,53.71875516897493],[-2.0600365989417653,53.71892293615399],[-2.0604307190819466,53.71904759884771],[-2.0608583676157535,53.71912436593931],[-2.0613031089,53.71915028704559],[-2.0617478501842466,53.71912436593931],[-2.0621754987180534,53.71904759884771],[-2.0625696188582348,53.71892293615399],[-2.062915063886931,53.71875516897493],[-2.0631985582287915,53.7185507449803],[-2.0634092076720774,53.71831752054063],[-2.0635389179788532,53.71806445873973],[-2.063582705804652,53.71780128486751]]],[[[-2.0618333951879038,53.72145937836461],[-2.061789575570288,53.72119620613918],[-2.06165983025818,53.720943149027924],[-2.0614491466411042,53.72070993160681],[-2.061165622074239,53.72050551589111],[-2.0608201525643213,53.72033775699102],[-2.0604260139940336,53.720213101315856],[-2.0599983519855303,53.72013633891392],[-2.0595536,53.720110419454414],[-2.05910884801447,53.72013633891392],[-2.058681186005967,53.720213101315856],[-2.0582870474356794,53.72033775699102],[-2.057941577925761,53.72050551589111],[-2.0576580533588964,53.72070993160681],[-2.05744736974182,53.720943149027924],[-2.057317624429712,53.72119620613918],[-2.0572738048120964,53.72145937836461],[-2.057317596444763,53.72172255223693],[-2.0574473180323762,53.72197561403815],[-2.0576579857972517,53.72220883847829],[-2.0579415047975638,53.722413262473474],[-2.058286979874034,53.722581029653085],[-2.0586811342965223,53.722705692347276],[-2.0591088200295204,53.72278245943918],[-2.0595536,53.72280838054558],[-2.05999837997048,53.72278245943918],[-2.0604260657034783,53.722705692347276],[-2.0608202201259664,53.722581029653085],[-2.061165695202437,53.722413262473474],[-2.061449214202749,53.72220883847829],[-2.0616598819676244,53.72197561403815],[-2.0617896035552374,53.72172255223693],[-2.0618333951879038,53.72145937836461]]],[[[-2.0402120602117573,53.75065562974149],[-2.0401682101309553,53.75039245751694],[-2.040038374652163,53.750139400408194],[-2.039827544632343,53.749906182990834],[-2.0395438230544403,53.74970176727956],[-2.0391981134967736,53.7495340083839],[-2.038803701066367,53.74940935271248],[-2.038375741908074,53.74933259031305],[-2.0379306809,53.74930667085442],[-2.037485619891927,53.74933259031305],[-2.0370576607336335,53.74940935271248],[-2.0366632483032268,53.7495340083839],[-2.03631753874556,53.74970176727956],[-2.0360338171676573,53.749906182990834],[-2.0358229871478373,53.750139400408194],[-2.035693151669045,53.75039245751694],[-2.035649301588243,53.75065562974149],[-2.0356931236347133,53.750918803614695],[-2.035822935347146,53.75117186541842],[-2.0360337494867933,53.75140508986231],[-2.0363174654883203,53.75160951386192],[-2.0366631806223623,53.75177728104596],[-2.0370576089329426,53.7519019437439],[-2.037485591857595,53.751978710838316],[-2.0379306809,53.752004631945596],[-2.038375769942405,53.751978710838316],[-2.038803752867058,53.7519019437439],[-2.039198181177638,53.75177728104596],[-2.03954389631168,53.75160951386192],[-2.039827612313207,53.75140508986231],[-2.0400384264528544,53.75117186541842],[-2.040168238165287,53.750918803614695],[-2.0402120602117573,53.75065562974149]]]]}},{"type":"Feature","properties":{"species":"Polystichum setiferum","commonName":"soft shield fern","observedAt":"2021-10-04 11:34:11 UTC","imageUrl":"https://static.inaturalist.org/photos/161477810/medium.jpeg","locations":[],"common":false,"recordCount":10},"geometry":{"type":"MultiPolygon","coordinates":[[[[-2.1167113180101023,53.72698921256024],[-2.116667492626815,53.726726040334974],[-2.11653773024914,53.7264729832242],[-2.1163270189228722,53.7262397658038],[-2.116043457068341,53.726035350088935],[-2.1156979421253315,53.72586759118968],[-2.115303751722389,53.725742935515214],[-2.114876033473268,53.72566617311376],[-2.114706439325907,53.72565629072818],[-2.1144535109603204,53.72553348468975],[-2.114059323689541,53.72540882901525],[-2.113631608838949,53.72533206661376],[-2.1131868019,53.72530614715441],[-2.1127419949610515,53.72533206661376],[-2.1123142801104593,53.72540882901525],[-2.11192009283968,53.72553348468975],[-2.1115745806421184,53.72570124358905],[-2.1112910210408207,53.72590565930396],[-2.1112132069814864,53.72599178537381],[-2.11120555500902,53.725997301603925],[-2.1109948448978986,53.726230519024355],[-2.1108650832686098,53.72648357613516],[-2.110821258138168,53.72674674836043],[-2.110865055274726,53.72700992223292],[-2.110994793171946,53.72726298403458],[-2.111205487425806,53.72749620847541],[-2.1114890420768107,53.72770063247139],[-2.111834560595747,53.727868399651804],[-2.1118981575569618,53.72788851149448],[-2.1119213150510183,53.727899755651805],[-2.112315519332159,53.72802441834666],[-2.112743259165995,53.72810118543903],[-2.1131880954,53.728127106545585],[-2.1132114882099113,53.7281257434203],[-2.1135586425509008,53.72823552654665],[-2.1139863845324385,53.72831229363902],[-2.114431223,53.72833821474559],[-2.1148760614675615,53.72831229363902],[-2.115303803449099,53.72823552654665],[-2.115698009709535,53.72811086385174],[-2.1160435302209555,53.72794309667129],[-2.116327086507076,53.72773867267527],[-2.11653778197585,53.72750544823442],[-2.116667520621109,53.72725238643273],[-2.1167113180101023,53.72698921256024]]],[[[-2.1029811712410185,53.716189271868785],[-2.1029373571164776,53.7159260996432],[-2.1028076280630925,53.7156730425315],[-2.102596970845143,53.71543982510971],[-2.102313481803019,53.7152354093932],[-2.101968055578159,53.715067650492315],[-2.101573966389926,53.71494299481648],[-2.1011463579630374,53.71486623241408],[-2.1007016617,53.714840312954415],[-2.1002569654369627,53.71486623241408],[-2.099829357010074,53.71494299481648],[-2.0994352678218413,53.715067650492315],[-2.0990898415969808,53.7152354093932],[-2.0988063525548566,53.71543982510971],[-2.0985956953369076,53.7156730425315],[-2.098465966283522,53.7159260996432],[-2.0984221521589816,53.716189271868785],[-2.098465938307474,53.716452445740956],[-2.0985956436439106,53.71670550754172],[-2.098806285014702,53.71693873198117],[-2.0990897684920435,53.71714315597557],[-2.099435200281686,53.717310923154386],[-2.099829305317077,53.7174355858479],[-2.100256937460914,53.717512352939345],[-2.1007016617,53.7175382740456],[-2.101146385939086,53.717512352939345],[-2.101574018082923,53.7174355858479],[-2.101968123118314,53.717310923154386],[-2.102313554907956,53.71714315597557],[-2.1025970383852983,53.71693873198117],[-2.102807679756089,53.71670550754172],[-2.102937385092526,53.716452445740956],[-2.1029811712410185,53.716189271868785]]],[[[-2.1025455295055364,53.745133988345856],[-2.102501685190101,53.74487081612114],[-2.1023718667759685,53.744617759011916],[-2.1021610644638646,53.74438454159385],[-2.101877380171642,53.744180125881726],[-2.1015317160446454,53.74401236698524],[-2.1011373554441293,53.743887711313114],[-2.1007094525234553,53.74381094891321],[-2.1002644500000005,53.743785029454415],[-2.0998194474765453,53.74381094891321],[-2.0993915445558713,53.743887711313114],[-2.098997183955355,53.74401236698524],[-2.0986515198283584,53.744180125881726],[-2.098367835536136,53.74438454159385],[-2.098157033224032,53.744617759011916],[-2.0980272148098997,53.74487081612114],[-2.097983370494464,53.745133988345856],[-2.098027186784916,53.74539716221889],[-2.0981569814406145,53.74565022402215],[-2.09836776787784,53.74588344846532],[-2.098651446595547,53.7460878724641],[-2.0989971162970593,53.746255639647295],[-2.0993914927724537,53.746380302344534],[-2.0998194194515616,53.74645706943847],[-2.1002644500000005,53.74648299054559],[-2.100709480548439,53.74645706943847],[-2.101137407227547,53.746380302344534],[-2.1015317837029412,53.746255639647295],[-2.1018774534044535,53.7460878724641],[-2.1021611321221605,53.74588344846532],[-2.102371918559386,53.74565022402215],[-2.1025017132150845,53.74539716221889],[-2.1025455295055364,53.745133988345856]]],[[[-2.1019365230548988,53.71129515977265],[-2.101892714029966,53.71103198754691],[-2.1017630000706977,53.710778930434785],[-2.1015523673609167,53.71054571301237],[-2.1012689112989107,53.71034129729514],[-2.100923525258618,53.7101735383935],[-2.1005294819152254,53.710048882717025],[-2.1001019232319234,53.70997212031422],[-2.0996572787,53.709946200854404],[-2.0992126341680772,53.70997212031422],[-2.098785075484775,53.710048882717025],[-2.0983910321413823,53.7101735383935],[-2.0980456461010895,53.71034129729514],[-2.097762190039084,53.71054571301237],[-2.0975515573293024,53.710778930434785],[-2.097421843370034,53.71103198754691],[-2.097378034345102,53.71129515977265],[-2.0974218154022486,53.71155833364467],[-2.0975515056515737,53.71181139544501],[-2.097762122518877,53.71204461988384],[-2.0980455730177443,53.7122490438775],[-2.0983909646211756,53.71241681105556],[-2.0987850238070465,53.71254147374845],[-2.0992126062002914,53.712618240839475],[-2.0996572787,53.71264416194558],[-2.100101951199709,53.712618240839475],[-2.100529533592954,53.71254147374845],[-2.1009235927788246,53.71241681105556],[-2.101268984382256,53.7122490438775],[-2.1015524348811234,53.71204461988384],[-2.1017630517484265,53.71181139544501],[-2.1018927419977516,53.71155833364467],[-2.1019365230548988,53.71129515977265]]],[[[-2.0908263618412746,53.71899937836657],[-2.0907825447879547,53.71873620614107],[-2.0906528070657977,53.7184831490296],[-2.09044213577245,53.71824993160817],[-2.0901586277893625,53.7180455158921],[-2.0898131784859193,53.71787775699164],[-2.089419062968327,53.717753101316156],[-2.088991425972971,53.71767633891401],[-2.088881617327483,53.717669939061246],[-2.0888632557230404,53.717664131416164],[-2.088435619632256,53.71758736901401],[-2.0879908946,53.717561449554424],[-2.087546169567743,53.71758736901401],[-2.087118533476959,53.717664131416164],[-2.0867244187930405,53.71778878709166],[-2.086378970220341,53.71795654599213],[-2.0860954628369868,53.71816096170822],[-2.0858847919893124,53.71839417912966],[-2.0857550545416372,53.71864723624113],[-2.0857112375810516,53.71891040846664],[-2.085755026560993,53.71917358233889],[-2.085884740287824,53.71942664413989],[-2.0860953952857373,53.71965986857969],[-2.086378897103395,53.7198642925745],[-2.08672435124179,53.72003205975372],[-2.087118481775471,53.720156722447584],[-2.087546141587099,53.72023348953927],[-2.087655936295522,53.72023988859724],[-2.0876742853299075,53.720245692347575],[-2.088101946046235,53.72032245943927],[-2.0885467,53.720348380545595],[-2.0889914539537653,53.72032245943927],[-2.089419114670093,53.720245692347575],[-2.089813246037532,53.7201210296537],[-2.0901587009067013,53.71995326247446],[-2.0904422033240624,53.71974883847965],[-2.0906528587675637,53.71951561403983],[-2.090782572768749,53.71926255223882],[-2.0908263618412746,53.71899937836657]]],[[[-2.0802606913682373,53.7180681483673],[-2.0802168752855286,53.71780497614177],[-2.0800871404362447,53.71755191903023],[-2.0798764738075515,53.71731870160869],[-2.07959297210159,53.71711428589247],[-2.0792475304465006,53.71694652699186],[-2.0788534236545844,53.716821871316256],[-2.078425796126956,53.71674510891403],[-2.07798108,53.716719189454416],[-2.077536363873044,53.71674510891403],[-2.0771087363454157,53.716821871316256],[-2.0767146295534995,53.71694652699186],[-2.0763691878984094,53.71711428589247],[-2.0760856861924486,53.71731870160869],[-2.0758750195637554,53.71755191903023],[-2.0757452847144715,53.71780497614177],[-2.0757014686317627,53.7180681483673],[-2.07574525673525,53.71833132223953],[-2.075874967864896,53.718584384040454],[-2.0760856186446333,53.71881760848015],[-2.076369114785181,53.719022032474825],[-2.0767145620056837,53.71918979965393],[-2.077108684646556,53.71931446234769],[-2.0775363358938224,53.719391229439296],[-2.07798108,53.7194171505456],[-2.0784258241061773,53.719391229439296],[-2.0788534753534442,53.71931446234769],[-2.079247597994316,53.71918979965393],[-2.079593045214819,53.719022032474825],[-2.079876541355367,53.71881760848015],[-2.080087192135104,53.718584384040454],[-2.08021690326475,53.71833132223953],[-2.0802606913682373,53.7180681483673]]]]}},{"type":"Feature","properties":{"species":"Equisetum telmateia","commonName":"great horsetail","observedAt":"2021-10-24 13:23:09 UTC","imageUrl":"https://static.inaturalist.org/photos/165352720/medium.jpeg","locations":[],"common":false,"recordCount":1},"geometry":{"type":"Polygon","coordinates":[[[-2.069027569355146,53.707669404575526],[-2.0690713466413886,53.70793257844743],[-2.069201025716447,53.70818564024747],[-2.069411624435247,53.70841886468583],[-2.069695050508614,53.70862328867893],[-2.070040412348136,53.708791055856466],[-2.07043443757557,53.70891571854889],[-2.07086198312105,53.708992485639605],[-2.0713066173,53.709018406745585],[-2.07175125147895,53.708992485639605],[-2.07217879702443,53.70891571854889],[-2.0725728222518636,53.708791055856466],[-2.072918184091386,53.70862328867893],[-2.073201610164753,53.70841886468583],[-2.0734122088835534,53.70818564024747],[-2.073541887958611,53.70793257844743],[-2.073585665244854,53.707669404575526],[-2.0735418599969453,53.70740623234969],[-2.073412157217131,53.707153175237245],[-2.0732015426593193,53.706919957814364],[-2.0729181110240313,53.706715542096575],[-2.0725727547464303,53.706547783194395],[-2.0721787453580083,53.70642312751745],[-2.071751223517284,53.706346365114335],[-2.0713066173,53.70632044565442],[-2.070862011082716,53.706346365114335],[-2.070434489241992,53.70642312751745],[-2.07004047985357,53.706547783194395],[-2.069695123575969,53.706715542096575],[-2.0694116919406804,53.706919957814364],[-2.069201077382869,53.707153175237245],[-2.0690713746030545,53.70740623234969],[-2.069027569355146,53.707669404575526]]]}},{"type":"Feature","properties":{"species":"Dryopteris borreri","commonName":"Borrer's Male-fern","observedAt":"2021-10-29 14:31:45 UTC","imageUrl":"https://static.inaturalist.org/photos/166274903/medium.jpeg","locations":[],"common":false,"recordCount":9},"geometry":{"type":"MultiPolygon","coordinates":[[[[-2.1701261499963205,53.73722034915214],[-2.170082313940479,53.736957176927184],[-2.169952519973566,53.73670411981729],[-2.169741757356167,53.73647090239819],[-2.1694581264802575,53.736266486684876],[-2.169112527438273,53.73609872778718],[-2.1687182410904384,53.73597407211404],[-2.1682904187370586,53.73589730971346],[-2.1678455,53.735871390254424],[-2.167400581262941,53.73589730971346],[-2.1669727589095613,53.73597407211404],[-2.166578472561727,53.73609872778718],[-2.1662328735197423,53.736266486684876],[-2.1659492426438334,53.73647090239819],[-2.1657384800264343,53.73670411981729],[-2.1656086860595214,53.736957176927184],[-2.1655648500036797,53.73722034915214],[-2.165608658047928,53.737483523024935],[-2.1657384282677596,53.7377365848275],[-2.165949175017866,53.73796980926967],[-2.1662328003219224,53.738174233267245],[-2.1665784049357595,53.738342000449244],[-2.166972707150886,53.738466663145466],[-2.1674005532513485,53.738543430238714],[-2.1678455,53.73856935134559],[-2.1682904467486517,53.738543430238714],[-2.1687182928491135,53.738466663145466],[-2.1691125950642407,53.738342000449244],[-2.1694581996780773,53.738174233267245],[-2.169741824982134,53.73796980926967],[-2.1699525717322405,53.7377365848275],[-2.170082341952072,53.737483523024935],[-2.1701261499963205,53.73722034915214]]],[[[-2.135534654885821,53.70571675027708],[-2.1354908516716895,53.70545357805117],[-2.135361154911569,53.70520052093856],[-2.1351505501278742,53.70496730351543],[-2.1348671316454064,53.70476288779735],[-2.1345217913938366,53.70459512889487],[-2.1341278002888218,53.70447047321768],[-2.1337002982863673,53.704393710814394],[-2.1332557127,53.70436779135442],[-2.1328111271136327,53.704393710814394],[-2.132383625111178,53.70447047321768],[-2.1319896340061635,53.70459512889487],[-2.131644293754593,53.70476288779735],[-2.1313608752721254,53.70496730351543],[-2.131150270488431,53.70520052093856],[-2.13102057372831,53.70545357805117],[-2.130976770514179,53.70571675027708],[-2.131020545769939,53.70597992414892],[-2.131150218828097,53.706232985948795],[-2.131360807774646,53.70646621038691],[-2.1316442206958484,53.70667063437971],[-2.1319895665086843,53.70683840155694],[-2.1323835734508436,53.706963064249116],[-2.1328110991552616,53.70703983133967],[-2.1332557127,53.707065752445594],[-2.1337003262447385,53.70703983133967],[-2.1341278519491564,53.706963064249116],[-2.1345218588913153,53.70683840155694],[-2.1348672047041513,53.70667063437971],[-2.1351506176253534,53.70646621038691],[-2.1353612065719028,53.706232985948795],[-2.135490879630061,53.70597992414892],[-2.135534654885821,53.70571675027708]]],[[[-2.114412192711517,53.72325827836319],[-2.114368371218492,53.722995106137816],[-2.1142386203554424,53.72274204902672],[-2.114027927725356,53.722508831605836],[-2.1137443910298765,53.722304415890406],[-2.113398906741869,53.72213665699059],[-2.113004751311897,53.722012001315655],[-2.1125770710099236,53.72193523891387],[-2.1121323,53.72190931945441],[-2.111687528990076,53.72193523891387],[-2.111259848688103,53.722012001315655],[-2.1108656932581304,53.72213665699059],[-2.110520208970123,53.722304415890406],[-2.1102366722746435,53.722508831605836],[-2.1100259796445573,53.72274204902672],[-2.109896228781507,53.722995106137816],[-2.1098524072884826,53.72325827836319],[-2.1098962007935183,53.723521452235566],[-2.110025927929497,53.72377451403693],[-2.110236604705661,53.724007738477304],[-2.110520135833984,53.72421216247276],[-2.110865625689148,53.72437992965265],[-2.1112597969730427,53.724504592347074],[-2.111687501002087,53.72458135943913],[-2.1121323,53.724607280545584],[-2.1125770989979125,53.72458135943913],[-2.113004803026957,53.724504592347074],[-2.1133989743108517,53.72437992965265],[-2.113744464166016,53.72421216247276],[-2.1140279952943386,53.724007738477304],[-2.1142386720705026,53.72377451403693],[-2.1143683992064815,53.723521452235566],[-2.114412192711517,53.72325827836319]]],[[[-2.1103352327444527,53.71683147536828],[-2.1102914179506316,53.716568303142715],[-2.1101616869162716,53.716315246031066],[-2.1099510264818324,53.71608202860935],[-2.1096675331113466,53.715877612892946],[-2.109322101612602,53.71570985399216],[-2.108928006407622,53.715585198316404],[-2.1085003914523086,53.71550843591407],[-2.1080556884,53.715482516454415],[-2.107610985347691,53.71550843591407],[-2.1071833703923777,53.715585198316404],[-2.106789275187398,53.71570985399216],[-2.1064438436886532,53.715877612892946],[-2.1061603503181674,53.71608202860935],[-2.105949689883728,53.716315246031066],[-2.1058199588493682,53.716568303142715],[-2.105776144055547,53.71683147536828],[-2.105819930872235,53.71709464924046],[-2.105949638188728,53.71734771104128],[-2.1061602827753942,53.71758093548083],[-2.1064437705808823,53.71778535947532],[-2.106789207644624,53.71795312665423],[-2.107183318697377,53.718077789347824],[-2.1076109573705586,53.71815455643932],[-2.1080556884,53.7181804775456],[-2.108500419429441,53.71815455643932],[-2.108928058102623,53.718077789347824],[-2.1093221691553756,53.71795312665423],[-2.1096676062191175,53.71778535947532],[-2.1099510940246056,53.71758093548083],[-2.110161738611272,53.71734771104128],[-2.1102914459277646,53.71709464924046],[-2.1103352327444527,53.71683147536828]]],[[[-2.0940898846981524,53.71924026986636],[-2.0940460673937444,53.718977097640874],[-2.093916328928404,53.71872404052943],[-2.0937056564283556,53.71849082310803],[-2.093422146821438,53.718286407392],[-2.0930766955394406,53.71811864849157],[-2.0926825777646014,53.71799399281611],[-2.092254938320038,53.717917230413995],[-2.0918102098,53.71789131095441],[-2.0913654812799627,53.717917230413995],[-2.0909378418353994,53.71799399281611],[-2.09054372406056,53.71811864849157],[-2.090198272778563,53.718286407392],[-2.0899147631716453,53.71849082310803],[-2.0897040906715967,53.71872404052943],[-2.0895743522062564,53.718977097640874],[-2.0895305349018485,53.71924026986636],[-2.0895743242250555,53.719503443738624],[-2.0897040389690793,53.71975650553964],[-2.0898272215591804,53.71989288476423],[-2.0898075075716718,53.71989911982872],[-2.089534872759463,53.719850183413925],[-2.0890901238,53.71982426395442],[-2.0886453748405374,53.719850183413925],[-2.0882177157418385,53.719926945815885],[-2.0878235798532936,53.7200516014911],[-2.087478112694016,53.720219360391226],[-2.087194590056358,53.720423776106976],[-2.086983907872914,53.720656993528124],[-2.086854163443753,53.720910050639404],[-2.086810344124444,53.721173222864834],[-2.0868541354592867,53.721436396737154],[-2.086983856164363,53.72168945853834],[-2.087194522495881,53.721922682978445],[-2.087478039567081,53.722127106973595],[-2.0878235122928164,53.722294874153164],[-2.0882176640332877,53.72241953684732],[-2.088645346856071,53.722496303939195],[-2.0890901238,53.72252222504559],[-2.0895349007439292,53.722496303939195],[-2.0899625835667126,53.72241953684732],[-2.0899968053981923,53.72240871313332],[-2.090269398264975,53.7224576423392],[-2.0907141748,53.72248356344559],[-2.0911589513350255,53.7224576423392],[-2.0915866337646225,53.722380875247325],[-2.091980785142738,53.72225621255318],[-2.092326257550875,53.72208844537361],[-2.0926097743614425,53.72188402137848],[-2.092820440499305,53.721650796938384],[-2.0929501610851458,53.721397735137195],[-2.092993952379751,53.721134561264876],[-2.0929501331007447,53.72087138903943],[-2.0928203887908747,53.72061833192815],[-2.092697206258316,53.720481973274005],[-2.093076763092036,53.720361921153625],[-2.0934222199398396,53.72019415397436],[-2.0937057239809507,53.7199897299795],[-2.0939163806309216,53.71975650553964],[-2.0940460953749453,53.719503443738624],[-2.0940898846981524,53.71924026986636]]],[[[-2.0637037295257814,53.717598713967675],[-2.063659913932339,53.71733554174212],[-2.0635301805312127,53.71708248463055],[-2.0633195162538795,53.71684926720894],[-2.063036017712093,53.71664485149265],[-2.062690579912386,53.71647709259198],[-2.0624384020798883,53.71639732804699],[-2.0624643093775896,53.71624161406875],[-2.062420495198501,53.71597844184317],[-2.062290765983661,53.71572538473146],[-2.062080108503559,53.71549216730968],[-2.0617966191086623,53.715287751593195],[-2.0614511924539665,53.71511999269231],[-2.061057102775353,53.71499533701647],[-2.0606294938163807,53.71491857461408],[-2.060184797,53.71489265515442],[-2.0597401001836193,53.71491857461408],[-2.059312491224647,53.71499533701647],[-2.0589184015460336,53.71511999269231],[-2.0585729748913377,53.715287751593195],[-2.058289485496441,53.71549216730968],[-2.058078828016339,53.71572538473146],[-2.0579490988014992,53.71597844184317],[-2.0579052846224104,53.71624161406875],[-2.0579490708253627,53.71650478794092],[-2.058078776323179,53.71675784974169],[-2.0582894179560727,53.71699107418116],[-2.0585729017861696,53.71719549817555],[-2.0589183340056647,53.71736326535438],[-2.0591704786498406,53.717443023257886],[-2.0591445576742187,53.717598713967675],[-2.059188345289233,53.71786188783989],[-2.0593180549713925,53.718114949640764],[-2.059528703400219,53.71834817408041],[-2.05981219637675,53.718552598075014],[-2.060157639741712,53.71872036525404],[-2.0605517579836947,53.718845027947744],[-2.060979404457796,53.71892179503931],[-2.0614241436,53.7189477161456],[-2.0618688827422043,53.71892179503931],[-2.062296529216305,53.718845027947744],[-2.062690647458288,53.71872036525404],[-2.06303609082325,53.718552598075014],[-2.063319583799781,53.71834817408041],[-2.063530232228607,53.718114949640764],[-2.063659941910767,53.71786188783989],[-2.0637037295257814,53.717598713967675]]]]}},{"type":"Feature","properties":{"species":"Polypodium interjectum","commonName":"intermediate polypody","observedAt":"2022-03-24 04:34:00 UTC","imageUrl":"https://inaturalist-open-data.s3.amazonaws.com/photos/185477864/medium.jpeg","locations":[],"common":false,"recordCount":1},"geometry":{"type":"Polygon","coordinates":[[[-2.1226000896637043,53.70873078627468],[-2.122643868053733,53.70899396014662],[-2.122773550399626,53.70924702194675],[-2.1229841544306978,53.709480246385255],[-2.1232675876536855,53.70968467037853],[-2.123612958205441,53.70985243755619],[-2.124006993372893,53.70997710024876],[-2.1244345497041306,53.71005386733956],[-2.1248791951,53.71007978844558],[-2.1253238404958696,53.71005386733956],[-2.125751396827108,53.70997710024876],[-2.12614543199456,53.70985243755619],[-2.126490802546315,53.70968467037853],[-2.126774235769303,53.709480246385255],[-2.126984839800375,53.70924702194675],[-2.1271145221462677,53.70899396014662],[-2.1271583005362964,53.70873078627468],[-2.12711449418281,53.708467614048864],[-2.1269847881306436,53.70821455693652],[-2.1267741682595447,53.70798133951377],[-2.12649072947428,53.707776923796146],[-2.126145364484802,53.70760916489413],[-2.1257513451573757,53.70748450921732],[-2.1253238125324128,53.7074077468143],[-2.1248791951,53.70738182735441],[-2.124434577667588,53.7074077468143],[-2.1240070450426245,53.70748450921732],[-2.123613025715198,53.70760916489413],[-2.1232676607257206,53.707776923796146],[-2.1229842219404556,53.70798133951377],[-2.122773602069357,53.70821455693652],[-2.1226438960171903,53.708467614048864],[-2.1226000896637043,53.70873078627468]]]}},{"type":"Feature","properties":{"species":"Cystopteris fragilis","commonName":"brittle bladderfern","observedAt":"2022-05-07 09:37:17 UTC","imageUrl":"https://static.inaturalist.org/photos/195691700/medium.jpeg","locations":[],"common":false,"recordCount":4},"geometry":{"type":"MultiPolygon","coordinates":[[[[-2.1625886528186906,53.762685128331945],[-2.1625447901707453,53.76242195610776],[-2.1624149174950142,53.76216889900005],[-2.1622040270788982,53.761935681584234],[-2.161920224226997,53.761731265874786],[-2.161574415641172,53.76156350698095],[-2.161179890233815,53.76143885131108],[-2.1607518084907618,53.76136208891269],[-2.16030662,53.76133616945442],[-2.1598614315092384,53.76136208891269],[-2.1594333497661857,53.76143885131108],[-2.159038824358828,53.76156350698095],[-2.1586930157730033,53.761731265874786],[-2.158409212921102,53.761935681584234],[-2.158198322504986,53.76216889900005],[-2.158068449829255,53.76242195610776],[-2.1580245871813095,53.762685128331945],[-2.1580684217745425,53.76294830220552],[-2.1581982706666363,53.76320136401027],[-2.1584091451910337,53.76343458845571],[-2.158692942462506,53.76363901245715],[-2.15903875662876,53.763806779643005],[-2.1594332979278357,53.76393144234251],[-2.1598614034545256,53.76400820943794],[-2.16030662,53.764034130545596],[-2.1607518365454745,53.76400820943794],[-2.1611799420721645,53.76393144234251],[-2.1615744833712403,53.763806779643005],[-2.161920297537494,53.76363901245715],[-2.1622040948089665,53.76343458845571],[-2.162414969333364,53.76320136401027],[-2.1625448182254576,53.76294830220552],[-2.1625886528186906,53.762685128331945]]],[[[-2.1060845790252505,53.71056180927323],[-2.1060407707643307,53.71029863704747],[-2.105911059066433,53.71004557993528],[-2.1057004300284157,53.70981236251277],[-2.1054169789074244,53.70960794679542],[-2.105071598887502,53.709440187893684],[-2.10467756241249,53.70931553221712],[-2.104250011181672,53.70923876981424],[-2.1038053744,53.70921285035441],[-2.1033607376183276,53.70923876981424],[-2.102933186387509,53.70931553221712],[-2.1025391499124972,53.709440187893684],[-2.1021937698925752,53.70960794679542],[-2.1019103187715835,53.70981236251277],[-2.1016996897335667,53.71004557993528],[-2.1015699780356685,53.71029863704747],[-2.1015261697747487,53.71056180927323],[-2.1015699500691207,53.71082498314523],[-2.101699638058125,53.7110780449455],[-2.1019102512543655,53.711311269384254],[-2.1021936968124644,53.711515693377784],[-2.102539082395279,53.71168346055575],[-2.1029331347120674,53.71180812324854],[-2.10336070965178,53.71188489033951],[-2.1038053744,53.71191081144558],[-2.1042500391482197,53.71188489033951],[-2.104677614087932,53.71180812324854],[-2.1050716664047204,53.71168346055575],[-2.1054170519875353,53.711515693377784],[-2.105700497545634,53.711311269384254],[-2.105911110741874,53.7110780449455],[-2.1060407987308785,53.71082498314523],[-2.1060845790252505,53.71056180927323]]],[[[-2.1035891506154893,53.71303863217127],[-2.1035453397740516,53.71277545994558],[-2.103415620438185,53.712522402833606],[-2.103204978998475,53.71228918541143],[-2.10292151118879,53.71208476969445],[-2.1025761108345575,53.71191701079307],[-2.102182051161009,53.711792355116835],[-2.101754474758799,53.71171559271418],[-2.1013098118,53.71168967325441],[-2.1008651488412013,53.71171559271418],[-2.1004375724389908,53.711792355116835],[-2.1000435127654424,53.71191701079307],[-2.09969811241121,53.71208476969445],[-2.0994146446015254,53.71228918541143],[-2.099204003161815,53.712522402833606],[-2.099074283825949,53.71277545994558],[-2.099030472984511,53.71303863217127],[-2.09907425585522,53.71330180604335],[-2.0992039514786476,53.71355486784384],[-2.0994145770742128,53.71378809228289],[-2.0996980393201743,53.713992516276825],[-2.10004344523813,53.71416028345514],[-2.1004375207558237,53.71428494614825],[-2.1008651208704725,53.71436171323943],[-2.1013098118,53.71438763434558],[-2.1017545027295275,53.71436171323943],[-2.1021821028441763,53.71428494614825],[-2.10257617836187,53.71416028345514],[-2.102921584279826,53.713992516276825],[-2.1032050465257877,53.71378809228289],[-2.1034156721213524,53.71355486784384],[-2.10354536774478,53.71330180604335],[-2.1035891506154893,53.71303863217127]]],[[[-2.0232864121961924,53.758718841035105],[-2.0232425536928127,53.75845566881079],[-2.0231126932843995,53.75820261170274],[-2.0229018227866042,53.75796939428642],[-2.0226180467383594,53.75776497857636],[-2.0222722708114014,53.75759721968193],[-2.021877782663135,53.75747256401154],[-2.021449741347769,53.7573958016128],[-2.0210045949,53.75736988215443],[-2.020559448452231,53.7573958016128],[-2.020131407136865,53.75747256401154],[-2.0197369189885985,53.75759721968193],[-2.0193911430616405,53.75776497857636],[-2.0191073670133957,53.75796939428642],[-2.0188964965156004,53.75820261170274],[-2.018766636107187,53.75845566881079],[-2.0187227776038075,53.758718841035105],[-2.0187666080591966,53.758982014908554],[-2.0188964446896716,53.75923507671296],[-2.0191072992995562,53.75946830115789],[-2.0193910697687087,53.75967272515873],[-2.019736851274759,53.75984049234398],[-2.0201313553109355,53.75996515504297],[-2.0205594204042403,53.76004192213807],[-2.0210045949,53.760067843245594],[-2.0214497693957596,53.76004192213807],[-2.0218778344890644,53.75996515504297],[-2.022272338525241,53.75984049234398],[-2.022618120031291,53.75967272515873],[-2.0229018905004437,53.75946830115789],[-2.0231127451103283,53.75923507671296],[-2.0232425817408033,53.758982014908554],[-2.0232864121961924,53.758718841035105]]]]}},{"type":"Feature","properties":{"species":"Polystichum aculeatum","commonName":"hard shield fern","observedAt":"2022-05-07 09:40:25 UTC","imageUrl":"https://static.inaturalist.org/photos/195692322/medium.jpeg","locations":[],"common":false,"recordCount":4},"geometry":{"type":"MultiPolygon","coordinates":[[[[-2.131158205571202,53.707344953975785],[-2.1311144006612395,53.70708178174993],[-2.1309846988816994,53.70682872463747],[-2.130774085948022,53.70659550721454],[-2.130490656498298,53.706391091496705],[-2.1301453028836925,53.706223332594476],[-2.129751296533368,53.7060986769175],[-2.1293237779891077,53.70602191451435],[-2.1288791752,53.705995995054415],[-2.128434572410892,53.70602191451435],[-2.128007053866632,53.7060986769175],[-2.127613047516307,53.706223332594476],[-2.1272676939017017,53.706391091496705],[-2.1269842644519774,53.70659550721454],[-2.1267736515183007,53.70682872463747],[-2.12664394973876,53.70708178174993],[-2.1266001448287977,53.707344953975785],[-2.126643921777642,53.70760812784768],[-2.12677359985289,53.70786118964769],[-2.126984196947866,53.70809441408602],[-2.1272676208357777,53.70829883807907],[-2.1276129800121955,53.70846660525654],[-2.128007002201221,53.70859126794892],[-2.1284345444497728,53.708668035039615],[-2.1288791752,53.708693956145595],[-2.129323805950227,53.708668035039615],[-2.1297513481987784,53.70859126794892],[-2.130145370387804,53.70846660525654],[-2.130490729564222,53.70829883807907],[-2.1307741534521343,53.70809441408602],[-2.1309847505471096,53.70786118964769],[-2.131114428622358,53.70760812784768],[-2.131158205571202,53.707344953975785]]],[[[-2.1096459050014387,53.71683068166828],[-2.1096020902084445,53.71656750944271],[-2.1094723591765328,53.716314452331055],[-2.109261698746069,53.716081234909346],[-2.1089782053809327,53.71587681919295],[-2.108632773888706,53.715709060292156],[-2.1082386786911624,53.7155844046164],[-2.1078110637439176,53.715507642214064],[-2.1073663607,53.71548172275441],[-2.1069216576560823,53.715507642214064],[-2.106494042708838,53.7155844046164],[-2.106099947511294,53.715709060292156],[-2.1057545160190676,53.71587681919295],[-2.1054710226539313,53.716081234909346],[-2.1052603622234676,53.716314452331055],[-2.1051306311915554,53.71656750944271],[-2.105086816398561,53.71683068166828],[-2.105130603214424,53.717093855540455],[-2.105260310528469,53.71734691734129],[-2.1054709551111612,53.71758014178082],[-2.1057544429112998,53.71778456577531],[-2.1060998799685238,53.717952332954226],[-2.1064939910138394,53.71807699564782],[-2.106921629678951,53.71815376273933],[-2.1073663607,53.71817968384559],[-2.1078110917210493,53.71815376273933],[-2.108238730386161,53.71807699564782],[-2.108632841431476,53.717952332954226],[-2.1089782784887,53.71778456577531],[-2.109261766288839,53.71758014178082],[-2.1094724108715313,53.71734691734129],[-2.109602118185576,53.717093855540455],[-2.1096459050014387,53.71683068166828]]],[[[-2.0247894582592636,53.75877889883504],[-2.0247455996931345,53.75851572661073],[-2.0246157390989907,53.758262669502685],[-2.024404868299626,53.75802945208637],[-2.0241210918455668,53.75782503637633],[-2.023775315424144,53.7576572774819],[-2.023380826711765,53.75753262181153],[-2.022952784784312,53.7574558594128],[-2.0225076377,53.757429939954406],[-2.0221831975918922,53.75744883104048],[-2.021942341828136,53.757275330576554],[-2.021596569932454,53.757107571682035],[-2.021202086383296,53.7569829160116],[-2.0207740500581557,53.75690615361282],[-2.0203289088,53.75688023415442],[-2.019883767541844,53.75690615361282],[-2.019455731216704,53.7569829160116],[-2.019061247667546,53.757107571682035],[-2.0187154757718635,53.757275330576554],[-2.018431703032151,53.75747974628669],[-2.0182208349929907,53.75771296370307],[-2.018090976098805,53.75796602081116],[-2.0180471181070128,53.75822919303549],[-2.018090948051644,53.75849236690892],[-2.0182207831685948,53.75874542871329],[-2.0184316353203147,53.75897865315815],[-2.0187154024811,53.759183077158916],[-2.019061179955709,53.75935084434411],[-2.019455679392308,53.75947550704302],[-2.019883739494683,53.75955227413809],[-2.0203289088,53.759578195245595],[-2.0206532995522593,53.759559306774484],[-2.020894110261236,53.75973278295871],[-2.0212398922617703,53.75990055014397],[-2.021634396862118,53.760025212842955],[-2.022062462567596,53.76010197993805],[-2.0225076377,53.76012790104559],[-2.022952812832404,53.76010197993805],[-2.023380878537882,53.760025212842955],[-2.0237753831382297,53.75990055014397],[-2.024121165138764,53.75973278295871],[-2.0244049360137115,53.759528358957844],[-2.024615790925108,53.75929513451291],[-2.024745627741227,53.75904207270849],[-2.0247894582592636,53.75877889883504]]]]}},{"type":"Feature","properties":{"species":"Equisetum fluviatile","commonName":"water horsetail","observedAt":"2022-05-29 14:52:42 UTC","imageUrl":"https://static.inaturalist.org/photos/201561373/medium.jpeg","locations":[],"common":false,"recordCount":2},"geometry":{"type":"MultiPolygon","coordinates":[[[[-2.1238053928698704,53.73616751835296],[-2.123761557912588,53.73590434612798],[-2.123631767197253,53.73565128901798],[-2.123421009859409,53.735418071598765],[-2.1231373860880844,53.73521365588529],[-2.1227917957026676,53.73504589698743],[-2.122397519230738,53.73492124131415],[-2.1219697075931316,53.73484447891348],[-2.1215248,53.73481855945441],[-2.1210798924068683,53.73484447891348],[-2.120652080769262,53.73492124131415],[-2.1202578042973323,53.73504589698743],[-2.1199122139119155,53.73521365588529],[-2.119628590140591,53.735418071598765],[-2.1194178328027466,53.73565128901798],[-2.119288042087412,53.73590434612798],[-2.1192442071301296,53.73616751835296],[-2.1192880140776,53.736430692225724],[-2.1194177810473622,53.73668375402821],[-2.1196285225189224,53.736916978470234],[-2.1199121407187493,53.73712140246765],[-2.120257736675664,53.7372891696495],[-2.1206520290138777,53.73741383234558],[-2.1210798643970565,53.737490599438736],[-2.1215248,53.73751652054559],[-2.1219697356029434,53.737490599438736],[-2.1223975709861223,53.73741383234558],[-2.122791863324336,53.7372891696495],[-2.1231374592812506,53.73712140246765],[-2.1234210774810776,53.736916978470234],[-2.1236318189526373,53.73668375402821],[-2.1237615859224,53.736430692225724],[-2.1238053928698704,53.73616751835296]]],[[[-2.1088399509753395,53.72064377836526],[-2.1087961322079445,53.7203806061398],[-2.10866638941237,53.720127549028476],[-2.108455709881363,53.71989433160726],[-2.1081721908130353,53.71968991589143],[-2.1078267280028,53.719522156991225],[-2.1074325970758907,53.719397501315946],[-2.1070049433607756,53.719320738913936],[-2.1065602,53.71929481945441],[-2.1061154566392246,53.719320738913936],[-2.10568780292411,53.719397501315946],[-2.1052936719972006,53.719522156991225],[-2.1049482091869653,53.71968991589143],[-2.1046646901186374,53.71989433160726],[-2.104454010587631,53.720127549028476],[-2.104324267792056,53.7203806061398],[-2.104280449024661,53.72064377836526],[-2.1043242398084843,53.720906952237556],[-2.1044539588807325,53.7211600140387],[-2.1046646225603185,53.72139323847873],[-2.1049481360623683,53.7215976624738],[-2.1052936044388826,53.72176542965328],[-2.1056877512172116,53.72189009234738],[-2.1061154286556527,53.72196685943921],[-2.1065602,53.721992780545584],[-2.107004971344348,53.72196685943921],[-2.107432648782789,53.72189009234738],[-2.107826795561118,53.72176542965328],[-2.1081722639376324,53.7215976624738],[-2.108455777439682,53.72139323847873],[-2.108666441119268,53.7211600140387],[-2.1087961601915164,53.720906952237556],[-2.1088399509753395,53.72064377836526]]]]}},{"type":"Feature","properties":{"species":"Cyrtomium falcatum","commonName":"Japanese holly-fern","observedAt":"2022-06-18 10:21:29 UTC","imageUrl":"https://static.inaturalist.org/photos/207028708/medium.jpeg","locations":[],"common":false,"recordCount":1},"geometry":{"type":"Polygon","coordinates":[[[-2.0969744208460455,53.71173997687231],[-2.0970182023658737,53.712003150744344],[-2.097147893986255,53.712256212544716],[-2.097358513080337,53.71248943698362],[-2.0976419665761568,53.712693860977325],[-2.0979873618315508,53.712861628155466],[-2.098381425184043,53.71298629084841],[-2.098809012098423,53.71306305793948],[-2.0992536893,53.713088979045594],[-2.0996983665015767,53.71306305793948],[-2.100125953415957,53.71298629084841],[-2.1005200167684492,53.712861628155466],[-2.1008654120238432,53.712693860977325],[-2.101148865519663,53.71248943698362],[-2.101359484613745,53.712256212544716],[-2.1014891762341263,53.712003150744344],[-2.1015329577539545,53.71173997687231],[-2.1014891482655904,53.71147680464658],[-2.1013594329346286,53.711223747534504],[-2.101148797997643,53.710990530112134],[-2.1008653389385357,53.710786114394956],[-2.1005199492464297,53.7106183554934],[-2.1001259017368406,53.71049369981699],[-2.0996983385330403,53.710416937414216],[-2.0992536893,53.710391017954414],[-2.0988090400669592,53.710416937414216],[-2.0983814768631595,53.71049369981699],[-2.09798742935357,53.7106183554934],[-2.0976420396614643,53.710786114394956],[-2.0973585806023567,53.710990530112134],[-2.0971479456653714,53.711223747534504],[-2.0970182303344096,53.71147680464658],[-2.0969744208460455,53.71173997687231]]]}},{"type":"Feature","properties":{"species":"Dryopteris carthusiana","commonName":"narrow buckler-fern","observedAt":"2022-08-28 14:19:31 UTC","imageUrl":"https://inaturalist-open-data.s3.amazonaws.com/photos/225848925/medium.jpeg","locations":[],"common":false,"recordCount":3},"geometry":{"type":"MultiPolygon","coordinates":[[[[-2.1731762167663153,53.78361668761534],[-2.173132332229506,53.78335351539179],[-2.1730023947658914,53.78310045828588],[-2.1727913991543466,53.78286724087276],[-2.172507454743217,53.78266282516648],[-2.172161473674808,53.78249506627582],[-2.1717667514895176,53.78237041060865],[-2.1713384562341034,53.782293648212054],[-2.1708930457,53.78226772875442],[-2.170447635165897,53.782293648212054],[-2.170019339910483,53.78237041060865],[-2.1696246177251926,53.78249506627582],[-2.169278636656784,53.78266282516648],[-2.168994692245654,53.78286724087276],[-2.1687836966341094,53.78310045828588],[-2.1686537591704944,53.78335351539179],[-2.168609874633685,53.78361668761534],[-2.1686537310802705,53.78387986148954],[-2.1687836447301443,53.7841329232961],[-2.168994624429856,53.78436614774423],[-2.1692785632534926,53.78457057174885],[-2.1696245499093942,53.78473833893789],[-2.170019288006518,53.784863001640076],[-2.1704476070756735,53.78493976873732],[-2.1708930457,53.7849656898456],[-2.1713384843243273,53.78493976873732],[-2.1717668033934823,53.784863001640076],[-2.1721615414906066,53.78473833893789],[-2.172507528146508,53.78457057174885],[-2.1727914669701445,53.78436614774423],[-2.173002446669856,53.7841329232961],[-2.17313236031973,53.78387986148954],[-2.1731762167663153,53.78361668761534]]],[[[-2.093347978790391,53.72159961926451],[-2.093304159026577,53.72133644703908],[-2.093174413281744,53.72108338992784],[-2.0929637289620553,53.72085017250674],[-2.0926802034497,53.720645756791065],[-2.092334732787751,53.720477997890995],[-2.0919405929031605,53.720353342215844],[-2.0915129294685832,53.72027657981392],[-2.091068176,53.720250660354424],[-2.0906234225314164,53.72027657981392],[-2.090195759096839,53.720353342215844],[-2.089801619212249,53.720477997890995],[-2.0894561485503,53.720645756791065],[-2.089172623037945,53.72085017250674],[-2.0889619387182563,53.72108338992784],[-2.0888321929734226,53.72133644703908],[-2.088788373209609,53.72159961926451],[-2.088832164988236,53.721862793136836],[-2.0889618870083746,53.72211585493806],[-2.0891725554757277,53.72234907937822],[-2.0894560754214835,53.722553503373426],[-2.089801551650032,53.72272127055307],[-2.0901957073869575,53.72284593324727],[-2.09062339454623,53.72292270033919],[-2.091068176,53.72294862144559],[-2.09151295745377,53.72292270033919],[-2.0919406446130426,53.72284593324727],[-2.0923348003499678,53.72272127055307],[-2.0926802765785166,53.722553503373426],[-2.092963796524272,53.72234907937822],[-2.0931744649916255,53.72211585493806],[-2.0933041870117637,53.721862793136836],[-2.093347978790391,53.72159961926451]]],[[[-2.062834814906881,53.79416284610696],[-2.0627909193310865,53.793899673883715],[-2.06266094919367,53.793646616778716],[-2.062449900530009,53.79341339936696],[-2.0621658847277877,53.793208983662296],[-2.0618198166730353,53.79304122477323],[-2.0614249952487813,53.79291656910742],[-2.0609965923149054,53.792839806711726],[-2.0605510698,53.79281388725442],[-2.060105547285094,53.792839806711726],[-2.0596771443512183,53.79291656910742],[-2.0592823229269643,53.79304122477323],[-2.0589362548722114,53.793208983662296],[-2.0586522390699904,53.79341339936696],[-2.058441190406329,53.793646616778716],[-2.0583112202689127,53.793899673883715],[-2.058267324693118,53.79416284610696],[-2.0583111921607746,53.794426019981486],[-2.058441138469262,53.79467908178895],[-2.0586521712109422,53.79491230623843],[-2.0589361814221068,53.795116730244665],[-2.059282255067916,53.7952844974353],[-2.059677092414151,53.79540916013884],[-2.060105519176956,53.79548592723699],[-2.0605510698,53.79551184834558],[-2.0609966204230434,53.79548592723699],[-2.061425047185848,53.79540916013884],[-2.061819884532083,53.7952844974353],[-2.0621659581778924,53.795116730244665],[-2.062449968389057,53.79491230623843],[-2.062661001130737,53.79467908178895],[-2.0627909474392245,53.794426019981486],[-2.062834814906881,53.79416284610696]]]]}},{"type":"Feature","properties":{"species":"Cyrtomium fortunei","commonName":"Fortune's Holly-fern","observedAt":"2022-10-15 12:18:12 UTC","imageUrl":"https://inaturalist-open-data.s3.amazonaws.com/photos/237368740/medium.jpeg","locations":[],"common":false,"recordCount":2},"geometry":{"type":"MultiPolygon","coordinates":[[[[-2.109155463662287,53.718077263867286],[-2.1091116475700784,53.717814091641756],[-2.1089819126926734,53.71756103453021],[-2.1087712460183208,53.71732781710867],[-2.1084877442509162,53.71712340139246],[-2.1081423025209616,53.716955642491854],[-2.107748195643635,53.71683098681624],[-2.107320568023333,53.71675422441403],[-2.1068758518,53.716728304954415],[-2.1064311355766674,53.71675422441403],[-2.106003507956365,53.71683098681624],[-2.1056094010790383,53.716955642491854],[-2.1052639593490836,53.71712340139246],[-2.1049804575816795,53.71732781710867],[-2.104769790907327,53.71756103453021],[-2.104640056029922,53.717814091641756],[-2.104596239937713,53.718077263867286],[-2.1046400280506856,53.71834043773951],[-2.104769739208439,53.71859349954044],[-2.104980390033827,53.718826723980136],[-2.105263886235815,53.719031147974825],[-2.105609333531186,53.71919891515391],[-2.106003456257477,53.719323577847675],[-2.1064311075974302,53.71940034493928],[-2.1068758518,53.71942626604559],[-2.1073205960025696,53.71940034493928],[-2.1077482473425233,53.719323577847675],[-2.108142370068814,53.71919891515391],[-2.1084878173641854,53.719031147974825],[-2.1087713135661734,53.718826723980136],[-2.1089819643915613,53.71859349954044],[-2.1091116755493147,53.71834043773951],[-2.109155463662287,53.718077263867286]]],[[[-2.101325352829799,53.715511838369316],[-2.1012815394112256,53.71524866614371],[-2.101151812447405,53.71499560903195],[-2.1009411586222604,53.71476239161007],[-2.100657674145761,53.71455797589346],[-2.1003122534838785,53.714390216992484],[-2.099918170642207,53.71426556131655],[-2.0994905691016057,53.71418879891411],[-2.09904588,53.71416287945442],[-2.098601190898394,53.71418879891411],[-2.0981735893577924,53.71426556131655],[-2.097779506516121,53.714390216992484],[-2.0974340858542386,53.71455797589346],[-2.0971506013777392,53.71476239161007],[-2.0969399475525945,53.71499560903195],[-2.096810220588774,53.71524866614371],[-2.096766407170201,53.715511838369316],[-2.09681019261387,53.71577501224146],[-2.096939895861712,53.71602807404217],[-2.0971505338403458,53.71626129848155],[-2.0974340127522906,53.71646572247584],[-2.0977794389787277,53.71663348965455],[-2.0981735376669093,53.71675815234798],[-2.0986011629234897,53.716834919439364],[-2.09904588,53.716860840545586],[-2.09949059707651,53.716834919439364],[-2.0999182223330903,53.71675815234798],[-2.100312321021272,53.71663348965455],[-2.100657747247709,53.71646572247584],[-2.100941226159654,53.71626129848155],[-2.101151864138288,53.71602807404217],[-2.10128156738613,53.71577501224146],[-2.101325352829799,53.715511838369316]]]]}},{"type":"Feature","properties":{"species":"Asplenium ceterach","commonName":"Rustyback","observedAt":"2023-04-07 15:29:25 UTC","imageUrl":"https://inaturalist-open-data.s3.amazonaws.com/photos/265720722/medium.jpeg","locations":[],"common":false,"recordCount":2},"geometry":{"type":"MultiPolygon","coordinates":[[[[-2.1059607010068215,53.708842853674604],[-2.1059168945365974,53.70857968144879],[-2.1057871881389025,53.70832662433646],[-2.1055765677067737,53.70809340691373],[-2.1052931281665423,53.707888991196114],[-2.1049477622571766,53.70772123229412],[-2.1045537418802907,53.70759657661733],[-2.104126208116618,53.707519814214315],[-2.1036815895,53.70749389475442],[-2.1032369708833816,53.707519814214315],[-2.102809437119709,53.70759657661733],[-2.102415416742823,53.70772123229412],[-2.1020700508334573,53.707888991196114],[-2.101786611293226,53.70809340691373],[-2.101575990861097,53.70832662433646],[-2.1014462844634023,53.70857968144879],[-2.1014024779931786,53.708842853674604],[-2.1014462564997562,53.709106027546554],[-2.101575939191016,53.70935908934669],[-2.1017865437830117,53.7095923137852],[-2.102069977760928,53.70979673777849],[-2.1024153492326088,53.709964504956176],[-2.102809385449628,53.71008916764876],[-2.1032369429197346,53.71016593473957],[-2.1036815895,53.71019185584559],[-2.104126236080265,53.71016593473957],[-2.1045537935503718,53.71008916764876],[-2.104947829767391,53.709964504956176],[-2.1052932012390717,53.70979673777849],[-2.105576635216988,53.7095923137852],[-2.1057872398089836,53.70935908934669],[-2.105916922500244,53.709106027546554],[-2.1059607010068215,53.708842853674604]]],[[[-2.0119812322404265,53.740117985749826],[-2.0119373931607325,53.73985481352496],[-2.0118075902436483,53.73960175641532],[-2.0115968130939454,53.7393685389966],[-2.0113131626622267,53.73916412328372],[-2.010967539792501,53.73899636438646],[-2.0105732262606244,53.73887170871369],[-2.0101453744114113,53.738794946313355],[-2.009700425,53.738769026854406],[-2.009255475588589,53.738794946313355],[-2.0088276237393754,53.73887170871369],[-2.0084333102074994,53.73899636438646],[-2.008087687337773,53.73916412328372],[-2.007804036906055,53.7393685389966],[-2.0075932597563515,53.73960175641532],[-2.0074634568392673,53.73985481352496],[-2.007419617759574,53.740117985749826],[-2.0074634288227724,53.74038115962272],[-2.007593207988619,53.74063422142552],[-2.0078039692682523,53.74086744586806],[-2.0080876141271435,53.74107186986608],[-2.008433242569697,53.74123963704853],[-2.008827571971643,53.74136429974512],[-2.0092554475720936,53.74144106683862],[-2.009700425,53.741466987945586],[-2.010145402427906,53.74144106683862],[-2.010573278028357,53.74136429974512],[-2.010967607430303,53.74123963704853],[-2.0113132358728563,53.74107186986608],[-2.0115968807317475,53.74086744586806],[-2.011807642011381,53.74063422142552],[-2.011937421177228,53.74038115962272],[-2.0119812322404265,53.740117985749826]]]]}},{"type":"Feature","properties":{"species":"Ophioglossum vulgatum","commonName":"Adder's-tongue","observedAt":"2023-05-30 12:06:04 UTC","imageUrl":"https://static.inaturalist.org/photos/284934810/medium.jpeg","locations":[],"common":false,"recordCount":1},"geometry":{"type":"Polygon","coordinates":[[[-2.0187397532295925,53.74864574654309],[-2.0187835731806447,53.74890892041624],[-2.0189133786837496,53.74916198221979],[-2.019124182738617,53.749395206663415],[-2.0194078851673556,53.74959963066272],[-2.0197535837621556,53.74976739784646],[-2.020147993202673,53.74989206054414],[-2.0205759556517178,53.749968827638384],[-2.0210210234,53.7499947487456],[-2.0214660911482825,53.749968827638384],[-2.021894053597327,53.74989206054414],[-2.0222884630378446,53.74976739784646],[-2.0226341616326446,53.74959963066272],[-2.0229178640613834,53.749395206663415],[-2.0231286681162506,53.74916198221979],[-2.0232584736193555,53.74890892041624],[-2.0233022935704077,53.74864574654309],[-2.0232584455884273,53.74838257431848],[-2.023128616321848,53.74812951720956],[-2.022917796388735,53.74789629979194],[-2.022634088384298,53.74769188408036],[-2.0222883953651962,53.74752412518439],[-2.021894001802924,53.747399469512715],[-2.0214660631173538,53.747322707113106],[-2.0210210234,53.74729678765443],[-2.0205759836826465,53.747322707113106],[-2.0201480449970757,53.747399469512715],[-2.019753651434804,53.74752412518439],[-2.019407958415702,53.74769188408036],[-2.0191242504112648,53.74789629979194],[-2.018913430478152,53.74812951720956],[-2.018783601211573,53.74838257431848],[-2.0187397532295925,53.74864574654309]]]}},{"type":"Feature","properties":{"species":"Botrychium lunaria","commonName":"common moonwort","observedAt":"2023-05-30 12:00:49 UTC","imageUrl":"https://static.inaturalist.org/photos/284935098/medium.jpeg","locations":[],"common":false,"recordCount":2},"geometry":{"type":"MultiPolygon","coordinates":[[[[-2.1039114140723,53.736705722552536],[-2.1038675785534457,53.73644255032757],[-2.103737786175939,53.73618949321762],[-2.103527026139243,53.73595627579847],[-2.1032433987361308,53.735751860085074],[-2.1028978039255692,53.7355841011873],[-2.1025035224051827,53.735459445514095],[-2.1020757052897876,53.735382683113464],[-2.101630792,53.735356763654416],[-2.101185878710212,53.735382683113464],[-2.1007580615948167,53.735459445514095],[-2.1003637800744306,53.7355841011873],[-2.100018185263869,53.735751860085074],[-2.099734557860757,53.73595627579847],[-2.0995237978240606,53.73618949321762],[-2.0993940054465536,53.73644255032757],[-2.0993501699276997,53.736705722552536],[-2.0993939774358314,53.73696889642533],[-2.099523746066994,53.73722195822785],[-2.0997344902368904,53.73745518266995],[-2.100018112068324,53.73765960666744],[-2.100363712450564,53.73782737384937],[-2.10075800983775,53.737952036545515],[-2.1011858506994896,53.73802880363872],[-2.101630792,53.73805472474559],[-2.1020757333005102,53.73802880363872],[-2.1025035741622493,53.737952036545515],[-2.1028978715494353,53.73782737384937],[-2.103243471931676,53.73765960666744],[-2.103527093763109,53.73745518266995],[-2.1037378379330054,53.73722195822785],[-2.1038676065641684,53.73696889642533],[-2.1039114140723,53.736705722552536]]],[[[-2.0200378387224998,53.73866562135099],[-2.0199940011584987,53.73840244912607],[-2.019864202727649,53.738149392016304],[-2.0196534328622002,53.737916174597395],[-2.0193697922327467,53.73771175888431],[-2.019024181306573,53.73754399998683],[-2.0186298814005794,53.737419344313864],[-2.0182020443360247,53.73734258191341],[-2.0177571103,53.737316662454425],[-2.017312176263975,53.73734258191341],[-2.01688433919942,53.737419344313864],[-2.016490039293427,53.73754399998683],[-2.0161444283672525,53.73771175888431],[-2.015860787737799,53.737916174597395],[-2.01565001787235,53.738149392016304],[-2.0155202194415005,53.73840244912607],[-2.0154763818774994,53.73866562135099],[-2.0155201914274627,53.73892879522384],[-2.015649966109158,53.73918185702653],[-2.015860720105929,53.739415081468884],[-2.016144355163044,53.73961950546667],[-2.0164899716615565,53.73978727264889],[-2.016884287436228,53.739911935345305],[-2.0173121482499368,53.73998870243867],[-2.0177571103,53.74001462354559],[-2.0182020723500624,53.73998870243867],[-2.018629933163772,53.739911935345305],[-2.0190242489384427,53.73978727264889],[-2.0193698654369556,53.73961950546667],[-2.0196535004940706,53.739415081468884],[-2.0198642544908414,53.73918185702653],[-2.0199940291725365,53.73892879522384],[-2.0200378387224998,53.73866562135099]]]]}},{"type":"Feature","properties":{"species":"Equisetum palustre","commonName":"marsh horsetail","observedAt":"2026-09-01 15:37:59 UTC","imageUrl":"https://inaturalist-open-data.s3.amazonaws.com/photos/726954606/medium.jpg","locations":[],"common":false,"recordCount":2},"geometry":{"type":"Polygon","coordinates":[[[-2.1667041265661506,53.75999372833408],[-2.1666602667306876,53.75973055610981],[-2.1665304023795002,53.75947749900186],[-2.166319525479862,53.759244281585715],[-2.166035740816794,53.75903986587585],[-2.1656899543931205,53.7588721069816],[-2.1652954542696046,53.758747451311386],[-2.1648673999605874,53.75867068891276],[-2.16442224,53.75864476945441],[-2.1639770800394125,53.75867068891276],[-2.163549025730395,53.758747451311386],[-2.163154525606879,53.7588721069816],[-2.1628087391832054,53.75903986587585],[-2.162524954520138,53.759244281585715],[-2.1623140776204997,53.75947749900186],[-2.162184213269312,53.75973055610981],[-2.1621403534338492,53.75999372833408],[-2.162184185219161,53.76025690220757],[-2.1623140257905784,53.760509964012094],[-2.1624194591210144,53.76062657935945],[-2.162037139070494,53.760648838912694],[-2.1616090645981902,53.76072560131116],[-2.1612145458917236,53.76085025698112],[-2.160868743179459,53.76101801587507],[-2.1605849451480825,53.76122243158462],[-2.160374058314193,53.76145564900052],[-2.160244187844688,53.761708706108294],[-2.160200325942125,53.76197187833251],[-2.160244159791184,53.76223505220606],[-2.160374006478077,53.76248811401075],[-2.1605848774209333,53.762721338456096],[-2.160868669872121,53.76292576245742],[-2.1612144781645743,53.763093529643186],[-2.1616090127620744,53.763218192342585],[-2.1620371110169905,53.76329495943797],[-2.1624823200000005,53.76332088054559],[-2.16292752898301,53.76329495943797],[-2.163355627237926,53.763218192342585],[-2.1637501618354262,53.763093529643186],[-2.1640959701278795,53.76292576245742],[-2.1643797625790673,53.762721338456096],[-2.1645906335219234,53.76248811401075],[-2.1647204802088167,53.76223505220606],[-2.1647643140578756,53.76197187833251],[-2.1647204521553127,53.761708706108294],[-2.1645905816858075,53.76145564900052],[-2.1644851623182935,53.76133906688857],[-2.1648674280107385,53.76131680943802],[-2.165295506099526,53.76124004234281],[-2.1656900221121758,53.76111537964368],[-2.166035814115371,53.76094761245821],[-2.1663195931989168,53.76074318845718],[-2.1665304542094215,53.760509964012094],[-2.1666602947808387,53.76025690220757],[-2.1667041265661506,53.75999372833408]]]}},{"type":"Feature","properties":{"species":"Huperzia selago","commonName":"Fir clubmoss","observedAt":"2026-06-17 12:57:51 UTC","imageUrl":"https://inaturalist-open-data.s3.amazonaws.com/photos/680984184/medium.jpg","locations":[],"common":false,"recordCount":7},"geometry":{"type":"MultiPolygon","coordinates":[[[[-2.1207077367118217,53.74278164694774],[-2.1206638948519756,53.74251847472295],[-2.120534083706037,53.742265417613524],[-2.1203232931952267,53.742032200195155],[-2.120039624783752,53.74182778448268],[-2.119693980006624,53.74166002558583],[-2.119299641481538,53.7415353699134],[-2.1188717625136375,53.741458607513295],[-2.1184267849,53.74143268805443],[-2.1179818072863625,53.741458607513295],[-2.117553928318462,53.7415353699134],[-2.117159589793376,53.74166002558583],[-2.1168139450162484,53.74182778448268],[-2.1165302766047733,53.742032200195155],[-2.116319486093963,53.742265417613524],[-2.116189674948025,53.74251847472295],[-2.116145833088179,53.74278164694774],[-2.116189646927023,53.743044820820714],[-2.1163194343179024,53.74329788262376],[-2.11653020895609,53.74353110706662],[-2.1168138717938407,53.743735531065056],[-2.1171595221446924,53.74390329824789],[-2.117553876542401,53.74402796094483],[-2.11798177926536,53.74410472803856],[-2.1184267849,53.7441306491456],[-2.11887179053464,53.74410472803856],[-2.119299693257599,53.74402796094483],[-2.119694047655308,53.74390329824789],[-2.1200396980061598,53.743735531065056],[-2.1203233608439107,53.74353110706662],[-2.120534135482098,53.74329788262376],[-2.1206639228729776,53.743044820820714],[-2.1207077367118217,53.74278164694774]]],[[[-2.107707777674484,53.73729550645207],[-2.1076639415402183,53.737032334227116],[-2.10753414734118,53.73677927711723],[-2.1073233843468824,53.73654605969814],[-2.1070397529637885,53.736341643984844],[-2.1066941533038257,53.73617388508716],[-2.106299866250967,53.73604922941402],[-2.1058720431326057,53.73597246701345],[-2.1054271236,53.73594654755443],[-2.104982204067395,53.73597246701345],[-2.104554380949034,53.73604922941402],[-2.104160093896175,53.73617388508716],[-2.1038144942362123,53.736341643984844],[-2.1035308628531184,53.73654605969814],[-2.103320099858821,53.73677927711723],[-2.1031903056597825,53.737032334227116],[-2.103146469525517,53.73729550645207],[-2.1031902776480624,53.73755868032488],[-2.103320048099911,53.73781174212745],[-2.103530795226844,53.738044966569625],[-2.10381442103806,53.73824939056721],[-2.1041600262699003,53.73841715774922],[-2.104554329190124,53.73854182044545],[-2.104982176055675,53.73861858753871],[-2.1054271236,53.738644508645585],[-2.1058720711443257,53.73861858753871],[-2.106299918009877,53.73854182044545],[-2.1066942209301005,53.73841715774922],[-2.107039826161941,53.73824939056721],[-2.1073234519731567,53.738044966569625],[-2.10753419910009,53.73781174212745],[-2.1076639695519384,53.73755868032488],[-2.107707777674484,53.73729550645207]]],[[[-2.100901127607557,53.789984078310276],[-2.100857236406648,53.78972090608691],[-2.100773906675295,53.78955864356901],[-2.100810042647455,53.789341828310796],[-2.10076615211884,53.789078656087405],[-2.100636196920346,53.788825598982],[-2.100425172512859,53.788592381569615],[-2.10014118935165,53.78838796586421],[-2.099795161068278,53.78822020697443],[-2.0994003850174745,53.788095551307975],[-2.098972031315707,53.788018788911884],[-2.09852656,53.78799286945441],[-2.098081088684293,53.788018788911884],[-2.097652734982525,53.788095551307975],[-2.097257958931722,53.78822020697443],[-2.09691193064835,53.78838796586421],[-2.096627947487141,53.788592381569615],[-2.0964169230796537,53.788825598982],[-2.0962869678811598,53.789078656087405],[-2.0962430773525447,53.789341828310796],[-2.096286939781213,53.78960500218517],[-2.0963702518714236,53.789767265594236],[-2.0963340923924423,53.789984078310276],[-2.0963342541359364,53.78998504875382],[-2.096333652143131,53.78998865831028],[-2.096377515247789,53.79025183218467],[-2.0965074486274506,53.790504893991766],[-2.096718460370984,53.79073811844072],[-2.0970024423213998,53.79094254244631],[-2.0973484815298207,53.791110309636316],[-2.097743279585519,53.79123497233933],[-2.098171663714781,53.79131173943712],[-2.0986171700000003,53.791337660545594],[-2.099062676285219,53.79131173943712],[-2.099491060414481,53.79123497233933],[-2.0998858584701794,53.791110309636316],[-2.1002318976786003,53.79094254244631],[-2.100515879629016,53.79073811844072],[-2.1007268913725494,53.790504893991766],[-2.1008568247522112,53.79025183218467],[-2.100900687856869,53.78998865831028],[-2.100900526006366,53.78998768785262],[-2.100901127607557,53.789984078310276]]],[[[-2.056176814317669,53.808284098295736],[-2.056132903949699,53.80802092607293],[-2.05600289002959,53.80776786896914],[-2.055791770276421,53.8075346515592],[-2.0555076588105807,53.807330235856675],[-2.055161474194669,53.80716247696977],[-2.0547665197908236,53.80703782130578],[-2.054659148810234,53.80701858876118],[-2.0545122084226737,53.806972211305784],[-2.054083661871007,53.80689544891131],[-2.05363799,53.80686952945442],[-2.0531923181289926,53.80689544891131],[-2.0527637715773266,53.806972211305784],[-2.0523688177915917,53.80709686696979],[-2.052022633717475,53.80726462585671],[-2.0517385226962954,53.80746904155925],[-2.0515274032735618,53.807702258969194],[-2.0513973895569624,53.807955316072984],[-2.051353479257748,53.8082184882958],[-2.051397361424924,53.80848166217074],[-2.0515273512923335,53.80873472397941],[-2.0517384547795467,53.80896794843071],[-2.0520225602049162,53.80917237243908],[-2.052368749874844,53.80934013963186],[-2.052763719596098,53.80946480233722],[-2.052871090215716,53.80948403495573],[-2.0530180282277417,53.809530412337196],[-2.053446599299369,53.80960717943656],[-2.0538923,53.80963310054559],[-2.0543380007006307,53.80960717943656],[-2.0547665717722583,53.809530412337196],[-2.0551615421116867,53.80940574963183],[-2.055507732323431,53.80923798243904],[-2.055791838193439,53.80903355843068],[-2.056002942011025,53.80880033397937],[-2.056132932081849,53.80854727217069],[-2.056176814317669,53.808284098295736]]]]}},{"type":"Feature","properties":{"species":"Lycopodium clavatum","commonName":"stag's-horn clubmoss","observedAt":"2026-09-02 10:30:54 UTC","imageUrl":"https://inaturalist-open-data.s3.amazonaws.com/photos/727431849/medium.jpg","locations":[],"common":false,"recordCount":1},"geometry":{"type":"Polygon","coordinates":[[[-2.0518583103345667,53.80819872829581],[-2.0519021924810685,53.808461902170755],[-2.0520321822872147,53.808714963979426],[-2.0522432856749293,53.808948188430726],[-2.052527390966386,53.809152612439085],[-2.0528735804731326,53.809320379631856],[-2.0532685500082093,53.80944504233721],[-2.0536971202070484,53.809521809436575],[-2.05414282,53.80954773054559],[-2.054588519792952,53.809521809436575],[-2.055017089991791,53.80944504233721],[-2.055412059526868,53.809320379631856],[-2.055758249033614,53.809152612439085],[-2.0560423543250708,53.808948188430726],[-2.0562534577127853,53.808714963979426],[-2.056383447518932,53.808461902170755],[-2.056427329665434,53.80819872829581],[-2.0563834193869273,53.807935556073],[-2.056253405731619,53.8076824989692],[-2.0560422864084034,53.80744928155925],[-2.0557581755211434,53.8072448658567],[-2.0554119916102005,53.80707710696979],[-2.0550170380106243,53.8069524513058],[-2.0545884916609474,53.806875688911305],[-2.05414282,53.80684976945442],[-2.0536971483390527,53.806875688911305],[-2.0532686019893758,53.8069524513058],[-2.0528736483898,53.80707710696979],[-2.052527464478857,53.8072448658567],[-2.0522433535915967,53.80744928155925],[-2.052032234268381,53.8076824989692],[-2.051902220613073,53.807935556073],[-2.0518583103345667,53.80819872829581]]]}}]}