{"type":"FeatureCollection","features":[{"type":"Feature","properties":{"fid":2026339,"id":"osgb4000000074307382","names_uri":"http://data.ordnancesurvey.co.uk/id/4000000074307382","name1":"Scout","name1_lang":null,"name2":null,"name2_lang":null,"type":"populatedPlace","local_type":"Suburban Area","most_detai":3000,"least_deta":25000,"mbr_xmin":383358,"mbr_ymin":422999,"mbr_xmax":383858,"mbr_ymax":423499,"postcode_d":"BB4","postcode_1":"http://data.ordnancesurvey.co.uk/id/postcodedistrict/BB4","populated_":null,"populate_1":null,"populate_2":null,"district_b":"Rossendale","district_1":"http://data.ordnancesurvey.co.uk/id/7000000000004572","district_2":"http://data.ordnancesurvey.co.uk/ontology/admingeo/District","county_uni":"Lancashire","county_u_1":"http://data.ordnancesurvey.co.uk/id/7000000000005156","county_u_2":"http://data.ordnancesurvey.co.uk/ontology/admingeo/County","region":"North West","region_uri":"http://data.ordnancesurvey.co.uk/id/7000000000041431","country":"England","country_ur":"http://data.ordnancesurvey.co.uk/id/country/england","related_sp":null,"same_as_db":null,"same_as_ge":null},"geometry":{"type":"Point","coordinates":[-2.2492445706085085,53.705275004087476]}},{"type":"Feature","properties":{"fid":2026340,"id":"osgb4000000074307384","names_uri":"http://data.ordnancesurvey.co.uk/id/4000000074307384","name1":"Shaw Clough","name1_lang":null,"name2":null,"name2_lang":null,"type":"populatedPlace","local_type":"Suburban Area","most_detai":3000,"least_deta":25000,"mbr_xmin":383689,"mbr_ymin":422921,"mbr_xmax":384211,"mbr_ymax":423421,"postcode_d":"BB4","postcode_1":"http://data.ordnancesurvey.co.uk/id/postcodedistrict/BB4","populated_":null,"populate_1":null,"populate_2":null,"district_b":"Rossendale","district_1":"http://data.ordnancesurvey.co.uk/id/7000000000004572","district_2":"http://data.ordnancesurvey.co.uk/ontology/admingeo/District","county_uni":"Lancashire","county_u_1":"http://data.ordnancesurvey.co.uk/id/7000000000005156","county_u_2":"http://data.ordnancesurvey.co.uk/ontology/admingeo/County","region":"North West","region_uri":"http://data.ordnancesurvey.co.uk/id/7000000000041431","country":"England","country_ur":"http://data.ordnancesurvey.co.uk/id/country/england","related_sp":null,"same_as_db":null,"same_as_ge":null},"geometry":{"type":"Point","coordinates":[-2.244033053016951,53.70519586262508]}},{"type":"Feature","properties":{"fid":2026412,"id":"osgb4000000074308723","names_uri":"http://data.ordnancesurvey.co.uk/id/4000000074308723","name1":"Cross Stone","name1_lang":null,"name2":null,"name2_lang":null,"type":"populatedPlace","local_type":"Suburban Area","most_detai":6000,"least_deta":25000,"mbr_xmin":394473,"mbr_ymin":424385,"mbr_xmax":395395,"mbr_ymax":425010,"postcode_d":"OL14","postcode_1":"http://data.ordnancesurvey.co.uk/id/postcodedistrict/OL14","populated_":null,"populate_1":null,"populate_2":null,"district_b":"Calderdale","district_1":"http://data.ordnancesurvey.co.uk/id/7000000000016714","district_2":"http://data.ordnancesurvey.co.uk/ontology/admingeo/MetropolitanDistrict","county_uni":null,"county_u_1":null,"county_u_2":null,"region":"Yorkshire and the Humber","region_uri":"http://data.ordnancesurvey.co.uk/id/7000000000041430","country":"England","country_ur":"http://data.ordnancesurvey.co.uk/id/country/england","related_sp":null,"same_as_db":null,"same_as_ge":null},"geometry":{"type":"Point","coordinates":[-2.0754227105985326,53.71711452107528]}},{"type":"Feature","properties":{"fid":2026413,"id":"osgb4000000074308727","names_uri":"http://data.ordnancesurvey.co.uk/id/4000000074308727","name1":"Salford","name1_lang":null,"name2":null,"name2_lang":null,"type":"populatedPlace","local_type":"Suburban Area","most_detai":6000,"least_deta":25000,"mbr_xmin":393166,"mbr_ymin":423487,"mbr_xmax":394029,"mbr_ymax":424101,"postcode_d":"OL14","postcode_1":"http://data.ordnancesurvey.co.uk/id/postcodedistrict/OL14","populated_":null,"populate_1":null,"populate_2":null,"district_b":"Calderdale","district_1":"http://data.ordnancesurvey.co.uk/id/7000000000016714","district_2":"http://data.ordnancesurvey.co.uk/ontology/admingeo/MetropolitanDistrict","county_uni":null,"county_u_1":null,"county_u_2":null,"region":"Yorkshire and the Humber","region_uri":"http://data.ordnancesurvey.co.uk/id/7000000000041430","country":"England","country_ur":"http://data.ordnancesurvey.co.uk/id/country/england","related_sp":null,"same_as_db":null,"same_as_ge":null},"geometry":{"type":"Point","coordinates":[-2.098606363768935,53.710698117775]}},{"type":"Feature","properties":{"fid":2026415,"id":"osgb4000000074308747","names_uri":"http://data.ordnancesurvey.co.uk/id/4000000074308747","name1":"Marsh","name1_lang":null,"name2":null,"name2_lang":null,"type":"populatedPlace","local_type":"Suburban Area","most_detai":3000,"least_deta":25000,"mbr_xmin":402387,"mbr_ymin":435374,"mbr_xmax":402887,"mbr_ymax":435874,"postcode_d":"BD22","postcode_1":"http://data.ordnancesurvey.co.uk/id/postcodedistrict/BD22","populated_":null,"populate_1":null,"populate_2":null,"district_b":"Bradford","district_1":"http://data.ordnancesurvey.co.uk/id/7000000000016726","district_2":"http://data.ordnancesurvey.co.uk/ontology/admingeo/MetropolitanDistrict","county_uni":null,"county_u_1":null,"county_u_2":null,"region":"Yorkshire and the Humber","region_uri":"http://data.ordnancesurvey.co.uk/id/7000000000041430","country":"England","country_ur":"http://data.ordnancesurvey.co.uk/id/country/england","related_sp":null,"same_as_db":null,"same_as_ge":null},"geometry":{"type":"Point","coordinates":[-1.9617331488252279,53.81713290903661]}},{"type":"Feature","properties":{"fid":2026431,"id":"osgb4000000074308882","names_uri":"http://data.ordnancesurvey.co.uk/id/4000000074308882","name1":"Clough","name1_lang":null,"name2":null,"name2_lang":null,"type":"populatedPlace","local_type":"Suburban Area","most_detai":4000,"least_deta":25000,"mbr_xmin":393142,"mbr_ymin":417146,"mbr_xmax":393681,"mbr_ymax":417707,"postcode_d":"OL15","postcode_1":"http://data.ordnancesurvey.co.uk/id/postcodedistrict/OL15","populated_":null,"populate_1":null,"populate_2":null,"district_b":"Rochdale","district_1":"http://data.ordnancesurvey.co.uk/id/7000000000018825","district_2":"http://data.ordnancesurvey.co.uk/ontology/admingeo/MetropolitanDistrict","county_uni":null,"county_u_1":null,"county_u_2":null,"region":"North West","region_uri":"http://data.ordnancesurvey.co.uk/id/7000000000041431","country":"England","country_ur":"http://data.ordnancesurvey.co.uk/id/country/england","related_sp":null,"same_as_db":null,"same_as_ge":null},"geometry":{"type":"Point","coordinates":[-2.1008595562415873,53.652057642896885]}},{"type":"Feature","properties":{"fid":2026446,"id":"osgb4000000074309003","names_uri":"http://data.ordnancesurvey.co.uk/id/4000000074309003","name1":"Southward Bottom","name1_lang":null,"name2":null,"name2_lang":null,"type":"populatedPlace","local_type":"Suburban Area","most_detai":5000,"least_deta":25000,"mbr_xmin":386810,"mbr_ymin":428904,"mbr_xmax":387310,"mbr_ymax":429750,"postcode_d":"BB10","postcode_1":"http://data.ordnancesurvey.co.uk/id/postcodedistrict/BB10","populated_":null,"populate_1":null,"populate_2":null,"district_b":"Burnley","district_1":"http://data.ordnancesurvey.co.uk/id/7000000000004566","district_2":"http://data.ordnancesurvey.co.uk/ontology/admingeo/District","county_uni":"Lancashire","county_u_1":"http://data.ordnancesurvey.co.uk/id/7000000000005156","county_u_2":"http://data.ordnancesurvey.co.uk/ontology/admingeo/County","region":"North West","region_uri":"http://data.ordnancesurvey.co.uk/id/7000000000041431","country":"England","country_ur":"http://data.ordnancesurvey.co.uk/id/country/england","related_sp":null,"same_as_db":null,"same_as_ge":null},"geometry":{"type":"Point","coordinates":[-2.198317953816627,53.76045811355143]}},{"type":"Feature","properties":{"fid":2027996,"id":"osgb4000000074330869","names_uri":"http://data.ordnancesurvey.co.uk/id/4000000074330869","name1":"Cragg Vale","name1_lang":null,"name2":null,"name2_lang":null,"type":"populatedPlace","local_type":"Village","most_detai":10000,"least_deta":250000,"mbr_xmin":399513,"mbr_ymin":422637,"mbr_xmax":400939,"mbr_ymax":424113,"postcode_d":"HX7","postcode_1":"http://data.ordnancesurvey.co.uk/id/postcodedistrict/HX7","populated_":null,"populate_1":null,"populate_2":null,"district_b":"Calderdale","district_1":"http://data.ordnancesurvey.co.uk/id/7000000000016714","district_2":"http://data.ordnancesurvey.co.uk/ontology/admingeo/MetropolitanDistrict","county_uni":null,"county_u_1":null,"county_u_2":null,"region":"Yorkshire and the Humber","region_uri":"http://data.ordnancesurvey.co.uk/id/7000000000041430","country":"England","country_ur":"http://data.ordnancesurvey.co.uk/id/country/england","related_sp":null,"same_as_db":"http://dbpedia.org/resource/Cragg_Vale","same_as_ge":null},"geometry":{"type":"Point","coordinates":[-1.999417150398117,53.705741530351126]}},{"type":"Feature","properties":{"fid":2028237,"id":"osgb4000000074334198","names_uri":"http://data.ordnancesurvey.co.uk/id/4000000074334198","name1":"Slack","name1_lang":null,"name2":null,"name2_lang":null,"type":"populatedPlace","local_type":"Village","most_detai":10000,"least_deta":250000,"mbr_xmin":396827,"mbr_ymin":428391,"mbr_xmax":398364,"mbr_ymax":429677,"postcode_d":"HX7","postcode_1":"http://data.ordnancesurvey.co.uk/id/postcodedistrict/HX7","populated_":null,"populate_1":null,"populate_2":null,"district_b":"Calderdale","district_1":"http://data.ordnancesurvey.co.uk/id/7000000000016714","district_2":"http://data.ordnancesurvey.co.uk/ontology/admingeo/MetropolitanDistrict","county_uni":null,"county_u_1":null,"county_u_2":null,"region":"Yorkshire and the Humber","region_uri":"http://data.ordnancesurvey.co.uk/id/7000000000041430","country":"England","country_ur":"http://data.ordnancesurvey.co.uk/id/country/england","related_sp":null,"same_as_db":null,"same_as_ge":null},"geometry":{"type":"Point","coordinates":[-2.043672225362499,53.755257673196674]}},{"type":"Feature","properties":{"fid":2028244,"id":"osgb4000000074334249","names_uri":"http://data.ordnancesurvey.co.uk/id/4000000074334249","name1":"Hawks Stones","name1_lang":null,"name2":null,"name2_lang":null,"type":"populatedPlace","local_type":"Hamlet","most_detai":5000,"least_deta":25000,"mbr_xmin":391879,"mbr_ymin":427058,"mbr_xmax":392615,"mbr_ymax":427558,"postcode_d":"OL14","postcode_1":"http://data.ordnancesurvey.co.uk/id/postcodedistrict/OL14","populated_":null,"populate_1":null,"populate_2":null,"district_b":"Calderdale","district_1":"http://data.ordnancesurvey.co.uk/id/7000000000016714","district_2":"http://data.ordnancesurvey.co.uk/ontology/admingeo/MetropolitanDistrict","county_uni":null,"county_u_1":null,"county_u_2":null,"region":"Yorkshire and the Humber","region_uri":"http://data.ordnancesurvey.co.uk/id/7000000000041430","country":"England","country_ur":"http://data.ordnancesurvey.co.uk/id/country/england","related_sp":null,"same_as_db":null,"same_as_ge":null},"geometry":{"type":"Point","coordinates":[-2.1209986014378357,53.74231555098173]}},{"type":"Feature","properties":{"fid":2028864,"id":"osgb4000000074342743","names_uri":"http://data.ordnancesurvey.co.uk/id/4000000074342743","name1":"Water","name1_lang":null,"name2":null,"name2_lang":null,"type":"populatedPlace","local_type":"Village","most_detai":12000,"least_deta":250000,"mbr_xmin":383356,"mbr_ymin":424525,"mbr_xmax":384545,"mbr_ymax":426349,"postcode_d":"BB4","postcode_1":"http://data.ordnancesurvey.co.uk/id/postcodedistrict/BB4","populated_":null,"populate_1":null,"populate_2":null,"district_b":"Rossendale","district_1":"http://data.ordnancesurvey.co.uk/id/7000000000004572","district_2":"http://data.ordnancesurvey.co.uk/ontology/admingeo/District","county_uni":"Lancashire","county_u_1":"http://data.ordnancesurvey.co.uk/id/7000000000005156","county_u_2":"http://data.ordnancesurvey.co.uk/ontology/admingeo/County","region":"North West","region_uri":"http://data.ordnancesurvey.co.uk/id/7000000000041431","country":"England","country_ur":"http://data.ordnancesurvey.co.uk/id/country/england","related_sp":null,"same_as_db":null,"same_as_ge":null},"geometry":{"type":"Point","coordinates":[-2.2413330755336287,53.72837266314871]}},{"type":"Feature","properties":{"fid":2028872,"id":"osgb4000000074343090","names_uri":"http://data.ordnancesurvey.co.uk/id/4000000074343090","name1":"Weir","name1_lang":null,"name2":null,"name2_lang":null,"type":"populatedPlace","local_type":"Village","most_detai":5000,"least_deta":250000,"mbr_xmin":386873,"mbr_ymin":425108,"mbr_xmax":387715,"mbr_ymax":425906,"postcode_d":"OL13","postcode_1":"http://data.ordnancesurvey.co.uk/id/postcodedistrict/OL13","populated_":null,"populate_1":null,"populate_2":null,"district_b":"Rossendale","district_1":"http://data.ordnancesurvey.co.uk/id/7000000000004572","district_2":"http://data.ordnancesurvey.co.uk/ontology/admingeo/District","county_uni":"Lancashire","county_u_1":"http://data.ordnancesurvey.co.uk/id/7000000000005156","county_u_2":"http://data.ordnancesurvey.co.uk/ontology/admingeo/County","region":"North West","region_uri":"http://data.ordnancesurvey.co.uk/id/7000000000041431","country":"England","country_ur":"http://data.ordnancesurvey.co.uk/id/country/england","related_sp":null,"same_as_db":"http://dbpedia.org/resource/Weir,_Lancashire","same_as_ge":null},"geometry":{"type":"Point","coordinates":[-2.198534958133226,53.72610541221054]}},{"type":"Feature","properties":{"fid":2028873,"id":"osgb4000000074343154","names_uri":"http://data.ordnancesurvey.co.uk/id/4000000074343154","name1":"Cliviger","name1_lang":null,"name2":null,"name2_lang":null,"type":"populatedPlace","local_type":"Village","most_detai":15000,"least_deta":250000,"mbr_xmin":385969,"mbr_ymin":428427,"mbr_xmax":387793,"mbr_ymax":430784,"postcode_d":"BB10","postcode_1":"http://data.ordnancesurvey.co.uk/id/postcodedistrict/BB10","populated_":null,"populate_1":null,"populate_2":null,"district_b":"Burnley","district_1":"http://data.ordnancesurvey.co.uk/id/7000000000004566","district_2":"http://data.ordnancesurvey.co.uk/ontology/admingeo/District","county_uni":"Lancashire","county_u_1":"http://data.ordnancesurvey.co.uk/id/7000000000005156","county_u_2":"http://data.ordnancesurvey.co.uk/ontology/admingeo/County","region":"North West","region_uri":"http://data.ordnancesurvey.co.uk/id/7000000000041431","country":"England","country_ur":"http://data.ordnancesurvey.co.uk/id/country/england","related_sp":null,"same_as_db":"http://dbpedia.org/resource/Cliviger","same_as_ge":null},"geometry":{"type":"Point","coordinates":[-2.2065066701394223,53.76619660572652]}},{"type":"Feature","properties":{"fid":2029230,"id":"osgb4000000074540985","names_uri":"http://data.ordnancesurvey.co.uk/id/4000000074540985","name1":"Springhead","name1_lang":null,"name2":null,"name2_lang":null,"type":"populatedPlace","local_type":"Suburban Area","most_detai":2000,"least_deta":25000,"mbr_xmin":402666,"mbr_ymin":437638,"mbr_xmax":403166,"mbr_ymax":438138,"postcode_d":"BD22","postcode_1":"http://data.ordnancesurvey.co.uk/id/postcodedistrict/BD22","populated_":null,"populate_1":null,"populate_2":null,"district_b":"Bradford","district_1":"http://data.ordnancesurvey.co.uk/id/7000000000016726","district_2":"http://data.ordnancesurvey.co.uk/ontology/admingeo/MetropolitanDistrict","county_uni":null,"county_u_1":null,"county_u_2":null,"region":"Yorkshire and the Humber","region_uri":"http://data.ordnancesurvey.co.uk/id/7000000000041430","country":"England","country_ur":"http://data.ordnancesurvey.co.uk/id/country/england","related_sp":null,"same_as_db":null,"same_as_ge":null},"geometry":{"type":"Point","coordinates":[-1.9579465358933894,53.83704886228196]}},{"type":"Feature","properties":{"fid":2029632,"id":"osgb4000000074541396","names_uri":"http://data.ordnancesurvey.co.uk/id/4000000074541396","name1":"Waterside","name1_lang":null,"name2":null,"name2_lang":null,"type":"populatedPlace","local_type":"Hamlet","most_detai":5000,"least_deta":25000,"mbr_xmin":383648,"mbr_ymin":436329,"mbr_xmax":384148,"mbr_ymax":436829,"postcode_d":"BB9","postcode_1":"http://data.ordnancesurvey.co.uk/id/postcodedistrict/BB9","populated_":null,"populate_1":null,"populate_2":null,"district_b":"Pendle","district_1":"http://data.ordnancesurvey.co.uk/id/7000000000043744","district_2":"http://data.ordnancesurvey.co.uk/ontology/admingeo/District","county_uni":"Lancashire","county_u_1":"http://data.ordnancesurvey.co.uk/id/7000000000005156","county_u_2":"http://data.ordnancesurvey.co.uk/ontology/admingeo/County","region":"North West","region_uri":"http://data.ordnancesurvey.co.uk/id/7000000000041431","country":"England","country_ur":"http://data.ordnancesurvey.co.uk/id/country/england","related_sp":null,"same_as_db":null,"same_as_ge":null},"geometry":{"type":"Point","coordinates":[-2.2459603605649425,53.82506526763686]}},{"type":"Feature","properties":{"fid":2030200,"id":"osgb4000000074541965","names_uri":"http://data.ordnancesurvey.co.uk/id/4000000074541965","name1":"Timbercliffe","name1_lang":null,"name2":null,"name2_lang":null,"type":"populatedPlace","local_type":"Village","most_detai":2000,"least_deta":250000,"mbr_xmin":394563,"mbr_ymin":418001,"mbr_xmax":395063,"mbr_ymax":418501,"postcode_d":"OL15","postcode_1":"http://data.ordnancesurvey.co.uk/id/postcodedistrict/OL15","populated_":null,"populate_1":null,"populate_2":null,"district_b":"Rochdale","district_1":"http://data.ordnancesurvey.co.uk/id/7000000000018825","district_2":"http://data.ordnancesurvey.co.uk/ontology/admingeo/MetropolitanDistrict","county_uni":null,"county_u_1":null,"county_u_2":null,"region":"North West","region_uri":"http://data.ordnancesurvey.co.uk/id/7000000000041431","country":"England","country_ur":"http://data.ordnancesurvey.co.uk/id/country/england","related_sp":null,"same_as_db":null,"same_as_ge":null},"geometry":{"type":"Point","coordinates":[-2.08175136525362,53.659918929631715]}},{"type":"Feature","properties":{"fid":2030591,"id":"osgb4000000074542356","names_uri":"http://data.ordnancesurvey.co.uk/id/4000000074542356","name1":"Sharneyford","name1_lang":null,"name2":null,"name2_lang":null,"type":"populatedPlace","local_type":"Village","most_detai":4000,"least_deta":250000,"mbr_xmin":388076,"mbr_ymin":424104,"mbr_xmax":388672,"mbr_ymax":424604,"postcode_d":"OL13","postcode_1":"http://data.ordnancesurvey.co.uk/id/postcodedistrict/OL13","populated_":null,"populate_1":null,"populate_2":null,"district_b":"Rossendale","district_1":"http://data.ordnancesurvey.co.uk/id/7000000000004572","district_2":"http://data.ordnancesurvey.co.uk/ontology/admingeo/District","county_uni":"Lancashire","county_u_1":"http://data.ordnancesurvey.co.uk/id/7000000000005156","county_u_2":"http://data.ordnancesurvey.co.uk/ontology/admingeo/County","region":"North West","region_uri":"http://data.ordnancesurvey.co.uk/id/7000000000041431","country":"England","country_ur":"http://data.ordnancesurvey.co.uk/id/country/england","related_sp":null,"same_as_db":null,"same_as_ge":null},"geometry":{"type":"Point","coordinates":[-2.178376401762824,53.715090801059205]}},{"type":"Feature","properties":{"fid":2030855,"id":"osgb4000000074542620","names_uri":"http://data.ordnancesurvey.co.uk/id/4000000074542620","name1":"Lane Head","name1_lang":null,"name2":null,"name2_lang":null,"type":"populatedPlace","local_type":"Suburban Area","most_detai":6000,"least_deta":25000,"mbr_xmin":386529,"mbr_ymin":422887,"mbr_xmax":387474,"mbr_ymax":423734,"postcode_d":"OL13","postcode_1":"http://data.ordnancesurvey.co.uk/id/postcodedistrict/OL13","populated_":null,"populate_1":null,"populate_2":null,"district_b":"Rossendale","district_1":"http://data.ordnancesurvey.co.uk/id/7000000000004572","district_2":"http://data.ordnancesurvey.co.uk/ontology/admingeo/District","county_uni":"Lancashire","county_u_1":"http://data.ordnancesurvey.co.uk/id/7000000000005156","county_u_2":"http://data.ordnancesurvey.co.uk/ontology/admingeo/County","region":"North West","region_uri":"http://data.ordnancesurvey.co.uk/id/7000000000041431","country":"England","country_ur":"http://data.ordnancesurvey.co.uk/id/country/england","related_sp":null,"same_as_db":null,"same_as_ge":null},"geometry":{"type":"Point","coordinates":[-2.1960511464800376,53.703702182964165]}},{"type":"Feature","properties":{"fid":2031779,"id":"osgb4000000074543565","names_uri":"http://data.ordnancesurvey.co.uk/id/4000000074543565","name1":"Spring Side","name1_lang":null,"name2":null,"name2_lang":null,"type":"populatedPlace","local_type":"Suburban Area","most_detai":3000,"least_deta":25000,"mbr_xmin":395795,"mbr_ymin":424554,"mbr_xmax":396295,"mbr_ymax":425054,"postcode_d":"OL14","postcode_1":"http://data.ordnancesurvey.co.uk/id/postcodedistrict/OL14","populated_":null,"populate_1":null,"populate_2":null,"district_b":"Calderdale","district_1":"http://data.ordnancesurvey.co.uk/id/7000000000016714","district_2":"http://data.ordnancesurvey.co.uk/ontology/admingeo/MetropolitanDistrict","county_uni":null,"county_u_1":null,"county_u_2":null,"region":"Yorkshire and the Humber","region_uri":"http://data.ordnancesurvey.co.uk/id/7000000000041430","country":"England","country_ur":"http://data.ordnancesurvey.co.uk/id/country/england","related_sp":null,"same_as_db":null,"same_as_ge":null},"geometry":{"type":"Point","coordinates":[-2.06274220258815,53.718622868390774]}},{"type":"Feature","properties":{"fid":2033107,"id":"osgb4000000074544980","names_uri":"http://data.ordnancesurvey.co.uk/id/4000000074544980","name1":"Nook","name1_lang":null,"name2":null,"name2_lang":null,"type":"populatedPlace","local_type":"Hamlet","most_detai":5000,"least_deta":25000,"mbr_xmin":400424,"mbr_ymin":427580,"mbr_xmax":400924,"mbr_ymax":428080,"postcode_d":"HX7","postcode_1":"http://data.ordnancesurvey.co.uk/id/postcodedistrict/HX7","populated_":null,"populate_1":null,"populate_2":null,"district_b":"Calderdale","district_1":"http://data.ordnancesurvey.co.uk/id/7000000000016714","district_2":"http://data.ordnancesurvey.co.uk/ontology/admingeo/MetropolitanDistrict","county_uni":null,"county_u_1":null,"county_u_2":null,"region":"Yorkshire and the Humber","region_uri":"http://data.ordnancesurvey.co.uk/id/7000000000041430","country":"England","country_ur":"http://data.ordnancesurvey.co.uk/id/country/england","related_sp":null,"same_as_db":null,"same_as_ge":null},"geometry":{"type":"Point","coordinates":[-1.99097084426829,53.74692451571474]}},{"type":"Feature","properties":{"fid":2035546,"id":"osgb4000000074547616","names_uri":"http://data.ordnancesurvey.co.uk/id/4000000074547616","name1":"Walshaw","name1_lang":null,"name2":null,"name2_lang":null,"type":"populatedPlace","local_type":"Hamlet","most_detai":5000,"least_deta":25000,"mbr_xmin":397157,"mbr_ymin":431091,"mbr_xmax":397657,"mbr_ymax":431591,"postcode_d":"HX7","postcode_1":"http://data.ordnancesurvey.co.uk/id/postcodedistrict/HX7","populated_":null,"populate_1":null,"populate_2":null,"district_b":"Calderdale","district_1":"http://data.ordnancesurvey.co.uk/id/7000000000016714","district_2":"http://data.ordnancesurvey.co.uk/ontology/admingeo/MetropolitanDistrict","county_uni":null,"county_u_1":null,"county_u_2":null,"region":"Yorkshire and the Humber","region_uri":"http://data.ordnancesurvey.co.uk/id/7000000000041430","country":"England","country_ur":"http://data.ordnancesurvey.co.uk/id/country/england","related_sp":null,"same_as_db":null,"same_as_ge":null},"geometry":{"type":"Point","coordinates":[-2.040934677197772,53.7784836441763]}},{"type":"Feature","properties":{"fid":2038935,"id":"osgb4000000074551023","names_uri":"http://data.ordnancesurvey.co.uk/id/4000000074551023","name1":"Eastwood","name1_lang":null,"name2":null,"name2_lang":null,"type":"populatedPlace","local_type":"Suburban Area","most_detai":7000,"least_deta":25000,"mbr_xmin":396028,"mbr_ymin":424830,"mbr_xmax":396814,"mbr_ymax":425967,"postcode_d":"OL14","postcode_1":"http://data.ordnancesurvey.co.uk/id/postcodedistrict/OL14","populated_":null,"populate_1":null,"populate_2":null,"district_b":"Calderdale","district_1":"http://data.ordnancesurvey.co.uk/id/7000000000016714","district_2":"http://data.ordnancesurvey.co.uk/ontology/admingeo/MetropolitanDistrict","county_uni":null,"county_u_1":null,"county_u_2":null,"region":"Yorkshire and the Humber","region_uri":"http://data.ordnancesurvey.co.uk/id/7000000000041430","country":"England","country_ur":"http://data.ordnancesurvey.co.uk/id/country/england","related_sp":null,"same_as_db":"http://dbpedia.org/resource/Eastwood,_West_Yorkshire","same_as_ge":"http://sws.geonames.org/2650308"},"geometry":{"type":"Point","coordinates":[-2.0543092609907974,53.724325443104824]}},{"type":"Feature","properties":{"fid":2038936,"id":"osgb4000000074551024","names_uri":"http://data.ordnancesurvey.co.uk/id/4000000074551024","name1":"Lydgate","name1_lang":null,"name2":null,"name2_lang":null,"type":"populatedPlace","local_type":"Suburban Area","most_detai":6000,"least_deta":25000,"mbr_xmin":391745,"mbr_ymin":425389,"mbr_xmax":392692,"mbr_ymax":425889,"postcode_d":"OL14","postcode_1":"http://data.ordnancesurvey.co.uk/id/postcodedistrict/OL14","populated_":null,"populate_1":null,"populate_2":null,"district_b":"Calderdale","district_1":"http://data.ordnancesurvey.co.uk/id/7000000000016714","district_2":"http://data.ordnancesurvey.co.uk/ontology/admingeo/MetropolitanDistrict","county_uni":null,"county_u_1":null,"county_u_2":null,"region":"Yorkshire and the Humber","region_uri":"http://data.ordnancesurvey.co.uk/id/7000000000041430","country":"England","country_ur":"http://data.ordnancesurvey.co.uk/id/country/england","related_sp":null,"same_as_db":null,"same_as_ge":"http://sws.geonames.org/2643324"},"geometry":{"type":"Point","coordinates":[-2.118708323971906,53.725905653620295]}},{"type":"Feature","properties":{"fid":2038937,"id":"osgb4000000074551025","names_uri":"http://data.ordnancesurvey.co.uk/id/4000000074551025","name1":"Vale","name1_lang":null,"name2":null,"name2_lang":null,"type":"populatedPlace","local_type":"Suburban Area","most_detai":4000,"least_deta":25000,"mbr_xmin":391132,"mbr_ymin":425759,"mbr_xmax":391656,"mbr_ymax":426391,"postcode_d":"OL14","postcode_1":"http://data.ordnancesurvey.co.uk/id/postcodedistrict/OL14","populated_":null,"populate_1":null,"populate_2":null,"district_b":"Calderdale","district_1":"http://data.ordnancesurvey.co.uk/id/7000000000016714","district_2":"http://data.ordnancesurvey.co.uk/ontology/admingeo/MetropolitanDistrict","county_uni":null,"county_u_1":null,"county_u_2":null,"region":"Yorkshire and the Humber","region_uri":"http://data.ordnancesurvey.co.uk/id/7000000000041430","country":"England","country_ur":"http://data.ordnancesurvey.co.uk/id/country/england","related_sp":null,"same_as_db":null,"same_as_ge":null},"geometry":{"type":"Point","coordinates":[-2.129344177270174,53.72968758740641]}},{"type":"Feature","properties":{"fid":2038938,"id":"osgb4000000074551026","names_uri":"http://data.ordnancesurvey.co.uk/id/4000000074551026","name1":"Pudsey","name1_lang":null,"name2":null,"name2_lang":null,"type":"populatedPlace","local_type":"Suburban Area","most_detai":5000,"least_deta":25000,"mbr_xmin":390714,"mbr_ymin":426101,"mbr_xmax":391214,"mbr_ymax":426877,"postcode_d":"OL14","postcode_1":"http://data.ordnancesurvey.co.uk/id/postcodedistrict/OL14","populated_":null,"populate_1":null,"populate_2":null,"district_b":"Calderdale","district_1":"http://data.ordnancesurvey.co.uk/id/7000000000016714","district_2":"http://data.ordnancesurvey.co.uk/ontology/admingeo/MetropolitanDistrict","county_uni":null,"county_u_1":null,"county_u_2":null,"region":"Yorkshire and the Humber","region_uri":"http://data.ordnancesurvey.co.uk/id/7000000000041430","country":"England","country_ur":"http://data.ordnancesurvey.co.uk/id/country/england","related_sp":null,"same_as_db":"http://dbpedia.org/resource/Pudsey,_Calderdale","same_as_ge":null},"geometry":{"type":"Point","coordinates":[-2.1398649750228946,53.73476299097515]}},{"type":"Feature","properties":{"fid":2038939,"id":"osgb4000000074551027","names_uri":"http://data.ordnancesurvey.co.uk/id/4000000074551027","name1":"Shore","name1_lang":null,"name2":null,"name2_lang":null,"type":"populatedPlace","local_type":"Hamlet","most_detai":5000,"least_deta":25000,"mbr_xmin":391114,"mbr_ymin":426560,"mbr_xmax":391816,"mbr_ymax":427060,"postcode_d":"OL14","postcode_1":"http://data.ordnancesurvey.co.uk/id/postcodedistrict/OL14","populated_":null,"populate_1":null,"populate_2":null,"district_b":"Calderdale","district_1":"http://data.ordnancesurvey.co.uk/id/7000000000016714","district_2":"http://data.ordnancesurvey.co.uk/ontology/admingeo/MetropolitanDistrict","county_uni":null,"county_u_1":null,"county_u_2":null,"region":"Yorkshire and the Humber","region_uri":"http://data.ordnancesurvey.co.uk/id/7000000000041430","country":"England","country_ur":"http://data.ordnancesurvey.co.uk/id/country/england","related_sp":null,"same_as_db":null,"same_as_ge":null},"geometry":{"type":"Point","coordinates":[-2.1321430366603065,53.737674912545145]}},{"type":"Feature","properties":{"fid":2038940,"id":"osgb4000000074551028","names_uri":"http://data.ordnancesurvey.co.uk/id/4000000074551028","name1":"Cornholme","name1_lang":null,"name2":null,"name2_lang":null,"type":"populatedPlace","local_type":"Suburban Area","most_detai":4000,"least_deta":25000,"mbr_xmin":390266,"mbr_ymin":426046,"mbr_xmax":390854,"mbr_ymax":426546,"postcode_d":"OL14","postcode_1":"http://data.ordnancesurvey.co.uk/id/postcodedistrict/OL14","populated_":null,"populate_1":null,"populate_2":null,"district_b":"Calderdale","district_1":"http://data.ordnancesurvey.co.uk/id/7000000000016714","district_2":"http://data.ordnancesurvey.co.uk/ontology/admingeo/MetropolitanDistrict","county_uni":null,"county_u_1":null,"county_u_2":null,"region":"Yorkshire and the Humber","region_uri":"http://data.ordnancesurvey.co.uk/id/7000000000041430","country":"England","country_ur":"http://data.ordnancesurvey.co.uk/id/country/england","related_sp":null,"same_as_db":"http://dbpedia.org/resource/Cornholme","same_as_ge":"http://sws.geonames.org/2652360"},"geometry":{"type":"Point","coordinates":[-2.141163334103935,53.73317956737724]}},{"type":"Feature","properties":{"fid":2038941,"id":"osgb4000000074551029","names_uri":"http://data.ordnancesurvey.co.uk/id/4000000074551029","name1":"Portsmouth","name1_lang":null,"name2":null,"name2_lang":null,"type":"populatedPlace","local_type":"Suburban Area","most_detai":5000,"least_deta":25000,"mbr_xmin":389718,"mbr_ymin":425922,"mbr_xmax":390482,"mbr_ymax":426550,"postcode_d":"OL14","postcode_1":"http://data.ordnancesurvey.co.uk/id/postcodedistrict/OL14","populated_":null,"populate_1":null,"populate_2":null,"district_b":"Calderdale","district_1":"http://data.ordnancesurvey.co.uk/id/7000000000016714","district_2":"http://data.ordnancesurvey.co.uk/ontology/admingeo/MetropolitanDistrict","county_uni":null,"county_u_1":null,"county_u_2":null,"region":"Yorkshire and the Humber","region_uri":"http://data.ordnancesurvey.co.uk/id/7000000000041430","country":"England","country_ur":"http://data.ordnancesurvey.co.uk/id/country/england","related_sp":null,"same_as_db":"http://dbpedia.org/resource/Portsmouth,_West_Yorkshire","same_as_ge":"http://sws.geonames.org/2639995"},"geometry":{"type":"Point","coordinates":[-2.1511028623656934,53.73195403758459]}},{"type":"Feature","properties":{"fid":2038949,"id":"osgb4000000074551037","names_uri":"http://data.ordnancesurvey.co.uk/id/4000000074551037","name1":"Stoneyholme","name1_lang":null,"name2":null,"name2_lang":null,"type":"populatedPlace","local_type":"Suburban Area","most_detai":5000,"least_deta":25000,"mbr_xmin":383460,"mbr_ymin":432933,"mbr_xmax":384044,"mbr_ymax":433673,"postcode_d":"BB12","postcode_1":"http://data.ordnancesurvey.co.uk/id/postcodedistrict/BB12","populated_":null,"populate_1":null,"populate_2":null,"district_b":"Burnley","district_1":"http://data.ordnancesurvey.co.uk/id/7000000000004566","district_2":"http://data.ordnancesurvey.co.uk/ontology/admingeo/District","county_uni":"Lancashire","county_u_1":"http://data.ordnancesurvey.co.uk/id/7000000000005156","county_u_2":"http://data.ordnancesurvey.co.uk/ontology/admingeo/County","region":"North West","region_uri":"http://data.ordnancesurvey.co.uk/id/7000000000041431","country":"England","country_ur":"http://data.ordnancesurvey.co.uk/id/country/england","related_sp":null,"same_as_db":null,"same_as_ge":null},"geometry":{"type":"Point","coordinates":[-2.2486452133224346,53.79618140672518]}},{"type":"Feature","properties":{"fid":2038951,"id":"osgb4000000074551039","names_uri":"http://data.ordnancesurvey.co.uk/id/4000000074551039","name1":"Burnley","name1_lang":null,"name2":null,"name2_lang":null,"type":"populatedPlace","local_type":"Town","most_detai":52000,"least_deta":2000000,"mbr_xmin":380211,"mbr_ymin":430311,"mbr_xmax":388157,"mbr_ymax":435869,"postcode_d":"BB11","postcode_1":"http://data.ordnancesurvey.co.uk/id/postcodedistrict/BB11","populated_":null,"populate_1":null,"populate_2":null,"district_b":"Burnley","district_1":"http://data.ordnancesurvey.co.uk/id/7000000000004566","district_2":"http://data.ordnancesurvey.co.uk/ontology/admingeo/District","county_uni":"Lancashire","county_u_1":"http://data.ordnancesurvey.co.uk/id/7000000000005156","county_u_2":"http://data.ordnancesurvey.co.uk/ontology/admingeo/County","region":"North West","region_uri":"http://data.ordnancesurvey.co.uk/id/7000000000041431","country":"England","country_ur":"http://data.ordnancesurvey.co.uk/id/country/england","related_sp":null,"same_as_db":"http://dbpedia.org/resource/Burnley","same_as_ge":"http://sws.geonames.org/2654264"},"geometry":{"type":"Point","coordinates":[-2.244389607208715,53.787516754009225]}},{"type":"Feature","properties":{"fid":2038952,"id":"osgb4000000074551040","names_uri":"http://data.ordnancesurvey.co.uk/id/4000000074551040","name1":"Harle Syke","name1_lang":null,"name2":null,"name2_lang":null,"type":"populatedPlace","local_type":"Suburban Area","most_detai":6000,"least_deta":25000,"mbr_xmin":386227,"mbr_ymin":434767,"mbr_xmax":387126,"mbr_ymax":435330,"postcode_d":"BB10","postcode_1":"http://data.ordnancesurvey.co.uk/id/postcodedistrict/BB10","populated_":null,"populate_1":null,"populate_2":null,"district_b":"Burnley","district_1":"http://data.ordnancesurvey.co.uk/id/7000000000004566","district_2":"http://data.ordnancesurvey.co.uk/ontology/admingeo/District","county_uni":"Lancashire","county_u_1":"http://data.ordnancesurvey.co.uk/id/7000000000005156","county_u_2":"http://data.ordnancesurvey.co.uk/ontology/admingeo/County","region":"North West","region_uri":"http://data.ordnancesurvey.co.uk/id/7000000000041431","country":"England","country_ur":"http://data.ordnancesurvey.co.uk/id/country/england","related_sp":null,"same_as_db":"http://dbpedia.org/resource/Harle_Syke","same_as_ge":null},"geometry":{"type":"Point","coordinates":[-2.2050911449675774,53.81185800722447]}},{"type":"Feature","properties":{"fid":2038953,"id":"osgb4000000074551041","names_uri":"http://data.ordnancesurvey.co.uk/id/4000000074551041","name1":"Haggate","name1_lang":null,"name2":null,"name2_lang":null,"type":"populatedPlace","local_type":"Suburban Area","most_detai":2000,"least_deta":25000,"mbr_xmin":386993,"mbr_ymin":435044,"mbr_xmax":387493,"mbr_ymax":435544,"postcode_d":"BB10","postcode_1":"http://data.ordnancesurvey.co.uk/id/postcodedistrict/BB10","populated_":null,"populate_1":null,"populate_2":null,"district_b":"Burnley","district_1":"http://data.ordnancesurvey.co.uk/id/7000000000004566","district_2":"http://data.ordnancesurvey.co.uk/ontology/admingeo/District","county_uni":"Lancashire","county_u_1":"http://data.ordnancesurvey.co.uk/id/7000000000005156","county_u_2":"http://data.ordnancesurvey.co.uk/ontology/admingeo/County","region":"North West","region_uri":"http://data.ordnancesurvey.co.uk/id/7000000000041431","country":"England","country_ur":"http://data.ordnancesurvey.co.uk/id/country/england","related_sp":null,"same_as_db":"http://dbpedia.org/resource/Haggate","same_as_ge":null},"geometry":{"type":"Point","coordinates":[-2.1954098175746966,53.81354594897278]}},{"type":"Feature","properties":{"fid":2038954,"id":"osgb4000000074551042","names_uri":"http://data.ordnancesurvey.co.uk/id/4000000074551042","name1":"Reedley","name1_lang":null,"name2":null,"name2_lang":null,"type":"populatedPlace","local_type":"Suburban Area","most_detai":7000,"least_deta":25000,"mbr_xmin":384326,"mbr_ymin":435294,"mbr_xmax":385380,"mbr_ymax":436178,"postcode_d":"BB10","postcode_1":"http://data.ordnancesurvey.co.uk/id/postcodedistrict/BB10","populated_":null,"populate_1":null,"populate_2":null,"district_b":"Pendle","district_1":"http://data.ordnancesurvey.co.uk/id/7000000000043744","district_2":"http://data.ordnancesurvey.co.uk/ontology/admingeo/District","county_uni":"Lancashire","county_u_1":"http://data.ordnancesurvey.co.uk/id/7000000000005156","county_u_2":"http://data.ordnancesurvey.co.uk/ontology/admingeo/County","region":"North West","region_uri":"http://data.ordnancesurvey.co.uk/id/7000000000041431","country":"England","country_ur":"http://data.ordnancesurvey.co.uk/id/country/england","related_sp":null,"same_as_db":"http://dbpedia.org/resource/Reedley_Hallows","same_as_ge":null},"geometry":{"type":"Point","coordinates":[-2.2275224788962187,53.81753384546456]}},{"type":"Feature","properties":{"fid":2038962,"id":"osgb4000000074551050","names_uri":"http://data.ordnancesurvey.co.uk/id/4000000074551050","name1":"Newbridge","name1_lang":null,"name2":null,"name2_lang":null,"type":"populatedPlace","local_type":"Suburban Area","most_detai":3000,"least_deta":25000,"mbr_xmin":385359,"mbr_ymin":438690,"mbr_xmax":385859,"mbr_ymax":439190,"postcode_d":"BB9","postcode_1":"http://data.ordnancesurvey.co.uk/id/postcodedistrict/BB9","populated_":null,"populate_1":null,"populate_2":null,"district_b":"Pendle","district_1":"http://data.ordnancesurvey.co.uk/id/7000000000043744","district_2":"http://data.ordnancesurvey.co.uk/ontology/admingeo/District","county_uni":"Lancashire","county_u_1":"http://data.ordnancesurvey.co.uk/id/7000000000005156","county_u_2":"http://data.ordnancesurvey.co.uk/ontology/admingeo/County","region":"North West","region_uri":"http://data.ordnancesurvey.co.uk/id/7000000000041431","country":"England","country_ur":"http://data.ordnancesurvey.co.uk/id/country/england","related_sp":null,"same_as_db":null,"same_as_ge":null},"geometry":{"type":"Point","coordinates":[-2.22021518915303,53.846192012236145]}},{"type":"Feature","properties":{"fid":2038963,"id":"osgb4000000074551051","names_uri":"http://data.ordnancesurvey.co.uk/id/4000000074551051","name1":"Carr Hall","name1_lang":null,"name2":null,"name2_lang":null,"type":"populatedPlace","local_type":"Suburban Area","most_detai":7000,"least_deta":25000,"mbr_xmin":384393,"mbr_ymin":438051,"mbr_xmax":385440,"mbr_ymax":439040,"postcode_d":"BB9","postcode_1":"http://data.ordnancesurvey.co.uk/id/postcodedistrict/BB9","populated_":null,"populate_1":null,"populate_2":null,"district_b":"Pendle","district_1":"http://data.ordnancesurvey.co.uk/id/7000000000043744","district_2":"http://data.ordnancesurvey.co.uk/ontology/admingeo/District","county_uni":"Lancashire","county_u_1":"http://data.ordnancesurvey.co.uk/id/7000000000005156","county_u_2":"http://data.ordnancesurvey.co.uk/ontology/admingeo/County","region":"North West","region_uri":"http://data.ordnancesurvey.co.uk/id/7000000000041431","country":"England","country_ur":"http://data.ordnancesurvey.co.uk/id/country/england","related_sp":null,"same_as_db":null,"same_as_ge":null},"geometry":{"type":"Point","coordinates":[-2.229843270140567,53.839145390693915]}},{"type":"Feature","properties":{"fid":2039235,"id":"osgb4000000074551324","names_uri":"http://data.ordnancesurvey.co.uk/id/4000000074551324","name1":"Machpelah","name1_lang":null,"name2":null,"name2_lang":null,"type":"populatedPlace","local_type":"Suburban Area","most_detai":3000,"least_deta":25000,"mbr_xmin":399363,"mbr_ymin":426697,"mbr_xmax":399863,"mbr_ymax":427197,"postcode_d":"HX7","postcode_1":"http://data.ordnancesurvey.co.uk/id/postcodedistrict/HX7","populated_":null,"populate_1":null,"populate_2":null,"district_b":"Calderdale","district_1":"http://data.ordnancesurvey.co.uk/id/7000000000016714","district_2":"http://data.ordnancesurvey.co.uk/ontology/admingeo/MetropolitanDistrict","county_uni":null,"county_u_1":null,"county_u_2":null,"region":"Yorkshire and the Humber","region_uri":"http://data.ordnancesurvey.co.uk/id/7000000000041430","country":"England","country_ur":"http://data.ordnancesurvey.co.uk/id/country/england","related_sp":null,"same_as_db":null,"same_as_ge":null},"geometry":{"type":"Point","coordinates":[-2.008816452244795,53.73917680370742]}},{"type":"Feature","properties":{"fid":2039236,"id":"osgb4000000074551325","names_uri":"http://data.ordnancesurvey.co.uk/id/4000000074551325","name1":"Birchcliffe","name1_lang":null,"name2":null,"name2_lang":null,"type":"populatedPlace","local_type":"Suburban Area","most_detai":3000,"least_deta":25000,"mbr_xmin":399086,"mbr_ymin":426983,"mbr_xmax":399586,"mbr_ymax":427483,"postcode_d":"HX7","postcode_1":"http://data.ordnancesurvey.co.uk/id/postcodedistrict/HX7","populated_":null,"populate_1":null,"populate_2":null,"district_b":"Calderdale","district_1":"http://data.ordnancesurvey.co.uk/id/7000000000016714","district_2":"http://data.ordnancesurvey.co.uk/ontology/admingeo/MetropolitanDistrict","county_uni":null,"county_u_1":null,"county_u_2":null,"region":"Yorkshire and the Humber","region_uri":"http://data.ordnancesurvey.co.uk/id/7000000000041430","country":"England","country_ur":"http://data.ordnancesurvey.co.uk/id/country/england","related_sp":null,"same_as_db":null,"same_as_ge":null},"geometry":{"type":"Point","coordinates":[-2.011333985848517,53.74236734127354]}},{"type":"Feature","properties":{"fid":2039237,"id":"osgb4000000074551326","names_uri":"http://data.ordnancesurvey.co.uk/id/4000000074551326","name1":"Dodd Naze","name1_lang":null,"name2":null,"name2_lang":null,"type":"populatedPlace","local_type":"Suburban Area","most_detai":3000,"least_deta":25000,"mbr_xmin":399598,"mbr_ymin":427084,"mbr_xmax":400098,"mbr_ymax":427584,"postcode_d":"HX7","postcode_1":"http://data.ordnancesurvey.co.uk/id/postcodedistrict/HX7","populated_":null,"populate_1":null,"populate_2":null,"district_b":"Calderdale","district_1":"http://data.ordnancesurvey.co.uk/id/7000000000016714","district_2":"http://data.ordnancesurvey.co.uk/ontology/admingeo/MetropolitanDistrict","county_uni":null,"county_u_1":null,"county_u_2":null,"region":"Yorkshire and the Humber","region_uri":"http://data.ordnancesurvey.co.uk/id/7000000000041430","country":"England","country_ur":"http://data.ordnancesurvey.co.uk/id/country/england","related_sp":null,"same_as_db":null,"same_as_ge":null},"geometry":{"type":"Point","coordinates":[-2.0039653247737923,53.741729676898736]}},{"type":"Feature","properties":{"fid":2039238,"id":"osgb4000000074551327","names_uri":"http://data.ordnancesurvey.co.uk/id/4000000074551327","name1":"Nutclough","name1_lang":null,"name2":null,"name2_lang":null,"type":"populatedPlace","local_type":"Suburban Area","most_detai":5000,"least_deta":25000,"mbr_xmin":398980,"mbr_ymin":427247,"mbr_xmax":399564,"mbr_ymax":428021,"postcode_d":"HX7","postcode_1":"http://data.ordnancesurvey.co.uk/id/postcodedistrict/HX7","populated_":null,"populate_1":null,"populate_2":null,"district_b":"Calderdale","district_1":"http://data.ordnancesurvey.co.uk/id/7000000000016714","district_2":"http://data.ordnancesurvey.co.uk/ontology/admingeo/MetropolitanDistrict","county_uni":null,"county_u_1":null,"county_u_2":null,"region":"Yorkshire and the Humber","region_uri":"http://data.ordnancesurvey.co.uk/id/7000000000041430","country":"England","country_ur":"http://data.ordnancesurvey.co.uk/id/country/england","related_sp":null,"same_as_db":null,"same_as_ge":null},"geometry":{"type":"Point","coordinates":[-2.0163233213130947,53.74523393848272]}},{"type":"Feature","properties":{"fid":2039239,"id":"osgb4000000074551328","names_uri":"http://data.ordnancesurvey.co.uk/id/4000000074551328","name1":"Wood End","name1_lang":null,"name2":null,"name2_lang":null,"type":"populatedPlace","local_type":"Suburban Area","most_detai":4000,"least_deta":25000,"mbr_xmin":399310,"mbr_ymin":427294,"mbr_xmax":399886,"mbr_ymax":427794,"postcode_d":"HX7","postcode_1":"http://data.ordnancesurvey.co.uk/id/postcodedistrict/HX7","populated_":null,"populate_1":null,"populate_2":null,"district_b":"Calderdale","district_1":"http://data.ordnancesurvey.co.uk/id/7000000000016714","district_2":"http://data.ordnancesurvey.co.uk/ontology/admingeo/MetropolitanDistrict","county_uni":null,"county_u_1":null,"county_u_2":null,"region":"Yorkshire and the Humber","region_uri":"http://data.ordnancesurvey.co.uk/id/7000000000041430","country":"England","country_ur":"http://data.ordnancesurvey.co.uk/id/country/england","related_sp":null,"same_as_db":null,"same_as_ge":null},"geometry":{"type":"Point","coordinates":[-2.009560355718293,53.74361683704373]}},{"type":"Feature","properties":{"fid":2039240,"id":"osgb4000000074551329","names_uri":"http://data.ordnancesurvey.co.uk/id/4000000074551329","name1":"Hebden Bridge","name1_lang":null,"name2":null,"name2_lang":null,"type":"populatedPlace","local_type":"Town","most_detai":26000,"least_deta":2000000,"mbr_xmin":396697,"mbr_ymin":425937,"mbr_xmax":400712,"mbr_ymax":428922,"postcode_d":"HX7","postcode_1":"http://data.ordnancesurvey.co.uk/id/postcodedistrict/HX7","populated_":null,"populate_1":null,"populate_2":null,"district_b":"Calderdale","district_1":"http://data.ordnancesurvey.co.uk/id/7000000000016714","district_2":"http://data.ordnancesurvey.co.uk/ontology/admingeo/MetropolitanDistrict","county_uni":null,"county_u_1":null,"county_u_2":null,"region":"Yorkshire and the Humber","region_uri":"http://data.ordnancesurvey.co.uk/id/7000000000041430","country":"England","country_ur":"http://data.ordnancesurvey.co.uk/id/country/england","related_sp":null,"same_as_db":"http://dbpedia.org/resource/Hebden_Bridge","same_as_ge":"http://sws.geonames.org/2647207"},"geometry":{"type":"Point","coordinates":[-2.013820096556752,53.741135713477846]}},{"type":"Feature","properties":{"fid":2039241,"id":"osgb4000000074551330","names_uri":"http://data.ordnancesurvey.co.uk/id/4000000074551330","name1":"Scar Top","name1_lang":null,"name2":null,"name2_lang":null,"type":"populatedPlace","local_type":"Hamlet","most_detai":5000,"least_deta":25000,"mbr_xmin":399164,"mbr_ymin":437059,"mbr_xmax":399664,"mbr_ymax":437559,"postcode_d":"BD22","postcode_1":"http://data.ordnancesurvey.co.uk/id/postcodedistrict/BD22","populated_":null,"populate_1":null,"populate_2":null,"district_b":"Bradford","district_1":"http://data.ordnancesurvey.co.uk/id/7000000000016726","district_2":"http://data.ordnancesurvey.co.uk/ontology/admingeo/MetropolitanDistrict","county_uni":null,"county_u_1":null,"county_u_2":null,"region":"Yorkshire and the Humber","region_uri":"http://data.ordnancesurvey.co.uk/id/7000000000041430","country":"England","country_ur":"http://data.ordnancesurvey.co.uk/id/country/england","related_sp":null,"same_as_db":null,"same_as_ge":null},"geometry":{"type":"Point","coordinates":[-2.01102442741772,53.83187857874711]}},{"type":"Feature","properties":{"fid":2039242,"id":"osgb4000000074551331","names_uri":"http://data.ordnancesurvey.co.uk/id/4000000074551331","name1":"Hurstwood","name1_lang":null,"name2":null,"name2_lang":null,"type":"populatedPlace","local_type":"Village","most_detai":5000,"least_deta":250000,"mbr_xmin":387644,"mbr_ymin":430944,"mbr_xmax":388335,"mbr_ymax":431707,"postcode_d":"BB10","postcode_1":"http://data.ordnancesurvey.co.uk/id/postcodedistrict/BB10","populated_":null,"populate_1":null,"populate_2":null,"district_b":"Burnley","district_1":"http://data.ordnancesurvey.co.uk/id/7000000000004566","district_2":"http://data.ordnancesurvey.co.uk/ontology/admingeo/District","county_uni":"Lancashire","county_u_1":"http://data.ordnancesurvey.co.uk/id/7000000000005156","county_u_2":"http://data.ordnancesurvey.co.uk/ontology/admingeo/County","region":"North West","region_uri":"http://data.ordnancesurvey.co.uk/id/7000000000041431","country":"England","country_ur":"http://data.ordnancesurvey.co.uk/id/country/england","related_sp":null,"same_as_db":null,"same_as_ge":null},"geometry":{"type":"Point","coordinates":[-2.1823715987139427,53.78039191004852]}},{"type":"Feature","properties":{"fid":2039243,"id":"osgb4000000074551332","names_uri":"http://data.ordnancesurvey.co.uk/id/4000000074551332","name1":"Thursden","name1_lang":null,"name2":null,"name2_lang":null,"type":"populatedPlace","local_type":"Hamlet","most_detai":5000,"least_deta":25000,"mbr_xmin":390086,"mbr_ymin":434574,"mbr_xmax":390811,"mbr_ymax":435266,"postcode_d":"BB10","postcode_1":"http://data.ordnancesurvey.co.uk/id/postcodedistrict/BB10","populated_":null,"populate_1":null,"populate_2":null,"district_b":"Burnley","district_1":"http://data.ordnancesurvey.co.uk/id/7000000000004566","district_2":"http://data.ordnancesurvey.co.uk/ontology/admingeo/District","county_uni":"Lancashire","county_u_1":"http://data.ordnancesurvey.co.uk/id/7000000000005156","county_u_2":"http://data.ordnancesurvey.co.uk/ontology/admingeo/County","region":"North West","region_uri":"http://data.ordnancesurvey.co.uk/id/7000000000041431","country":"England","country_ur":"http://data.ordnancesurvey.co.uk/id/country/england","related_sp":null,"same_as_db":null,"same_as_ge":null},"geometry":{"type":"Point","coordinates":[-2.142084936850137,53.80851592860311]}},{"type":"Feature","properties":{"fid":2039244,"id":"osgb4000000074551333","names_uri":"http://data.ordnancesurvey.co.uk/id/4000000074551333","name1":"Cockden","name1_lang":null,"name2":null,"name2_lang":null,"type":"populatedPlace","local_type":"Hamlet","most_detai":5000,"least_deta":25000,"mbr_xmin":387221,"mbr_ymin":434639,"mbr_xmax":387721,"mbr_ymax":435139,"postcode_d":"BB10","postcode_1":"http://data.ordnancesurvey.co.uk/id/postcodedistrict/BB10","populated_":null,"populate_1":null,"populate_2":null,"district_b":"Burnley","district_1":"http://data.ordnancesurvey.co.uk/id/7000000000004566","district_2":"http://data.ordnancesurvey.co.uk/ontology/admingeo/District","county_uni":"Lancashire","county_u_1":"http://data.ordnancesurvey.co.uk/id/7000000000005156","county_u_2":"http://data.ordnancesurvey.co.uk/ontology/admingeo/County","region":"North West","region_uri":"http://data.ordnancesurvey.co.uk/id/7000000000041431","country":"England","country_ur":"http://data.ordnancesurvey.co.uk/id/country/england","related_sp":null,"same_as_db":null,"same_as_ge":null},"geometry":{"type":"Point","coordinates":[-2.1921900611715124,53.81022561660331]}},{"type":"Feature","properties":{"fid":2039245,"id":"osgb4000000074551334","names_uri":"http://data.ordnancesurvey.co.uk/id/4000000074551334","name1":"Lane Bottom","name1_lang":null,"name2":null,"name2_lang":null,"type":"populatedPlace","local_type":"Suburban Area","most_detai":5000,"least_deta":25000,"mbr_xmin":387353,"mbr_ymin":435368,"mbr_xmax":388157,"mbr_ymax":435869,"postcode_d":"BB10","postcode_1":"http://data.ordnancesurvey.co.uk/id/postcodedistrict/BB10","populated_":null,"populate_1":null,"populate_2":null,"district_b":"Burnley","district_1":"http://data.ordnancesurvey.co.uk/id/7000000000004566","district_2":"http://data.ordnancesurvey.co.uk/ontology/admingeo/District","county_uni":"Lancashire","county_u_1":"http://data.ordnancesurvey.co.uk/id/7000000000005156","county_u_2":"http://data.ordnancesurvey.co.uk/ontology/admingeo/County","region":"North West","region_uri":"http://data.ordnancesurvey.co.uk/id/7000000000041431","country":"England","country_ur":"http://data.ordnancesurvey.co.uk/id/country/england","related_sp":null,"same_as_db":null,"same_as_ge":null},"geometry":{"type":"Point","coordinates":[-2.186839631746493,53.815950415784336]}},{"type":"Feature","properties":{"fid":2039246,"id":"osgb4000000074551335","names_uri":"http://data.ordnancesurvey.co.uk/id/4000000074551335","name1":"Catlow","name1_lang":null,"name2":null,"name2_lang":null,"type":"populatedPlace","local_type":"Hamlet","most_detai":5000,"least_deta":25000,"mbr_xmin":388103,"mbr_ymin":436083,"mbr_xmax":388603,"mbr_ymax":436606,"postcode_d":"BB10","postcode_1":"http://data.ordnancesurvey.co.uk/id/postcodedistrict/BB10","populated_":null,"populate_1":null,"populate_2":null,"district_b":"Pendle","district_1":"http://data.ordnancesurvey.co.uk/id/7000000000043744","district_2":"http://data.ordnancesurvey.co.uk/ontology/admingeo/District","county_uni":"Lancashire","county_u_1":"http://data.ordnancesurvey.co.uk/id/7000000000005156","county_u_2":"http://data.ordnancesurvey.co.uk/ontology/admingeo/County","region":"North West","region_uri":"http://data.ordnancesurvey.co.uk/id/7000000000041431","country":"England","country_ur":"http://data.ordnancesurvey.co.uk/id/country/england","related_sp":null,"same_as_db":null,"same_as_ge":null},"geometry":{"type":"Point","coordinates":[-2.1790408899358247,53.82495026061428]}},{"type":"Feature","properties":{"fid":2039247,"id":"osgb4000000074551336","names_uri":"http://data.ordnancesurvey.co.uk/id/4000000074551336","name1":"Southfield","name1_lang":null,"name2":null,"name2_lang":null,"type":"populatedPlace","local_type":"Hamlet","most_detai":5000,"least_deta":25000,"mbr_xmin":387749,"mbr_ymin":436730,"mbr_xmax":388249,"mbr_ymax":437230,"postcode_d":"BB10","postcode_1":"http://data.ordnancesurvey.co.uk/id/postcodedistrict/BB10","populated_":null,"populate_1":null,"populate_2":null,"district_b":"Pendle","district_1":"http://data.ordnancesurvey.co.uk/id/7000000000043744","district_2":"http://data.ordnancesurvey.co.uk/ontology/admingeo/District","county_uni":"Lancashire","county_u_1":"http://data.ordnancesurvey.co.uk/id/7000000000005156","county_u_2":"http://data.ordnancesurvey.co.uk/ontology/admingeo/County","region":"North West","region_uri":"http://data.ordnancesurvey.co.uk/id/7000000000041431","country":"England","country_ur":"http://data.ordnancesurvey.co.uk/id/country/england","related_sp":null,"same_as_db":null,"same_as_ge":null},"geometry":{"type":"Point","coordinates":[-2.1810501787763985,53.829396263466386]}},{"type":"Feature","properties":{"fid":2039254,"id":"osgb4000000074551343","names_uri":"http://data.ordnancesurvey.co.uk/id/4000000074551343","name1":"Little Marsden","name1_lang":null,"name2":null,"name2_lang":null,"type":"populatedPlace","local_type":"Suburban Area","most_detai":4000,"least_deta":25000,"mbr_xmin":385770,"mbr_ymin":436679,"mbr_xmax":386281,"mbr_ymax":437272,"postcode_d":"BB9","postcode_1":"http://data.ordnancesurvey.co.uk/id/postcodedistrict/BB9","populated_":null,"populate_1":null,"populate_2":null,"district_b":"Pendle","district_1":"http://data.ordnancesurvey.co.uk/id/7000000000043744","district_2":"http://data.ordnancesurvey.co.uk/ontology/admingeo/District","county_uni":"Lancashire","county_u_1":"http://data.ordnancesurvey.co.uk/id/7000000000005156","county_u_2":"http://data.ordnancesurvey.co.uk/ontology/admingeo/County","region":"North West","region_uri":"http://data.ordnancesurvey.co.uk/id/7000000000041431","country":"England","country_ur":"http://data.ordnancesurvey.co.uk/id/country/england","related_sp":null,"same_as_db":null,"same_as_ge":null},"geometry":{"type":"Point","coordinates":[-2.214714895893498,53.828747461830226]}},{"type":"Feature","properties":{"fid":2039255,"id":"osgb4000000074551344","names_uri":"http://data.ordnancesurvey.co.uk/id/4000000074551344","name1":"Nelson","name1_lang":null,"name2":null,"name2_lang":null,"type":"populatedPlace","local_type":"Town","most_detai":22000,"least_deta":2000000,"mbr_xmin":384909,"mbr_ymin":436154,"mbr_xmax":388226,"mbr_ymax":439202,"postcode_d":"BB9","postcode_1":"http://data.ordnancesurvey.co.uk/id/postcodedistrict/BB9","populated_":null,"populate_1":null,"populate_2":null,"district_b":"Pendle","district_1":"http://data.ordnancesurvey.co.uk/id/7000000000043744","district_2":"http://data.ordnancesurvey.co.uk/ontology/admingeo/District","county_uni":"Lancashire","county_u_1":"http://data.ordnancesurvey.co.uk/id/7000000000005156","county_u_2":"http://data.ordnancesurvey.co.uk/ontology/admingeo/County","region":"North West","region_uri":"http://data.ordnancesurvey.co.uk/id/7000000000041431","country":"England","country_ur":"http://data.ordnancesurvey.co.uk/id/country/england","related_sp":null,"same_as_db":"http://dbpedia.org/resource/Nelson,_Lancashire","same_as_ge":"http://sws.geonames.org/2641810"},"geometry":{"type":"Point","coordinates":[-2.217508844069124,53.837236009154495]}},{"type":"Feature","properties":{"fid":2039256,"id":"osgb4000000074551345","names_uri":"http://data.ordnancesurvey.co.uk/id/4000000074551345","name1":"Brierfield","name1_lang":null,"name2":null,"name2_lang":null,"type":"populatedPlace","local_type":"Town","most_detai":18000,"least_deta":2000000,"mbr_xmin":383897,"mbr_ymin":435294,"mbr_xmax":386730,"mbr_ymax":438063,"postcode_d":"BB9","postcode_1":"http://data.ordnancesurvey.co.uk/id/postcodedistrict/BB9","populated_":null,"populate_1":null,"populate_2":null,"district_b":"Pendle","district_1":"http://data.ordnancesurvey.co.uk/id/7000000000043744","district_2":"http://data.ordnancesurvey.co.uk/ontology/admingeo/District","county_uni":"Lancashire","county_u_1":"http://data.ordnancesurvey.co.uk/id/7000000000005156","county_u_2":"http://data.ordnancesurvey.co.uk/ontology/admingeo/County","region":"North West","region_uri":"http://data.ordnancesurvey.co.uk/id/7000000000041431","country":"England","country_ur":"http://data.ordnancesurvey.co.uk/id/country/england","related_sp":null,"same_as_db":"http://dbpedia.org/resource/Brierfield,_Lancashire","same_as_ge":"http://sws.geonames.org/2654725"},"geometry":{"type":"Point","coordinates":[-2.234270818946235,53.823776450403116]}},{"type":"Feature","properties":{"fid":2040835,"id":"osgb4000000074552928","names_uri":"http://data.ordnancesurvey.co.uk/id/4000000074552928","name1":"Heptonstall","name1_lang":null,"name2":null,"name2_lang":null,"type":"populatedPlace","local_type":"Village","most_detai":5000,"least_deta":250000,"mbr_xmin":398244,"mbr_ymin":427659,"mbr_xmax":398873,"mbr_ymax":428362,"postcode_d":"HX7","postcode_1":"http://data.ordnancesurvey.co.uk/id/postcodedistrict/HX7","populated_":null,"populate_1":null,"populate_2":null,"district_b":"Calderdale","district_1":"http://data.ordnancesurvey.co.uk/id/7000000000016714","district_2":"http://data.ordnancesurvey.co.uk/ontology/admingeo/MetropolitanDistrict","county_uni":null,"county_u_1":null,"county_u_2":null,"region":"Yorkshire and the Humber","region_uri":"http://data.ordnancesurvey.co.uk/id/7000000000041430","country":"England","country_ur":"http://data.ordnancesurvey.co.uk/id/country/england","related_sp":null,"same_as_db":"http://dbpedia.org/resource/Heptonstall","same_as_ge":"http://sws.geonames.org/2647078"},"geometry":{"type":"Point","coordinates":[-2.020540320349879,53.74878355347965]}},{"type":"Feature","properties":{"fid":2040836,"id":"osgb4000000074552929","names_uri":"http://data.ordnancesurvey.co.uk/id/4000000074552929","name1":"Calderside","name1_lang":null,"name2":null,"name2_lang":null,"type":"populatedPlace","local_type":"Suburban Area","most_detai":5000,"least_deta":25000,"mbr_xmin":397744,"mbr_ymin":426672,"mbr_xmax":398244,"mbr_ymax":427392,"postcode_d":"HX7","postcode_1":"http://data.ordnancesurvey.co.uk/id/postcodedistrict/HX7","populated_":null,"populate_1":null,"populate_2":null,"district_b":"Calderdale","district_1":"http://data.ordnancesurvey.co.uk/id/7000000000016714","district_2":"http://data.ordnancesurvey.co.uk/ontology/admingeo/MetropolitanDistrict","county_uni":null,"county_u_1":null,"county_u_2":null,"region":"Yorkshire and the Humber","region_uri":"http://data.ordnancesurvey.co.uk/id/7000000000041430","country":"England","country_ur":"http://data.ordnancesurvey.co.uk/id/country/england","related_sp":null,"same_as_db":null,"same_as_ge":null},"geometry":{"type":"Point","coordinates":[-2.0310724733968755,53.73957751342884]}},{"type":"Feature","properties":{"fid":2040837,"id":"osgb4000000074552930","names_uri":"http://data.ordnancesurvey.co.uk/id/4000000074552930","name1":"Charlestown","name1_lang":null,"name2":null,"name2_lang":null,"type":"populatedPlace","local_type":"Suburban Area","most_detai":4000,"least_deta":25000,"mbr_xmin":397164,"mbr_ymin":426498,"mbr_xmax":397799,"mbr_ymax":426998,"postcode_d":"HX7","postcode_1":"http://data.ordnancesurvey.co.uk/id/postcodedistrict/HX7","populated_":null,"populate_1":null,"populate_2":null,"district_b":"Calderdale","district_1":"http://data.ordnancesurvey.co.uk/id/7000000000016714","district_2":"http://data.ordnancesurvey.co.uk/ontology/admingeo/MetropolitanDistrict","county_uni":null,"county_u_1":null,"county_u_2":null,"region":"Yorkshire and the Humber","region_uri":"http://data.ordnancesurvey.co.uk/id/7000000000041430","country":"England","country_ur":"http://data.ordnancesurvey.co.uk/id/country/england","related_sp":null,"same_as_db":null,"same_as_ge":null},"geometry":{"type":"Point","coordinates":[-2.040423769753061,53.736608648626195]}},{"type":"Feature","properties":{"fid":2040838,"id":"osgb4000000074552931","names_uri":"http://data.ordnancesurvey.co.uk/id/4000000074552931","name1":"Mytholm","name1_lang":null,"name2":null,"name2_lang":null,"type":"populatedPlace","local_type":"Suburban Area","most_detai":7000,"least_deta":25000,"mbr_xmin":398081,"mbr_ymin":427089,"mbr_xmax":399162,"mbr_ymax":428023,"postcode_d":"HX7","postcode_1":"http://data.ordnancesurvey.co.uk/id/postcodedistrict/HX7","populated_":null,"populate_1":null,"populate_2":null,"district_b":"Calderdale","district_1":"http://data.ordnancesurvey.co.uk/id/7000000000016714","district_2":"http://data.ordnancesurvey.co.uk/ontology/admingeo/MetropolitanDistrict","county_uni":null,"county_u_1":null,"county_u_2":null,"region":"Yorkshire and the Humber","region_uri":"http://data.ordnancesurvey.co.uk/id/7000000000041430","country":"England","country_ur":"http://data.ordnancesurvey.co.uk/id/country/england","related_sp":null,"same_as_db":null,"same_as_ge":"http://sws.geonames.org/2641923"},"geometry":{"type":"Point","coordinates":[-2.026360342152792,53.744090648848]}},{"type":"Feature","properties":{"fid":2040839,"id":"osgb4000000074552932","names_uri":"http://data.ordnancesurvey.co.uk/id/4000000074552932","name1":"Upper Eastwood","name1_lang":null,"name2":null,"name2_lang":null,"type":"populatedPlace","local_type":"Hamlet","most_detai":5000,"least_deta":25000,"mbr_xmin":395937,"mbr_ymin":425711,"mbr_xmax":396437,"mbr_ymax":426307,"postcode_d":"OL14","postcode_1":"http://data.ordnancesurvey.co.uk/id/postcodedistrict/OL14","populated_":null,"populate_1":null,"populate_2":null,"district_b":"Calderdale","district_1":"http://data.ordnancesurvey.co.uk/id/7000000000016714","district_2":"http://data.ordnancesurvey.co.uk/ontology/admingeo/MetropolitanDistrict","county_uni":null,"county_u_1":null,"county_u_2":null,"region":"Yorkshire and the Humber","region_uri":"http://data.ordnancesurvey.co.uk/id/7000000000041430","country":"England","country_ur":"http://data.ordnancesurvey.co.uk/id/country/england","related_sp":null,"same_as_db":null,"same_as_ge":null},"geometry":{"type":"Point","coordinates":[-2.0598495703626147,53.730389734654736]}},{"type":"Feature","properties":{"fid":2040840,"id":"osgb4000000074552933","names_uri":"http://data.ordnancesurvey.co.uk/id/4000000074552933","name1":"Hole Bottom","name1_lang":null,"name2":null,"name2_lang":null,"type":"populatedPlace","local_type":"Suburban Area","most_detai":10000,"least_deta":25000,"mbr_xmin":393310,"mbr_ymin":424010,"mbr_xmax":394181,"mbr_ymax":425489,"postcode_d":"OL14","postcode_1":"http://data.ordnancesurvey.co.uk/id/postcodedistrict/OL14","populated_":null,"populate_1":null,"populate_2":null,"district_b":"Calderdale","district_1":"http://data.ordnancesurvey.co.uk/id/7000000000016714","district_2":"http://data.ordnancesurvey.co.uk/ontology/admingeo/MetropolitanDistrict","county_uni":null,"county_u_1":null,"county_u_2":null,"region":"Yorkshire and the Humber","region_uri":"http://data.ordnancesurvey.co.uk/id/7000000000041430","country":"England","country_ur":"http://data.ordnancesurvey.co.uk/id/country/england","related_sp":null,"same_as_db":null,"same_as_ge":null},"geometry":{"type":"Point","coordinates":[-2.0962475127033753,53.719328601710735]}},{"type":"Feature","properties":{"fid":2040841,"id":"osgb4000000074552934","names_uri":"http://data.ordnancesurvey.co.uk/id/4000000074552934","name1":"Blackshaw Head","name1_lang":null,"name2":null,"name2_lang":null,"type":"populatedPlace","local_type":"Village","most_detai":16000,"least_deta":250000,"mbr_xmin":394221,"mbr_ymin":427007,"mbr_xmax":396688,"mbr_ymax":428147,"postcode_d":"HX7","postcode_1":"http://data.ordnancesurvey.co.uk/id/postcodedistrict/HX7","populated_":null,"populate_1":null,"populate_2":null,"district_b":"Calderdale","district_1":"http://data.ordnancesurvey.co.uk/id/7000000000016714","district_2":"http://data.ordnancesurvey.co.uk/ontology/admingeo/MetropolitanDistrict","county_uni":null,"county_u_1":null,"county_u_2":null,"region":"Yorkshire and the Humber","region_uri":"http://data.ordnancesurvey.co.uk/id/7000000000041430","country":"England","country_ur":"http://data.ordnancesurvey.co.uk/id/country/england","related_sp":null,"same_as_db":null,"same_as_ge":null},"geometry":{"type":"Point","coordinates":[-2.06863278359976,53.7439839250208]}},{"type":"Feature","properties":{"fid":2040842,"id":"osgb4000000074552935","names_uri":"http://data.ordnancesurvey.co.uk/id/4000000074552935","name1":"Forest Holme","name1_lang":null,"name2":null,"name2_lang":null,"type":"populatedPlace","local_type":"Suburban Area","most_detai":3000,"least_deta":25000,"mbr_xmin":383760,"mbr_ymin":425212,"mbr_xmax":384260,"mbr_ymax":425712,"postcode_d":"BB4","postcode_1":"http://data.ordnancesurvey.co.uk/id/postcodedistrict/BB4","populated_":null,"populate_1":null,"populate_2":null,"district_b":"Rossendale","district_1":"http://data.ordnancesurvey.co.uk/id/7000000000004572","district_2":"http://data.ordnancesurvey.co.uk/ontology/admingeo/District","county_uni":"Lancashire","county_u_1":"http://data.ordnancesurvey.co.uk/id/7000000000005156","county_u_2":"http://data.ordnancesurvey.co.uk/ontology/admingeo/County","region":"North West","region_uri":"http://data.ordnancesurvey.co.uk/id/7000000000041431","country":"England","country_ur":"http://data.ordnancesurvey.co.uk/id/country/england","related_sp":null,"same_as_db":null,"same_as_ge":null},"geometry":{"type":"Point","coordinates":[-2.243710171778005,53.72532088599835]}},{"type":"Feature","properties":{"fid":2040846,"id":"osgb4000000074552939","names_uri":"http://data.ordnancesurvey.co.uk/id/4000000074552939","name1":"Holme Chapel","name1_lang":null,"name2":null,"name2_lang":null,"type":"populatedPlace","local_type":"Suburban Area","most_detai":4000,"least_deta":25000,"mbr_xmin":387107,"mbr_ymin":428427,"mbr_xmax":387709,"mbr_ymax":429032,"postcode_d":"BB10","postcode_1":"http://data.ordnancesurvey.co.uk/id/postcodedistrict/BB10","populated_":null,"populate_1":null,"populate_2":null,"district_b":"Burnley","district_1":"http://data.ordnancesurvey.co.uk/id/7000000000004566","district_2":"http://data.ordnancesurvey.co.uk/ontology/admingeo/District","county_uni":"Lancashire","county_u_1":"http://data.ordnancesurvey.co.uk/id/7000000000005156","county_u_2":"http://data.ordnancesurvey.co.uk/ontology/admingeo/County","region":"North West","region_uri":"http://data.ordnancesurvey.co.uk/id/7000000000041431","country":"England","country_ur":"http://data.ordnancesurvey.co.uk/id/country/england","related_sp":null,"same_as_db":null,"same_as_ge":"http://sws.geonames.org/2646727"},"geometry":{"type":"Point","coordinates":[-2.1926789608195842,53.754625101191465]}},{"type":"Feature","properties":{"fid":2040847,"id":"osgb4000000074552940","names_uri":"http://data.ordnancesurvey.co.uk/id/4000000074552940","name1":"Over Town","name1_lang":null,"name2":null,"name2_lang":null,"type":"populatedPlace","local_type":"Suburban Area","most_detai":2000,"least_deta":25000,"mbr_xmin":386904,"mbr_ymin":429708,"mbr_xmax":387404,"mbr_ymax":430208,"postcode_d":"BB10","postcode_1":"http://data.ordnancesurvey.co.uk/id/postcodedistrict/BB10","populated_":null,"populate_1":null,"populate_2":null,"district_b":"Burnley","district_1":"http://data.ordnancesurvey.co.uk/id/7000000000004566","district_2":"http://data.ordnancesurvey.co.uk/ontology/admingeo/District","county_uni":"Lancashire","county_u_1":"http://data.ordnancesurvey.co.uk/id/7000000000005156","county_u_2":"http://data.ordnancesurvey.co.uk/ontology/admingeo/County","region":"North West","region_uri":"http://data.ordnancesurvey.co.uk/id/7000000000041431","country":"England","country_ur":"http://data.ordnancesurvey.co.uk/id/country/england","related_sp":null,"same_as_db":null,"same_as_ge":null},"geometry":{"type":"Point","coordinates":[-2.196220593014418,53.76607009589949]}},{"type":"Feature","properties":{"fid":2040848,"id":"osgb4000000074552941","names_uri":"http://data.ordnancesurvey.co.uk/id/4000000074552941","name1":"Mereclough","name1_lang":null,"name2":null,"name2_lang":null,"type":"populatedPlace","local_type":"Suburban Area","most_detai":5000,"least_deta":25000,"mbr_xmin":387034,"mbr_ymin":430107,"mbr_xmax":387793,"mbr_ymax":430784,"postcode_d":"BB10","postcode_1":"http://data.ordnancesurvey.co.uk/id/postcodedistrict/BB10","populated_":null,"populate_1":null,"populate_2":null,"district_b":"Burnley","district_1":"http://data.ordnancesurvey.co.uk/id/7000000000004566","district_2":"http://data.ordnancesurvey.co.uk/ontology/admingeo/District","county_uni":"Lancashire","county_u_1":"http://data.ordnancesurvey.co.uk/id/7000000000005156","county_u_2":"http://data.ordnancesurvey.co.uk/ontology/admingeo/County","region":"North West","region_uri":"http://data.ordnancesurvey.co.uk/id/7000000000041431","country":"England","country_ur":"http://data.ordnancesurvey.co.uk/id/country/england","related_sp":null,"same_as_db":null,"same_as_ge":null},"geometry":{"type":"Point","coordinates":[-2.191673185879857,53.77020296113064]}},{"type":"Feature","properties":{"fid":2041135,"id":"osgb4000000074553228","names_uri":"http://data.ordnancesurvey.co.uk/id/4000000074553228","name1":"Old Town","name1_lang":null,"name2":null,"name2_lang":null,"type":"populatedPlace","local_type":"Suburban Area","most_detai":3000,"least_deta":25000,"mbr_xmin":399518,"mbr_ymin":428399,"mbr_xmax":400018,"mbr_ymax":428922,"postcode_d":"HX7","postcode_1":"http://data.ordnancesurvey.co.uk/id/postcodedistrict/HX7","populated_":null,"populate_1":null,"populate_2":null,"district_b":"Calderdale","district_1":"http://data.ordnancesurvey.co.uk/id/7000000000016714","district_2":"http://data.ordnancesurvey.co.uk/ontology/admingeo/MetropolitanDistrict","county_uni":null,"county_u_1":null,"county_u_2":null,"region":"Yorkshire and the Humber","region_uri":"http://data.ordnancesurvey.co.uk/id/7000000000041430","country":"England","country_ur":"http://data.ordnancesurvey.co.uk/id/country/england","related_sp":null,"same_as_db":"http://dbpedia.org/resource/Old_Town,_West_Yorkshire","same_as_ge":null},"geometry":{"type":"Point","coordinates":[-2.0046490236809613,53.754007300735694]}},{"type":"Feature","properties":{"fid":2041136,"id":"osgb4000000074553229","names_uri":"http://data.ordnancesurvey.co.uk/id/4000000074553229","name1":"Pecket Well","name1_lang":null,"name2":null,"name2_lang":null,"type":"populatedPlace","local_type":"Village","most_detai":8000,"least_deta":250000,"mbr_xmin":399061,"mbr_ymin":429070,"mbr_xmax":400000,"mbr_ymax":430333,"postcode_d":"HX7","postcode_1":"http://data.ordnancesurvey.co.uk/id/postcodedistrict/HX7","populated_":null,"populate_1":null,"populate_2":null,"district_b":"Calderdale","district_1":"http://data.ordnancesurvey.co.uk/id/7000000000016714","district_2":"http://data.ordnancesurvey.co.uk/ontology/admingeo/MetropolitanDistrict","county_uni":null,"county_u_1":null,"county_u_2":null,"region":"Yorkshire and the Humber","region_uri":"http://data.ordnancesurvey.co.uk/id/7000000000041430","country":"England","country_ur":"http://data.ordnancesurvey.co.uk/id/country/england","related_sp":null,"same_as_db":null,"same_as_ge":null},"geometry":{"type":"Point","coordinates":[-2.0086701552179953,53.764208464121374]}},{"type":"Feature","properties":{"fid":2041137,"id":"osgb4000000074553230","names_uri":"http://data.ordnancesurvey.co.uk/id/4000000074553230","name1":"Midgehole","name1_lang":null,"name2":null,"name2_lang":null,"type":"populatedPlace","local_type":"Hamlet","most_detai":5000,"least_deta":25000,"mbr_xmin":398940,"mbr_ymin":428697,"mbr_xmax":399440,"mbr_ymax":429197,"postcode_d":"HX7","postcode_1":"http://data.ordnancesurvey.co.uk/id/postcodedistrict/HX7","populated_":null,"populate_1":null,"populate_2":null,"district_b":"Calderdale","district_1":"http://data.ordnancesurvey.co.uk/id/7000000000016714","district_2":"http://data.ordnancesurvey.co.uk/ontology/admingeo/MetropolitanDistrict","county_uni":null,"county_u_1":null,"county_u_2":null,"region":"Yorkshire and the Humber","region_uri":"http://data.ordnancesurvey.co.uk/id/7000000000041430","country":"England","country_ur":"http://data.ordnancesurvey.co.uk/id/country/england","related_sp":null,"same_as_db":null,"same_as_ge":null},"geometry":{"type":"Point","coordinates":[-2.013142747842136,53.75655924936431]}},{"type":"Feature","properties":{"fid":2041138,"id":"osgb4000000074553231","names_uri":"http://data.ordnancesurvey.co.uk/id/4000000074553231","name1":"Shackleton","name1_lang":null,"name2":null,"name2_lang":null,"type":"populatedPlace","local_type":"Hamlet","most_detai":5000,"least_deta":25000,"mbr_xmin":397922,"mbr_ymin":429306,"mbr_xmax":398830,"mbr_ymax":429806,"postcode_d":"HX7","postcode_1":"http://data.ordnancesurvey.co.uk/id/postcodedistrict/HX7","populated_":null,"populate_1":null,"populate_2":null,"district_b":"Calderdale","district_1":"http://data.ordnancesurvey.co.uk/id/7000000000016714","district_2":"http://data.ordnancesurvey.co.uk/ontology/admingeo/MetropolitanDistrict","county_uni":null,"county_u_1":null,"county_u_2":null,"region":"Yorkshire and the Humber","region_uri":"http://data.ordnancesurvey.co.uk/id/7000000000041430","country":"England","country_ur":"http://data.ordnancesurvey.co.uk/id/country/england","related_sp":null,"same_as_db":null,"same_as_ge":null},"geometry":{"type":"Point","coordinates":[-2.026538733672012,53.76232730755863]}},{"type":"Feature","properties":{"fid":2041139,"id":"osgb4000000074553232","names_uri":"http://data.ordnancesurvey.co.uk/id/4000000074553232","name1":"Colden","name1_lang":null,"name2":null,"name2_lang":null,"type":"populatedPlace","local_type":"Village","most_detai":7000,"least_deta":250000,"mbr_xmin":396030,"mbr_ymin":428061,"mbr_xmax":397181,"mbr_ymax":428989,"postcode_d":"HX7","postcode_1":"http://data.ordnancesurvey.co.uk/id/postcodedistrict/HX7","populated_":null,"populate_1":null,"populate_2":null,"district_b":"Calderdale","district_1":"http://data.ordnancesurvey.co.uk/id/7000000000016714","district_2":"http://data.ordnancesurvey.co.uk/ontology/admingeo/MetropolitanDistrict","county_uni":null,"county_u_1":null,"county_u_2":null,"region":"Yorkshire and the Humber","region_uri":"http://data.ordnancesurvey.co.uk/id/7000000000041430","country":"England","country_ur":"http://data.ordnancesurvey.co.uk/id/country/england","related_sp":null,"same_as_db":null,"same_as_ge":null},"geometry":{"type":"Point","coordinates":[-2.052194497913697,53.75427455253797]}},{"type":"Feature","properties":{"fid":2041150,"id":"osgb4000000074553243","names_uri":"http://data.ordnancesurvey.co.uk/id/4000000074553243","name1":"Worsthorne","name1_lang":null,"name2":null,"name2_lang":null,"type":"populatedPlace","local_type":"Village","most_detai":4000,"least_deta":250000,"mbr_xmin":387283,"mbr_ymin":432123,"mbr_xmax":387885,"mbr_ymax":432740,"postcode_d":"BB10","postcode_1":"http://data.ordnancesurvey.co.uk/id/postcodedistrict/BB10","populated_":null,"populate_1":null,"populate_2":null,"district_b":"Burnley","district_1":"http://data.ordnancesurvey.co.uk/id/7000000000004566","district_2":"http://data.ordnancesurvey.co.uk/ontology/admingeo/District","county_uni":"Lancashire","county_u_1":"http://data.ordnancesurvey.co.uk/id/7000000000005156","county_u_2":"http://data.ordnancesurvey.co.uk/ontology/admingeo/County","region":"North West","region_uri":"http://data.ordnancesurvey.co.uk/id/7000000000041431","country":"England","country_ur":"http://data.ordnancesurvey.co.uk/id/country/england","related_sp":null,"same_as_db":"http://dbpedia.org/resource/Worsthorne","same_as_ge":"http://sws.geonames.org/2633527"},"geometry":{"type":"Point","coordinates":[-2.1905539483476604,53.78769539320991]}},{"type":"Feature","properties":{"fid":2041151,"id":"osgb4000000074553244","names_uri":"http://data.ordnancesurvey.co.uk/id/4000000074553244","name1":"Pike Hill","name1_lang":null,"name2":null,"name2_lang":null,"type":"populatedPlace","local_type":"Suburban Area","most_detai":4000,"least_deta":25000,"mbr_xmin":385991,"mbr_ymin":432050,"mbr_xmax":386591,"mbr_ymax":432555,"postcode_d":"BB10","postcode_1":"http://data.ordnancesurvey.co.uk/id/postcodedistrict/BB10","populated_":null,"populate_1":null,"populate_2":null,"district_b":"Burnley","district_1":"http://data.ordnancesurvey.co.uk/id/7000000000004566","district_2":"http://data.ordnancesurvey.co.uk/ontology/admingeo/District","county_uni":"Lancashire","county_u_1":"http://data.ordnancesurvey.co.uk/id/7000000000005156","county_u_2":"http://data.ordnancesurvey.co.uk/ontology/admingeo/County","region":"North West","region_uri":"http://data.ordnancesurvey.co.uk/id/7000000000041431","country":"England","country_ur":"http://data.ordnancesurvey.co.uk/id/country/england","related_sp":null,"same_as_db":null,"same_as_ge":null},"geometry":{"type":"Point","coordinates":[-2.2100399338449472,53.787159476689844]}},{"type":"Feature","properties":{"fid":2041152,"id":"osgb4000000074553245","names_uri":"http://data.ordnancesurvey.co.uk/id/4000000074553245","name1":"Brownside","name1_lang":null,"name2":null,"name2_lang":null,"type":"populatedPlace","local_type":"Suburban Area","most_detai":6000,"least_deta":25000,"mbr_xmin":386401,"mbr_ymin":432296,"mbr_xmax":387198,"mbr_ymax":433157,"postcode_d":"BB10","postcode_1":"http://data.ordnancesurvey.co.uk/id/postcodedistrict/BB10","populated_":null,"populate_1":null,"populate_2":null,"district_b":"Burnley","district_1":"http://data.ordnancesurvey.co.uk/id/7000000000004566","district_2":"http://data.ordnancesurvey.co.uk/ontology/admingeo/District","county_uni":"Lancashire","county_u_1":"http://data.ordnancesurvey.co.uk/id/7000000000005156","county_u_2":"http://data.ordnancesurvey.co.uk/ontology/admingeo/County","region":"North West","region_uri":"http://data.ordnancesurvey.co.uk/id/7000000000041431","country":"England","country_ur":"http://data.ordnancesurvey.co.uk/id/country/england","related_sp":null,"same_as_db":null,"same_as_ge":null},"geometry":{"type":"Point","coordinates":[-2.198805329687865,53.78974022844261]}},{"type":"Feature","properties":{"fid":2041473,"id":"osgb4000000074553566","names_uri":"http://data.ordnancesurvey.co.uk/id/4000000074553566","name1":"Brunshaw","name1_lang":null,"name2":null,"name2_lang":null,"type":"populatedPlace","local_type":"Suburban Area","most_detai":6000,"least_deta":25000,"mbr_xmin":385292,"mbr_ymin":431796,"mbr_xmax":386198,"mbr_ymax":432446,"postcode_d":"BB10","postcode_1":"http://data.ordnancesurvey.co.uk/id/postcodedistrict/BB10","populated_":null,"populate_1":null,"populate_2":null,"district_b":"Burnley","district_1":"http://data.ordnancesurvey.co.uk/id/7000000000004566","district_2":"http://data.ordnancesurvey.co.uk/ontology/admingeo/District","county_uni":"Lancashire","county_u_1":"http://data.ordnancesurvey.co.uk/id/7000000000005156","county_u_2":"http://data.ordnancesurvey.co.uk/ontology/admingeo/County","region":"North West","region_uri":"http://data.ordnancesurvey.co.uk/id/7000000000041431","country":"England","country_ur":"http://data.ordnancesurvey.co.uk/id/country/england","related_sp":null,"same_as_db":null,"same_as_ge":null},"geometry":{"type":"Point","coordinates":[-2.215828693592078,53.78536956283677]}},{"type":"Feature","properties":{"fid":2041474,"id":"osgb4000000074553567","names_uri":"http://data.ordnancesurvey.co.uk/id/4000000074553567","name1":"Fulledge","name1_lang":null,"name2":null,"name2_lang":null,"type":"populatedPlace","local_type":"Suburban Area","most_detai":5000,"least_deta":25000,"mbr_xmin":384733,"mbr_ymin":431796,"mbr_xmax":385557,"mbr_ymax":432464,"postcode_d":"BB10","postcode_1":"http://data.ordnancesurvey.co.uk/id/postcodedistrict/BB10","populated_":null,"populate_1":null,"populate_2":null,"district_b":"Burnley","district_1":"http://data.ordnancesurvey.co.uk/id/7000000000004566","district_2":"http://data.ordnancesurvey.co.uk/ontology/admingeo/District","county_uni":"Lancashire","county_u_1":"http://data.ordnancesurvey.co.uk/id/7000000000005156","county_u_2":"http://data.ordnancesurvey.co.uk/ontology/admingeo/County","region":"North West","region_uri":"http://data.ordnancesurvey.co.uk/id/7000000000041431","country":"England","country_ur":"http://data.ordnancesurvey.co.uk/id/country/england","related_sp":null,"same_as_db":null,"same_as_ge":null},"geometry":{"type":"Point","coordinates":[-2.22776647373966,53.78692934370319]}},{"type":"Feature","properties":{"fid":2041475,"id":"osgb4000000074553568","names_uri":"http://data.ordnancesurvey.co.uk/id/4000000074553568","name1":"Heasandford","name1_lang":null,"name2":null,"name2_lang":null,"type":"populatedPlace","local_type":"Suburban Area","most_detai":3000,"least_deta":25000,"mbr_xmin":385024,"mbr_ymin":433522,"mbr_xmax":385524,"mbr_ymax":434022,"postcode_d":"BB10","postcode_1":"http://data.ordnancesurvey.co.uk/id/postcodedistrict/BB10","populated_":null,"populate_1":null,"populate_2":null,"district_b":"Burnley","district_1":"http://data.ordnancesurvey.co.uk/id/7000000000004566","district_2":"http://data.ordnancesurvey.co.uk/ontology/admingeo/District","county_uni":"Lancashire","county_u_1":"http://data.ordnancesurvey.co.uk/id/7000000000005156","county_u_2":"http://data.ordnancesurvey.co.uk/ontology/admingeo/County","region":"North West","region_uri":"http://data.ordnancesurvey.co.uk/id/7000000000041431","country":"England","country_ur":"http://data.ordnancesurvey.co.uk/id/country/england","related_sp":null,"same_as_db":null,"same_as_ge":null},"geometry":{"type":"Point","coordinates":[-2.2233922729660307,53.80063526614866]}},{"type":"Feature","properties":{"fid":2041476,"id":"osgb4000000074553569","names_uri":"http://data.ordnancesurvey.co.uk/id/4000000074553569","name1":"Burnley Lane","name1_lang":null,"name2":null,"name2_lang":null,"type":"populatedPlace","local_type":"Suburban Area","most_detai":9000,"least_deta":25000,"mbr_xmin":384215,"mbr_ymin":433684,"mbr_xmax":385445,"mbr_ymax":435126,"postcode_d":"BB10","postcode_1":"http://data.ordnancesurvey.co.uk/id/postcodedistrict/BB10","populated_":null,"populate_1":null,"populate_2":null,"district_b":"Burnley","district_1":"http://data.ordnancesurvey.co.uk/id/7000000000004566","district_2":"http://data.ordnancesurvey.co.uk/ontology/admingeo/District","county_uni":"Lancashire","county_u_1":"http://data.ordnancesurvey.co.uk/id/7000000000005156","county_u_2":"http://data.ordnancesurvey.co.uk/ontology/admingeo/County","region":"North West","region_uri":"http://data.ordnancesurvey.co.uk/id/7000000000041431","country":"England","country_ur":"http://data.ordnancesurvey.co.uk/id/country/england","related_sp":null,"same_as_db":null,"same_as_ge":null},"geometry":{"type":"Point","coordinates":[-2.232057110600176,53.805310515554716]}},{"type":"Feature","properties":{"fid":2041478,"id":"osgb4000000074553571","names_uri":"http://data.ordnancesurvey.co.uk/id/4000000074553571","name1":"Burnley Wood","name1_lang":null,"name2":null,"name2_lang":null,"type":"populatedPlace","local_type":"Suburban Area","most_detai":6000,"least_deta":25000,"mbr_xmin":384244,"mbr_ymin":431274,"mbr_xmax":384991,"mbr_ymax":432130,"postcode_d":"BB11","postcode_1":"http://data.ordnancesurvey.co.uk/id/postcodedistrict/BB11","populated_":null,"populate_1":null,"populate_2":null,"district_b":"Burnley","district_1":"http://data.ordnancesurvey.co.uk/id/7000000000004566","district_2":"http://data.ordnancesurvey.co.uk/ontology/admingeo/District","county_uni":"Lancashire","county_u_1":"http://data.ordnancesurvey.co.uk/id/7000000000005156","county_u_2":"http://data.ordnancesurvey.co.uk/ontology/admingeo/County","region":"North West","region_uri":"http://data.ordnancesurvey.co.uk/id/7000000000041431","country":"England","country_ur":"http://data.ordnancesurvey.co.uk/id/country/england","related_sp":null,"same_as_db":null,"same_as_ge":null},"geometry":{"type":"Point","coordinates":[-2.2344529048380184,53.780238359278584]}},{"type":"Feature","properties":{"fid":2041481,"id":"osgb4000000074553574","names_uri":"http://data.ordnancesurvey.co.uk/id/4000000074553574","name1":"Trawden","name1_lang":null,"name2":null,"name2_lang":null,"type":"populatedPlace","local_type":"Town","most_detai":11000,"least_deta":2000000,"mbr_xmin":390623,"mbr_ymin":437786,"mbr_xmax":391887,"mbr_ymax":439537,"postcode_d":"BB8","postcode_1":"http://data.ordnancesurvey.co.uk/id/postcodedistrict/BB8","populated_":null,"populate_1":null,"populate_2":null,"district_b":"Pendle","district_1":"http://data.ordnancesurvey.co.uk/id/7000000000043744","district_2":"http://data.ordnancesurvey.co.uk/ontology/admingeo/District","county_uni":"Lancashire","county_u_1":"http://data.ordnancesurvey.co.uk/id/7000000000005156","county_u_2":"http://data.ordnancesurvey.co.uk/ontology/admingeo/County","region":"North West","region_uri":"http://data.ordnancesurvey.co.uk/id/7000000000041431","country":"England","country_ur":"http://data.ordnancesurvey.co.uk/id/country/england","related_sp":null,"same_as_db":"http://dbpedia.org/resource/Trawden","same_as_ge":null},"geometry":{"type":"Point","coordinates":[-2.135263622320682,53.84524846695619]}},{"type":"Feature","properties":{"fid":2041488,"id":"osgb4000000074553581","names_uri":"http://data.ordnancesurvey.co.uk/id/4000000074553581","name1":"Bradley","name1_lang":null,"name2":null,"name2_lang":null,"type":"populatedPlace","local_type":"Suburban Area","most_detai":5000,"least_deta":25000,"mbr_xmin":385901,"mbr_ymin":437982,"mbr_xmax":386618,"mbr_ymax":438741,"postcode_d":"BB9","postcode_1":"http://data.ordnancesurvey.co.uk/id/postcodedistrict/BB9","populated_":null,"populate_1":null,"populate_2":null,"district_b":"Pendle","district_1":"http://data.ordnancesurvey.co.uk/id/7000000000043744","district_2":"http://data.ordnancesurvey.co.uk/ontology/admingeo/District","county_uni":"Lancashire","county_u_1":"http://data.ordnancesurvey.co.uk/id/7000000000005156","county_u_2":"http://data.ordnancesurvey.co.uk/ontology/admingeo/County","region":"North West","region_uri":"http://data.ordnancesurvey.co.uk/id/7000000000041431","country":"England","country_ur":"http://data.ordnancesurvey.co.uk/id/country/england","related_sp":null,"same_as_db":null,"same_as_ge":null},"geometry":{"type":"Point","coordinates":[-2.209788451695963,53.84010792897394]}},{"type":"Feature","properties":{"fid":2041489,"id":"osgb4000000074553582","names_uri":"http://data.ordnancesurvey.co.uk/id/4000000074553582","name1":"Lomeshaye","name1_lang":null,"name2":null,"name2_lang":null,"type":"populatedPlace","local_type":"Suburban Area","most_detai":4000,"least_deta":25000,"mbr_xmin":384939,"mbr_ymin":437372,"mbr_xmax":385509,"mbr_ymax":437872,"postcode_d":"BB9","postcode_1":"http://data.ordnancesurvey.co.uk/id/postcodedistrict/BB9","populated_":null,"populate_1":null,"populate_2":null,"district_b":"Pendle","district_1":"http://data.ordnancesurvey.co.uk/id/7000000000043744","district_2":"http://data.ordnancesurvey.co.uk/ontology/admingeo/District","county_uni":"Lancashire","county_u_1":"http://data.ordnancesurvey.co.uk/id/7000000000005156","county_u_2":"http://data.ordnancesurvey.co.uk/ontology/admingeo/County","region":"North West","region_uri":"http://data.ordnancesurvey.co.uk/id/7000000000041431","country":"England","country_ur":"http://data.ordnancesurvey.co.uk/id/country/england","related_sp":null,"same_as_db":null,"same_as_ge":null},"geometry":{"type":"Point","coordinates":[-2.2228012595590054,53.83516805368429]}},{"type":"Feature","properties":{"fid":2041490,"id":"osgb4000000074553583","names_uri":"http://data.ordnancesurvey.co.uk/id/4000000074553583","name1":"Whitefield","name1_lang":null,"name2":null,"name2_lang":null,"type":"populatedPlace","local_type":"Suburban Area","most_detai":3000,"least_deta":25000,"mbr_xmin":385252,"mbr_ymin":437540,"mbr_xmax":385752,"mbr_ymax":438040,"postcode_d":"BB9","postcode_1":"http://data.ordnancesurvey.co.uk/id/postcodedistrict/BB9","populated_":null,"populate_1":null,"populate_2":null,"district_b":"Pendle","district_1":"http://data.ordnancesurvey.co.uk/id/7000000000043744","district_2":"http://data.ordnancesurvey.co.uk/ontology/admingeo/District","county_uni":"Lancashire","county_u_1":"http://data.ordnancesurvey.co.uk/id/7000000000005156","county_u_2":"http://data.ordnancesurvey.co.uk/ontology/admingeo/County","region":"North West","region_uri":"http://data.ordnancesurvey.co.uk/id/7000000000041431","country":"England","country_ur":"http://data.ordnancesurvey.co.uk/id/country/england","related_sp":null,"same_as_db":null,"same_as_ge":null},"geometry":{"type":"Point","coordinates":[-2.2215750157263874,53.83603316733679]}},{"type":"Feature","properties":{"fid":2051783,"id":"osgb4000000074563890","names_uri":"http://data.ordnancesurvey.co.uk/id/4000000074563890","name1":"Calderbrook","name1_lang":null,"name2":null,"name2_lang":null,"type":"populatedPlace","local_type":"Suburban Area","most_detai":5000,"least_deta":25000,"mbr_xmin":394049,"mbr_ymin":417534,"mbr_xmax":394655,"mbr_ymax":418241,"postcode_d":"OL15","postcode_1":"http://data.ordnancesurvey.co.uk/id/postcodedistrict/OL15","populated_":null,"populate_1":null,"populate_2":null,"district_b":"Rochdale","district_1":"http://data.ordnancesurvey.co.uk/id/7000000000018825","district_2":"http://data.ordnancesurvey.co.uk/ontology/admingeo/MetropolitanDistrict","county_uni":null,"county_u_1":null,"county_u_2":null,"region":"North West","region_uri":"http://data.ordnancesurvey.co.uk/id/7000000000041431","country":"England","country_ur":"http://data.ordnancesurvey.co.uk/id/country/england","related_sp":null,"same_as_db":"http://dbpedia.org/resource/Calderbrook","same_as_ge":null},"geometry":{"type":"Point","coordinates":[-2.0855800245276725,53.66003309245173]}},{"type":"Feature","properties":{"fid":2051784,"id":"osgb4000000074563891","names_uri":"http://data.ordnancesurvey.co.uk/id/4000000074563891","name1":"Summit","name1_lang":null,"name2":null,"name2_lang":null,"type":"populatedPlace","local_type":"Village","most_detai":12000,"least_deta":250000,"mbr_xmin":394049,"mbr_ymin":417534,"mbr_xmax":394730,"mbr_ymax":419437,"postcode_d":"OL15","postcode_1":"http://data.ordnancesurvey.co.uk/id/postcodedistrict/OL15","populated_":null,"populate_1":null,"populate_2":null,"district_b":"Rochdale","district_1":"http://data.ordnancesurvey.co.uk/id/7000000000018825","district_2":"http://data.ordnancesurvey.co.uk/ontology/admingeo/MetropolitanDistrict","county_uni":null,"county_u_1":null,"county_u_2":null,"region":"North West","region_uri":"http://data.ordnancesurvey.co.uk/id/7000000000041431","country":"England","country_ur":"http://data.ordnancesurvey.co.uk/id/country/england","related_sp":null,"same_as_db":null,"same_as_ge":null},"geometry":{"type":"Point","coordinates":[-2.0837695484075613,53.662739814006]}},{"type":"Feature","properties":{"fid":2051789,"id":"osgb4000000074563896","names_uri":"http://data.ordnancesurvey.co.uk/id/4000000074563896","name1":"Bottomley","name1_lang":null,"name2":null,"name2_lang":null,"type":"populatedPlace","local_type":"Suburban Area","most_detai":6000,"least_deta":25000,"mbr_xmin":393643,"mbr_ymin":420560,"mbr_xmax":394625,"mbr_ymax":421412,"postcode_d":"OL14","postcode_1":"http://data.ordnancesurvey.co.uk/id/postcodedistrict/OL14","populated_":null,"populate_1":null,"populate_2":null,"district_b":"Calderdale","district_1":"http://data.ordnancesurvey.co.uk/id/7000000000016714","district_2":"http://data.ordnancesurvey.co.uk/ontology/admingeo/MetropolitanDistrict","county_uni":null,"county_u_1":null,"county_u_2":null,"region":"Yorkshire and the Humber","region_uri":"http://data.ordnancesurvey.co.uk/id/7000000000041430","country":"England","country_ur":"http://data.ordnancesurvey.co.uk/id/country/england","related_sp":null,"same_as_db":null,"same_as_ge":null},"geometry":{"type":"Point","coordinates":[-2.09147097838834,53.68302939897741]}},{"type":"Feature","properties":{"fid":2051790,"id":"osgb4000000074563897","names_uri":"http://data.ordnancesurvey.co.uk/id/4000000074563897","name1":"Mankinholes","name1_lang":null,"name2":null,"name2_lang":null,"type":"populatedPlace","local_type":"Village","most_detai":9000,"least_deta":250000,"mbr_xmin":395755,"mbr_ymin":423396,"mbr_xmax":396677,"mbr_ymax":424768,"postcode_d":"OL14","postcode_1":"http://data.ordnancesurvey.co.uk/id/postcodedistrict/OL14","populated_":null,"populate_1":null,"populate_2":null,"district_b":"Calderdale","district_1":"http://data.ordnancesurvey.co.uk/id/7000000000016714","district_2":"http://data.ordnancesurvey.co.uk/ontology/admingeo/MetropolitanDistrict","county_uni":null,"county_u_1":null,"county_u_2":null,"region":"Yorkshire and the Humber","region_uri":"http://data.ordnancesurvey.co.uk/id/7000000000041430","country":"England","country_ur":"http://data.ordnancesurvey.co.uk/id/country/england","related_sp":null,"same_as_db":null,"same_as_ge":null},"geometry":{"type":"Point","coordinates":[-2.0577949035167484,53.713277459763475]}},{"type":"Feature","properties":{"fid":2051791,"id":"osgb4000000074563898","names_uri":"http://data.ordnancesurvey.co.uk/id/4000000074563898","name1":"Lumbutts","name1_lang":null,"name2":null,"name2_lang":null,"type":"populatedPlace","local_type":"Village","most_detai":6000,"least_deta":250000,"mbr_xmin":394910,"mbr_ymin":423162,"mbr_xmax":395846,"mbr_ymax":423662,"postcode_d":"OL14","postcode_1":"http://data.ordnancesurvey.co.uk/id/postcodedistrict/OL14","populated_":null,"populate_1":null,"populate_2":null,"district_b":"Calderdale","district_1":"http://data.ordnancesurvey.co.uk/id/7000000000016714","district_2":"http://data.ordnancesurvey.co.uk/ontology/admingeo/MetropolitanDistrict","county_uni":null,"county_u_1":null,"county_u_2":null,"region":"Yorkshire and the Humber","region_uri":"http://data.ordnancesurvey.co.uk/id/7000000000041430","country":"England","country_ur":"http://data.ordnancesurvey.co.uk/id/country/england","related_sp":null,"same_as_db":null,"same_as_ge":null},"geometry":{"type":"Point","coordinates":[-2.072798750481026,53.70689669477489]}},{"type":"Feature","properties":{"fid":2051792,"id":"osgb4000000074563899","names_uri":"http://data.ordnancesurvey.co.uk/id/4000000074563899","name1":"Kilnhurst","name1_lang":null,"name2":null,"name2_lang":null,"type":"populatedPlace","local_type":"Suburban Area","most_detai":5000,"least_deta":25000,"mbr_xmin":394235,"mbr_ymin":423821,"mbr_xmax":394964,"mbr_ymax":424321,"postcode_d":"OL14","postcode_1":"http://data.ordnancesurvey.co.uk/id/postcodedistrict/OL14","populated_":null,"populate_1":null,"populate_2":null,"district_b":"Calderdale","district_1":"http://data.ordnancesurvey.co.uk/id/7000000000016714","district_2":"http://data.ordnancesurvey.co.uk/ontology/admingeo/MetropolitanDistrict","county_uni":null,"county_u_1":null,"county_u_2":null,"region":"Yorkshire and the Humber","region_uri":"http://data.ordnancesurvey.co.uk/id/7000000000041430","country":"England","country_ur":"http://data.ordnancesurvey.co.uk/id/country/england","related_sp":null,"same_as_db":null,"same_as_ge":null},"geometry":{"type":"Point","coordinates":[-2.085870345361933,53.71335044794916]}},{"type":"Feature","properties":{"fid":2051793,"id":"osgb4000000074563900","names_uri":"http://data.ordnancesurvey.co.uk/id/4000000074563900","name1":"Millwood","name1_lang":null,"name2":null,"name2_lang":null,"type":"populatedPlace","local_type":"Suburban Area","most_detai":10000,"least_deta":25000,"mbr_xmin":393591,"mbr_ymin":423991,"mbr_xmax":395144,"mbr_ymax":424491,"postcode_d":"OL14","postcode_1":"http://data.ordnancesurvey.co.uk/id/postcodedistrict/OL14","populated_":null,"populate_1":null,"populate_2":null,"district_b":"Calderdale","district_1":"http://data.ordnancesurvey.co.uk/id/7000000000016714","district_2":"http://data.ordnancesurvey.co.uk/ontology/admingeo/MetropolitanDistrict","county_uni":null,"county_u_1":null,"county_u_2":null,"region":"Yorkshire and the Humber","region_uri":"http://data.ordnancesurvey.co.uk/id/7000000000041430","country":"England","country_ur":"http://data.ordnancesurvey.co.uk/id/country/england","related_sp":null,"same_as_db":null,"same_as_ge":null},"geometry":{"type":"Point","coordinates":[-2.0872356568254915,53.71416737448887]}},{"type":"Feature","properties":{"fid":2051794,"id":"osgb4000000074563901","names_uri":"http://data.ordnancesurvey.co.uk/id/4000000074563901","name1":"Priestwell","name1_lang":null,"name2":null,"name2_lang":null,"type":"populatedPlace","local_type":"Suburban Area","most_detai":5000,"least_deta":25000,"mbr_xmin":393940,"mbr_ymin":424277,"mbr_xmax":394569,"mbr_ymax":425023,"postcode_d":"OL14","postcode_1":"http://data.ordnancesurvey.co.uk/id/postcodedistrict/OL14","populated_":null,"populate_1":null,"populate_2":null,"district_b":"Calderdale","district_1":"http://data.ordnancesurvey.co.uk/id/7000000000016714","district_2":"http://data.ordnancesurvey.co.uk/ontology/admingeo/MetropolitanDistrict","county_uni":null,"county_u_1":null,"county_u_2":null,"region":"Yorkshire and the Humber","region_uri":"http://data.ordnancesurvey.co.uk/id/7000000000041430","country":"England","country_ur":"http://data.ordnancesurvey.co.uk/id/country/england","related_sp":null,"same_as_db":null,"same_as_ge":null},"geometry":{"type":"Point","coordinates":[-2.090546575764848,53.7178230604547]}},{"type":"Feature","properties":{"fid":2051795,"id":"osgb4000000074563902","names_uri":"http://data.ordnancesurvey.co.uk/id/4000000074563902","name1":"Facit","name1_lang":null,"name2":null,"name2_lang":null,"type":"populatedPlace","local_type":"Suburban Area","most_detai":7000,"least_deta":25000,"mbr_xmin":388358,"mbr_ymin":418307,"mbr_xmax":389128,"mbr_ymax":419414,"postcode_d":"OL12","postcode_1":"http://data.ordnancesurvey.co.uk/id/postcodedistrict/OL12","populated_":null,"populate_1":null,"populate_2":null,"district_b":"Rossendale","district_1":"http://data.ordnancesurvey.co.uk/id/7000000000004572","district_2":"http://data.ordnancesurvey.co.uk/ontology/admingeo/District","county_uni":"Lancashire","county_u_1":"http://data.ordnancesurvey.co.uk/id/7000000000005156","county_u_2":"http://data.ordnancesurvey.co.uk/ontology/admingeo/County","region":"North West","region_uri":"http://data.ordnancesurvey.co.uk/id/7000000000041431","country":"England","country_ur":"http://data.ordnancesurvey.co.uk/id/country/england","related_sp":null,"same_as_db":null,"same_as_ge":"http://sws.geonames.org/2649765"},"geometry":{"type":"Point","coordinates":[-2.171308180320119,53.6685695951709]}},{"type":"Feature","properties":{"fid":2052432,"id":"osgb4000000074564540","names_uri":"http://data.ordnancesurvey.co.uk/id/4000000074564540","name1":"Bacup","name1_lang":null,"name2":null,"name2_lang":null,"type":"populatedPlace","local_type":"Town","most_detai":31000,"least_deta":2000000,"mbr_xmin":383991,"mbr_ymin":421029,"mbr_xmax":388795,"mbr_ymax":425040,"postcode_d":"OL13","postcode_1":"http://data.ordnancesurvey.co.uk/id/postcodedistrict/OL13","populated_":null,"populate_1":null,"populate_2":null,"district_b":"Rossendale","district_1":"http://data.ordnancesurvey.co.uk/id/7000000000004572","district_2":"http://data.ordnancesurvey.co.uk/ontology/admingeo/District","county_uni":"Lancashire","county_u_1":"http://data.ordnancesurvey.co.uk/id/7000000000005156","county_u_2":"http://data.ordnancesurvey.co.uk/ontology/admingeo/County","region":"North West","region_uri":"http://data.ordnancesurvey.co.uk/id/7000000000041431","country":"England","country_ur":"http://data.ordnancesurvey.co.uk/id/country/england","related_sp":null,"same_as_db":"http://dbpedia.org/resource/Bacup","same_as_ge":"http://sws.geonames.org/2656666"},"geometry":{"type":"Point","coordinates":[-2.201002781137643,53.70334343062203]}},{"type":"Feature","properties":{"fid":2052433,"id":"osgb4000000074564541","names_uri":"http://data.ordnancesurvey.co.uk/id/4000000074564541","name1":"Higher Broad Clough","name1_lang":null,"name2":null,"name2_lang":null,"type":"populatedPlace","local_type":"Suburban Area","most_detai":2000,"least_deta":25000,"mbr_xmin":386579,"mbr_ymin":424061,"mbr_xmax":387079,"mbr_ymax":424561,"postcode_d":"OL13","postcode_1":"http://data.ordnancesurvey.co.uk/id/postcodedistrict/OL13","populated_":null,"populate_1":null,"populate_2":null,"district_b":"Rossendale","district_1":"http://data.ordnancesurvey.co.uk/id/7000000000004572","district_2":"http://data.ordnancesurvey.co.uk/ontology/admingeo/District","county_uni":"Lancashire","county_u_1":"http://data.ordnancesurvey.co.uk/id/7000000000005156","county_u_2":"http://data.ordnancesurvey.co.uk/ontology/admingeo/County","region":"North West","region_uri":"http://data.ordnancesurvey.co.uk/id/7000000000041431","country":"England","country_ur":"http://data.ordnancesurvey.co.uk/id/country/england","related_sp":null,"same_as_db":null,"same_as_ge":null},"geometry":{"type":"Point","coordinates":[-2.200997000261251,53.71483023953839]}},{"type":"Feature","properties":{"fid":2052434,"id":"osgb4000000074564542","names_uri":"http://data.ordnancesurvey.co.uk/id/4000000074564542","name1":"Hey Head","name1_lang":null,"name2":null,"name2_lang":null,"type":"populatedPlace","local_type":"Suburban Area","most_detai":3000,"least_deta":25000,"mbr_xmin":383729,"mbr_ymin":421789,"mbr_xmax":384229,"mbr_ymax":422289,"postcode_d":"BB4","postcode_1":"http://data.ordnancesurvey.co.uk/id/postcodedistrict/BB4","populated_":null,"populate_1":null,"populate_2":null,"district_b":"Rossendale","district_1":"http://data.ordnancesurvey.co.uk/id/7000000000004572","district_2":"http://data.ordnancesurvey.co.uk/ontology/admingeo/District","county_uni":"Lancashire","county_u_1":"http://data.ordnancesurvey.co.uk/id/7000000000005156","county_u_2":"http://data.ordnancesurvey.co.uk/ontology/admingeo/County","region":"North West","region_uri":"http://data.ordnancesurvey.co.uk/id/7000000000041431","country":"England","country_ur":"http://data.ordnancesurvey.co.uk/id/country/england","related_sp":null,"same_as_db":null,"same_as_ge":null},"geometry":{"type":"Point","coordinates":[-2.24433214122247,53.69407693814084]}},{"type":"Feature","properties":{"fid":2052435,"id":"osgb4000000074564543","names_uri":"http://data.ordnancesurvey.co.uk/id/4000000074564543","name1":"Booth Fold","name1_lang":null,"name2":null,"name2_lang":null,"type":"populatedPlace","local_type":"Suburban Area","most_detai":3000,"least_deta":25000,"mbr_xmin":383362,"mbr_ymin":421840,"mbr_xmax":383862,"mbr_ymax":422340,"postcode_d":"BB4","postcode_1":"http://data.ordnancesurvey.co.uk/id/postcodedistrict/BB4","populated_":null,"populate_1":null,"populate_2":null,"district_b":"Rossendale","district_1":"http://data.ordnancesurvey.co.uk/id/7000000000004572","district_2":"http://data.ordnancesurvey.co.uk/ontology/admingeo/District","county_uni":"Lancashire","county_u_1":"http://data.ordnancesurvey.co.uk/id/7000000000005156","county_u_2":"http://data.ordnancesurvey.co.uk/ontology/admingeo/County","region":"North West","region_uri":"http://data.ordnancesurvey.co.uk/id/7000000000041431","country":"England","country_ur":"http://data.ordnancesurvey.co.uk/id/country/england","related_sp":null,"same_as_db":null,"same_as_ge":null},"geometry":{"type":"Point","coordinates":[-2.2488065840345937,53.695236176527665]}},{"type":"Feature","properties":{"fid":2052436,"id":"osgb4000000074564544","names_uri":"http://data.ordnancesurvey.co.uk/id/4000000074564544","name1":"Siss Clough","name1_lang":null,"name2":null,"name2_lang":null,"type":"populatedPlace","local_type":"Suburban Area","most_detai":3000,"least_deta":25000,"mbr_xmin":383684,"mbr_ymin":422077,"mbr_xmax":384184,"mbr_ymax":422577,"postcode_d":"BB4","postcode_1":"http://data.ordnancesurvey.co.uk/id/postcodedistrict/BB4","populated_":null,"populate_1":null,"populate_2":null,"district_b":"Rossendale","district_1":"http://data.ordnancesurvey.co.uk/id/7000000000004572","district_2":"http://data.ordnancesurvey.co.uk/ontology/admingeo/District","county_uni":"Lancashire","county_u_1":"http://data.ordnancesurvey.co.uk/id/7000000000005156","county_u_2":"http://data.ordnancesurvey.co.uk/ontology/admingeo/County","region":"North West","region_uri":"http://data.ordnancesurvey.co.uk/id/7000000000041431","country":"England","country_ur":"http://data.ordnancesurvey.co.uk/id/country/england","related_sp":null,"same_as_db":null,"same_as_ge":null},"geometry":{"type":"Point","coordinates":[-2.24395368520425,53.69672022173352]}},{"type":"Feature","properties":{"fid":2054328,"id":"osgb4000000074566440","names_uri":"http://data.ordnancesurvey.co.uk/id/4000000074566440","name1":"Whitworth","name1_lang":null,"name2":null,"name2_lang":null,"type":"populatedPlace","local_type":"Town","most_detai":35000,"least_deta":2000000,"mbr_xmin":387705,"mbr_ymin":415862,"mbr_xmax":389543,"mbr_ymax":421234,"postcode_d":"OL12","postcode_1":"http://data.ordnancesurvey.co.uk/id/postcodedistrict/OL12","populated_":null,"populate_1":null,"populate_2":null,"district_b":"Rossendale","district_1":"http://data.ordnancesurvey.co.uk/id/7000000000004572","district_2":"http://data.ordnancesurvey.co.uk/ontology/admingeo/District","county_uni":"Lancashire","county_u_1":"http://data.ordnancesurvey.co.uk/id/7000000000005156","county_u_2":"http://data.ordnancesurvey.co.uk/ontology/admingeo/County","region":"North West","region_uri":"http://data.ordnancesurvey.co.uk/id/7000000000041431","country":"England","country_ur":"http://data.ordnancesurvey.co.uk/id/country/england","related_sp":null,"same_as_db":"http://dbpedia.org/resource/Whitworth,_Lancashire","same_as_ge":"http://sws.geonames.org/2633997"},"geometry":{"type":"Point","coordinates":[-2.1745260101000556,53.65981046500536]}},{"type":"Feature","properties":{"fid":2054329,"id":"osgb4000000074566441","names_uri":"http://data.ordnancesurvey.co.uk/id/4000000074566441","name1":"Shawforth","name1_lang":null,"name2":null,"name2_lang":null,"type":"populatedPlace","local_type":"Suburban Area","most_detai":12000,"least_deta":25000,"mbr_xmin":388547,"mbr_ymin":419407,"mbr_xmax":389543,"mbr_ymax":421234,"postcode_d":"OL12","postcode_1":"http://data.ordnancesurvey.co.uk/id/postcodedistrict/OL12","populated_":null,"populate_1":null,"populate_2":null,"district_b":"Rossendale","district_1":"http://data.ordnancesurvey.co.uk/id/7000000000004572","district_2":"http://data.ordnancesurvey.co.uk/ontology/admingeo/District","county_uni":"Lancashire","county_u_1":"http://data.ordnancesurvey.co.uk/id/7000000000005156","county_u_2":"http://data.ordnancesurvey.co.uk/ontology/admingeo/County","region":"North West","region_uri":"http://data.ordnancesurvey.co.uk/id/7000000000041431","country":"England","country_ur":"http://data.ordnancesurvey.co.uk/id/country/england","related_sp":null,"same_as_db":"http://dbpedia.org/resource/Shawforth","same_as_ge":"http://sws.geonames.org/2638109"},"geometry":{"type":"Point","coordinates":[-2.1668607006035443,53.680620008662295]}},{"type":"Feature","properties":{"fid":2054330,"id":"osgb4000000074566442","names_uri":"http://data.ordnancesurvey.co.uk/id/4000000074566442","name1":"Gauxholme","name1_lang":null,"name2":null,"name2_lang":null,"type":"populatedPlace","local_type":"Suburban Area","most_detai":9000,"least_deta":25000,"mbr_xmin":391998,"mbr_ymin":422456,"mbr_xmax":393397,"mbr_ymax":423638,"postcode_d":"OL14","postcode_1":"http://data.ordnancesurvey.co.uk/id/postcodedistrict/OL14","populated_":null,"populate_1":null,"populate_2":null,"district_b":"Calderdale","district_1":"http://data.ordnancesurvey.co.uk/id/7000000000016714","district_2":"http://data.ordnancesurvey.co.uk/ontology/admingeo/MetropolitanDistrict","county_uni":null,"county_u_1":null,"county_u_2":null,"region":"Yorkshire and the Humber","region_uri":"http://data.ordnancesurvey.co.uk/id/7000000000041430","country":"England","country_ur":"http://data.ordnancesurvey.co.uk/id/country/england","related_sp":null,"same_as_db":null,"same_as_ge":null},"geometry":{"type":"Point","coordinates":[-2.1057798439594295,53.70157805211152]}},{"type":"Feature","properties":{"fid":2054331,"id":"osgb4000000074566443","names_uri":"http://data.ordnancesurvey.co.uk/id/4000000074566443","name1":"Todmorden","name1_lang":null,"name2":null,"name2_lang":null,"type":"populatedPlace","local_type":"Town","most_detai":46000,"least_deta":2000000,"mbr_xmin":389718,"mbr_ymin":420560,"mbr_xmax":396814,"mbr_ymax":426877,"postcode_d":"OL14","postcode_1":"http://data.ordnancesurvey.co.uk/id/postcodedistrict/OL14","populated_":null,"populate_1":null,"populate_2":null,"district_b":"Calderdale","district_1":"http://data.ordnancesurvey.co.uk/id/7000000000016714","district_2":"http://data.ordnancesurvey.co.uk/ontology/admingeo/MetropolitanDistrict","county_uni":null,"county_u_1":null,"county_u_2":null,"region":"Yorkshire and the Humber","region_uri":"http://data.ordnancesurvey.co.uk/id/7000000000041430","country":"England","country_ur":"http://data.ordnancesurvey.co.uk/id/country/england","related_sp":null,"same_as_db":"http://dbpedia.org/resource/Todmorden","same_as_ge":"http://sws.geonames.org/2635744"},"geometry":{"type":"Point","coordinates":[-2.0978254257536,53.71365584074477]}},{"type":"Feature","properties":{"fid":2054332,"id":"osgb4000000074566444","names_uri":"http://data.ordnancesurvey.co.uk/id/4000000074566444","name1":"Clough Foot","name1_lang":null,"name2":null,"name2_lang":null,"type":"populatedPlace","local_type":"Hamlet","most_detai":5000,"least_deta":25000,"mbr_xmin":390406,"mbr_ymin":423689,"mbr_xmax":391176,"mbr_ymax":424189,"postcode_d":"OL14","postcode_1":"http://data.ordnancesurvey.co.uk/id/postcodedistrict/OL14","populated_":null,"populate_1":null,"populate_2":null,"district_b":"Calderdale","district_1":"http://data.ordnancesurvey.co.uk/id/7000000000016714","district_2":"http://data.ordnancesurvey.co.uk/ontology/admingeo/MetropolitanDistrict","county_uni":null,"county_u_1":null,"county_u_2":null,"region":"Yorkshire and the Humber","region_uri":"http://data.ordnancesurvey.co.uk/id/7000000000041430","country":"England","country_ur":"http://data.ordnancesurvey.co.uk/id/country/england","related_sp":null,"same_as_db":null,"same_as_ge":null},"geometry":{"type":"Point","coordinates":[-2.1446964542079106,53.711496102332156]}},{"type":"Feature","properties":{"fid":2054333,"id":"osgb4000000074566445","names_uri":"http://data.ordnancesurvey.co.uk/id/4000000074566445","name1":"Greave","name1_lang":null,"name2":null,"name2_lang":null,"type":"populatedPlace","local_type":"Suburban Area","most_detai":4000,"least_deta":25000,"mbr_xmin":387267,"mbr_ymin":423053,"mbr_xmax":387900,"mbr_ymax":423609,"postcode_d":"OL13","postcode_1":"http://data.ordnancesurvey.co.uk/id/postcodedistrict/OL13","populated_":null,"populate_1":null,"populate_2":null,"district_b":"Rossendale","district_1":"http://data.ordnancesurvey.co.uk/id/7000000000004572","district_2":"http://data.ordnancesurvey.co.uk/ontology/admingeo/District","county_uni":"Lancashire","county_u_1":"http://data.ordnancesurvey.co.uk/id/7000000000005156","county_u_2":"http://data.ordnancesurvey.co.uk/ontology/admingeo/County","region":"North West","region_uri":"http://data.ordnancesurvey.co.uk/id/7000000000041431","country":"England","country_ur":"http://data.ordnancesurvey.co.uk/id/country/england","related_sp":null,"same_as_db":null,"same_as_ge":null},"geometry":{"type":"Point","coordinates":[-2.1887185476052236,53.706850823738066]}},{"type":"Feature","properties":{"fid":2054339,"id":"osgb4000000074566451","names_uri":"http://data.ordnancesurvey.co.uk/id/4000000074566451","name1":"Edgeside","name1_lang":null,"name2":null,"name2_lang":null,"type":"populatedPlace","local_type":"Suburban Area","most_detai":4000,"least_deta":25000,"mbr_xmin":383653,"mbr_ymin":422460,"mbr_xmax":384153,"mbr_ymax":423030,"postcode_d":"BB4","postcode_1":"http://data.ordnancesurvey.co.uk/id/postcodedistrict/BB4","populated_":null,"populate_1":null,"populate_2":null,"district_b":"Rossendale","district_1":"http://data.ordnancesurvey.co.uk/id/7000000000004572","district_2":"http://data.ordnancesurvey.co.uk/ontology/admingeo/District","county_uni":"Lancashire","county_u_1":"http://data.ordnancesurvey.co.uk/id/7000000000005156","county_u_2":"http://data.ordnancesurvey.co.uk/ontology/admingeo/County","region":"North West","region_uri":"http://data.ordnancesurvey.co.uk/id/7000000000041431","country":"England","country_ur":"http://data.ordnancesurvey.co.uk/id/country/england","related_sp":null,"same_as_db":null,"same_as_ge":null},"geometry":{"type":"Point","coordinates":[-2.2444953696116614,53.701330026381996]}},{"type":"Feature","properties":{"fid":2054340,"id":"osgb4000000074566452","names_uri":"http://data.ordnancesurvey.co.uk/id/4000000074566452","name1":"Piercy","name1_lang":null,"name2":null,"name2_lang":null,"type":"populatedPlace","local_type":"Suburban Area","most_detai":3000,"least_deta":25000,"mbr_xmin":383367,"mbr_ymin":422574,"mbr_xmax":383867,"mbr_ymax":423101,"postcode_d":"BB4","postcode_1":"http://data.ordnancesurvey.co.uk/id/postcodedistrict/BB4","populated_":null,"populate_1":null,"populate_2":null,"district_b":"Rossendale","district_1":"http://data.ordnancesurvey.co.uk/id/7000000000004572","district_2":"http://data.ordnancesurvey.co.uk/ontology/admingeo/District","county_uni":"Lancashire","county_u_1":"http://data.ordnancesurvey.co.uk/id/7000000000005156","county_u_2":"http://data.ordnancesurvey.co.uk/ontology/admingeo/County","region":"North West","region_uri":"http://data.ordnancesurvey.co.uk/id/7000000000041431","country":"England","country_ur":"http://data.ordnancesurvey.co.uk/id/country/england","related_sp":null,"same_as_db":null,"same_as_ge":null},"geometry":{"type":"Point","coordinates":[-2.2506909023341657,53.70139810205163]}},{"type":"Feature","properties":{"fid":2054591,"id":"osgb4000000074566703","names_uri":"http://data.ordnancesurvey.co.uk/id/4000000074566703","name1":"Higher Change","name1_lang":null,"name2":null,"name2_lang":null,"type":"populatedPlace","local_type":"Suburban Area","most_detai":4000,"least_deta":25000,"mbr_xmin":387587,"mbr_ymin":423476,"mbr_xmax":388140,"mbr_ymax":424091,"postcode_d":"OL13","postcode_1":"http://data.ordnancesurvey.co.uk/id/postcodedistrict/OL13","populated_":null,"populate_1":null,"populate_2":null,"district_b":"Rossendale","district_1":"http://data.ordnancesurvey.co.uk/id/7000000000004572","district_2":"http://data.ordnancesurvey.co.uk/ontology/admingeo/District","county_uni":"Lancashire","county_u_1":"http://data.ordnancesurvey.co.uk/id/7000000000005156","county_u_2":"http://data.ordnancesurvey.co.uk/ontology/admingeo/County","region":"North West","region_uri":"http://data.ordnancesurvey.co.uk/id/7000000000041431","country":"England","country_ur":"http://data.ordnancesurvey.co.uk/id/country/england","related_sp":null,"same_as_db":null,"same_as_ge":null},"geometry":{"type":"Point","coordinates":[-2.18570355566141,53.71020810423375]}},{"type":"Feature","properties":{"fid":2054605,"id":"osgb4000000074566717","names_uri":"http://data.ordnancesurvey.co.uk/id/4000000074566717","name1":"Whitewell Bottom","name1_lang":null,"name2":null,"name2_lang":null,"type":"populatedPlace","local_type":"Suburban Area","most_detai":6000,"least_deta":25000,"mbr_xmin":383345,"mbr_ymin":423399,"mbr_xmax":383858,"mbr_ymax":424301,"postcode_d":"BB4","postcode_1":"http://data.ordnancesurvey.co.uk/id/postcodedistrict/BB4","populated_":null,"populate_1":null,"populate_2":null,"district_b":"Rossendale","district_1":"http://data.ordnancesurvey.co.uk/id/7000000000004572","district_2":"http://data.ordnancesurvey.co.uk/ontology/admingeo/District","county_uni":"Lancashire","county_u_1":"http://data.ordnancesurvey.co.uk/id/7000000000005156","county_u_2":"http://data.ordnancesurvey.co.uk/ontology/admingeo/County","region":"North West","region_uri":"http://data.ordnancesurvey.co.uk/id/7000000000041431","country":"England","country_ur":"http://data.ordnancesurvey.co.uk/id/country/england","related_sp":null,"same_as_db":null,"same_as_ge":null},"geometry":{"type":"Point","coordinates":[-2.250641222513999,53.71087168397376]}},{"type":"Feature","properties":{"fid":2054606,"id":"osgb4000000074566718","names_uri":"http://data.ordnancesurvey.co.uk/id/4000000074566718","name1":"Lumb","name1_lang":null,"name2":null,"name2_lang":null,"type":"populatedPlace","local_type":"Suburban Area","most_detai":5000,"least_deta":25000,"mbr_xmin":383356,"mbr_ymin":424525,"mbr_xmax":384187,"mbr_ymax":425362,"postcode_d":"BB4","postcode_1":"http://data.ordnancesurvey.co.uk/id/postcodedistrict/BB4","populated_":null,"populate_1":null,"populate_2":null,"district_b":"Rossendale","district_1":"http://data.ordnancesurvey.co.uk/id/7000000000004572","district_2":"http://data.ordnancesurvey.co.uk/ontology/admingeo/District","county_uni":"Lancashire","county_u_1":"http://data.ordnancesurvey.co.uk/id/7000000000005156","county_u_2":"http://data.ordnancesurvey.co.uk/ontology/admingeo/County","region":"North West","region_uri":"http://data.ordnancesurvey.co.uk/id/7000000000041431","country":"England","country_ur":"http://data.ordnancesurvey.co.uk/id/country/england","related_sp":null,"same_as_db":null,"same_as_ge":null},"geometry":{"type":"Point","coordinates":[-2.246351499648887,53.72086637345372]}},{"type":"Feature","properties":{"fid":2055998,"id":"osgb4000000074568110","names_uri":"http://data.ordnancesurvey.co.uk/id/4000000074568110","name1":"Nun Hills","name1_lang":null,"name2":null,"name2_lang":null,"type":"populatedPlace","local_type":"Suburban Area","most_detai":3000,"least_deta":25000,"mbr_xmin":384958,"mbr_ymin":421437,"mbr_xmax":385465,"mbr_ymax":421937,"postcode_d":"OL13","postcode_1":"http://data.ordnancesurvey.co.uk/id/postcodedistrict/OL13","populated_":null,"populate_1":null,"populate_2":null,"district_b":"Rossendale","district_1":"http://data.ordnancesurvey.co.uk/id/7000000000004572","district_2":"http://data.ordnancesurvey.co.uk/ontology/admingeo/District","county_uni":"Lancashire","county_u_1":"http://data.ordnancesurvey.co.uk/id/7000000000005156","county_u_2":"http://data.ordnancesurvey.co.uk/ontology/admingeo/County","region":"North West","region_uri":"http://data.ordnancesurvey.co.uk/id/7000000000041431","country":"England","country_ur":"http://data.ordnancesurvey.co.uk/id/country/england","related_sp":null,"same_as_db":null,"same_as_ge":null},"geometry":{"type":"Point","coordinates":[-2.2245676671412107,53.69104172007413]}},{"type":"Feature","properties":{"fid":2055999,"id":"osgb4000000074568111","names_uri":"http://data.ordnancesurvey.co.uk/id/4000000074568111","name1":"Rake Head","name1_lang":null,"name2":null,"name2_lang":null,"type":"populatedPlace","local_type":"Suburban Area","most_detai":2000,"least_deta":25000,"mbr_xmin":384248,"mbr_ymin":421186,"mbr_xmax":384748,"mbr_ymax":421686,"postcode_d":"OL13","postcode_1":"http://data.ordnancesurvey.co.uk/id/postcodedistrict/OL13","populated_":null,"populate_1":null,"populate_2":null,"district_b":"Rossendale","district_1":"http://data.ordnancesurvey.co.uk/id/7000000000004572","district_2":"http://data.ordnancesurvey.co.uk/ontology/admingeo/District","county_uni":"Lancashire","county_u_1":"http://data.ordnancesurvey.co.uk/id/7000000000005156","county_u_2":"http://data.ordnancesurvey.co.uk/ontology/admingeo/County","region":"North West","region_uri":"http://data.ordnancesurvey.co.uk/id/7000000000041431","country":"England","country_ur":"http://data.ordnancesurvey.co.uk/id/country/england","related_sp":null,"same_as_db":null,"same_as_ge":null},"geometry":{"type":"Point","coordinates":[-2.2356271614891576,53.68920484819128]}},{"type":"Feature","properties":{"fid":2056000,"id":"osgb4000000074568112","names_uri":"http://data.ordnancesurvey.co.uk/id/4000000074568112","name1":"Stacksteads","name1_lang":null,"name2":null,"name2_lang":null,"type":"populatedPlace","local_type":"Suburban Area","most_detai":2000,"least_deta":25000,"mbr_xmin":384580,"mbr_ymin":421575,"mbr_xmax":385080,"mbr_ymax":422075,"postcode_d":"OL13","postcode_1":"http://data.ordnancesurvey.co.uk/id/postcodedistrict/OL13","populated_":null,"populate_1":null,"populate_2":null,"district_b":"Rossendale","district_1":"http://data.ordnancesurvey.co.uk/id/7000000000004572","district_2":"http://data.ordnancesurvey.co.uk/ontology/admingeo/District","county_uni":"Lancashire","county_u_1":"http://data.ordnancesurvey.co.uk/id/7000000000005156","county_u_2":"http://data.ordnancesurvey.co.uk/ontology/admingeo/County","region":"North West","region_uri":"http://data.ordnancesurvey.co.uk/id/7000000000041431","country":"England","country_ur":"http://data.ordnancesurvey.co.uk/id/country/england","related_sp":null,"same_as_db":"http://dbpedia.org/resource/Stacksteads","same_as_ge":null},"geometry":{"type":"Point","coordinates":[-2.2322142248776315,53.69364267236931]}},{"type":"Feature","properties":{"fid":2056001,"id":"osgb4000000074568113","names_uri":"http://data.ordnancesurvey.co.uk/id/4000000074568113","name1":"Brandwood","name1_lang":null,"name2":null,"name2_lang":null,"type":"populatedPlace","local_type":"Suburban Area","most_detai":1000,"least_deta":25000,"mbr_xmin":384427,"mbr_ymin":421474,"mbr_xmax":384927,"mbr_ymax":421974,"postcode_d":"OL13","postcode_1":"http://data.ordnancesurvey.co.uk/id/postcodedistrict/OL13","populated_":null,"populate_1":null,"populate_2":null,"district_b":"Rossendale","district_1":"http://data.ordnancesurvey.co.uk/id/7000000000004572","district_2":"http://data.ordnancesurvey.co.uk/ontology/admingeo/District","county_uni":"Lancashire","county_u_1":"http://data.ordnancesurvey.co.uk/id/7000000000005156","county_u_2":"http://data.ordnancesurvey.co.uk/ontology/admingeo/County","region":"North West","region_uri":"http://data.ordnancesurvey.co.uk/id/7000000000041431","country":"England","country_ur":"http://data.ordnancesurvey.co.uk/id/country/england","related_sp":null,"same_as_db":null,"same_as_ge":null},"geometry":{"type":"Point","coordinates":[-2.2331429167871732,53.69178931047359]}},{"type":"Feature","properties":{"fid":2056002,"id":"osgb4000000074568114","names_uri":"http://data.ordnancesurvey.co.uk/id/4000000074568114","name1":"Waterbarn","name1_lang":null,"name2":null,"name2_lang":null,"type":"populatedPlace","local_type":"Suburban Area","most_detai":2000,"least_deta":25000,"mbr_xmin":384244,"mbr_ymin":421446,"mbr_xmax":384744,"mbr_ymax":421946,"postcode_d":"OL13","postcode_1":"http://data.ordnancesurvey.co.uk/id/postcodedistrict/OL13","populated_":null,"populate_1":null,"populate_2":null,"district_b":"Rossendale","district_1":"http://data.ordnancesurvey.co.uk/id/7000000000004572","district_2":"http://data.ordnancesurvey.co.uk/ontology/admingeo/District","county_uni":"Lancashire","county_u_1":"http://data.ordnancesurvey.co.uk/id/7000000000005156","county_u_2":"http://data.ordnancesurvey.co.uk/ontology/admingeo/County","region":"North West","region_uri":"http://data.ordnancesurvey.co.uk/id/7000000000041431","country":"England","country_ur":"http://data.ordnancesurvey.co.uk/id/country/england","related_sp":null,"same_as_db":null,"same_as_ge":null},"geometry":{"type":"Point","coordinates":[-2.2355010215920297,53.691020700915914]}},{"type":"Feature","properties":{"fid":2056202,"id":"osgb4000000074568315","names_uri":"http://data.ordnancesurvey.co.uk/id/4000000074568315","name1":"Wallbank","name1_lang":null,"name2":null,"name2_lang":null,"type":"populatedPlace","local_type":"Suburban Area","most_detai":4000,"least_deta":25000,"mbr_xmin":387705,"mbr_ymin":416863,"mbr_xmax":388277,"mbr_ymax":417529,"postcode_d":"OL12","postcode_1":"http://data.ordnancesurvey.co.uk/id/postcodedistrict/OL12","populated_":null,"populate_1":null,"populate_2":null,"district_b":"Rossendale","district_1":"http://data.ordnancesurvey.co.uk/id/7000000000004572","district_2":"http://data.ordnancesurvey.co.uk/ontology/admingeo/District","county_uni":"Lancashire","county_u_1":"http://data.ordnancesurvey.co.uk/id/7000000000005156","county_u_2":"http://data.ordnancesurvey.co.uk/ontology/admingeo/County","region":"North West","region_uri":"http://data.ordnancesurvey.co.uk/id/7000000000041431","country":"England","country_ur":"http://data.ordnancesurvey.co.uk/id/country/england","related_sp":null,"same_as_db":null,"same_as_ge":null},"geometry":{"type":"Point","coordinates":[-2.182859026713029,53.65172662343983]}},{"type":"Feature","properties":{"fid":2056203,"id":"osgb4000000074568316","names_uri":"http://data.ordnancesurvey.co.uk/id/4000000074568316","name1":"Walsden","name1_lang":null,"name2":null,"name2_lang":null,"type":"populatedPlace","local_type":"Suburban Area","most_detai":10000,"least_deta":25000,"mbr_xmin":392658,"mbr_ymin":421036,"mbr_xmax":393870,"mbr_ymax":422508,"postcode_d":"OL14","postcode_1":"http://data.ordnancesurvey.co.uk/id/postcodedistrict/OL14","populated_":null,"populate_1":null,"populate_2":null,"district_b":"Calderdale","district_1":"http://data.ordnancesurvey.co.uk/id/7000000000016714","district_2":"http://data.ordnancesurvey.co.uk/ontology/admingeo/MetropolitanDistrict","county_uni":null,"county_u_1":null,"county_u_2":null,"region":"Yorkshire and the Humber","region_uri":"http://data.ordnancesurvey.co.uk/id/7000000000041430","country":"England","country_ur":"http://data.ordnancesurvey.co.uk/id/country/england","related_sp":null,"same_as_db":"http://dbpedia.org/resource/Walsden","same_as_ge":"http://sws.geonames.org/2634851"},"geometry":{"type":"Point","coordinates":[-2.1003705618173782,53.694482110897624]}},{"type":"Feature","properties":{"fid":2056256,"id":"osgb4000000074568369","names_uri":"http://data.ordnancesurvey.co.uk/id/4000000074568369","name1":"Glen Top","name1_lang":null,"name2":null,"name2_lang":null,"type":"populatedPlace","local_type":"Suburban Area","most_detai":2000,"least_deta":25000,"mbr_xmin":383965,"mbr_ymin":421425,"mbr_xmax":384465,"mbr_ymax":421925,"postcode_d":"OL13","postcode_1":"http://data.ordnancesurvey.co.uk/id/postcodedistrict/OL13","populated_":null,"populate_1":null,"populate_2":null,"district_b":"Rossendale","district_1":"http://data.ordnancesurvey.co.uk/id/7000000000004572","district_2":"http://data.ordnancesurvey.co.uk/ontology/admingeo/District","county_uni":"Lancashire","county_u_1":"http://data.ordnancesurvey.co.uk/id/7000000000005156","county_u_2":"http://data.ordnancesurvey.co.uk/ontology/admingeo/County","region":"North West","region_uri":"http://data.ordnancesurvey.co.uk/id/7000000000041431","country":"England","country_ur":"http://data.ordnancesurvey.co.uk/id/country/england","related_sp":null,"same_as_db":null,"same_as_ge":null},"geometry":{"type":"Point","coordinates":[-2.2394372161831395,53.69083312655642]}},{"type":"Feature","properties":{"fid":2056258,"id":"osgb4000000074568371","names_uri":"http://data.ordnancesurvey.co.uk/id/4000000074568371","name1":"Rockliffe","name1_lang":null,"name2":null,"name2_lang":null,"type":"populatedPlace","local_type":"Suburban Area","most_detai":9000,"least_deta":25000,"mbr_xmin":386366,"mbr_ymin":421838,"mbr_xmax":387714,"mbr_ymax":422694,"postcode_d":"OL13","postcode_1":"http://data.ordnancesurvey.co.uk/id/postcodedistrict/OL13","populated_":null,"populate_1":null,"populate_2":null,"district_b":"Rossendale","district_1":"http://data.ordnancesurvey.co.uk/id/7000000000004572","district_2":"http://data.ordnancesurvey.co.uk/ontology/admingeo/District","county_uni":"Lancashire","county_u_1":"http://data.ordnancesurvey.co.uk/id/7000000000005156","county_u_2":"http://data.ordnancesurvey.co.uk/ontology/admingeo/County","region":"North West","region_uri":"http://data.ordnancesurvey.co.uk/id/7000000000041431","country":"England","country_ur":"http://data.ordnancesurvey.co.uk/id/country/england","related_sp":null,"same_as_db":null,"same_as_ge":null},"geometry":{"type":"Point","coordinates":[-2.195200100991512,53.69656700845537]}},{"type":"Feature","properties":{"fid":2056259,"id":"osgb4000000074568372","names_uri":"http://data.ordnancesurvey.co.uk/id/4000000074568372","name1":"Huttock Top","name1_lang":null,"name2":null,"name2_lang":null,"type":"populatedPlace","local_type":"Suburban Area","most_detai":5000,"least_deta":25000,"mbr_xmin":386162,"mbr_ymin":422102,"mbr_xmax":386763,"mbr_ymax":422902,"postcode_d":"OL13","postcode_1":"http://data.ordnancesurvey.co.uk/id/postcodedistrict/OL13","populated_":null,"populate_1":null,"populate_2":null,"district_b":"Rossendale","district_1":"http://data.ordnancesurvey.co.uk/id/7000000000004572","district_2":"http://data.ordnancesurvey.co.uk/ontology/admingeo/District","county_uni":"Lancashire","county_u_1":"http://data.ordnancesurvey.co.uk/id/7000000000005156","county_u_2":"http://data.ordnancesurvey.co.uk/ontology/admingeo/County","region":"North West","region_uri":"http://data.ordnancesurvey.co.uk/id/7000000000041431","country":"England","country_ur":"http://data.ordnancesurvey.co.uk/id/country/england","related_sp":null,"same_as_db":null,"same_as_ge":null},"geometry":{"type":"Point","coordinates":[-2.204915799981953,53.698123684193696]}},{"type":"Feature","properties":{"fid":2056260,"id":"osgb4000000074568373","names_uri":"http://data.ordnancesurvey.co.uk/id/4000000074568373","name1":"Tunstead","name1_lang":null,"name2":null,"name2_lang":null,"type":"populatedPlace","local_type":"Suburban Area","most_detai":5000,"least_deta":25000,"mbr_xmin":384793,"mbr_ymin":421693,"mbr_xmax":385520,"mbr_ymax":422208,"postcode_d":"OL13","postcode_1":"http://data.ordnancesurvey.co.uk/id/postcodedistrict/OL13","populated_":null,"populate_1":null,"populate_2":null,"district_b":"Rossendale","district_1":"http://data.ordnancesurvey.co.uk/id/7000000000004572","district_2":"http://data.ordnancesurvey.co.uk/ontology/admingeo/District","county_uni":"Lancashire","county_u_1":"http://data.ordnancesurvey.co.uk/id/7000000000005156","county_u_2":"http://data.ordnancesurvey.co.uk/ontology/admingeo/County","region":"North West","region_uri":"http://data.ordnancesurvey.co.uk/id/7000000000041431","country":"England","country_ur":"http://data.ordnancesurvey.co.uk/id/country/england","related_sp":null,"same_as_db":null,"same_as_ge":null},"geometry":{"type":"Point","coordinates":[-2.225685822331701,53.69341248403317]}},{"type":"Feature","properties":{"fid":2056261,"id":"osgb4000000074568374","names_uri":"http://data.ordnancesurvey.co.uk/id/4000000074568374","name1":"Broad Clough","name1_lang":null,"name2":null,"name2_lang":null,"type":"populatedPlace","local_type":"Suburban Area","most_detai":2000,"least_deta":25000,"mbr_xmin":386416,"mbr_ymin":423755,"mbr_xmax":386916,"mbr_ymax":424255,"postcode_d":"OL13","postcode_1":"http://data.ordnancesurvey.co.uk/id/postcodedistrict/OL13","populated_":null,"populate_1":null,"populate_2":null,"district_b":"Rossendale","district_1":"http://data.ordnancesurvey.co.uk/id/7000000000004572","district_2":"http://data.ordnancesurvey.co.uk/ontology/admingeo/District","county_uni":"Lancashire","county_u_1":"http://data.ordnancesurvey.co.uk/id/7000000000005156","county_u_2":"http://data.ordnancesurvey.co.uk/ontology/admingeo/County","region":"North West","region_uri":"http://data.ordnancesurvey.co.uk/id/7000000000041431","country":"England","country_ur":"http://data.ordnancesurvey.co.uk/id/country/england","related_sp":null,"same_as_db":null,"same_as_ge":null},"geometry":{"type":"Point","coordinates":[-2.203468811056705,53.71212064432168]}},{"type":"Feature","properties":{"fid":2056744,"id":"osgb4000000074568858","names_uri":"http://data.ordnancesurvey.co.uk/id/4000000074568858","name1":"Rishworth","name1_lang":null,"name2":null,"name2_lang":null,"type":"populatedPlace","local_type":"Village","most_detai":7000,"least_deta":250000,"mbr_xmin":402907,"mbr_ymin":417691,"mbr_xmax":403955,"mbr_ymax":418421,"postcode_d":"HX6","postcode_1":"http://data.ordnancesurvey.co.uk/id/postcodedistrict/HX6","populated_":null,"populate_1":null,"populate_2":null,"district_b":"Calderdale","district_1":"http://data.ordnancesurvey.co.uk/id/7000000000016714","district_2":"http://data.ordnancesurvey.co.uk/ontology/admingeo/MetropolitanDistrict","county_uni":null,"county_u_1":null,"county_u_2":null,"region":"Yorkshire and the Humber","region_uri":"http://data.ordnancesurvey.co.uk/id/7000000000041430","country":"England","country_ur":"http://data.ordnancesurvey.co.uk/id/country/england","related_sp":null,"same_as_db":null,"same_as_ge":"http://sws.geonames.org/2639309"},"geometry":{"type":"Point","coordinates":[-1.9492708244179089,53.658938693883314]}},{"type":"Feature","properties":{"fid":2057782,"id":"osgb4000000074569896","names_uri":"http://data.ordnancesurvey.co.uk/id/4000000074569896","name1":"Midgley","name1_lang":null,"name2":null,"name2_lang":null,"type":"populatedPlace","local_type":"Village","most_detai":7000,"least_deta":250000,"mbr_xmin":402596,"mbr_ymin":426140,"mbr_xmax":403722,"mbr_ymax":426783,"postcode_d":"HX2","postcode_1":"http://data.ordnancesurvey.co.uk/id/postcodedistrict/HX2","populated_":null,"populate_1":null,"populate_2":null,"district_b":"Calderdale","district_1":"http://data.ordnancesurvey.co.uk/id/7000000000016714","district_2":"http://data.ordnancesurvey.co.uk/ontology/admingeo/MetropolitanDistrict","county_uni":null,"county_u_1":null,"county_u_2":null,"region":"Yorkshire and the Humber","region_uri":"http://data.ordnancesurvey.co.uk/id/7000000000041430","country":"England","country_ur":"http://data.ordnancesurvey.co.uk/id/country/england","related_sp":null,"same_as_db":"http://dbpedia.org/resource/Midgley","same_as_ge":null},"geometry":{"type":"Point","coordinates":[-1.952773319311793,53.73423350789243]}},{"type":"Feature","properties":{"fid":2058129,"id":"osgb4000000074570244","names_uri":"http://data.ordnancesurvey.co.uk/id/4000000074570244","name1":"Brearley","name1_lang":null,"name2":null,"name2_lang":null,"type":"populatedPlace","local_type":"Village","most_detai":7000,"least_deta":250000,"mbr_xmin":402204,"mbr_ymin":425359,"mbr_xmax":403216,"mbr_ymax":426207,"postcode_d":"HX2","postcode_1":"http://data.ordnancesurvey.co.uk/id/postcodedistrict/HX2","populated_":null,"populate_1":null,"populate_2":null,"district_b":"Calderdale","district_1":"http://data.ordnancesurvey.co.uk/id/7000000000016714","district_2":"http://data.ordnancesurvey.co.uk/ontology/admingeo/MetropolitanDistrict","county_uni":null,"county_u_1":null,"county_u_2":null,"region":"Yorkshire and the Humber","region_uri":"http://data.ordnancesurvey.co.uk/id/7000000000041430","country":"England","country_ur":"http://data.ordnancesurvey.co.uk/id/country/england","related_sp":null,"same_as_db":null,"same_as_ge":null},"geometry":{"type":"Point","coordinates":[-1.9613575180241056,53.72949087098978]}},{"type":"Feature","properties":{"fid":2058130,"id":"osgb4000000074570245","names_uri":"http://data.ordnancesurvey.co.uk/id/4000000074570245","name1":"Mytholmroyd","name1_lang":null,"name2":null,"name2_lang":null,"type":"populatedPlace","local_type":"Village","most_detai":14000,"least_deta":250000,"mbr_xmin":400094,"mbr_ymin":425172,"mbr_xmax":402300,"mbr_ymax":426634,"postcode_d":"HX7","postcode_1":"http://data.ordnancesurvey.co.uk/id/postcodedistrict/HX7","populated_":null,"populate_1":null,"populate_2":null,"district_b":"Calderdale","district_1":"http://data.ordnancesurvey.co.uk/id/7000000000016714","district_2":"http://data.ordnancesurvey.co.uk/ontology/admingeo/MetropolitanDistrict","county_uni":null,"county_u_1":null,"county_u_2":null,"region":"Yorkshire and the Humber","region_uri":"http://data.ordnancesurvey.co.uk/id/7000000000041430","country":"England","country_ur":"http://data.ordnancesurvey.co.uk/id/country/england","related_sp":null,"same_as_db":"http://dbpedia.org/resource/Mytholmroyd","same_as_ge":"http://sws.geonames.org/2641922"},"geometry":{"type":"Point","coordinates":[-1.9824708597026655,53.730673208267376]}},{"type":"Feature","properties":{"fid":2058131,"id":"osgb4000000074570246","names_uri":"http://data.ordnancesurvey.co.uk/id/4000000074570246","name1":"Chiserley","name1_lang":null,"name2":null,"name2_lang":null,"type":"populatedPlace","local_type":"Suburban Area","most_detai":6000,"least_deta":25000,"mbr_xmin":399751,"mbr_ymin":427675,"mbr_xmax":400712,"mbr_ymax":428540,"postcode_d":"HX7","postcode_1":"http://data.ordnancesurvey.co.uk/id/postcodedistrict/HX7","populated_":null,"populate_1":null,"populate_2":null,"district_b":"Calderdale","district_1":"http://data.ordnancesurvey.co.uk/id/7000000000016714","district_2":"http://data.ordnancesurvey.co.uk/ontology/admingeo/MetropolitanDistrict","county_uni":null,"county_u_1":null,"county_u_2":null,"region":"Yorkshire and the Humber","region_uri":"http://data.ordnancesurvey.co.uk/id/7000000000041430","country":"England","country_ur":"http://data.ordnancesurvey.co.uk/id/country/england","related_sp":null,"same_as_db":"http://dbpedia.org/resource/Chiserley","same_as_ge":null},"geometry":{"type":"Point","coordinates":[-1.9968994768844581,53.75052001444359]}},{"type":"Feature","properties":{"fid":2058485,"id":"osgb4000000074570600","names_uri":"http://data.ordnancesurvey.co.uk/id/4000000074570600","name1":"Lighthazles","name1_lang":null,"name2":null,"name2_lang":null,"type":"populatedPlace","local_type":"Hamlet","most_detai":5000,"least_deta":25000,"mbr_xmin":402230,"mbr_ymin":420556,"mbr_xmax":402828,"mbr_ymax":421204,"postcode_d":"HX6","postcode_1":"http://data.ordnancesurvey.co.uk/id/postcodedistrict/HX6","populated_":null,"populate_1":null,"populate_2":null,"district_b":"Calderdale","district_1":"http://data.ordnancesurvey.co.uk/id/7000000000016714","district_2":"http://data.ordnancesurvey.co.uk/ontology/admingeo/MetropolitanDistrict","county_uni":null,"county_u_1":null,"county_u_2":null,"region":"Yorkshire and the Humber","region_uri":"http://data.ordnancesurvey.co.uk/id/7000000000041430","country":"England","country_ur":"http://data.ordnancesurvey.co.uk/id/country/england","related_sp":null,"same_as_db":null,"same_as_ge":null},"geometry":{"type":"Point","coordinates":[-1.9621845526862518,53.68586293475737]}},{"type":"Feature","properties":{"fid":2058486,"id":"osgb4000000074570601","names_uri":"http://data.ordnancesurvey.co.uk/id/4000000074570601","name1":"Cotton Stones","name1_lang":null,"name2":null,"name2_lang":null,"type":"populatedPlace","local_type":"Hamlet","most_detai":5000,"least_deta":25000,"mbr_xmin":402533,"mbr_ymin":421193,"mbr_xmax":403256,"mbr_ymax":421779,"postcode_d":"HX6","postcode_1":"http://data.ordnancesurvey.co.uk/id/postcodedistrict/HX6","populated_":null,"populate_1":null,"populate_2":null,"district_b":"Calderdale","district_1":"http://data.ordnancesurvey.co.uk/id/7000000000016714","district_2":"http://data.ordnancesurvey.co.uk/ontology/admingeo/MetropolitanDistrict","county_uni":null,"county_u_1":null,"county_u_2":null,"region":"Yorkshire and the Humber","region_uri":"http://data.ordnancesurvey.co.uk/id/7000000000041430","country":"England","country_ur":"http://data.ordnancesurvey.co.uk/id/country/england","related_sp":null,"same_as_db":null,"same_as_ge":null},"geometry":{"type":"Point","coordinates":[-1.9576514892023498,53.691658765690164]}},{"type":"Feature","properties":{"fid":2059561,"id":"osgb4000000074571678","names_uri":"http://data.ordnancesurvey.co.uk/id/4000000074571678","name1":"Haworth","name1_lang":null,"name2":null,"name2_lang":null,"type":"populatedPlace","local_type":"Village","most_detai":17000,"least_deta":250000,"mbr_xmin":402451,"mbr_ymin":436395,"mbr_xmax":404993,"mbr_ymax":438357,"postcode_d":"BD22","postcode_1":"http://data.ordnancesurvey.co.uk/id/postcodedistrict/BD22","populated_":null,"populate_1":null,"populate_2":null,"district_b":"Bradford","district_1":"http://data.ordnancesurvey.co.uk/id/7000000000016726","district_2":"http://data.ordnancesurvey.co.uk/ontology/admingeo/MetropolitanDistrict","county_uni":null,"county_u_1":null,"county_u_2":null,"region":"Yorkshire and the Humber","region_uri":"http://data.ordnancesurvey.co.uk/id/7000000000041430","country":"England","country_ur":"http://data.ordnancesurvey.co.uk/id/country/england","related_sp":null,"same_as_db":"http://dbpedia.org/resource/Haworth","same_as_ge":"http://sws.geonames.org/2647278"},"geometry":{"type":"Point","coordinates":[-1.9559920256776675,53.831520606468274]}},{"type":"Feature","properties":{"fid":2059910,"id":"osgb4000000074572027","names_uri":"http://data.ordnancesurvey.co.uk/id/4000000074572027","name1":"Marsh Top","name1_lang":null,"name2":null,"name2_lang":null,"type":"populatedPlace","local_type":"Suburban Area","most_detai":3000,"least_deta":25000,"mbr_xmin":402843,"mbr_ymin":435710,"mbr_xmax":403343,"mbr_ymax":436210,"postcode_d":"BD22","postcode_1":"http://data.ordnancesurvey.co.uk/id/postcodedistrict/BD22","populated_":null,"populate_1":null,"populate_2":null,"district_b":"Bradford","district_1":"http://data.ordnancesurvey.co.uk/id/7000000000016726","district_2":"http://data.ordnancesurvey.co.uk/ontology/admingeo/MetropolitanDistrict","county_uni":null,"county_u_1":null,"county_u_2":null,"region":"Yorkshire and the Humber","region_uri":"http://data.ordnancesurvey.co.uk/id/7000000000041430","country":"England","country_ur":"http://data.ordnancesurvey.co.uk/id/country/england","related_sp":null,"same_as_db":null,"same_as_ge":null},"geometry":{"type":"Point","coordinates":[-1.9558228876635249,53.818910500299346]}},{"type":"Feature","properties":{"fid":2059911,"id":"osgb4000000074572028","names_uri":"http://data.ordnancesurvey.co.uk/id/4000000074572028","name1":"Moor Side","name1_lang":null,"name2":null,"name2_lang":null,"type":"populatedPlace","local_type":"Suburban Area","most_detai":3000,"least_deta":25000,"mbr_xmin":401900,"mbr_ymin":435207,"mbr_xmax":402400,"mbr_ymax":435707,"postcode_d":"BD22","postcode_1":"http://data.ordnancesurvey.co.uk/id/postcodedistrict/BD22","populated_":null,"populate_1":null,"populate_2":null,"district_b":"Bradford","district_1":"http://data.ordnancesurvey.co.uk/id/7000000000016726","district_2":"http://data.ordnancesurvey.co.uk/ontology/admingeo/MetropolitanDistrict","county_uni":null,"county_u_1":null,"county_u_2":null,"region":"Yorkshire and the Humber","region_uri":"http://data.ordnancesurvey.co.uk/id/7000000000041430","country":"England","country_ur":"http://data.ordnancesurvey.co.uk/id/country/england","related_sp":null,"same_as_db":null,"same_as_ge":null},"geometry":{"type":"Point","coordinates":[-1.9685996237660905,53.81553503672673]}},{"type":"Feature","properties":{"fid":2059912,"id":"osgb4000000074572029","names_uri":"http://data.ordnancesurvey.co.uk/id/4000000074572029","name1":"Upper Marsh","name1_lang":null,"name2":null,"name2_lang":null,"type":"populatedPlace","local_type":"Suburban Area","most_detai":4000,"least_deta":25000,"mbr_xmin":401855,"mbr_ymin":435868,"mbr_xmax":402492,"mbr_ymax":436368,"postcode_d":"BD22","postcode_1":"http://data.ordnancesurvey.co.uk/id/postcodedistrict/BD22","populated_":null,"populate_1":null,"populate_2":null,"district_b":"Bradford","district_1":"http://data.ordnancesurvey.co.uk/id/7000000000016726","district_2":"http://data.ordnancesurvey.co.uk/ontology/admingeo/MetropolitanDistrict","county_uni":null,"county_u_1":null,"county_u_2":null,"region":"Yorkshire and the Humber","region_uri":"http://data.ordnancesurvey.co.uk/id/7000000000041430","country":"England","country_ur":"http://data.ordnancesurvey.co.uk/id/country/england","related_sp":null,"same_as_db":null,"same_as_ge":null},"geometry":{"type":"Point","coordinates":[-1.9668330502792408,53.82160141414875]}},{"type":"Feature","properties":{"fid":2059913,"id":"osgb4000000074572030","names_uri":"http://data.ordnancesurvey.co.uk/id/4000000074572030","name1":"Lumb Foot","name1_lang":null,"name2":null,"name2_lang":null,"type":"populatedPlace","local_type":"Hamlet","most_detai":5000,"least_deta":25000,"mbr_xmin":401299,"mbr_ymin":437186,"mbr_xmax":401799,"mbr_ymax":437686,"postcode_d":"BD22","postcode_1":"http://data.ordnancesurvey.co.uk/id/postcodedistrict/BD22","populated_":null,"populate_1":null,"populate_2":null,"district_b":"Bradford","district_1":"http://data.ordnancesurvey.co.uk/id/7000000000016726","district_2":"http://data.ordnancesurvey.co.uk/ontology/admingeo/MetropolitanDistrict","county_uni":null,"county_u_1":null,"county_u_2":null,"region":"Yorkshire and the Humber","region_uri":"http://data.ordnancesurvey.co.uk/id/7000000000041430","country":"England","country_ur":"http://data.ordnancesurvey.co.uk/id/country/england","related_sp":null,"same_as_db":null,"same_as_ge":null},"geometry":{"type":"Point","coordinates":[-1.9770962192490473,53.83176911852003]}},{"type":"Feature","properties":{"fid":2059914,"id":"osgb4000000074572031","names_uri":"http://data.ordnancesurvey.co.uk/id/4000000074572031","name1":"Stanbury","name1_lang":null,"name2":null,"name2_lang":null,"type":"populatedPlace","local_type":"Village","most_detai":5000,"least_deta":250000,"mbr_xmin":400506,"mbr_ymin":436812,"mbr_xmax":401286,"mbr_ymax":437312,"postcode_d":"BD22","postcode_1":"http://data.ordnancesurvey.co.uk/id/postcodedistrict/BD22","populated_":null,"populate_1":null,"populate_2":null,"district_b":"Bradford","district_1":"http://data.ordnancesurvey.co.uk/id/7000000000016726","district_2":"http://data.ordnancesurvey.co.uk/ontology/admingeo/MetropolitanDistrict","county_uni":null,"county_u_1":null,"county_u_2":null,"region":"Yorkshire and the Humber","region_uri":"http://data.ordnancesurvey.co.uk/id/7000000000041430","country":"England","country_ur":"http://data.ordnancesurvey.co.uk/id/country/england","related_sp":null,"same_as_db":null,"same_as_ge":null},"geometry":{"type":"Point","coordinates":[-1.991926034418093,53.829182483585875]}},{"type":"Feature","properties":{"fid":2059915,"id":"osgb4000000074572032","names_uri":"http://data.ordnancesurvey.co.uk/id/4000000074572032","name1":"Oxenhope","name1_lang":null,"name2":null,"name2_lang":null,"type":"populatedPlace","local_type":"Village","most_detai":18000,"least_deta":250000,"mbr_xmin":401855,"mbr_ymin":434052,"mbr_xmax":404628,"mbr_ymax":436224,"postcode_d":"BD22","postcode_1":"http://data.ordnancesurvey.co.uk/id/postcodedistrict/BD22","populated_":null,"populate_1":null,"populate_2":null,"district_b":"Bradford","district_1":"http://data.ordnancesurvey.co.uk/id/7000000000016726","district_2":"http://data.ordnancesurvey.co.uk/ontology/admingeo/MetropolitanDistrict","county_uni":null,"county_u_1":null,"county_u_2":null,"region":"Yorkshire and the Humber","region_uri":"http://data.ordnancesurvey.co.uk/id/7000000000041430","country":"England","country_ur":"http://data.ordnancesurvey.co.uk/id/country/england","related_sp":null,"same_as_db":"http://dbpedia.org/resource/Oxenhope","same_as_ge":"http://sws.geonames.org/2640731"},"geometry":{"type":"Point","coordinates":[-1.9527801302492287,53.809696718257605]}},{"type":"Feature","properties":{"fid":2060930,"id":"osgb4000000074573048","names_uri":"http://data.ordnancesurvey.co.uk/id/4000000074573048","name1":"Oakworth","name1_lang":null,"name2":null,"name2_lang":null,"type":"populatedPlace","local_type":"Village","most_detai":17000,"least_deta":250000,"mbr_xmin":401466,"mbr_ymin":437712,"mbr_xmax":404067,"mbr_ymax":439565,"postcode_d":"BD22","postcode_1":"http://data.ordnancesurvey.co.uk/id/postcodedistrict/BD22","populated_":null,"populate_1":null,"populate_2":null,"district_b":"Bradford","district_1":"http://data.ordnancesurvey.co.uk/id/7000000000016726","district_2":"http://data.ordnancesurvey.co.uk/ontology/admingeo/MetropolitanDistrict","county_uni":null,"county_u_1":null,"county_u_2":null,"region":"Yorkshire and the Humber","region_uri":"http://data.ordnancesurvey.co.uk/id/7000000000041430","country":"England","country_ur":"http://data.ordnancesurvey.co.uk/id/country/england","related_sp":null,"same_as_db":"http://dbpedia.org/resource/Haworth","same_as_ge":"http://sws.geonames.org/2641115"},"geometry":{"type":"Point","coordinates":[-1.9480584922274877,53.84574528904319]}},{"type":"Feature","properties":{"fid":2061591,"id":"osgb4000000074573709","names_uri":"http://data.ordnancesurvey.co.uk/id/4000000074573709","name1":"Oldfield","name1_lang":null,"name2":null,"name2_lang":null,"type":"populatedPlace","local_type":"Village","most_detai":4000,"least_deta":250000,"mbr_xmin":400260,"mbr_ymin":437538,"mbr_xmax":400892,"mbr_ymax":438038,"postcode_d":"BD22","postcode_1":"http://data.ordnancesurvey.co.uk/id/postcodedistrict/BD22","populated_":null,"populate_1":null,"populate_2":null,"district_b":"Bradford","district_1":"http://data.ordnancesurvey.co.uk/id/7000000000016726","district_2":"http://data.ordnancesurvey.co.uk/ontology/admingeo/MetropolitanDistrict","county_uni":null,"county_u_1":null,"county_u_2":null,"region":"Yorkshire and the Humber","region_uri":"http://data.ordnancesurvey.co.uk/id/7000000000041430","country":"England","country_ur":"http://data.ordnancesurvey.co.uk/id/country/england","related_sp":null,"same_as_db":null,"same_as_ge":null},"geometry":{"type":"Point","coordinates":[-1.993018726111902,53.8367323876731]}},{"type":"Feature","properties":{"fid":2066412,"id":"osgb4000000074578538","names_uri":"http://data.ordnancesurvey.co.uk/id/4000000074578538","name1":"Cowpe","name1_lang":null,"name2":null,"name2_lang":null,"type":"populatedPlace","local_type":"Village","most_detai":5000,"least_deta":250000,"mbr_xmin":383418,"mbr_ymin":420495,"mbr_xmax":384106,"mbr_ymax":421235,"postcode_d":"BB4","postcode_1":"http://data.ordnancesurvey.co.uk/id/postcodedistrict/BB4","populated_":null,"populate_1":null,"populate_2":null,"district_b":"Rossendale","district_1":"http://data.ordnancesurvey.co.uk/id/7000000000004572","district_2":"http://data.ordnancesurvey.co.uk/ontology/admingeo/District","county_uni":"Lancashire","county_u_1":"http://data.ordnancesurvey.co.uk/id/7000000000005156","county_u_2":"http://data.ordnancesurvey.co.uk/ontology/admingeo/County","region":"North West","region_uri":"http://data.ordnancesurvey.co.uk/id/7000000000041431","country":"England","country_ur":"http://data.ordnancesurvey.co.uk/id/country/england","related_sp":null,"same_as_db":"http://dbpedia.org/resource/Cowpe","same_as_ge":null},"geometry":{"type":"Point","coordinates":[-2.2503781042506805,53.68699077265393]}},{"type":"Feature","properties":{"fid":2068044,"id":"osgb4000000074580173","names_uri":"http://data.ordnancesurvey.co.uk/id/4000000074580173","name1":"Warland","name1_lang":null,"name2":null,"name2_lang":null,"type":"populatedPlace","local_type":"Other Settlement","most_detai":15000,"least_deta":25000,"mbr_xmin":394108,"mbr_ymin":419855,"mbr_xmax":395078,"mbr_ymax":420471,"postcode_d":"OL14","postcode_1":"http://data.ordnancesurvey.co.uk/id/postcodedistrict/OL14","populated_":null,"populate_1":null,"populate_2":null,"district_b":"Calderdale","district_1":"http://data.ordnancesurvey.co.uk/id/7000000000016714","district_2":"http://data.ordnancesurvey.co.uk/ontology/admingeo/MetropolitanDistrict","county_uni":null,"county_u_1":null,"county_u_2":null,"region":"Yorkshire and the Humber","region_uri":"http://data.ordnancesurvey.co.uk/id/7000000000041430","country":"England","country_ur":"http://data.ordnancesurvey.co.uk/id/country/england","related_sp":null,"same_as_db":null,"same_as_ge":null},"geometry":{"type":"Point","coordinates":[-2.083983520538398,53.67897226234864]}},{"type":"Feature","properties":{"fid":2068070,"id":"osgb4000000074580199","names_uri":"http://data.ordnancesurvey.co.uk/id/4000000074580199","name1":"Harley Wood","name1_lang":null,"name2":null,"name2_lang":null,"type":"populatedPlace","local_type":"Suburban Area","most_detai":7000,"least_deta":25000,"mbr_xmin":392351,"mbr_ymin":424651,"mbr_xmax":393446,"mbr_ymax":425671,"postcode_d":"OL14","postcode_1":"http://data.ordnancesurvey.co.uk/id/postcodedistrict/OL14","populated_":null,"populate_1":null,"populate_2":null,"district_b":"Calderdale","district_1":"http://data.ordnancesurvey.co.uk/id/7000000000016714","district_2":"http://data.ordnancesurvey.co.uk/ontology/admingeo/MetropolitanDistrict","county_uni":null,"county_u_1":null,"county_u_2":null,"region":"Yorkshire and the Humber","region_uri":"http://data.ordnancesurvey.co.uk/id/7000000000041430","country":"England","country_ur":"http://data.ordnancesurvey.co.uk/id/country/england","related_sp":null,"same_as_db":null,"same_as_ge":null},"geometry":{"type":"Point","coordinates":[-2.110402612873981,53.720008447239195]}},{"type":"Feature","properties":{"fid":2291890,"id":"osgb4000000074820927","names_uri":"http://data.ordnancesurvey.co.uk/id/4000000074820927","name1":"Beeston Hurst","name1_lang":null,"name2":null,"name2_lang":null,"type":"populatedPlace","local_type":"Other Settlement","most_detai":15000,"least_deta":25000,"mbr_xmin":401250,"mbr_ymin":418821,"mbr_xmax":401750,"mbr_ymax":419321,"postcode_d":"HX6","postcode_1":"http://data.ordnancesurvey.co.uk/id/postcodedistrict/HX6","populated_":null,"populate_1":null,"populate_2":null,"district_b":"Calderdale","district_1":"http://data.ordnancesurvey.co.uk/id/7000000000016714","district_2":"http://data.ordnancesurvey.co.uk/ontology/admingeo/MetropolitanDistrict","county_uni":null,"county_u_1":null,"county_u_2":null,"region":"Yorkshire and the Humber","region_uri":"http://data.ordnancesurvey.co.uk/id/7000000000041430","country":"England","country_ur":"http://data.ordnancesurvey.co.uk/id/country/england","related_sp":null,"same_as_db":null,"same_as_ge":null},"geometry":{"type":"Point","coordinates":[-1.9786065230850962,53.668537828113884]}},{"type":"Feature","properties":{"fid":2292986,"id":"osgb4000000074822031","names_uri":"http://data.ordnancesurvey.co.uk/id/4000000074822031","name1":"Ewood","name1_lang":null,"name2":null,"name2_lang":null,"type":"populatedPlace","local_type":"Other Settlement","most_detai":15000,"least_deta":25000,"mbr_xmin":401944,"mbr_ymin":426141,"mbr_xmax":402444,"mbr_ymax":426641,"postcode_d":"HX7","postcode_1":"http://data.ordnancesurvey.co.uk/id/postcodedistrict/HX7","populated_":null,"populate_1":null,"populate_2":null,"district_b":"Calderdale","district_1":"http://data.ordnancesurvey.co.uk/id/7000000000016714","district_2":"http://data.ordnancesurvey.co.uk/ontology/admingeo/MetropolitanDistrict","county_uni":null,"county_u_1":null,"county_u_2":null,"region":"Yorkshire and the Humber","region_uri":"http://data.ordnancesurvey.co.uk/id/7000000000041430","country":"England","country_ur":"http://data.ordnancesurvey.co.uk/id/country/england","related_sp":null,"same_as_db":null,"same_as_ge":null},"geometry":{"type":"Point","coordinates":[-1.9681143075132639,53.73385205130654]}}]}