{"type":"FeatureCollection","features":[{"type":"Feature","properties":{"species":"Dryopteris affinis","locations":[],"common":false,"recordCount":17},"geometry":{"type":"MultiPolygon","coordinates":[[[[-2.1367998459637025,53.70393997837848],[-2.136756044599951,53.70367680615252],[-2.1366263533166925,53.70342374903978],[-2.136415757425725,53.70319053161641],[-2.1361323509100103,53.70298611589805],[-2.13578702523931,53.70281835699531],[-2.135393050768981,53.7026937013179],[-2.134965566815862,53.70261693891445],[-2.134521,53.70259101945442],[-2.134076433184138,53.70261693891445],[-2.133648949231019,53.7026937013179],[-2.13325497476069,53.70281835699531],[-2.1329096490899895,53.70298611589805],[-2.132626242574275,53.70319053161641],[-2.1324156466833077,53.70342374903978],[-2.132285955400049,53.70367680615252],[-2.1322421540362977,53.70393997837848],[-2.1322859274446753,53.70420315225029],[-2.1324155950285126,53.70445621404998],[-2.1326261750840327,53.70468943848789],[-2.1329095760390775,53.70489386248042],[-2.133254907270448,53.70506162965738],[-2.133648897576224,53.70518629234932],[-2.134076405228764,53.70526305943972],[-2.134521,53.705288980545596],[-2.134965594771236,53.70526305943972],[-2.135393102423776,53.70518629234932],[-2.135787092729552,53.70506162965738],[-2.1361324239609223,53.70489386248042],[-2.1364158249159675,53.70468943848789],[-2.1366264049714876,53.70445621404998],[-2.1367560725553245,53.70420315225029],[-2.1367998459637025,53.70393997837848]]],[[[-2.1324420010162193,53.70680297837622],[-2.132398196670762,53.706539806150346],[-2.1322684965620766,53.70628674903784],[-2.13205788634135,53.70605353161484],[-2.1317744605423856,53.705849115896925],[-2.131429111376042,53.7056813569946],[-2.1310351101005476,53.70555670131756],[-2.130607597062692,53.705479938914365],[-2.130163,53.705454019454415],[-2.1297184029373075,53.705479938914365],[-2.1292908898994525,53.70555670131756],[-2.128896888623958,53.7056813569946],[-2.128551539457614,53.705849115896925],[-2.1282681136586494,53.70605353161484],[-2.128057503437923,53.70628674903784],[-2.127927803329238,53.706539806150346],[-2.1278839989837808,53.70680297837622],[-2.127927775369034,53.707066152248096],[-2.1280574517742026,53.707319214048056],[-2.1282680461567454,53.70755243848631],[-2.1285514663940797,53.70775686247928],[-2.128896821122054,53.70792462965668],[-2.1292908382357316,53.70804929234899],[-2.1297183749771036,53.708126059439635],[-2.130163,53.708151980545594],[-2.1306076250228965,53.708126059439635],[-2.1310351617642684,53.70804929234899],[-2.131429178877946,53.70792462965668],[-2.13177453360592,53.70775686247928],[-2.1320579538432542,53.70755243848631],[-2.1322685482257975,53.707319214048056],[-2.132398224630966,53.707066152248096],[-2.1324420010162193,53.70680297837622]]],[[[-2.1168938724187503,53.7228839783635],[-2.116850051315962,53.7226208061381],[-2.116720301607955,53.72236774902698],[-2.116509610853301,53.722134531606045],[-2.11622607668155,53.72193011589056],[-2.1158805954685755,53.721762356990695],[-2.1154864435467755,53.72163770131571],[-2.1150587670513175,53.72156093891389],[-2.114614,53.72153501945442],[-2.1141692329486825,53.72156093891389],[-2.1137415564532245,53.72163770131571],[-2.1133474045314244,53.721762356990695],[-2.11300192331845,53.72193011589056],[-2.112718389146699,53.722134531606045],[-2.1125076983920454,53.72236774902698],[-2.112377948684038,53.7226208061381],[-2.1123341275812497,53.7228839783635],[-2.112377920696682,53.72314715223587],[-2.1125076466781536,53.7234002140372],[-2.1127183215792438,53.72363343847752],[-2.1130018501839634,53.72383786247292],[-2.113347336963969,53.72400562965275],[-2.113741504739333,53.724130292347134],[-2.114169204961326,53.72420705943915],[-2.114614,53.7242329805456],[-2.115058795038674,53.72420705943915],[-2.1154864952606673,53.724130292347134],[-2.115880663036031,53.72400562965275],[-2.1162261498160366,53.72383786247292],[-2.116509678420756,53.72363343847752],[-2.1167203533218464,53.7234002140372],[-2.1168500793033185,53.72314715223587],[-2.1168938724187503,53.7228839783635]]],[[[-2.1093746426865194,53.718645978366844],[-2.1093308260015515,53.718382806141335],[-2.1092010893696633,53.718129749029835],[-2.1089904198465734,53.71789653160837],[-2.108706914245685,53.71769211589224],[-2.108361467844828,53.717524356991724],[-2.107967355638671,53.7173997013162],[-2.1075397222363623,53.717322938914016],[-2.107095,53.71729701945442],[-2.106650277763638,53.717322938914016],[-2.106388000855779,53.717370018972254],[-2.1065350431764696,53.71720721404137],[-2.106664750059772,53.71695415224057],[-2.1067085367302747,53.71669097836838],[-2.1066647220828765,53.71642780614282],[-2.106534991481907,53.716174749031154],[-2.106324331751161,53.715941531609424],[-2.1060408393276195,53.715737115893],[-2.105695408982678,53.71556935699219],[-2.1053013150940214,53.71544470131641],[-2.1048737015669747,53.71536793891406],[-2.104429,53.71534201945441],[-2.103984298433026,53.71536793891406],[-2.1035566849059792,53.71544470131641],[-2.103162591017323,53.71556935699219],[-2.102817160672381,53.715737115893],[-2.1025336682488396,53.715941531609424],[-2.1023230085180935,53.716174749031154],[-2.102193277917124,53.71642780614282],[-2.102149463269726,53.71669097836838],[-2.1021932499402287,53.71695415224057],[-2.102322956823531,53.71720721404137],[-2.1025336007066393,53.7174404384809],[-2.10281708756523,53.71764486247537],[-2.103162523475122,53.717812629654254],[-2.103556633211417,53.717937292347834],[-2.10398427045613,53.71801405943933],[-2.104429,53.71803998054559],[-2.1048737295438706,53.71801405943933],[-2.1051359338458715,53.71796698996189],[-2.104988910630337,53.718129749029835],[-2.104859173998449,53.718382806141335],[-2.1048153573134805,53.718645978366844],[-2.104859146018252,53.718909152239085],[-2.104988858929674,53.71916221404006],[-2.105199512603255,53.71939543847984],[-2.105483012638536,53.7195998624746],[-2.1058284646050005,53.71976762965379],[-2.106222592660666,53.71989229234762],[-2.1066502497834407,53.71996905943928],[-2.107095,53.7199949805456],[-2.1075397502165596,53.71996905943928],[-2.1079674073393337,53.71989229234762],[-2.108361535395,53.71976762965379],[-2.1087069873614643,53.7195998624746],[-2.108990487396745,53.71939543847984],[-2.109201141070326,53.71916221404006],[-2.1093308539817484,53.718909152239085],[-2.1093746426865194,53.718645978366844]]],[[[-2.1041396111257473,53.73650397835268],[-2.104095775817399,53.73624080612771],[-2.1039659840629583,53.73598774901775],[-2.103755225037929,53.73575453159858],[-2.103471598996195,53.735550115885154],[-2.1031260058444023,53.73538235698734],[-2.102731726216434,53.735257701314104],[-2.102303911154392,53.73518093891345],[-2.101859,53.7351550194544],[-2.1014140888456083,53.73518093891345],[-2.1009862737835663,53.735257701314104],[-2.1005919941555975,53.73538235698734],[-2.1002464010038047,53.735550115885154],[-2.099962774962071,53.73575453159858],[-2.0997520159370415,53.73598774901775],[-2.099622224182601,53.73624080612771],[-2.0995783888742525,53.73650397835268],[-2.0996221961722195,53.73676715222547],[-2.099751964180606,53.737020214027964],[-2.099962707339029,53.73725343847004],[-2.1002463278091517,53.73745786246752],[-2.1005919265325557,53.73762562964941],[-2.1009862220271303,53.73775029234553],[-2.1014140608352267,53.73782705943873],[-2.101859,53.737852980545576],[-2.102303939164773,53.73782705943873],[-2.10273177797287,53.73775029234553],[-2.1031260734674446,53.73762562964941],[-2.1034716721908486,53.73745786246752],[-2.103755292660971,53.73725343847004],[-2.1039660358193943,53.737020214027964],[-2.1040958038277804,53.73676715222547],[-2.1041396111257473,53.73650397835268]]],[[[-2.103458352054856,53.71328297837108],[-2.103414540958822,53.71301980614541],[-2.1032848208693844,53.71276674903345],[-2.1030741782061084,53.712533531611285],[-2.1027907087498967,53.71232911589435],[-2.1024453063894586,53.71216135699302],[-2.1020512444271144,53.71203670131681],[-2.101623665541465,53.71195993891417],[-2.101179,53.71193401945442],[-2.100734334458535,53.71195993891417],[-2.100306755572886,53.71203670131681],[-2.0999126936105417,53.71216135699302],[-2.099567291250103,53.71232911589435],[-2.0992838217938914,53.712533531611285],[-2.0990731791306154,53.71276674903345],[-2.098943459041178,53.71301980614541],[-2.098899647945144,53.71328297837108],[-2.0989434310700372,53.71354615224317],[-2.0990731274466863,53.71379921404368],[-2.0992837542655836,53.71403243848277],[-2.0995672181579885,53.71423686247671],[-2.0999126260822334,53.7144046296551],[-2.100306703888956,53.714529292348224],[-2.100734306487394,53.714606059439426],[-2.101179,53.71463198054559],[-2.1016236935126065,53.714606059439426],[-2.102051296111044,53.714529292348224],[-2.1024453739177664,53.7144046296551],[-2.1027907818420113,53.71423686247671],[-2.1030742457344167,53.71403243848277],[-2.103284872553314,53.71379921404368],[-2.1034145689299626,53.71354615224317],[-2.103458352054856,53.71328297837108]]],[[[-2.0978253034743006,53.73083297835719],[-2.0977814740821836,53.730569806132046],[-2.0976516998389436,53.730316749021604],[-2.0974409692466756,53.730083531601686],[-2.0971573814663005,53.72987911588741],[-2.0968118349339924,53.72971135698874],[-2.0964176084921817,53.72958670131477],[-2.095989851139367,53.729509938913644],[-2.095545,53.729484019454425],[-2.0951001488606336,53.729509938913644],[-2.0946723915078187,53.72958670131477],[-2.094278165066008,53.72971135698874],[-2.0939326185337,53.72987911588741],[-2.093649030753325,53.730083531601686],[-2.093438300161057,53.730316749021604],[-2.093308525917817,53.730569806132046],[-2.0932646965257,53.73083297835719],[-2.093274877453593,53.730894148884865],[-2.093117997974284,53.73072053160134],[-2.0928344058968213,53.73051611588715],[-2.0924888541287348,53.730348356988586],[-2.092094621713651,53.73022370131469],[-2.091666857879582,53.73014693891363],[-2.091222,53.73012101945442],[-2.090777142120418,53.73014693891363],[-2.090349378286349,53.73022370131469],[-2.0899551458712655,53.730348356988586],[-2.089609594103179,53.73051611588715],[-2.0893260020257163,53.73072053160134],[-2.089115268240199,53.73095374902117],[-2.0889854920302975,53.73120680613157],[-2.0889416619737355,53.73146997835669],[-2.088985464028429,53.73173315222931],[-2.0891152164994935,53.73198621403139],[-2.0893259344232264,53.73221943847281],[-2.089609520930771,53.732423862469524],[-2.0899550782687757,53.73259162965064],[-2.090349326545643,53.73271629234613],[-2.09077711411855,53.73279305943888],[-2.091222,53.732818980545595],[-2.0916668858814504,53.73279305943888],[-2.092094673454357,53.73271629234613],[-2.0924889217312246,53.73259162965064],[-2.0928344790692295,53.732423862469524],[-2.093118065576774,53.73221943847281],[-2.0933287835005068,53.73198621403139],[-2.093458535971571,53.73173315222931],[-2.0935023380262647,53.73146997835669],[-2.093492163900203,53.731408889058514],[-2.093648963153435,53.73158243847316],[-2.0939325453641064,53.73178686246977],[-2.0942780974661184,53.73195462965081],[-2.0946723397691027,53.73207929234621],[-2.095100120859842,53.7321560594389],[-2.095545,53.73218198054558],[-2.0959898791401583,53.7321560594389],[-2.0964176602308977,53.73207929234621],[-2.0968119025338816,53.73195462965081],[-2.097157454635894,53.73178686246977],[-2.0974410368465652,53.73158243847316],[-2.097651751577659,53.731349214031816],[-2.097781502082975,53.7310961522298],[-2.0978253034743006,53.73083297835719]]],[[[-2.0929637773313163,53.72112997836488],[-2.092919958057088,53.72086680613944],[-2.0927902137613583,53.72061374902815],[-2.092579531794566,53.720380531607],[-2.0922960094484524,53.72017611589125],[-2.0919505426444047,53.72000835699111],[-2.0916364204759144,53.71990900762352],[-2.0915815388499532,53.71988235699114],[-2.091187404547483,53.71975770131592],[-2.0907597471697428,53.71968093891394],[-2.090315,53.719655019454414],[-2.089870252830257,53.71968093891394],[-2.0894425954525166,53.71975770131592],[-2.0890484611500466,53.71988235699114],[-2.0887029953810172,53.7200501158913],[-2.088661793034108,53.720079822306275],[-2.0883852484416994,53.72009593891393],[-2.0879575868440114,53.72017270131586],[-2.08756344865234,53.72029735699104],[-2.0872179794742927,53.72046511589113],[-2.0869344551797995,53.72066953160684],[-2.0867237717651275,53.720902749027964],[-2.086594026577677,53.721155806139215],[-2.086550207002177,53.721418978364646],[-2.0865939985927957,53.72168215223697],[-2.0867237200558093,53.721935214038176],[-2.086934387618319,53.72216843847832],[-2.0872179063462735,53.72237286247349],[-2.08756338109086,53.722540629653096],[-2.0879575351346933,53.722665292347294],[-2.0883852204568183,53.722742059439184],[-2.08883,53.72276798054559],[-2.0892747795431825,53.722742059439184],[-2.0897024648653075,53.722665292347294],[-2.090096618909141,53.722540629653096],[-2.0902729057299254,53.722455022403395],[-2.090684,53.72247898054559],[-2.091128776486554,53.722453059439204],[-2.0915564588695434,53.72237629234733],[-2.091950610204706,53.72225162965318],[-2.0922960825751953,53.72208386247362],[-2.0925795993548673,53.72187943847848],[-2.0927902654697745,53.72164621403839],[-2.092919986041481,53.72139315223719],[-2.0929637773313163,53.72112997836488]]],[[[-2.0767995482195545,53.71690297836822],[-2.076755733351214,53.71663980614266],[-2.0766260020962872,53.71638674903101],[-2.076415341303716,53.716153531609315],[-2.0761318474513,53.71594911589292],[-2.0757864153653474,53.715781356992146],[-2.075392319490448,53.7156567013164],[-2.0749647038082433,53.71557993891407],[-2.07452,53.71555401945442],[-2.074075296191757,53.71557993891407],[-2.0736476805095525,53.7156567013164],[-2.073253584634653,53.715781356992146],[-2.0729081525487008,53.71594911589292],[-2.0726246586962844,53.716153531609315],[-2.0724139979037135,53.71638674903101],[-2.0722842666487864,53.71663980614266],[-2.0722404517804462,53.71690297836822],[-2.072284238671533,53.7171661522404],[-2.07241394620849,53.71741921404123],[-2.07262459115322,53.71765243848078],[-2.0729080794406145,53.71785686247529],[-2.073253517091588,53.71802462965421],[-2.073647628814329,53.71814929234782],[-2.0740752682145036,53.718226059439324],[-2.07452,53.71825198054559],[-2.0749647317854967,53.718226059439324],[-2.0753923711856714,53.71814929234782],[-2.0757864829084127,53.71802462965421],[-2.0761319205593862,53.71785686247529],[-2.0764154088467808,53.71765243848078],[-2.0766260537915104,53.71741921404123],[-2.0767557613284673,53.7171661522404],[-2.0767995482195545,53.71690297836822]]],[[[-2.0635825968880406,53.717800978367514],[-2.063538781083791,53.717537806141976],[-2.063409047058704,53.7172847490304],[-2.0631983817682524,53.71705153160883],[-2.062914881863135,53.71684711589257],[-2.062569442402279,53.716679356991925],[-2.0621753381136703,53.71655470131629],[-2.0617477133022355,53.716477938914046],[-2.061303,53.716452019454415],[-2.0608582866977647,53.716477938914046],[-2.0604306618863304,53.71655470131629],[-2.0600365575977215,53.716679356991925],[-2.0596911181368656,53.71684711589257],[-2.059407618231748,53.71705153160883],[-2.0591969529412966,53.7172847490304],[-2.05906721891621,53.717537806141976],[-2.0590234031119596,53.717800978367514],[-2.05906719093744,53.71806415223973],[-2.0591969012432703,53.71831721404063],[-2.059407550685022,53.7185504384803],[-2.0596910450248163,53.71875486247493],[-2.060036490050995,53.718922629653996],[-2.060430610188304,53.71904729234772],[-2.0608582587189948,53.719124059439295],[-2.061303,53.7191499805456],[-2.061747741281006,53.719124059439295],[-2.0621753898116966,53.71904729234772],[-2.0625695099490056,53.718922629653996],[-2.0629149549751844,53.71875486247493],[-2.063198449314979,53.7185504384803],[-2.06340909875673,53.71831721404063],[-2.0635388090625604,53.71806415223973],[-2.0635825968880406,53.717800978367514]]],[[[-2.040212379330688,53.75065597834148],[-2.0401685292495215,53.750392806116935],[-2.0400386937696524,53.750139749008184],[-2.0398278637480827,53.749906531590824],[-2.0395441421678258,53.74970211587955],[-2.0391984326072903,53.74953435698389],[-2.0388040201736106,53.74940970131247],[-2.0383760610117663,53.74933293891304],[-2.037931,53.749307019454406],[-2.037485938988233,53.74933293891304],[-2.0370579798263893,53.74940970131247],[-2.0370308859079795,53.749418264456786],[-2.0369310196956647,53.749386701312474],[-2.036503060768113,53.749309938913036],[-2.036058,53.749284019454414],[-2.035612939231888,53.749309938913036],[-2.035184980304336,53.749386701312474],[-2.0347905680865863,53.749511356983895],[-2.0344448587153203,53.74967911587957],[-2.0341611372904,53.74988353159084],[-2.0339503073842637,53.7501167490082],[-2.0338204719754884,53.75036980611695],[-2.033776621918341,53.7506329783415],[-2.033820443941195,53.7508961522147],[-2.033950255583644,53.751149214018426],[-2.0341610696096284,53.75138243846231],[-2.034444785458181,53.751586862461934],[-2.0347905004058147,53.75175462964595],[-2.035184928503716,53.75187929234391],[-2.0356129111975942,53.75195605943831],[-2.036058,53.75198198054559],[-2.0365030888024065,53.75195605943831],[-2.036931071496285,53.75187929234391],[-2.0369581141652557,53.75187074525487],[-2.037057928025697,53.7519022923439],[-2.037485910953901,53.7519790594383],[-2.037931,53.75200498054559],[-2.038376089046099,53.7519790594383],[-2.0388040719743024,53.7519022923439],[-2.039198500288156,53.75177762964596],[-2.039544215425067,53.75160986246192],[-2.0398279314289485,53.75140543846231],[-2.0400387455703446,53.75117221401842],[-2.040168557283854,53.75091915221469],[-2.040212379330688,53.75065597834148]]]]}},{"type":"Feature","properties":{"species":"Pteridium aquilinum","locations":[],"common":false,"recordCount":64},"geometry":{"type":"MultiPolygon","coordinates":[[[[-2.1707835928948294,53.73616797835297],[-2.170739757937067,53.73590480612798],[-2.170609967220311,53.73565174901799],[-2.1703992098801606,53.73541853159876],[-2.1701155861057315,53.735214115885285],[-2.169769995716533,53.73504635698744],[-2.1693757192402883,53.73492170131416],[-2.1689479075980005,53.734844938913476],[-2.168503,53.73481901945441],[-2.1680580924019996,53.734844938913476],[-2.167630280759712,53.73492170131416],[-2.1672360042834673,53.73504635698744],[-2.1668904138942686,53.735214115885285],[-2.1666067901198396,53.73541853159876],[-2.166591243761432,53.73543573470819],[-2.166416086040665,53.735445938913465],[-2.165988268281447,53.73552270131409],[-2.1655939861676985,53.735647356987286],[-2.1655140617960833,53.73568615387861],[-2.165539558441574,53.73553297835346],[-2.165495724146359,53.73526980612846],[-2.1653659353906463,53.73501674901842],[-2.1651551812346224,53.734783531599106],[-2.1648715617450045,53.734579115885545],[-2.164525976576626,53.734411356987586],[-2.164131706056591,53.73428670131422],[-2.163703900877041,53.7342099389135],[-2.163259,53.73418401945442],[-2.162814099122959,53.7342099389135],[-2.1623862939434093,53.73428670131422],[-2.161992023423374,53.734411356987586],[-2.1616464382549956,53.734579115885545],[-2.1613628187653777,53.734783531599106],[-2.161152064609354,53.73501674901842],[-2.1610222758536417,53.73526980612846],[-2.160978441558426,53.73553297835346],[-2.161022247844903,53.735796152226214],[-2.1611520128559523,53.73604921402864],[-2.1613627511463007,53.73628243847058],[-2.161646365064634,53.73648686246792],[-2.1619919558042966,53.73665462964966],[-2.162386242190008,53.73677929234565],[-2.1628140711142203,53.73685605943876],[-2.163259,53.73688198054558],[-2.16370392888578,53.73685605943876],[-2.164131757809992,53.73677929234565],[-2.164526044195704,53.73665462964966],[-2.164605876313091,53.736615875111966],[-2.16458037449544,53.736768978352494],[-2.164624182069468,53.737032152225275],[-2.164753950895901,53.737285214027814],[-2.164964695382942,53.737518438469905],[-2.1652483176412094,53.73772286246742],[-2.165593918543574,53.73789062964935],[-2.165988216524183,53.73801529234551],[-2.1660525406366253,53.73802683394461],[-2.1658769127634714,53.7380823569867],[-2.165531297410228,53.7382501158841],[-2.165247653147408,53.73845453159712],[-2.1650368805819338,53.738687749015945],[-2.1649070804881894,53.73894080612567],[-2.1648632423623724,53.739203978350574],[-2.1649070524732403,53.73946715222343],[-2.1650368288170587,53.73972021402617],[-2.165247585513339,53.73995343846858],[-2.1655312242036397,53.74015786246647],[-2.165876845129402,53.740325629648765],[-2.166271165955241,53.74045029234523],[-2.1666990322498934,53.740527059438655],[-2.167144,53.7405529805456],[-2.1671497627444314,53.74055264484326],[-2.167414031476966,53.74060005943865],[-2.167859,53.74062598054559],[-2.1683039685230345,53.74060005943865],[-2.1687318355609038,53.74052329234522],[-2.169126157071682,53.74039862964875],[-2.169471778597781,53.74023086246643],[-2.1697554177807428,53.74002643846855],[-2.1699661748430774,53.73979321402612],[-2.1700959514122795,53.73954015222337],[-2.1701397615992066,53.7392769783505],[-2.1700959233972075,53.73901380612562],[-2.169966123077974,53.738760749015896],[-2.1697553501463753,53.73852753159707],[-2.16947170539087,53.738323115884064],[-2.1691260894373148,53.738155356986674],[-2.1687317837958,53.738030701313804],[-2.1683039405079625,53.73795393891339],[-2.167986355115778,53.73793543836918],[-2.168128081456426,53.73789062964935],[-2.1684736823587905,53.73772286246742],[-2.1687573046170576,53.737518438469905],[-2.1687728264192394,53.73750126096882],[-2.168947935607813,53.737491059438746],[-2.1693757709956745,53.737414292345576],[-2.1697700633382033,53.737289629649496],[-2.1701156592989004,53.73712186246766],[-2.1703992775018306,53.736917438470236],[-2.170610018975697,53.73668421402821],[-2.1707397859468798,53.736431152225734],[-2.1707835928948294,53.73616797835297]]],[[[-2.1376558481839654,53.703980978378446],[-2.1376120467775177,53.70371780615248],[-2.137482355367884,53.703464749039746],[-2.1372717592717225,53.70323153161638],[-2.136988352479883,53.70302711589803],[-2.1366430264727385,53.7028593569953],[-2.1362490516185746,53.70273470131789],[-2.1358215672489793,53.70265793891445],[-2.135377,53.70263201945442],[-2.1349324327510213,53.70265793891445],[-2.1345049483814256,53.70273470131789],[-2.134110973527262,53.7028593569953],[-2.1337656475201174,53.70302711589803],[-2.1334822407282776,53.70323153161638],[-2.1332716446321163,53.703464749039746],[-2.133141953222483,53.70371780615248],[-2.133098151816035,53.703980978378446],[-2.1331155271999185,53.704085442315964],[-2.132815417485597,53.704102938914424],[-2.132387918437081,53.70417970131773],[-2.1319939300544846,53.704304356994946],[-2.1316485921892068,53.70447211589747],[-2.1313651756652074,53.704676531615604],[-2.131154572336889,53.70490974903877],[-2.131024876473106,53.70516280615139],[-2.130981073561807,53.705425978377306],[-2.1310248485152257,53.70568915224915],[-2.131154520677461,53.70594221404899],[-2.1313651081689127,53.706175438487065],[-2.131648519131744,53.706379862479835],[-2.13199386255819,53.706547629657024],[-2.1323878667776532,53.70667229234915],[-2.132815389527716,53.706749059439666],[-2.13326,53.7067749805456],[-2.1337046104722837,53.706749059439666],[-2.1341321332223466,53.70667229234915],[-2.13452613744181,53.706547629657024],[-2.134871480868256,53.706379862479835],[-2.135154891831087,53.706175438487065],[-2.1353654793225387,53.70594221404899],[-2.135495151484774,53.70568915224915],[-2.135538926438193,53.705425978377306],[-2.135521545692938,53.705321553139775],[-2.135821595204422,53.70530405943972],[-2.1362491032734976,53.705227292349306],[-2.1366430939631478,53.70510262965736],[-2.1369884255309755,53.7049348624804],[-2.1372718267621322,53.70473043848785],[-2.137482407022807,53.70449721404996],[-2.1376120747329606,53.70424415225025],[-2.1376558481839654,53.703980978378446]]],[[[-2.127710070075473,53.708077978375194],[-2.1276662644019866,53.707814806149365],[-2.1275365603625205,53.70756174903697],[-2.1273259437594247,53.70732853161413],[-2.1270425093718415,53.707124115896406],[-2.126697149740711,53.70695635699429],[-2.1263031365263925,53.706831701317405],[-2.1258756105344085,53.70675493891432],[-2.125431,53.706729019454414],[-2.124986389465591,53.70675493891432],[-2.1245588634736077,53.706831701317405],[-2.1241648502592887,53.70695635699429],[-2.1238194906281587,53.707124115896406],[-2.1235360562405754,53.70732853161413],[-2.1233254396374797,53.70756174903697],[-2.1231957355980136,53.707814806149365],[-2.1231519299245267,53.708077978375194],[-2.1231957076356585,53.70834115224712],[-2.1233253879697838,53.70859421404719],[-2.1235359887334773,53.708827438485606],[-2.123819417559002,53.70903186247877],[-2.1241647827521906,53.70919962965635],[-2.1245588118059113,53.70932429234884],[-2.1249863615032356,53.709401059439585],[-2.125431,53.70942698054558],[-2.1258756384967645,53.709401059439585],[-2.126303188194089,53.70932429234884],[-2.1266972172478096,53.70919962965635],[-2.127042582440998,53.70903186247877],[-2.127326011266523,53.708827438485606],[-2.1275366120302164,53.70859421404719],[-2.1276662923643417,53.70834115224712],[-2.127710070075473,53.708077978375194]]],[[[-2.1208348027225434,53.79522097830612],[-2.120790906038781,53.79495780608291],[-2.1206609326219397,53.794704748978006],[-2.12044987863351,53.79447153156638],[-2.1201658556658636,53.794267115861864],[-2.1198197788804114,53.79409935697298],[-2.1194249474956797,53.79397470130729],[-2.118996533754265,53.793897938911705],[-2.118551,53.79387201945441],[-2.1181054662457357,53.793897938911705],[-2.117677052504321,53.79397470130729],[-2.1172822211195887,53.79409935697298],[-2.1169361443341366,53.794267115861864],[-2.11665212136649,53.79447153156638],[-2.1164410673780605,53.794704748978006],[-2.1163110939612197,53.79495780608291],[-2.1162671972774567,53.79522097830612],[-2.116311065851283,53.79548415218067],[-2.1164410154376707,53.79573721398822],[-2.1166520535031,53.795970438437855],[-2.1169360708793326,53.79617486244423],[-2.117282153256199,53.796342629635035],[-2.117677000563931,53.796467292338725],[-2.118105438135799,53.796544059436954],[-2.118551,53.79656998054559],[-2.118996561864201,53.796544059436954],[-2.1194249994360694,53.796467292338725],[-2.119819846743801,53.796342629635035],[-2.1201659291206676,53.79617486244423],[-2.1204499464969,53.795970438437855],[-2.1206609845623294,53.79573721398822],[-2.120790934148717,53.79548415218067],[-2.1208348027225434,53.79522097830612]]],[[[-2.1169988164167797,53.721850978364294],[-2.116954996390926,53.72158780613888],[-2.116825249870493,53.72133474902766],[-2.1166145642914707,53.72110153160661],[-2.116331037084457,53.720897115890956],[-2.1159855643576546,53.72072935699093],[-2.1155914221173613,53.72060470131581],[-2.115163756126748,53.72052793891391],[-2.114719,53.720502019454415],[-2.1142742438732527,53.72052793891391],[-2.1138465778826387,53.72060470131581],[-2.113452435642346,53.72072935699093],[-2.113106962915543,53.720897115890956],[-2.11282343570853,53.72110153160661],[-2.1126127501295073,53.72133474902766],[-2.112483003609074,53.72158780613888],[-2.112439183583221,53.721850978364294],[-2.112482975623463,53.722114152236635],[-2.112612698418841,53.72236721403789],[-2.1128233681452877,53.72260043847807],[-2.1131068897856173,53.72280486247332],[-2.113452368079104,53.72297262965299],[-2.1138465261719723,53.723097292347234],[-2.1142742158876415,53.723174059439174],[-2.114719,53.72319998054559],[-2.115163784112359,53.723174059439174],[-2.115591473828028,53.723097292347234],[-2.1159856319208963,53.72297262965299],[-2.116331110214383,53.72280486247332],[-2.1166146318547123,53.72260043847807],[-2.1168253015811596,53.72236721403789],[-2.116955024376537,53.722114152236635],[-2.1169988164167797,53.721850978364294]]],[[[-2.1167613235978107,53.731203978356895],[-2.116717493818712,53.73094080613177],[-2.116587718430063,53.73068774902135],[-2.1163769859780053,53.73045453160149],[-2.116093395694951,53.73025011588726],[-2.115747846113258,53.730082356988646],[-2.115353616192536,53.72995770131473],[-2.1149258550649552,53.72988093891364],[-2.114481,53.729855019454426],[-2.1140361449350453,53.72988093891364],[-2.113608383807464,53.72995770131473],[-2.1132141538867426,53.730082356988646],[-2.1128686043050493,53.73025011588726],[-2.112585014021995,53.73045453160149],[-2.112374281569937,53.73068774902135],[-2.112244506181288,53.73094080613177],[-2.11220067640219,53.731203978356895],[-2.1122444781798695,53.73146715222952],[-2.1123026240532927,53.73158055733449],[-2.1121819593155973,53.73166753160081],[-2.111971220782589,53.731900749020525],[-2.111841441648797,53.73215380613084],[-2.111797610604387,53.732416978355936],[-2.1118414136453283,53.73268015222859],[-2.1119711690389247,53.732933214030744],[-2.1121818917092416,53.73316643847229],[-2.112226154130165,53.73319834442314],[-2.1120844885847516,53.733267115886065],[-2.111800877947641,53.73347153159984],[-2.111590130370087,53.73370474901931],[-2.1114603456659307,53.73395780612946],[-2.1114165127395492,53.73422097835451],[-2.1114603176594104,53.73448415222723],[-2.1115900786207855,53.73473721402953],[-2.1118008103339205,53.73497043847131],[-2.112084415400188,53.735174862468426],[-2.1124299953530885,53.73534262964998],[-2.112824269431895,53.73546729234581],[-2.1132520850020784,53.7355440594388],[-2.113697,53.7355699805456],[-2.1141419149979215,53.7355440594388],[-2.1145697305681055,53.73546729234581],[-2.114964004646912,53.73534262964998],[-2.115309584599812,53.735174862468426],[-2.11559318966608,53.73497043847131],[-2.1158039213792144,53.73473721402953],[-2.11593368234059,53.73448415222723],[-2.1159774872604507,53.73422097835451],[-2.1159336543340697,53.73395780612946],[-2.1158038696299135,53.73370474901931],[-2.1155931220523594,53.73347153159984],[-2.1155488641777174,53.73343963221438],[-2.115690515394936,53.73337086246914],[-2.115974108290759,53.73316643847229],[-2.1161848309610756,53.732933214030744],[-2.1163145863546724,53.73268015222859],[-2.116358389395613,53.732416978355936],[-2.116314558351203,53.73215380613084],[-2.1162564036036335,53.732040409840224],[-2.1163770535794093,53.73195343847296],[-2.1165877701699376,53.73172021403157],[-2.1167175218201306,53.73146715222952],[-2.1167613235978107,53.731203978356895]]],[[[-2.116055174933136,53.728462978359076],[-2.1160113480129046,53.72819980613385],[-2.1158815810860943,53.7279467490232],[-2.11567086237344,53.727713531602994],[-2.1153872905792057,53.727509115888346],[-2.1150417635251832,53.72734135698932],[-2.114647559305309,53.72721670131505],[-2.114219826064233,53.727139938913716],[-2.113775,53.727114019454426],[-2.113330173935767,53.727139938913716],[-2.112902440694691,53.72721670131505],[-2.1125082364748167,53.72734135698932],[-2.112162709420794,53.727509115888346],[-2.11187913762656,53.727713531602994],[-2.1116684189139057,53.7279467490232],[-2.1115386519870953,53.72819980613385],[-2.1114948250668637,53.728462978359076],[-2.1115386239903104,53.72872615223161],[-2.111668367182593,53.72897921403343],[-2.111879070036343,53.729212438474455],[-2.11216263626167,53.72941686247072],[-2.1125081688845992,53.729584629651384],[-2.112902388963378,53.729709292346485],[-2.113330145938982,53.72978605943898],[-2.113775,53.72981198054559],[-2.1142198540610178,53.72978605943898],[-2.114647611036622,53.729709292346485],[-2.1150418311154007,53.729584629651384],[-2.1153873637383303,53.72941686247072],[-2.115670929963657,53.729212438474455],[-2.115881632817407,53.72897921403343],[-2.1160113760096895,53.72872615223161],[-2.116055174933136,53.728462978359076]]],[[[-2.112694515161174,53.71629297836869],[-2.1126507009285564,53.71602980614311],[-2.112520971555278,53.71577674903142],[-2.112310313817921,53.71554353160964],[-2.1120268240768407,53.715339115893165],[-2.1116813970003387,53.715171356992286],[-2.111287306840505,53.71504670131645],[-2.1108596973593885,53.714969938914074],[-2.110415,53.71494401945441],[-2.109970302640612,53.714969938914074],[-2.1095426931594954,53.71504670131645],[-2.1091486029996616,53.715171356992286],[-2.1088031759231596,53.715339115893165],[-2.1085196861820794,53.71554353160964],[-2.1083090284447223,53.71577674903142],[-2.108179299071444,53.71602980614311],[-2.108135484838826,53.71629297836869],[-2.1081792710952203,53.71655615224087],[-2.108308976751402,53.716809214041646],[-2.1085196186415014,53.717042438481116],[-2.108803102817765,53.717246862475534],[-2.1091485354590835,53.71741462965436],[-2.109542641466175,53.71753929234788],[-2.1099702746643887,53.71761605943934],[-2.110415,53.717641980545594],[-2.1108597253356116,53.71761605943934],[-2.111287358533825,53.71753929234788],[-2.1116814645409168,53.71741462965436],[-2.1120268971822354,53.717246862475534],[-2.112310381358499,53.717042438481116],[-2.1125210232485983,53.716809214041646],[-2.1126507289047796,53.71655615224087],[-2.112694515161174,53.71629297836869]]],[[[-2.11095702403538,53.70722797837587],[-2.110913219247258,53.70696480615001],[-2.1108813175614474,53.70690256358889],[-2.1108662111196526,53.706811806150135],[-2.110736510172426,53.706558749037654],[-2.110525898590169,53.70632553161469],[-2.1102424709590206,53.7061211158968],[-2.109897119560257,53.70595335699455],[-2.1095031157378905,53.705828701317536],[-2.1090755999365713,53.70575193891436],[-2.108631,53.70572601945442],[-2.1081864000634285,53.70575193891436],[-2.1077588842621093,53.705828701317536],[-2.1073648804397425,53.70595335699455],[-2.1070195290409792,53.7061211158968],[-2.106736101409831,53.70632553161469],[-2.1065254898275736,53.706558749037654],[-2.1063957888803473,53.706811806150135],[-2.1063519842515857,53.707074978376],[-2.106395760919684,53.70733815224789],[-2.1064276560146284,53.70740039470409],[-2.1064427527918212,53.70749115224777],[-2.106572430506609,53.70774421404776],[-2.1067830270161467,53.707977438486076],[-2.1070664501161382,53.70818186247911],[-2.1074118083324276,53.70834962965657],[-2.1078058294260176,53.70847429234893],[-2.1082333704859293,53.708551059439614],[-2.108678,53.70857698054559],[-2.109122629514071,53.708551059439614],[-2.109550170573982,53.70847429234893],[-2.1099441916675725,53.70834962965657],[-2.110289549883862,53.70818186247911],[-2.110572972983853,53.707977438486076],[-2.110783569493391,53.70774421404776],[-2.110913247208179,53.70749115224777],[-2.11095702403538,53.70722797837587]]],[[[-2.1097687925707485,53.702953978379256],[-2.109724992233759,53.70269080615328],[-2.1095953039895714,53.702437749040435],[-2.109384713033114,53.70220453161695],[-2.1091013131576637,53.70200011589845],[-2.1087559955777815,53.70183235699555],[-2.1083620303379185,53.70170770131801],[-2.1079345564002447,53.70163093891449],[-2.10749,53.701605019454426],[-2.107045443599755,53.70163093891449],[-2.1066179696620813,53.70170770131801],[-2.1062240044222187,53.70183235699555],[-2.1058786868423365,53.70200011589845],[-2.105595286966886,53.70220453161695],[-2.1053846960104283,53.702437749040435],[-2.1052550077662406,53.70269080615328],[-2.1052112074292513,53.702953978379256],[-2.10525497981253,53.70321715225102],[-2.1053846443587063,53.703470214050654],[-2.105595219480659,53.70370343848842],[-2.1058786137957703,53.70390786248081],[-2.1062239369359914,53.704075629657616],[-2.1066179180103597,53.70420029234943],[-2.1070454156460445,53.70427705943974],[-2.10749,53.704302980545584],[-2.1079345843539556,53.70427705943974],[-2.1083620819896405,53.70420029234943],[-2.1087560630640083,53.704075629657616],[-2.1091013862042294,53.70390786248081],[-2.1093847805193406,53.70370343848842],[-2.1095953556412934,53.703470214050654],[-2.1097250201874695,53.70321715225102],[-2.1097687925707485,53.702953978379256]]],[[[-2.104023434538368,53.78845797831148],[-2.1039795449349064,53.78819480608807],[-2.1038495924747327,53.787941748982576],[-2.1036385725134275,53.78770853157008],[-2.10335459533535,53.787504115864536],[-2.1030085743421134,53.78733635697462],[-2.102613806608311,53.78721170130807],[-2.10218546193084,53.7871349389119],[-2.10174,53.787109019454405],[-2.1012945380691592,53.7871349389119],[-2.1008661933916883,53.78721170130807],[-2.100471425657886,53.78733635697462],[-2.1001254046646496,53.787504115864536],[-2.099841427486572,53.78770853157008],[-2.099630407525267,53.787941748982576],[-2.099500455065093,53.78819480608807],[-2.0994565654616313,53.78845797831148],[-2.099461658592602,53.78848853765981],[-2.099341832414951,53.78845070130793],[-2.09891347508689,53.78837393891185],[-2.098468,53.7883480194544],[-2.09802252491311,53.78837393891185],[-2.097594167585049,53.78845070130793],[-2.09719938819217,53.78857535697431],[-2.096853356979355,53.788743115864065],[-2.096569371413904,53.7889475315694],[-2.0963583452197785,53.789180748981735],[-2.0962283889209274,53.78943380608713],[-2.096184498020552,53.789696978310495],[-2.096228360820377,53.78996015218488],[-2.0963582932967326,53.79021321399196],[-2.096569303573175,53.790446438440874],[-2.096853283549079,53.79065086244642],[-2.0971993203514416,53.790818629636384],[-2.097594115662003,53.79094329233935],[-2.09802249681256,53.791020059437116],[-2.098468,53.791045980545576],[-2.09891350318744,53.791020059437116],[-2.099341884337997,53.79094329233935],[-2.0997366796485584,53.790818629636384],[-2.100082716450921,53.79065086244642],[-2.100366696426825,53.790446438440874],[-2.1005777067032674,53.79021321399196],[-2.100707639179623,53.78996015218488],[-2.100751501979448,53.789696978310495],[-2.100746416626496,53.78966648625789],[-2.1008661414725314,53.7897042923395],[-2.101294509970714,53.789781059437146],[-2.10174,53.78980698054558],[-2.1021854900292856,53.789781059437146],[-2.102613858527468,53.7897042923395],[-2.103008642177761,53.78957962963669],[-2.103354668760126,53.78941186244691],[-2.1036386403490757,53.78920743844155],[-2.103849644393889,53.7889742139928],[-2.1039795730333517,53.78872115218583],[-2.104023434538368,53.78845797831148]]],[[[-2.103519317974256,53.712653978371584],[-2.103475507533602,53.71239080614589],[-2.1033457893839964,53.71213774903388],[-2.1031351498704067,53.711904531611644],[-2.102851684652661,53.7117001158946],[-2.102506287456573,53.71153235699319],[-2.1021122313860143,53.71140770131688],[-2.101684658893201,53.711330938914195],[-2.10124,53.711305019454414],[-2.1007953411068,53.711330938914195],[-2.100367768613986,53.71140770131688],[-2.0999737125434272,53.71153235699319],[-2.0996283153473394,53.7117001158946],[-2.0995889532560414,53.71172850114123],[-2.099352679212712,53.711558115894654],[-2.099007283182476,53.71139035699321],[-2.098613228441987,53.7112657013169],[-2.0981856573923556,53.71118893891419],[-2.097741,53.71116301945441],[-2.0972963426076445,53.71118893891419],[-2.096868771558013,53.7112657013169],[-2.0964747168175246,53.71139035699321],[-2.0961293207872886,53.711558115894654],[-2.0958458565263762,53.71176253161172],[-2.0956352177238275,53.711995749033974],[-2.0955055000121394,53.71224880614599],[-2.0954616897194374,53.712511978371694],[-2.0955054720423,53.71277515224375],[-2.095635166042303,53.7130282140442],[-2.0958457890012103,53.71326143848318],[-2.096129247698576,53.713465862477015],[-2.096474649292359,53.71363362965527],[-2.096868719876489,53.713758292348324],[-2.0972963146378056,53.713835059439454],[-2.097741,53.7138609805456],[-2.098185685362195,53.713835059439454],[-2.098613280123512,53.713758292348324],[-2.0990073507076414,53.71363362965527],[-2.099352752301425,53.713465862477015],[-2.0993920467572758,53.71343752420525],[-2.0996282422580004,53.71360786247697],[-2.0999736450176827,53.713775629655245],[-2.1003677169320185,53.71390029234831],[-2.1007953131367203,53.71397705943945],[-2.10124,53.714002980545594],[-2.10168468686328,53.71397705943945],[-2.102112283067982,53.71390029234831],[-2.1025063549823177,53.713775629655245],[-2.102851757742,53.71360786247697],[-2.1031352173961513,53.713403438483105],[-2.103345841065964,53.713170214044105],[-2.1034755355036805,53.71291715224364],[-2.103519317974256,53.712653978371584]]],[[[-2.102811481453718,53.71567097836919],[-2.102767667869305,53.71540780614359],[-2.102637940414619,53.71515474903184],[-2.102427285792463,53.71492153160998],[-2.102143800243442,53.714717115893414],[-2.101798378274747,53.71454935699244],[-2.10140429394219,53.71442470131653],[-2.1009766907839147,53.714347938914095],[-2.1009085545947954,53.714343967495594],[-2.100852690635916,53.7143339389141],[-2.100408,53.714308019454414],[-2.099963309364083,53.7143339389141],[-2.0995357063481195,53.71441070131653],[-2.0991416221467203,53.71453535699244],[-2.09879620029299,53.71470311589341],[-2.0985127148383222,53.71490753160999],[-2.0983020602862816,53.715140749031846],[-2.0981723328747792,53.7153938061436],[-2.0981285193049555,53.7156569783692],[-2.09817230489963,53.71592015224136],[-2.0983020085949455,53.71617321404207],[-2.0983052566043523,53.71617681031927],[-2.098348004239062,53.71626021404203],[-2.0985586433800902,53.71649343848143],[-2.098842123856465,53.71669786247575],[-2.0991875519892513,53.71686562965451],[-2.0995816528524385,53.71699029234796],[-2.100009280469082,53.71706705943937],[-2.1004540000000005,53.7170929805456],[-2.1008987195309183,53.71706705943937],[-2.101326347147562,53.71699029234796],[-2.101720448010749,53.71686562965451],[-2.1020658761435356,53.71669786247575],[-2.1023493566199103,53.71649343848143],[-2.1023927515534377,53.71644539062577],[-2.1024273533305053,53.716420438481464],[-2.102637992105999,53.71618721404206],[-2.102767695844478,53.71593415224134],[-2.102811481453718,53.71567097836919]]],[[[-2.09695297158279,53.724712978362035],[-2.0969091485730473,53.7244498061367],[-2.096779393220727,53.72419674902574],[-2.0965686933014562,53.723963531605044],[-2.096285146797077,53.723759115889834],[-2.0959396505574337,53.723591356990234],[-2.0955454814923553,53.72346670131548],[-2.0951177863957167,53.72338993891382],[-2.094673,53.72336401945442],[-2.0942282136042825,53.72338993891382],[-2.093800518507644,53.72346670131548],[-2.0934063494425654,53.723591356990234],[-2.0933855051175407,53.72360147814534],[-2.093403101636581,53.72356715223554],[-2.0934468951891856,53.72330397836316],[-2.0934030736485147,53.723040806137796],[-2.093273322644438,53.72278774902669],[-2.0930626297853694,53.722554531605816],[-2.092979620495336,53.722494686142284],[-2.0928846223477136,53.722389531605906],[-2.092601086456624,53.72218511589045],[-2.0922556031487245,53.72201735699063],[-2.091861448836914,53.72189270131567],[-2.091433769748194,53.721815938913885],[-2.090989,53.72179001945442],[-2.090544230251806,53.721815938913885],[-2.0901165511630864,53.72189270131567],[-2.089722396851276,53.72201735699063],[-2.089376913543376,53.72218511589045],[-2.0890933776522864,53.722389531605906],[-2.088882685619958,53.722622749026804],[-2.0887529351250556,53.72287580613791],[-2.0887091137564116,53.72313897836328],[-2.088752907137269,53.723402152235664],[-2.0888826339052704,53.723655214037024],[-2.0890933100837907,53.72388843847738],[-2.089176314274877,53.723948284098626],[-2.0892713026454626,53.72405343847729],[-2.0895548340819072,53.72425786247276],[-2.0899003243125365,53.72442562965266],[-2.0902944960248093,53.724550292347075],[-2.0907222005186794,53.72462705943914],[-2.091167,53.7246529805456],[-2.0916117994813206,53.72462705943914],[-2.092039503975191,53.724550292347075],[-2.0924336756874635,53.72442562965266],[-2.0924544107180587,53.724415560894414],[-2.092436851426952,53.7244498061367],[-2.092393028417209,53.724712978362035],[-2.092436823436505,53.72497615223446],[-2.092566555059671,53.72522921403595],[-2.0927772391236266,53.725462438476505],[-2.09306078006036,53.7256668624722],[-2.093406281867649,53.72583462965229],[-2.093800466788042,53.7259592923469],[-2.0942281856138356,53.72603605943909],[-2.094673,53.72606198054558],[-2.0951178143861635,53.72603605943909],[-2.0955455332119572,53.7259592923469],[-2.0959397181323505,53.72583462965229],[-2.09628521993964,53.7256668624722],[-2.0965687608763726,53.725462438476505],[-2.0967794449403288,53.72522921403595],[-2.096909176563494,53.72497615223446],[-2.09695297158279,53.724712978362035]]],[[[-2.0937183353683744,53.73142097835672],[-2.0936745053629244,53.73115780613159],[-2.093544729304307,53.7309047490212],[-2.0933339957644286,53.73067153160135],[-2.0931353188405404,53.73052832332492],[-2.0931309890898038,53.73052353160144],[-2.092847398341285,53.730319115887234],[-2.0925018481924487,53.73015135698863],[-2.0921076176246967,53.73002670131472],[-2.091679855795061,53.72994993891362],[-2.091235,53.729924019454415],[-2.0907901442049392,53.72994993891362],[-2.090362382375304,53.73002670131472],[-2.089968151807552,53.73015135698863],[-2.0896226016587156,53.730319115887234],[-2.0893390109101966,53.73052353160144],[-2.089128278112244,53.7307567490213],[-2.0889985025105644,53.73100980613171],[-2.0889546726594928,53.73127297835684],[-2.088998474509029,53.73153615222947],[-2.089128226372154,53.731789214031515],[-2.0893389433085114,53.73202243847292],[-2.0895376068419327,53.73216564621631],[-2.0895419366332817,53.732170438472835],[-2.0898255228102918,53.73237486246954],[-2.0901710797455206,53.73254262965065],[-2.090565327562851,53.73266729234613],[-2.09099311463712,53.73274405943887],[-2.091438,53.732769980545584],[-2.0918828853628804,53.73274405943887],[-2.09231067243715,53.73266729234613],[-2.0927049202544796,53.73254262965065],[-2.0930504771897085,53.73237486246954],[-2.0933340633667186,53.732170438472835],[-2.0935447810448595,53.73193721403141],[-2.0936745333647098,53.73168415222935],[-2.0937183353683744,53.73142097835672]]],[[[-2.0925437200343437,53.72007297836571],[-2.0924999018619532,53.71980980614023],[-2.0923701608275076,53.71955674902887],[-2.0921594841560296,53.71932353160757],[-2.091875968935707,53.71911911589166],[-2.0915305108140676,53.71895135699136],[-2.0911363852361746,53.71882670131602],[-2.090708737324969,53.718749938913966],[-2.090512088365281,53.71873847813819],[-2.090386107546513,53.71849274902958],[-2.090175436205076,53.71825953160816],[-2.0898919281572765,53.71805511589209],[-2.0895464787749845,53.717887356991625],[-2.089152363167437,53.71776270131615],[-2.088724726074476,53.717685938914],[-2.08828,53.717660019454414],[-2.0878352739255246,53.717685938914],[-2.087407636832564,53.71776270131615],[-2.0870135212250163,53.717887356991625],[-2.086668071842724,53.71805511589209],[-2.0863845637949248,53.71825953160816],[-2.0861738924534876,53.71849274902958],[-2.086044154701714,53.718745806141044],[-2.0860003376383873,53.719008978366546],[-2.0860441267209033,53.7192721522388],[-2.0861738407516914,53.71952521403981],[-2.086384496243273,53.71975843847963],[-2.086667998725343,53.71996286247445],[-2.0870134536733644,53.72013062965369],[-2.0874075851307676,53.72025529234756],[-2.0878352459447145,53.72033205943925],[-2.088031845596543,53.72034351763827],[-2.088157787467375,53.72058921403909],[-2.0883684482879796,53.720822438479054],[-2.0886519579422154,53.721026862474034],[-2.0889974216299416,53.721194629653425],[-2.089391563058708,53.72131929234744],[-2.0898192346924236,53.72139605943922],[-2.090264,53.721421980545585],[-2.090708765307576,53.72139605943922],[-2.0911364369412917,53.72131929234744],[-2.0915305783700577,53.721194629653425],[-2.0918760420577844,53.721026862474034],[-2.09215955171202,53.720822438479054],[-2.0923702125326247,53.72058921403909],[-2.0924999298445606,53.72033615223799],[-2.0925437200343437,53.72007297836571]]],[[[-2.081498741283126,53.720464978365406],[-2.081454922702115,53.72020180613995],[-2.0814334286513034,53.720159882844605],[-2.0814299193527703,53.720138806139985],[-2.081300177303245,53.719885749028634],[-2.081089498983593,53.71965253160739],[-2.0808059815453577,53.71944811589154],[-2.080460520721306,53.71928035699128],[-2.080066392060348,53.719155701315984],[-2.079638740803886,53.71907893891395],[-2.079194,53.71905301945441],[-2.0787492591961145,53.71907893891395],[-2.0783216079396523,53.719155701315984],[-2.0779274792786944,53.71928035699128],[-2.0775820184546427,53.71944811589154],[-2.0772985010164073,53.71965253160739],[-2.0770878226967553,53.719885749028634],[-2.07695808064723,53.720138806139985],[-2.0769142621318912,53.720401978365445],[-2.076958052664067,53.720665152237736],[-2.076979542235212,53.720707075300766],[-2.0769830493146153,53.7207281522377],[-2.0771127678354486,53.72098121403884],[-2.077323430619464,53.721214438478846],[-2.0776069429161925,53.721418862473875],[-2.077952409823952,53.72158662965334],[-2.0783465549265396,53.72171129234741],[-2.078774230546661,53.72178805943921],[-2.079219,53.72181398054559],[-2.0796637694533393,53.72178805943921],[-2.0800914450734607,53.72171129234741],[-2.080485590176048,53.72158662965334],[-2.0808310570838073,53.721418862473875],[-2.0811145693805364,53.721214438478846],[-2.0813252321645512,53.72098121403884],[-2.081454950685385,53.7207281522377],[-2.081498741283126,53.720464978365406]]],[[[-2.0757551354564634,53.70928497837426],[-2.07571132852568,53.709021806148456],[-2.075581620764797,53.70876874903615],[-2.0753709981192725,53.708535531613485],[-2.075087555600522,53.70833111589594],[-2.074742186061984,53.708163356994],[-2.0743481615447323,53.70803870131727],[-2.0739206232885885,53.7079619389143],[-2.073476,53.707936019454415],[-2.073031376711411,53.7079619389143],[-2.0726038384552674,53.70803870131727],[-2.072209813938015,53.708163356994],[-2.071864444399478,53.70833111589594],[-2.0715810018807272,53.708535531613485],[-2.0715475984607212,53.7085725184223],[-2.071462997466912,53.70863353161343],[-2.071252374330765,53.70886674903608],[-2.0711226662677165,53.70911980614838],[-2.071078859234846,53.70938297837418],[-2.0711226383031587,53.70964615224614],[-2.071252322659,53.70989921404632],[-2.0714629299544973,53.710132438484905],[-2.071746367570972,53.710336862478265],[-2.0720917434764496,53.71050462965604],[-2.0724857847521068,53.71062929234869],[-2.072913347711262,53.71070605943956],[-2.073358,53.71073198054559],[-2.0738026522887383,53.71070605943956],[-2.074230215247893,53.71062929234869],[-2.0746242565235504,53.71050462965604],[-2.074969632429028,53.710336862478265],[-2.0752530700455027,53.710132438484905],[-2.075286470225494,53.71009545145552],[-2.075371065631288,53.71003443848496],[-2.0755816724362566,53.70980121404638],[-2.0757113564900727,53.70954815224621],[-2.0757551354564634,53.70928497837426]]],[[[-2.074970768007435,53.720957978365],[-2.0749269489125077,53.72069480613956],[-2.0747972051474837,53.72044174902827],[-2.0745865240423926,53.720208531607085],[-2.074303002855852,53.720004115891314],[-2.074245839692979,53.71997635730948],[-2.074128998563033,53.719892115891355],[-2.073783534091872,53.719724356991186],[-2.0733894012700853,53.719599701315936],[-2.0729617454989473,53.719522938913954],[-2.072517,53.71949701945442],[-2.0720722545010526,53.719522938913954],[-2.0716445987299146,53.719599701315936],[-2.0712504659081277,53.719724356991186],[-2.0709050014369668,53.719892115891355],[-2.0706214810054906,53.72009653160716],[-2.0704108004615027,53.720329749028345],[-2.0702810570420516,53.72058280613966],[-2.070237238063877,53.720845978365105],[-2.070281029058138,53.72110915223741],[-2.070410748753973,53.72136221403858],[-2.070621413446348,53.72159543847864],[-2.0709049283114775,53.72179986247374],[-2.0709620899764576,53.72182762132478],[-2.0710789240181633,53.72191186247367],[-2.0714243949757156,53.72207962965321],[-2.0718185446988198,53.72220429234734],[-2.07224622533259,53.7222810594392],[-2.072691,53.72230698054559],[-2.0731357746674095,53.7222810594392],[-2.07356345530118,53.72220429234734],[-2.073957605024284,53.72207962965321],[-2.0743030759818364,53.72191186247367],[-2.0745865916019923,53.72170743847856],[-2.0747972568553625,53.72147421403849],[-2.07492697689661,53.72122115223732],[-2.074970768007435,53.720957978365]]],[[[-2.0722339252795745,53.723858978362706],[-2.0721901031602563,53.723595806137354],[-2.0720603504434667,53.7233427490263],[-2.071849654803481,53.72310953160551],[-2.071566114057645,53.722905115890164],[-2.071220624834488,53.72273735699043],[-2.0708264637742153,53.722612701315576],[-2.0703987773631294,53.72253593891385],[-2.069954,53.72251001945442],[-2.069509222636871,53.72253593891385],[-2.0690815362257853,53.722612701315576],[-2.0686873751655126,53.72273735699043],[-2.0683418859423552,53.722905115890164],[-2.068058345196519,53.72310953160551],[-2.067847649556534,53.7233427490263],[-2.067717896839744,53.723595806137354],[-2.067674074720426,53.723858978362706],[-2.06771786885074,53.724122152235104],[-2.0678475978395983,53.72437521403653],[-2.068058277625086,53.72460843847698],[-2.0683418128035638,53.72481286247254],[-2.06868730759408,53.72498062965251],[-2.0690814845088497,53.725105292347],[-2.069509194647867,53.725182059439106],[-2.069954,53.72520798054558],[-2.0703988053521334,53.725182059439106],[-2.070826515491151,53.725105292347],[-2.0712206924059204,53.72498062965251],[-2.0715661871964364,53.72481286247254],[-2.071849722374914,53.72460843847698],[-2.0720604021604023,53.72437521403653],[-2.0721901311492603,53.724122152235104],[-2.0722339252795745,53.723858978362706]]],[[[-2.070333529251483,53.716552978368505],[-2.070289714747904,53.71628980614292],[-2.0701599845726193,53.716036749031254],[-2.069949325533054,53.7158035316095],[-2.0696658340396192,53.715599115893056],[-2.0693204048279648,53.71543135699223],[-2.068926312232227,53.71530670131643],[-2.0684987001080515,53.71522993891407],[-2.068054,53.71520401945442],[-2.0676092998919486,53.71522993891407],[-2.067181687767773,53.71530670131643],[-2.066787595172036,53.71543135699223],[-2.066442165960381,53.715599115893056],[-2.0661586744669465,53.7158035316095],[-2.065948015427381,53.716036749031254],[-2.0658182852520963,53.71628980614292],[-2.0657744707485177,53.716552978368505],[-2.065818257275434,53.71681615224068],[-2.065947963733249,53.717069214041466],[-2.0661586069253084,53.717302438480985],[-2.0664420928538387,53.71750686247543],[-2.0667875276303973,53.717674629654304],[-2.0671816360736415,53.71779929234786],[-2.0676092719152863,53.717876059439334],[-2.068054,53.71790198054559],[-2.068498728084714,53.717876059439334],[-2.0689263639263586,53.71779929234786],[-2.069320472369603,53.717674629654304],[-2.0696659071461614,53.71750686247543],[-2.0699493930746917,53.717302438480985],[-2.0701600362667514,53.717069214041466],[-2.070289742724566,53.71681615224068],[-2.070333529251483,53.716552978368505]]],[[[-2.067241668811669,53.71912797836646],[-2.067197851624306,53.71886480614095],[-2.0670681135054014,53.7186117490295],[-2.0668574415678584,53.718378531608096],[-2.066573932717892,53.71817411589205],[-2.0662284823582007,53.718006356991594],[-2.06583436563558,53.71788170131613],[-2.065406727332719,53.717804938913986],[-2.064962,53.71777901945441],[-2.064517272667281,53.717804938913986],[-2.0640896343644197,53.71788170131613],[-2.0636955176417993,53.718006356991594],[-2.063350067282108,53.71817411589205],[-2.0630665584321415,53.718378531608096],[-2.0628558864945985,53.7186117490295],[-2.0627261483756945,53.71886480614095],[-2.062682331188331,53.71912797836646],[-2.0627261203946827,53.719391152238714],[-2.062855834792431,53.71964421403973],[-2.0630664908800047,53.71987743847956],[-2.0633499941642017,53.72008186247441],[-2.063695450089662,53.72024962965366],[-2.0640895826622523,53.72037429234755],[-2.06451724468627,53.720451059439256],[-2.064962,53.72047698054559],[-2.06540675531373,53.720451059439256],[-2.0658344173377476,53.72037429234755],[-2.066228549910338,53.72024962965366],[-2.066574005835798,53.72008186247441],[-2.0668575091199957,53.71987743847956],[-2.067068165207569,53.71964421403973],[-2.067197879605317,53.719391152238714],[-2.067241668811669,53.71912797836646]]],[[[-2.066339969936421,53.77991997831826],[-2.066296089267404,53.7796568060946],[-2.0661661632518964,53.77940374898837],[-2.0659551862285266,53.77917053157478],[-2.065671266831104,53.77896611586793],[-2.0653253162406013,53.778798356976715],[-2.0649306288262372,53.77867370130907],[-2.0645023712987456,53.77859693891215],[-2.064057,53.77857101945441],[-2.063611628701255,53.77859693891215],[-2.0631833711737633,53.77867370130907],[-2.062788683759399,53.778798356976715],[-2.062442733168896,53.77896611586793],[-2.0621588137714735,53.77917053157478],[-2.0619478367481037,53.77940374898837],[-2.061817910732596,53.7796568060946],[-2.0617740300635794,53.77991997831826],[-2.0618178826486484,53.78018315219234],[-2.0619477848557355,53.78043621399859],[-2.062158745970827,53.78066943844624],[-2.062442659782005,53.780873862450306],[-2.0627886159587523,53.781041629638786],[-2.0631833192813946,53.78116629234049],[-2.0636116006173078,53.78124305943741],[-2.064057,53.78126898054558],[-2.0645023993826928,53.78124305943741],[-2.0649306807186054,53.78116629234049],[-2.0653253840412478,53.781041629638786],[-2.0656713402179956,53.780873862450306],[-2.0659552540291735,53.78066943844624],[-2.066166215144265,53.78043621399859],[-2.0662961173513517,53.78018315219234],[-2.066339969936421,53.77991997831826]]],[[[-2.0588628503149233,53.796094978305426],[-2.0588189527159435,53.79583180608225],[-2.0586889765901932,53.795578748977405],[-2.058477918203335,53.7953455315659],[-2.0581938893168177,53.795141115861526],[-2.057847805319528,53.794973356972754],[-2.0574529657071223,53.79484870130719],[-2.0570245430383345,53.79477193891167],[-2.056579,53.794746019454415],[-2.056133456961666,53.79477193891167],[-2.0557050342928775,53.79484870130719],[-2.055310194680472,53.794973356972754],[-2.0549641106831826,53.795141115861526],[-2.0546800817966653,53.7953455315659],[-2.054469023409807,53.795578748977405],[-2.054339047284057,53.79583180608225],[-2.054295149685077,53.796094978305426],[-2.054339019172635,53.79635815218],[-2.054468971466673,53.79661121398764],[-2.0546800139296892,53.79684443843737],[-2.0549640372244973,53.79704886244388],[-2.0553101268134966,53.797216629634825],[-2.0557049823497433,53.797341292338615],[-2.0561334288502437,53.79741805943694],[-2.056579,53.797443980545594],[-2.0570245711497566,53.79741805943694],[-2.057453017650257,53.797341292338615],[-2.0578478731865038,53.797216629634825],[-2.058193962775503,53.79704886244388],[-2.058477986070311,53.79684443843737],[-2.0586890285333275,53.79661121398764],[-2.058818980827365,53.79635815218],[-2.0588628503149233,53.796094978305426]]],[[[-2.0580016765647686,53.73770997835174],[-2.0579578399980076,53.73744680612679],[-2.057828044518846,53.73719374901694],[-2.057617279446024,53.736960531597916],[-2.0573336452659055,53.73675611588468],[-2.0569880421979123,53.73658835698705],[-2.0565937512569787,53.736463701313966],[-2.0561659239198917,53.73638693891343],[-2.055721,53.736361019454414],[-2.0552760760801085,53.73638693891343],[-2.0548482487430215,53.736463701313966],[-2.054453957802088,53.73658835698705],[-2.054108354734095,53.73675611588468],[-2.053824720553976,53.736960531597916],[-2.053613955481154,53.73719374901694],[-2.0534841600019926,53.73744680612679],[-2.0534403234352316,53.73770997835174],[-2.0534841319895714,53.737973152224555],[-2.0536139037209487,53.738226214027165],[-2.053824652926009,53.73845943846939],[-2.05410828153411,53.73866386246705],[-2.0544538901741207,53.73883162964911],[-2.054848196982816,53.73895629234539],[-2.0552760480676873,53.73903305943868],[-2.055721,53.73905898054557],[-2.056165951932313,53.73903305943868],[-2.056593803017184,53.73895629234539],[-2.0569881098258795,53.73883162964911],[-2.0573337184658897,53.73866386246705],[-2.0576173470739914,53.73845943846939],[-2.0578280962790516,53.738226214027165],[-2.057957868010429,53.737973152224555],[-2.0580016765647686,53.73770997835174]]],[[[-2.0558250337759962,53.72585997836113],[-2.0557812095702594,53.72559680613583],[-2.055651450677966,53.725343749024965],[-2.0554407450108774,53.725110531604415],[-2.0551571907717827,53.72490611588937],[-2.0548116851077887,53.72473835698995],[-2.054417505290875,53.724613701315356],[-2.0539897985280406,53.724536938913786],[-2.053545,53.72451101945442],[-2.05310020147196,53.724536938913786],[-2.052672494709126,53.724613701315356],[-2.052278314892212,53.72473835698995],[-2.0519328092282176,53.72490611588937],[-2.0516492549891234,53.725110531604415],[-2.0514385493220346,53.725343749024965],[-2.0513087904297413,53.72559680613583],[-2.0512649662240046,53.72585997836113],[-2.0513087624373565,53.72612315223359],[-2.051438497598851,53.72637621403518],[-2.0516491874095273,53.726609438475876],[-2.0519327360805906,53.72681386247175],[-2.052278247312616,53.72698162965202],[-2.0526724429859424,53.727106292346775],[-2.053100173479575,53.72718305943906],[-2.053545,53.72720898054559],[-2.053989826520426,53.72718305943906],[-2.0544175570140584,53.727106292346775],[-2.054811752687385,53.72698162965202],[-2.0551572639194102,53.72681386247175],[-2.0554408125904735,53.726609438475876],[-2.0556515024011492,53.72637621403518],[-2.0557812375626443,53.72612315223359],[-2.0558250337759962,53.72585997836113]]],[[[-2.0557465080987085,53.80816997829583],[-2.055702597850331,53.80790680607302],[-2.0555725842841985,53.80765374896922],[-2.0553614651057783,53.807420531559266],[-2.055077354413365,53.80721611585672],[-2.0547311707398337,53.80704835696979],[-2.0543362174111097,53.806923701305784],[-2.0539076713553186,53.806846938911306],[-2.053462,53.80682101945442],[-2.0530163286446816,53.806846938911306],[-2.0525877825888905,53.806923701305784],[-2.0521928292601666,53.80704835696979],[-2.051846645586635,53.80721611585672],[-2.051562534894222,53.807420531559266],[-2.0513514157158017,53.80765374896922],[-2.0512214021496695,53.80790680607302],[-2.051177491901292,53.80816997829583],[-2.0512213740177137,53.808433152170764],[-2.0513513637347254,53.808686213979435],[-2.0515624669776726,53.80891943843073],[-2.051846572074292,53.80912386243909],[-2.0521927613436177,53.80929162963186],[-2.0525877306078146,53.80941629233721],[-2.0530163005127258,53.809493059436555],[-2.053462,53.80951898054558],[-2.0539076994872745,53.809493059436555],[-2.054336269392186,53.80941629233721],[-2.0547312386563825,53.80929162963186],[-2.055077427925708,53.80912386243909],[-2.0553615330223276,53.80891943843073],[-2.055572636265275,53.808686213979435],[-2.0557026259822866,53.808433152170764],[-2.0557465080987085,53.80816997829583]]],[[[-2.0549460706121865,53.80013997830222],[-2.0549021687768185,53.79987680607916],[-2.054772180111973,53.79962374897468],[-2.054561101365515,53.79939053156369],[-2.0542770450815224,53.799186115859925],[-2.05393092770183,53.79901835697178],[-2.0535360500048827,53.798893701306724],[-2.0531075860127608,53.798816938911564],[-2.052662,53.79879101945442],[-2.05221641398724,53.798816938911564],[-2.051787949995118,53.798893701306724],[-2.051393072298171,53.79901835697178],[-2.0510469549184784,53.799186115859925],[-2.0507628986344857,53.79939053156369],[-2.0505518198880277,53.79962374897468],[-2.0504218312231823,53.79987680607916],[-2.0503779293878144,53.80013997830222],[-2.050421803104884,53.80040315217692],[-2.0505517679321876,53.800656213984894],[-2.0507628307509087,53.800889438435156],[-2.0510468814418243,53.80109386244228],[-2.051393004414594,53.801261629633835],[-2.051787898039277,53.80138629233816],[-2.0522163858689417,53.80146305943681],[-2.052662,53.8014889805456],[-2.053107614131059,53.80146305943681],[-2.0535361019607237,53.80138629233816],[-2.053930995585407,53.801261629633835],[-2.0542771185581765,53.80109386244228],[-2.054561169249092,53.800889438435156],[-2.0547722320678132,53.800656213984894],[-2.054902196895117,53.80040315217692],[-2.0549460706121865,53.80013997830222]]],[[[-2.0539082758662297,53.730323978357596],[-2.053864447005024,53.730060806132435],[-2.0537346743332066,53.72980774902195],[-2.0535239462924424,53.729574531601976],[-2.0532403619455706,53.72937011588761],[-2.0528948195968084,53.729202356988864],[-2.0525005979278257,53.72907770131483],[-2.0520728457537296,53.729000938913664],[-2.051628,53.728975019454424],[-2.0511831542462704,53.729000938913664],[-2.0507554020721748,53.72907770131483],[-2.050361180403192,53.729202356988864],[-2.05001563805443,53.72937011588761],[-2.049732053707558,53.729574531601976],[-2.0495213256667935,53.72980774902195],[-2.0493915529949764,53.730060806132435],[-2.0493477241337708,53.730323978357596],[-2.0493915249950456,53.73058715223019],[-2.049521273929668,53.73084021403217],[-2.0497319861097454,53.731073438473445],[-2.050015564887085,53.73127786246998],[-2.0503611128053794,53.731445629650935],[-2.050755350335049,53.73157029234627],[-2.05118312624634,53.73164705943892],[-2.051628,53.731672980545596],[-2.0520728737536604,53.73164705943892],[-2.052500649664951,53.73157029234627],[-2.0528948871946207,53.731445629650935],[-2.053240435112915,53.73127786246998],[-2.0535240138902546,53.731073438473445],[-2.0537347260703323,53.73084021403217],[-2.053864475004955,53.73058715223019],[-2.0539082758662297,53.730323978357596]]],[[[-2.0520955638129394,53.735631978353396],[-2.052051729414431,53.73536880612839],[-2.0519219403529867,53.73511574901836],[-2.0517111857005474,53.73488253159907],[-2.051427565542915,53.73467811588551],[-2.0510819795605952,53.73451035698758],[-2.050687708111969,53.73438570131423],[-2.0502599019248584,53.7343089389135],[-2.049815,53.73428301945443],[-2.049370098075142,53.7343089389135],[-2.0489422918880313,53.73438570131423],[-2.048548020439405,53.73451035698758],[-2.0482024344570853,53.73467811588551],[-2.047918814299453,53.73488253159907],[-2.0477080596470136,53.73511574901836],[-2.047578270585569,53.73536880612839],[-2.047534436187061,53.735631978353396],[-2.047578242576663,53.73589515222615],[-2.047708007893303,53.73614821402858],[-2.0479187466799713,53.73638143847054],[-2.0482023612662856,53.73658586246788],[-2.0485479528199235,53.736753629649634],[-2.0489422401343207,53.73687829234565],[-2.0493700700662356,53.73695505943877],[-2.049815,53.736980980545596],[-2.0502599299337647,53.73695505943877],[-2.0506877598656796,53.73687829234565],[-2.051082047180077,53.736753629649634],[-2.0514276387337147,53.73658586246788],[-2.051711253320029,53.73638143847054],[-2.0519219921066973,53.73614821402858],[-2.0520517574233375,53.73589515222615],[-2.0520955638129394,53.735631978353396]]],[[[-2.047793307867317,53.749339978342526],[-2.0477494591604133,53.749076806117934],[-2.047619627748165,53.74882374900907],[-2.047408804331151,53.748590531591546],[-2.047125091638503,53.748386115880066],[-2.0467793929070583,53.74821835698421],[-2.046384992827821,53.74809370131262],[-2.0459570470710684,53.748016938913075],[-2.045512,53.74799101945441],[-2.0450669529289316,53.748016938913075],[-2.044639007172179,53.74809370131262],[-2.0442446070929416,53.74821835698421],[-2.043898908361497,53.748386115880066],[-2.0436151956688495,53.748590531591546],[-2.043404372251835,53.74882374900907],[-2.0432745408395867,53.749076806117934],[-2.043230692132683,53.749339978342526],[-2.0432745128074825,53.74960315221569],[-2.0434043204552603,53.7498562140193],[-2.0436151279933634,53.75008943846301],[-2.0438988351100793,53.75029386246243],[-2.044244539417456,53.75046162964627],[-2.0446389553756044,53.750586292344046],[-2.0450669248968274,53.750663059438345],[-2.045512,53.75068898054558],[-2.0459570751031726,53.750663059438345],[-2.0463850446243956,53.750586292344046],[-2.046779460582544,53.75046162964627],[-2.047125164889921,53.75029386246243],[-2.0474088720066366,53.75008943846301],[-2.0476196795447397,53.7498562140193],[-2.0477494871925175,53.74960315221569],[-2.047793307867317,53.749339978342526]]],[[[-2.043695588280335,53.77290297832384],[-2.043651714950687,53.77263980609996],[-2.043521810658651,53.772386748993135],[-2.043310868907462,53.77215353157864],[-2.0430269969750547,53.771949115870726],[-2.042681104218213,53.771781356978444],[-2.0422864827837763,53.771656701309894],[-2.04185829684729,53.771579938912375],[-2.041413,53.77155401945442],[-2.04096770315271,53.771579938912375],[-2.0405395172162235,53.771656701309894],[-2.0401448957817867,53.771781356978444],[-2.039799003024945,53.771949115870726],[-2.039515131092538,53.77215353157864],[-2.0393041893413484,53.772386748993135],[-2.0391742850493126,53.77263980609996],[-2.0391304117196642,53.77290297832384],[-2.0391742569772733,53.773166152197724],[-2.039304137470982,53.773419214003354],[-2.0395150633206383,53.7736524384501],[-2.03979892966917,53.77385686245311],[-2.040144828009887,53.774024629640515],[-2.0405394653458573,53.77414929234132],[-2.0409676750806702,53.77422605943764],[-2.041413,53.7742519805456],[-2.0418583249193296,53.77422605943764],[-2.0422865346541426,53.77414929234132],[-2.042681171990113,53.774024629640515],[-2.04302707033083,53.77385686245311],[-2.0433109366793616,53.7736524384501],[-2.0435218625290172,53.773419214003354],[-2.0436517430227266,53.773166152197724],[-2.043695588280335,53.77290297832384]]],[[[-2.0417653043377384,53.74927497834257],[-2.0417214556987098,53.749011806117984],[-2.0415916244873613,53.74875874900911],[-2.041380801396546,53.748525531591575],[-2.0410970891428577,53.7483211158801],[-2.0407513909462622,53.74815335698422],[-2.0403569914772115,53.74802870131262],[-2.039929046382537,53.74795193891308],[-2.039484,53.747926019454404],[-2.039038953617463,53.74795193891308],[-2.038611008522788,53.74802870131262],[-2.038216609053738,53.74815335698422],[-2.0378709108571424,53.7483211158801],[-2.0375871986034535,53.748525531591575],[-2.0373763755126384,53.74875874900911],[-2.0372465443012904,53.749011806117984],[-2.0372026956622618,53.74927497834257],[-2.0372465162692963,53.749538152215734],[-2.0373763237162676,53.74979121401934],[-2.0375871309282334,53.75002443846304],[-2.037870837606012,53.75022886246246],[-2.0382165413785174,53.750396629646275],[-2.0386109567264175,53.75052129234405],[-2.0390389255854693,53.75059805943833],[-2.039484,53.750623980545576],[-2.039929074414531,53.75059805943833],[-2.0403570432735827,53.75052129234405],[-2.0407514586214823,53.750396629646275],[-2.041097162393988,53.75022886246246],[-2.0413808690717667,53.75002443846304],[-2.0415916762837325,53.74979121401934],[-2.041721483730704,53.749538152215734],[-2.0417653043377384,53.74927497834257]]],[[[-2.0382729468360807,53.7426899783478],[-2.0382291050719195,53.742426806123014],[-2.038099294209195,53.74217374901359],[-2.0378885041582366,53.741940531595205],[-2.0376048363655745,53.74173611588271],[-2.0372591923424377,53.74156835698584],[-2.0368648546775474,53.7414437013134],[-2.036436976642996,53.74136693891329],[-2.035992,53.74134101945442],[-2.0355470233570037,53.74136693891329],[-2.035119145322452,53.7414437013134],[-2.034724807657562,53.74156835698584],[-2.034379163634425,53.74173611588271],[-2.034095495841763,53.741940531595205],[-2.0338847057908045,53.74217374901359],[-2.03375489492808,53.742426806123014],[-2.033711053163919,53.7426899783478],[-2.033754866907233,53.742953152220764],[-2.0338846540150297,53.7432062140238],[-2.0340954281934533,53.743439438466666],[-2.034379090412423,53.74364386246507],[-2.0347247400092523,53.74381162964791],[-2.0351190935466774,53.74393629234483],[-2.0355469953361562,53.744013059438544],[-2.035992,53.74403898054559],[-2.0364370046638434,53.744013059438544],[-2.036864906453322,53.74393629234483],[-2.0372592599907473,53.74381162964791],[-2.037604909587577,53.74364386246507],[-2.0378885718065463,53.743439438466666],[-2.03809934598497,53.7432062140238],[-2.0382291330927664,53.742953152220764],[-2.0382729468360807,53.7426899783478]]],[[[-2.0257149599910385,53.761344978333],[-2.025671098743592,53.76108180610878],[-2.0255412302131357,53.76082874900095],[-2.0253303465276606,53.76059553158496],[-2.025046552733038,53.760391115875315],[-2.0247007551830385,53.760223356981264],[-2.0243062423659772,53.760098701311236],[-2.023878174283927,53.760021938912715],[-2.023433,53.759996019454405],[-2.0229878257160725,53.760021938912715],[-2.0225597576340224,53.760098701311236],[-2.022165244816961,53.760223356981264],[-2.0218194472669615,53.760391115875315],[-2.021535653472339,53.76059553158496],[-2.021324769786864,53.76082874900095],[-2.0211949012564077,53.76108180610878],[-2.021151040008961,53.761344978333],[-2.0211948732039664,53.761608152206534],[-2.0213247179527114,53.76186121401118],[-2.0215355857477553,53.76209443845644],[-2.0218193739624004,53.76229886245768],[-2.0221651770923774,53.76246662964333],[-2.02255970579987,53.76259129234265],[-2.0229877976636312,53.762668059437985],[-2.023433,53.762693980545585],[-2.0238782023363684,53.762668059437985],[-2.02430629420013,53.76259129234265],[-2.024700822907622,53.76246662964333],[-2.0250466260375997,53.76229886245768],[-2.025330414252245,53.76209443845644],[-2.0255412820472882,53.76186121401118],[-2.0256711267960332,53.761608152206534],[-2.0257149599910385,53.761344978333]]],[[[-2.0218868089908804,53.75856597833521],[-2.0218429506472146,53.75830280611091],[-2.0217130907115313,53.758049749002836],[-2.0215022209813025,53.7578165315865],[-2.0212184459659555,53.75761211587643],[-2.0208726712975302,53.757444356981956],[-2.0204781845850692,53.75731970131156],[-2.0200501448276125,53.75724293891281],[-2.019605,53.75721701945442],[-2.0191598551723873,53.75724293891281],[-2.0187318154149305,53.75731970131156],[-2.0183373287024695,53.757444356981956],[-2.0179915540340443,53.75761211587643],[-2.017707779018697,53.7578165315865],[-2.0174969092884685,53.758049749002836],[-2.017367049352785,53.75830280611091],[-2.017323191009119,53.75856597833521],[-2.0173670213050534,53.75882915220866],[-2.017496857463018,53.75908221401306],[-2.0177077113054827,53.75931543845797],[-2.0179914807417894,53.75951986245878],[-2.0183372609892554,53.75968762964403],[-2.01873176358948,53.75981229234299],[-2.0191598271246556,53.75988905943807],[-2.019605,53.75991498054559],[-2.020050172875344,53.75988905943807],[-2.02047823641052,53.75981229234299],[-2.0208727390107444,53.75968762964403],[-2.0212185192582104,53.75951986245878],[-2.0215022886945166,53.75931543845797],[-2.021713142536982,53.75908221401306],[-2.021842978694946,53.75882915220866],[-2.0218868089908804,53.75856597833521]]],[[[-2.0216000057283288,53.70688997837615],[-2.021556201292256,53.70662680615028],[-2.0214265009153625,53.706373749037766],[-2.0212158902591493,53.706140531614786],[-2.0209324638741584,53.705936115896876],[-2.020587113993773,53.70576835699459],[-2.0201931119036582,53.705643701317555],[-2.019765597981906,53.705566938914366],[-2.019321,53.705541019454415],[-2.018876402018094,53.705566938914366],[-2.0184488880963416,53.705643701317555],[-2.0180548860062273,53.70576835699459],[-2.017709536125842,53.705936115896876],[-2.0174261097408506,53.706140531614786],[-2.0172154990846374,53.706373749037766],[-2.0170857987077437,53.70662680615028],[-2.017041994271671,53.70688997837615],[-2.0170857707473924,53.707153152248026],[-2.0172154474206456,53.707406214048],[-2.0174260422385926,53.70763943848627],[-2.017709463061924,53.707843862479244],[-2.018054818503969,53.70801162965665],[-2.01844883643235,53.708136292348975],[-2.018876374057743,53.70821305943963],[-2.019321,53.708238980545595],[-2.0197656259422567,53.70821305943963],[-2.02019316356765,53.708136292348975],[-2.020587181496031,53.70801162965665],[-2.0209325369380764,53.707843862479244],[-2.0212159577614077,53.70763943848627],[-2.0214265525793547,53.707406214048],[-2.0215562292526075,53.707153152248026],[-2.0216000057283288,53.70688997837615]]],[[[-2.0151409178754602,53.77896297831903],[-2.0150970382075926,53.77869980609533],[-2.0149671151553408,53.778446748989026],[-2.01475614294338,53.77821353157531],[-2.0144722300205675,53.77800911586832],[-2.0141262873190415,53.77784135697696],[-2.0137316089048705,53.77771670130918],[-2.0133033611429676,53.77763993891219],[-2.012858,53.77761401945442],[-2.012412638857033,53.77763993891219],[-2.01198439109513,53.77771670130918],[-2.011589712680959,53.77784135697696],[-2.0112437699794325,53.77800911586832],[-2.0109598570566205,53.77821353157531],[-2.0107488848446597,53.778446748989026],[-2.010618961792408,53.77869980609533],[-2.0105750821245403,53.77896297831903],[-2.0106189337100853,53.77922615219309],[-2.0107488329552923,53.779479213999245],[-2.010959789259895,53.77971243844677],[-2.0112436965967864,53.77991686245068],[-2.011589644884234,53.78008462963903],[-2.011984339205763,53.780209292340615],[-2.01241261077471,53.78028605943746],[-2.012858,53.78031198054559],[-2.0133033892252907,53.78028605943746],[-2.0137316607942375,53.780209292340615],[-2.0141263551157667,53.78008462963903],[-2.014472303403214,53.77991686245068],[-2.0147562107401056,53.77971243844677],[-2.014967167044708,53.779479213999245],[-2.0150970662899153,53.77922615219309],[-2.0151409178754602,53.77896297831903]]],[[[-2.0066558952434015,53.72330497836316],[-2.0066120737016884,53.723041806137786],[-2.006482322694526,53.72278874902669],[-2.006271629830446,53.72255553160581],[-2.005988092820086,53.72235111589039],[-2.0056426081484138,53.722183356990584],[-2.005248452280734,53.72205870131565],[-2.0048207715038306,53.72198193891388],[-2.004376,53.721956019454424],[-2.0039312284961697,53.72198193891388],[-2.003503547719266,53.72205870131565],[-2.0031093918515865,53.722183356990584],[-2.002763907179914,53.72235111589039],[-2.0024803701695544,53.72255553160581],[-2.0022696773054744,53.72278874902669],[-2.002139926298312,53.723041806137786],[-2.002096104756599,53.72330497836316],[-2.0021398983102445,53.723568152235536],[-2.0022696255902686,53.72382121403692],[-2.0024803026003815,53.72405443847729],[-2.0027638340435683,53.72425886247275],[-2.0031093242824136,53.724426629652655],[-2.00350349600406,53.72455129234708],[-2.003931200508102,53.72462805943914],[-2.004376,53.7246539805456],[-2.0048207994918985,53.72462805943914],[-2.0052485039959405,53.72455129234708],[-2.0056426757175867,53.724426629652655],[-2.005988165956432,53.72425886247275],[-2.006271697399619,53.72405443847729],[-2.0064823744097318,53.72382121403692],[-2.006612101689756,53.723568152235536],[-2.0066558952434015,53.72330497836316]]],[[[-2.0061616777270976,53.70083297838093],[-2.006117879598586,53.700569806154874],[-2.0059881978911784,53.70031674904185],[-2.0057776175484263,53.7000835316181],[-2.005494231955613,53.699879115899265],[-2.0051489317783857,53.69971135699606],[-2.004754986392461,53.699586701318246],[-2.004327533997149,53.699509938914545],[-2.003883,53.69948401945441],[-2.003438466002851,53.699509938914545],[-2.003011013607539,53.699586701318246],[-2.0026170682216144,53.69971135699606],[-2.002271768044387,53.699879115899265],[-2.001988382451574,53.7000835316181],[-2.0017778021088217,53.70031674904185],[-2.001648120401414,53.700569806154874],[-2.0016043222729025,53.70083297838093],[-2.001648092451281,53.70109615225264],[-2.0017777504637104,53.70134921405209],[-2.001988314973984,53.70158243848958],[-2.00227169500717,53.70178686248164],[-2.0026170007440247,53.701954629658125],[-2.0030109619624277,53.70207929234967],[-2.003438438052718,53.7021560594398],[-2.003883,53.70218198054558],[-2.004327561947282,53.7021560594398],[-2.0047550380375725,53.70207929234967],[-2.005148999255976,53.701954629658125],[-2.00549430499283,53.70178686248164],[-2.005777685026016,53.70158243848958],[-2.0059882495362897,53.70134921405209],[-2.006117907548719,53.70109615225264],[-2.0061616777270976,53.70083297838093]]],[[[-1.9953687133671,53.719949978365804],[-1.995324895322923,53.719686806140324],[-1.9951951546679698,53.71943374902895],[-1.9949844786126696,53.71920053160763],[-1.9947009642215254,53.718996115891706],[-1.994355507110196,53.71882835699139],[-1.9939613826849232,53.718703701316024],[-1.9935337360243581,53.718626938913964],[-1.993089,53.71860101945441],[-1.9926442639756419,53.718626938913964],[-1.992216617315077,53.718703701316024],[-1.991822492889804,53.71882835699139],[-1.9914770357784748,53.718996115891706],[-1.9911935213873304,53.71920053160763],[-1.9909828453320304,53.71943374902895],[-1.9908531046770772,53.719686806140324],[-1.9908092866329001,53.719949978365804],[-1.9908530766946775,53.72021315223808],[-1.9909827936272975,53.72046621403916],[-1.9910030797318483,53.7204886730289],[-1.9908612442010847,53.72049693891392],[-1.9904335785257081,53.72057370131582],[-1.9900394365759446,53.720698356990944],[-1.9896939641038012,53.72086611589097],[-1.9894104371057906,53.72107053160662],[-1.9891997516820823,53.72130374902769],[-1.989070005257304,53.72155680613891],[-1.9890261852637678,53.72181997836433],[-1.9890699772717453,53.722083152236664],[-1.9891996999715125,53.72233621403791],[-1.9894103695426748,53.7225694384781],[-1.9896938909740118,53.722773862473346],[-1.9900393690128289,53.722941629653],[-1.990433526815138,53.72306629234724],[-1.9908612162155261,53.723143059439174],[-1.9913060000000002,53.72316898054559],[-1.9917507837844743,53.723143059439174],[-1.9921784731848622,53.72306629234724],[-1.9925726309871714,53.722941629653],[-1.9929181090259884,53.722773862473346],[-1.9932016304573255,53.7225694384781],[-1.993412300028488,53.72233621403791],[-1.993542022728255,53.722083152236664],[-1.9935858147362326,53.72181997836433],[-1.9935419947426964,53.72155680613891],[-1.993412248317918,53.72130374902769],[-1.9933919882413733,53.72128132221373],[-1.9935337640067579,53.72127305943923],[-1.9939614343896561,53.72119629234745],[-1.9943555746656851,53.72107162965346],[-1.99470103734306,53.72090386247407],[-1.9949845461681588,53.720699438479116],[-1.9951952063727028,53.72046621403916],[-1.9953249233053225,53.72021315223808],[-1.9953687133671,53.719949978365804]]]]}},{"type":"Feature","properties":{"species":"Asplenium scolopendrium","locations":[],"common":false,"recordCount":101},"geometry":{"type":"MultiPolygon","coordinates":[[[[-2.1540067292952894,53.77549597832178],[-2.1539628532538786,53.775232806097975],[-2.1538329409354167,53.77497974899137],[-2.153621986151801,53.774746531577215],[-2.1533380966819373,53.7745421158697],[-2.152992182556614,53.7743743569778],[-2.152597536743799,53.77424970130959],[-2.1521693243557434,53.774172938912294],[-2.151724,53.77414701945441],[-2.151278675644257,53.774172938912294],[-2.1508504632562016,53.77424970130959],[-2.1504558174433863,53.7743743569778],[-2.150109903318063,53.7745421158697],[-2.1498260138481995,53.774746531577215],[-2.1496150590645837,53.77497974899137],[-2.149485146746122,53.775232806097975],[-2.149441270704711,53.77549597832178],[-2.1494851186696824,53.77575915219574],[-2.1496150071860884,53.7760122140016],[-2.1498259460656794,53.776245438448676],[-2.1501098299507913,53.776449862452054],[-2.150455749660866,53.77661762963988],[-2.1508504113777063,53.776742292341005],[-2.1512786475678176,53.77681905943755],[-2.151724,53.77684498054559],[-2.1521693524321828,53.77681905943755],[-2.152597588622294,53.776742292341005],[-2.1529922503391346,53.77661762963988],[-2.153338170049209,53.776449862452054],[-2.1536220539343214,53.776245438448676],[-2.153832992813912,53.7760122140016],[-2.153962881330318,53.77575915219574],[-2.1540067292952894,53.77549597832178]]],[[[-2.1308940338390143,53.70740897837574],[-2.1308502288623647,53.70714580614989],[-2.1307205268854403,53.70689274903743],[-2.130509913631273,53.70665953161451],[-2.1302264837502705,53.70645511589669],[-2.1298811296101756,53.70628735699447],[-2.129487122660343,53.7061627013175],[-2.1290596034655906,53.706085938914356],[-2.128615,53.70606001945442],[-2.1281703965344096,53.706085938914356],[-2.1277428773396574,53.7061627013175],[-2.1273488703898247,53.70628735699447],[-2.12700351624973,53.70645511589669],[-2.1267200863687274,53.70665953161451],[-2.12652401267116,53.706876649015925],[-2.126163611136698,53.70681193891433],[-2.125719,53.70678601945442],[-2.125274388863302,53.70681193891433],[-2.1248468622921695,53.706888701317396],[-2.124452848544094,53.70701335699429],[-2.124107488445107,53.70718111589639],[-2.1238240536735464,53.707385531614115],[-2.12361343678511,53.70761874903694],[-2.123483732569908,53.70787180614933],[-2.123439926837048,53.708134978375156],[-2.123483704607456,53.70839815224708],[-2.123613385117236,53.70865121404715],[-2.123823986166216,53.708884438485576],[-2.124107415375699,53.70908886247875],[-2.1244527810367635,53.709256629656345],[-2.124846810624296,53.70938129234884],[-2.1252743609008506,53.709458059439584],[-2.125719,53.70948398054559],[-2.1261636390991496,53.709458059439584],[-2.1265911893757043,53.70938129234884],[-2.126985218963237,53.709256629656345],[-2.127330584624301,53.70908886247875],[-2.127614013833784,53.708884438485576],[-2.1277016458059768,53.70878739282696],[-2.1280673672944843,53.70885305943959],[-2.128512,53.70887898054558],[-2.1289566327055165,53.70885305943959],[-2.1293841768341992,53.70877629234889],[-2.12977820075593,53.70865162965649],[-2.13012356145103,53.708483862478985],[-2.130406986585236,53.7082794384859],[-2.130617584606225,53.708046214047556],[-2.130625807451123,53.708030167551044],[-2.13072057855105,53.70792521404766],[-2.1308502568235914,53.707672152247646],[-2.1308940338390143,53.70740897837574]]],[[[-2.1184040996610287,53.72707497836017],[-2.1183602741883027,53.72681180613491],[-2.118230511545902,53.726558749024136],[-2.1180197997898014,53.72632553160375],[-2.117736237356853,53.7261211158889],[-2.117390721709073,53.725953356989656],[-2.116996530502088,53.72582870131521],[-2.1165688113805463,53.72575193891376],[-2.116124,53.72572601945442],[-2.1156791886194544,53.72575193891376],[-2.1152514694979128,53.72582870131521],[-2.115026567927217,53.725899822275],[-2.1148702245504105,53.72578711588902],[-2.114524711647217,53.72561935698974],[-2.114413771933946,53.725584274079736],[-2.1142197566876937,53.72536953160427],[-2.113936200701976,53.725165115889276],[-2.113590692909812,53.72499735698988],[-2.1131965106649613,53.72487270131532],[-2.1127688012677135,53.72479593891378],[-2.112324,53.72477001945441],[-2.1118791987322862,53.72479593891378],[-2.1114514893350385,53.72487270131532],[-2.111057307090188,53.72499735698988],[-2.110711799298024,53.725165115889276],[-2.1104282433123065,53.72536953160427],[-2.110217536347269,53.72560274902478],[-2.1100877766555928,53.72585580613563],[-2.1100439521797814,53.72611897836092],[-2.1100877486627696,53.72638215223339],[-2.1102174846232766,53.726635214035],[-2.110428175731654,53.72686843847574],[-2.110711726149253,53.72707286247163],[-2.111057239509535,53.72724062965195],[-2.1111681606430337,53.72727570776968],[-2.1113621476859774,53.72749043847539],[-2.111645702298071,53.72769486247139],[-2.111991220769592,53.727862629651796],[-2.112385424702652,53.72798729234667],[-2.1128131641587906,53.72806405943902],[-2.113258,53.72808998054559],[-2.1137028358412095,53.72806405943902],[-2.1141305752973483,53.72798729234667],[-2.114355404759607,53.72791619248109],[-2.114511689490154,53.72802886247127],[-2.1148572107063743,53.72819662965172],[-2.115251417770935,53.72832129234664],[-2.1156791606250156,53.728398059439016],[-2.116124,53.72842398054559],[-2.1165688393749846,53.728398059439016],[-2.1169965822290657,53.72832129234664],[-2.1173907892936263,53.72819662965172],[-2.1177363105098466,53.72802886247127],[-2.1180198673743544,53.72782443847522],[-2.11823056327288,53.72759121403436],[-2.1183603021827415,53.727338152232655],[-2.1184040996610287,53.72707497836017]]],[[[-2.113518867810518,53.72279897836356],[-2.113475046796347,53.72253580613817],[-2.1133452973506364,53.72228274902704],[-2.113134607021869,53.72204953160609],[-2.1128510734232253,53.72184511589059],[-2.112505592908552,53.7216773569907],[-2.1121114417834135,53.72155270131572],[-2.1116837661523675,53.72147593891389],[-2.111239,53.72145001945443],[-2.1107942338476318,53.72147593891389],[-2.110366558216586,53.72155270131572],[-2.109972407091447,53.7216773569907],[-2.109626926576774,53.72184511589059],[-2.1093433929781304,53.72204953160609],[-2.1091327026493634,53.72228274902704],[-2.1090029532036523,53.72253580613817],[-2.108959132189481,53.72279897836356],[-2.1090029252164393,53.72306215223593],[-2.109132650935737,53.72331521403726],[-2.109343325411022,53.72354843847757],[-2.1096268534426628,53.72375286247296],[-2.1099723395243384,53.72392062965278],[-2.110366506502959,53.72404529234714],[-2.110794205860419,53.72412205943915],[-2.111239,53.724147980545595],[-2.11168379413958,53.72412205943915],[-2.11211149349704,53.72404529234714],[-2.112505660475661,53.72392062965278],[-2.1128511465573365,53.72375286247296],[-2.1131346745889776,53.72354843847757],[-2.113345349064262,53.72331521403726],[-2.11347507478356,53.72306215223593],[-2.113518867810518,53.72279897836356]]],[[[-2.1119360804754446,53.70826997837505],[-2.111892274601963,53.70800680614922],[-2.111762569970542,53.70775374903684],[-2.111551952406294,53.70752053161404],[-2.1112685167253082,53.70731611589635],[-2.1109231555182344,53.707148356994246],[-2.1105291405059896,53.70702370131739],[-2.110101612563181,53.70694693891432],[-2.109657,53.70692101945441],[-2.109212387436819,53.70694693891432],[-2.1087848594940097,53.70702370131739],[-2.1083908444817654,53.707148356994246],[-2.108045483274691,53.70731611589635],[-2.1077620475937056,53.70752053161404],[-2.1075514300294578,53.70775374903684],[-2.1074217253980367,53.70800680614922],[-2.107377919524555,53.70826997837505],[-2.1074216974353575,53.708533152246986],[-2.1075513783611632,53.708786214047066],[-2.1077619800858254,53.709019438485505],[-2.108045410204688,53.70922386247871],[-2.1083907769738848,53.70939162965632],[-2.108784807825715,53.709516292348816],[-2.1092123594741397,53.709593059439584],[-2.109657,53.70961898054559],[-2.11010164052586,53.709593059439584],[-2.1105291921742846,53.709516292348816],[-2.110923223026115,53.70939162965632],[-2.1112685897953116,53.70922386247871],[-2.111552019914174,53.709019438485505],[-2.111762621638836,53.708786214047066],[-2.1118923025646423,53.708533152246986],[-2.1119360804754446,53.70826997837505]]],[[[-2.1112975941239465,53.71774997836755],[-2.1112537783728507,53.71748680614201],[-2.1111240445050936,53.71723374903044],[-2.1109133794700963,53.71700053160885],[-2.1109055916294537,53.71699491623147],[-2.110896749403529,53.716941806142415],[-2.110767017217006,53.716688749030816],[-2.110556354911812,53.71645553160915],[-2.1102728590238913,53.7162511158928],[-2.109927424457782,53.71608335699207],[-2.1095333257533784,53.71595870131636],[-2.109105707001043,53.71588193891406],[-2.108661,53.71585601945442],[-2.108216292998957,53.71588193891406],[-2.107788674246622,53.71595870131636],[-2.1073945755422177,53.71608335699207],[-2.1070491409761085,53.7162511158928],[-2.106765645088188,53.71645553160915],[-2.1065549827829937,53.716688749030816],[-2.106425250596471,53.716941806142415],[-2.1063814354133874,53.71720497836799],[-2.1064252226187077,53.71746815224019],[-2.1065549310868277,53.71772121404103],[-2.106765577543892,53.717954438480625],[-2.106773358158752,53.71796004905792],[-2.1067821936484648,53.71801315223976],[-2.106911903797039,53.71826621404066],[-2.107122552983385,53.71849943848032],[-2.1074060469794373,53.718703862474946],[-2.107751491586747,53.71887162965401],[-2.1081456112461563,53.718996292347725],[-2.108573259258285,53.7190730594393],[-2.109018,53.719098980545596],[-2.1094627407417144,53.7190730594393],[-2.1098903887538434,53.718996292347725],[-2.110284508413253,53.71887162965401],[-2.1106299530205623,53.718703862474946],[-2.1109134470166144,53.71849943848032],[-2.1111240962029605,53.71826621404066],[-2.111253806351535,53.71801315223976],[-2.1112975941239465,53.71774997836755]]],[[[-2.110053936294919,53.70560797837716],[-2.1100101331940717,53.70534480615125],[-2.109880436769255,53.70509174903863],[-2.10966983252999,53.704858531615486],[-2.1093864147801495,53.704654115897384],[-2.1090410754212483,53.7044863569949],[-2.108647085334641,53.704361701317694],[-2.108219584437201,53.7042849389144],[-2.107775,53.70425901945442],[-2.1076617544960734,53.70426562171501],[-2.1077270691029866,53.70413815225032],[-2.1077708424437853,53.70387497837852],[-2.1077270411477227,53.703611806152566],[-2.107597350064814,53.703358749039815],[-2.107386754499153,53.703125531616436],[-2.1071033484211963,53.70292111589807],[-2.1067580232838807,53.702753356995316],[-2.106364049422068,53.70262870131789],[-2.105936566129215,53.70255193891445],[-2.105492,53.70252601945442],[-2.105047433870785,53.70255193891445],[-2.104619950577932,53.70262870131789],[-2.104225976716119,53.702753356995316],[-2.1038806515788036,53.70292111589807],[-2.103597245500847,53.703125531616436],[-2.1033866499351856,53.703358749039815],[-2.103256958852277,53.703611806152566],[-2.1032131575562145,53.70387497837852],[-2.1032569308970133,53.70413815225032],[-2.103386598280593,53.70439121405002],[-2.1035971780108693,53.70462443848792],[-2.1038805785281784,53.70482886248043],[-2.1042259092261415,53.70499662965739],[-2.1046198989233393,53.705121292349325],[-2.105047405915521,53.70519805943972],[-2.105492,53.70522398054558],[-2.105605173934066,53.70521738218175],[-2.1055398668059286,53.70534480615125],[-2.1054960637050812,53.70560797837716],[-2.105539838847741,53.705871152249],[-2.1056567546446665,53.7060993183684],[-2.105370603064082,53.706047938914345],[-2.104926,53.706022019454416],[-2.1044813969359177,53.706047938914345],[-2.1040538781272486,53.70612470131749],[-2.1036598715332384,53.70624935699447],[-2.1033145177050345,53.706417115896684],[-2.1030310880800056,53.70662153161453],[-2.1028204750160575,53.70685474903745],[-2.102690773156285,53.707107806149914],[-2.1026469682192164,53.70737097837577],[-2.1026907451951224,53.70763415224767],[-2.1028204233505656,53.70788721404767],[-2.103031020575788,53.708120438486],[-2.1033144446389955,53.70832486247906],[-2.1036598040290206,53.70849262965655],[-2.104053826461757,53.70861729234892],[-2.1044813689747555,53.708694059439615],[-2.104926,53.708719980545595],[-2.1053706310252442,53.708694059439615],[-2.105798173538243,53.70861729234892],[-2.106192195970979,53.70849262965655],[-2.106537555361004,53.70832486247906],[-2.106820979424212,53.708120438486],[-2.107031576649434,53.70788721404767],[-2.1071612548048773,53.70763415224767],[-2.1072050317807838,53.70737097837577],[-2.1071612268437145,53.707107806149914],[-2.1070443085084705,53.70687969055957],[-2.107330387604611,53.70693105943966],[-2.107775,53.706956980545584],[-2.108219612395389,53.70693105943966],[-2.108647136994636,53.70685429234912],[-2.1090411429182843,53.70672962965696],[-2.109386487838415,53.706561862479745],[-2.109669900027026,53.706357438486954],[-2.1098804884292495,53.706124214048856],[-2.110010161152259,53.705871152249],[-2.110053936294919,53.70560797837716]]],[[[-2.1065124919126488,53.71586397836906],[-2.106468678127107,53.715600806143456],[-2.1063389500771104,53.71534774903172],[-2.106128294488353,53.71511453160989],[-2.1058448076385967,53.714910115893346],[-2.1054993840850242,53.71474235699241],[-2.1051052979443488,53.71461770131652],[-2.104677692824188,53.71454093891411],[-2.104233,53.71451501945443],[-2.1037883071758117,53.71454093891411],[-2.103640519105694,53.71456746938995],[-2.103615306879812,53.714568938914084],[-2.1034474296370864,53.714599075718525],[-2.103398306530954,53.71460193891409],[-2.102970700790711,53.7146787013165],[-2.1025766140785525,53.71480335699238],[-2.1022311900240562,53.71497111589331],[-2.102211936261031,53.71498499930998],[-2.102176286873812,53.71494553160997],[-2.1020866123086024,53.71488086912502],[-2.102154632810108,53.71474815224226],[-2.102198417185453,53.71448497837014],[-2.102181060734689,53.71438072155827],[-2.102250292772471,53.714368292348254],[-2.1026443690709455,53.71424362965513],[-2.1029897756732407,53.71407586247678],[-2.1032732384807997,53.71387143848286],[-2.1034838644936396,53.71363821404379],[-2.103613560373989,53.71338515224328],[-2.1036573433314,53.71312197837121],[-2.10361353240312,53.712858806145526],[-2.1034838128102122,53.71260574903356],[-2.1033790313812557,53.712489737642976],[-2.103446713644031,53.712456862477424],[-2.1037301655430647,53.712252438483745],[-2.1039407834507116,53.71201921404488],[-2.1040704743405896,53.711766152244515],[-2.1041142556138994,53.71150297837249],[-2.1040704463724533,53.711239806146764],[-2.1039407317723344,53.71098674903466],[-2.1037300980220106,53.71075353161226],[-2.1034466405597687,53.71054911589506],[-2.10310125281336,53.71038135699346],[-2.102707207523534,53.71025670131702],[-2.1022796467282703,53.71017993891422],[-2.1018350000000003,53.710154019454414],[-2.10139035327173,53.71017993891422],[-2.1013532543186346,53.71018659949866],[-2.1012890692839647,53.71011553161261],[-2.101005616120371,53.70991111589531],[-2.100660233611644,53.709743356993606],[-2.100266194297261,53.709618701317076],[-2.099838639985606,53.709541938914235],[-2.099394,53.70951601945441],[-2.0989493600143945,53.709541938914235],[-2.098521805702739,53.709618701317076],[-2.0981277663883566,53.709743356993606],[-2.0977823838796295,53.70991111589531],[-2.0974989307160357,53.71011553161261],[-2.097288300160121,53.71034874903508],[-2.097158587527378,53.71060180614723],[-2.0971147789506177,53.71086497837299],[-2.0971585595603193,53.711128152244996],[-2.0971782093692433,53.71116649488746],[-2.096944721332376,53.71124035699325],[-2.0965993265336627,53.71140811589471],[-2.096315863283481,53.7116125316118],[-2.096105225232026,53.711845749034076],[-2.095975507982922,53.7120988061461],[-2.0959316978465057,53.71236197837182],[-2.0959754800133354,53.71262515224387],[-2.0961051735509693,53.7128782140443],[-2.096315795758926,53.71311143848327],[-2.0965992534456115,53.71331586247708],[-2.096944653807822,53.713483629655315],[-2.097338722986817,53.71360829234835],[-2.0977663162234443,53.71368505943947],[-2.0980692711600994,53.71370271901572],[-2.098023767642229,53.71373553161064],[-2.097813118959665,53.713968749032645],[-2.0976833951630622,53.714221806144494],[-2.097639582814547,53.71448497837014],[-2.097683367189892,53.71474815224226],[-2.0976837000537336,53.71474880170309],[-2.0973391921315,53.71491611589333],[-2.097055705241307,53.71512053160988],[-2.0968450496224995,53.715353749031706],[-2.0967153215539955,53.715606806143434],[-2.096671507762201,53.715869978369035],[-2.0967152935784865,53.716133152241184],[-2.0968449979304986,53.716386214041925],[-2.0970556377024536,53.716619438481345],[-2.0973391190279718,53.7168238624757],[-2.0976845481954904,53.71699162965446],[-2.0980786502392306,53.71711629234794],[-2.0983650870378123,53.71716771291381],[-2.098469607781498,53.71728343848099],[-2.098753093581977,53.71748786247543],[-2.099092905351001,53.71765289880488],[-2.09882572521803,53.717604938914],[-2.098381,53.71757901945442],[-2.09793627478197,53.717604938914],[-2.0975086385125503,53.71768170131616],[-2.0971145236639965,53.71780635699165],[-2.096769074946989,53.71797411589212],[-2.0966306126941006,53.71807395050107],[-2.0965275597902715,53.7180679444426],[-2.096431076851403,53.717879749030004],[-2.0962204085805958,53.717646531608494],[-2.095936904664877,53.71744211589232],[-2.095591460317311,53.71727435699177],[-2.0951973504536663,53.71714970131622],[-2.094769719593082,53.717072938914015],[-2.094325,53.71704701945442],[-2.093880280406918,53.717072938914015],[-2.0934526495463337,53.71714970131622],[-2.093058539682689,53.71727435699177],[-2.092713095335123,53.71744211589232],[-2.092429591419404,53.717646531608494],[-2.092330494625611,53.717756235355715],[-2.092241,53.71775101945441],[-2.091796272963339,53.71777693891399],[-2.091368634945161,53.71785370131612],[-2.09126597342831,53.71788617227843],[-2.0911064114196063,53.71770953160847],[-2.090822907079227,53.71750511589231],[-2.0904774622142352,53.71733735699178],[-2.09008335176028,53.717212701316214],[-2.089655720259185,53.71713593891401],[-2.089211,53.717110019454424],[-2.0887662797408155,53.71713593891401],[-2.0887260464865625,53.717143161022854],[-2.0885582795610733,53.717152938914005],[-2.0881306478871413,53.7172297013162],[-2.0877365372738956,53.717354356991756],[-2.08739109226928,53.71752211589229],[-2.08710758781431,53.71772653160844],[-2.0868969191427746,53.71795974902994],[-2.086804045361132,53.71814090423324],[-2.0867615677606546,53.71817153160821],[-2.086550896860033,53.71840474902966],[-2.086421159379749,53.718657806141124],[-2.0863773424081464,53.71892097836663],[-2.086421131399087,53.71918415223888],[-2.0865508451585115,53.71943721403987],[-2.086761500209362,53.71967043847969],[-2.0870450020982663,53.7198748624745],[-2.08739045632348,53.72004262965372],[-2.0877845869562126,53.7201672923476],[-2.088212246875322,53.720244059439274],[-2.088657,53.7202699805456],[-2.0889411623552063,53.7202534189922],[-2.0889944712744533,53.72031243847933],[-2.0892779774908457,53.72051686247423],[-2.0896234369893576,53.720684629653555],[-2.090017573638537,53.72080929234751],[-2.0904452400859985,53.72088605943925],[-2.09089,53.720911980545594],[-2.0913347599140013,53.72088605943925],[-2.0917624263614623,53.72080929234751],[-2.0921565630106422,53.720684629653555],[-2.0925020225091537,53.72051686247423],[-2.092627396604092,53.72042646067045],[-2.0926857550176248,53.72042305943925],[-2.093040622551256,53.72035935921547],[-2.093045550451246,53.72038897523537],[-2.0928397860883985,53.72061674902815],[-2.0927100417834126,53.720869806139426],[-2.092666222506057,53.72113297836487],[-2.0927100137990142,53.72139615223719],[-2.0928397343799734,53.72164921403837],[-2.0930504005099073,53.721882438478474],[-2.093333917309803,53.7220868624736],[-2.093679389704937,53.72225462965317],[-2.094073541068217,53.72237929234732],[-2.0945012234817164,53.7224560594392],[-2.094946,53.72248198054559],[-2.0953907765182835,53.7224560594392],[-2.0958184589317828,53.72237929234732],[-2.096212610295063,53.72225462965317],[-2.096558082690197,53.7220868624736],[-2.0968415994900926,53.721882438478474],[-2.0970522656200266,53.72164921403837],[-2.0971819862009857,53.72139615223719],[-2.0972176544386625,53.72118179573857],[-2.0976202361941807,53.72125405943924],[-2.098065,53.7212799805456],[-2.0981305791831892,53.72127615855074],[-2.098179,53.72127898054559],[-2.0986237637952434,53.721253059439235],[-2.0990514339747577,53.721176292347465],[-2.099445574063351,53.721051629653466],[-2.099791036576441,53.72088386247408],[-2.1000745452667218,53.72067943847913],[-2.1002852053710934,53.72044621403919],[-2.1004149222420363,53.7201931522381],[-2.100458712283,53.719929978365826],[-2.10041489425967,53.719666806140346],[-2.1003682602702667,53.71957584723261],[-2.10048715519203,53.719444214039875],[-2.1006168689730402,53.719191152238864],[-2.100660657971266,53.71892797836662],[-2.100616840992367,53.71866480614111],[-2.1004871034904866,53.71841174902964],[-2.1002764325548005,53.71817853160822],[-2.0999929250530105,53.71797411589212],[-2.0996531326636085,53.717809103851756],[-2.099920272116184,53.71785705943934],[-2.100365,53.71788298054558],[-2.1008097278838167,53.71785705943934],[-2.1012373635322863,53.71778029234786],[-2.101631471797502,53.717655629654296],[-2.1019769064180234,53.71748786247543],[-2.1022603922185024,53.71728343848099],[-2.102471035315418,53.717050214041485],[-2.102493536431019,53.71700631356419],[-2.1025765465394746,53.717046629654455],[-2.1029706490985385,53.71717129234793],[-2.1033982785553516,53.717248059439356],[-2.103843,53.71727398054559],[-2.1042877214446483,53.717248059439356],[-2.1044555977875183,53.717217922650704],[-2.1045047210957346,53.71721505943935],[-2.1046525083505965,53.7171885289784],[-2.1046777207996867,53.71718705943937],[-2.10510534963633,53.717110292347954],[-2.1054994516238534,53.71698562965448],[-2.1058448807420986,53.71681786247571],[-2.1061283620271816,53.716613438481374],[-2.106339001769092,53.71638021404195],[-2.1064687061026057,53.716127152241214],[-2.1065124919126488,53.71586397836906]]],[[[-2.100946368355894,53.695117978385454],[-2.100902576176681,53.69485480615923],[-2.1007729120783583,53.694601749045724],[-2.1005623603273036,53.69436853162122],[-2.1002790132097275,53.694164115901536],[-2.099933759912586,53.69399635699746],[-2.099539868010129,53.69387170131892],[-2.099112473646639,53.69379493891472],[-2.098668,53.69376901945442],[-2.098223526353361,53.69379493891472],[-2.097796131989871,53.69387170131892],[-2.097402240087414,53.69399635699746],[-2.0970569867902724,53.694164115901536],[-2.0967736396726964,53.69436853162122],[-2.0965630879216417,53.694601749045724],[-2.096433423823319,53.69485480615923],[-2.0963896316441057,53.695117978385454],[-2.0964333958828223,53.695381152256985],[-2.096563036294336,53.69563421405594],[-2.096773572218371,53.695867438492705],[-2.0970569137782364,53.696071862483905],[-2.097402172633089,53.69623962965953],[-2.097796080362565,53.69636429235034],[-2.0982234984128643,53.696441059439984],[-2.098668,53.696466980545594],[-2.0991125015871357,53.696441059439984],[-2.099539919637435,53.69636429235034],[-2.0999338273669115,53.69623962965953],[-2.1002790862217635,53.696071862483905],[-2.1005624277816293,53.695867438492705],[-2.100772963705664,53.69563421405594],[-2.1009026041171777,53.695381152256985],[-2.100946368355894,53.695117978385454]]],[[[-2.0991011414720617,53.72784597835956],[-2.0990573151952967,53.727582806134315],[-2.0989275501730558,53.72732974902362],[-2.0987168345528318,53.72709653160332],[-2.0984332669200154,53.72689211588859],[-2.0980877449364654,53.72672435698947],[-2.0976935465012736,53.72659970131513],[-2.0972658195368226,53.72652293891373],[-2.096821,53.72649701945442],[-2.0963761804631775,53.72652293891373],[-2.0959484534987265,53.72659970131513],[-2.0955542550635347,53.72672435698947],[-2.0952087330799842,53.72689211588859],[-2.0949251654471683,53.72709653160332],[-2.0947144498269443,53.72732974902362],[-2.0945846848047034,53.727582806134315],[-2.0945408585279384,53.72784597835956],[-2.094584656808961,53.72810915223208],[-2.0947143980975587,53.72836221403384],[-2.094925097859469,53.7285954384748],[-2.095208659923586,53.72879986247095],[-2.095554187475835,53.728967629651535],[-2.0959484017693404,53.72909229234654],[-2.096376152467436,53.729169059438995],[-2.096821,53.72919498054559],[-2.0972658475325643,53.729169059438995],[-2.0976935982306593,53.72909229234654],[-2.0980878125241644,53.728967629651535],[-2.098433340076414,53.72879986247095],[-2.098716902140531,53.7285954384748],[-2.0989276019024414,53.72836221403384],[-2.099057343191039,53.72810915223208],[-2.0991011414720617,53.72784597835956]]],[[[-2.097392989855326,53.72504997836178],[-2.0973491664941966,53.72478680613646],[-2.097219410101822,53.72453374902552],[-2.0970087084938265,53.72430053160487],[-2.096725159716967,53.7240961158897],[-2.0964538471105105,53.72396437859621],[-2.0964073770412464,53.72387374902596],[-2.096196678740514,53.72364053160522],[-2.095913134414167,53.72343611588995],[-2.0955776225828022,53.72327320376089],[-2.095402653451129,53.72307953160552],[-2.095119112907578,53.722875115890176],[-2.094773623930895,53.72270735699044],[-2.0943794631518147,53.72258270131559],[-2.0939517770458336,53.72250593891385],[-2.093507,53.722480019454416],[-2.093062222954166,53.72250593891385],[-2.0926345368481853,53.72258270131559],[-2.0922403760691046,53.72270735699044],[-2.0918948870924217,53.722875115890176],[-2.0916113465488704,53.72307953160552],[-2.0914006510592076,53.72331274902633],[-2.091270898434998,53.72356580613738],[-2.091227076346959,53.72382897836274],[-2.091270870446045,53.72409215223513],[-2.091400599342366,53.72434521403655],[-2.091529496756657,53.724487904749374],[-2.091464588595765,53.72455974902548],[-2.091334832123148,53.72481280613643],[-2.091291008734909,53.725075978361744],[-2.0913348041320874,53.72533915223418],[-2.0914645368750295,53.725592214035714],[-2.0916752227576514,53.725825438476306],[-2.0919587661420698,53.726029862472046],[-2.091995126357303,53.72604751794589],[-2.0919997653368703,53.72605086247204],[-2.0923452702993606,53.7262186296522],[-2.092739458819606,53.726343292346854],[-2.093167181551544,53.726420059439064],[-2.093612,53.72644598054558],[-2.0940568184484563,53.726420059439064],[-2.094484541180394,53.726343292346854],[-2.094490981289217,53.72634125565304],[-2.094668182048757,53.726373059439084],[-2.095113,53.726398980545596],[-2.095557817951243,53.726373059439084],[-2.0959855402050804,53.72629629234688],[-2.096379728284715,53.72617162965223],[-2.096725232861018,53.72600386247206],[-2.097008776070118,53.725799438476336],[-2.097219461822476,53.72556621403574],[-2.0973491944852127,53.725313152234214],[-2.097392989855326,53.72504997836178]]],[[[-2.082866084097626,53.7267879783604],[-2.0828222589241885,53.72652480613513],[-2.0826924971676406,53.72627174902433],[-2.08248178684989,53.72603853160391],[-2.082198226352499,53.725834115889015],[-2.0818527130630944,53.725666356989734],[-2.0814585245466795,53.72554170131525],[-2.081030808344519,53.72546493891377],[-2.080586,53.72543901945442],[-2.0801411916554806,53.72546493891377],[-2.07971347545332,53.72554170131525],[-2.0793192869369053,53.725666356989734],[-2.0789737736475007,53.725834115889015],[-2.0786902131501095,53.72603853160391],[-2.0784795028323595,53.72627174902433],[-2.078349741075811,53.72652480613513],[-2.078305915902374,53.7267879783604],[-2.0783497130818573,53.72705115223288],[-2.078479451106278,53.72730421403456],[-2.0786901455667275,53.72753743847537],[-2.0789737004957747,53.72774186247137],[-2.0793192193535224,53.7279096296518],[-2.0797134237272386,53.72803429234666],[-2.0801411636615272,53.72811105943903],[-2.080586,53.7281369805456],[-2.0810308363384724,53.72811105943903],[-2.081458576272761,53.72803429234666],[-2.0818527806464773,53.7279096296518],[-2.082198299504225,53.72774186247137],[-2.082481854433272,53.72753743847537],[-2.082692548893722,53.72730421403456],[-2.0828222869181423,53.72705115223288],[-2.082866084097626,53.7267879783604]]],[[[-2.0756891380566347,53.709332978374206],[-2.0756453310758496,53.709069806148406],[-2.075515623166967,53.70881674903612],[-2.0753050002811384,53.70858353161345],[-2.0750215574390145,53.708379115895916],[-2.0750102075570687,53.70837360284005],[-2.0748625531492064,53.70826711589596],[-2.0745171841360177,53.708099356994026],[-2.0741231602181136,53.707974701317276],[-2.0738231888684036,53.70792084284655],[-2.0736975660672696,53.70767574903688],[-2.0734869488934913,53.70744253161407],[-2.0732035137379525,53.70723811589637],[-2.072858153171108,53.707070356994265],[-2.072464138889273,53.706945701317395],[-2.0720366117389895,53.70686893891431],[-2.0717563033638,53.7068525978215],[-2.0717499220075872,53.706845531614405],[-2.071466490873653,53.7066411158966],[-2.0711211352069245,53.706473356994415],[-2.070727126515422,53.70634870131748],[-2.0702996054308835,53.70627193891435],[-2.069855,53.70624601945442],[-2.0694103945691165,53.70627193891435],[-2.0689828734845785,53.70634870131748],[-2.0685888647930755,53.706473356994415],[-2.068243509126347,53.7066411158966],[-2.0679600779924128,53.706845531614405],[-2.0677494638071665,53.7070787490373],[-2.0676197612568084,53.70733180614974],[-2.067575956086422,53.70759497837559],[-2.0676197332952677,53.7078581522475],[-2.0677494121409765,53.70811121404752],[-2.067960010487282,53.70834443848588],[-2.068243436059321,53.70854886247898],[-2.068588797287945,53.708716629656486],[-2.0689828218183886,53.70884129234889],[-2.069410366607576,53.708918059439604],[-2.069690625975945,53.70893439791736],[-2.0696969835989463,53.708941438485546],[-2.069980413192389,53.70914586247874],[-2.07032577932133,53.70931362965633],[-2.0707198094426755,53.709438292348814],[-2.071019743226602,53.70949214569446],[-2.0711453307668246,53.70973721404643],[-2.07135593725145,53.709970438484994],[-2.071639373776596,53.71017486247833],[-2.0716507241985456,53.710180375994355],[-2.0717983694862947,53.71028686247827],[-2.0721437449813243,53.71045462965605],[-2.07253778578869,53.71057929234869],[-2.07296534823971,53.71065605943954],[-2.07341,53.71068198054559],[-2.07385465176029,53.71065605943954],[-2.0742822142113098,53.71057929234869],[-2.0746762550186757,53.71045462965605],[-2.0750216305137057,53.71028686247827],[-2.07530506779335,53.710082438484925],[-2.075515674838577,53.70984921404635],[-2.0756453590403234,53.70959615224617],[-2.0756891380566347,53.709332978374206]]],[[[-2.072828764158652,53.720886978365066],[-2.0727849451377383,53.72062380613962],[-2.0726552015917825,53.72037074902832],[-2.0724445208423914,53.72013753160713],[-2.0721610001345083,53.71993311589134],[-2.07181553532656,53.719765356991175],[-2.071421402120546,53.719640701315925],[-2.070993745932507,53.71956393891395],[-2.070549,53.71953801945442],[-2.0701042540674934,53.71956393891395],[-2.069676597879454,53.719640701315925],[-2.06928246467344,53.719765356991175],[-2.068936999865492,53.71993311589134],[-2.0686534791576086,53.72013753160713],[-2.0684995602851526,53.720307915292445],[-2.0682932460728902,53.720319938913924],[-2.067865582197403,53.720396701315835],[-2.0674714419064597,53.720521356990986],[-2.0671259708883287,53.72068911589104],[-2.066842445083649,53.72089353160673],[-2.0666317605467284,53.7211267490278],[-2.066502014668106,53.72137980613905],[-2.066458194859091,53.721642978364464],[-2.0665019866828462,53.7219061522368],[-2.066631708836711,53.72215921403804],[-2.066842377521255,53.72239243847819],[-2.0668502264104838,53.72239809769076],[-2.066811694735742,53.72244074902694],[-2.0666819448024683,53.722693806138054],[-2.066638123623573,53.722956978363435],[-2.0666819168149884,53.723220152235804],[-2.066811643021623,53.72347321403715],[-2.0670223182884064,53.723706438477485],[-2.0673058473853017,53.723910862472906],[-2.0676513347650527,53.72407862965274],[-2.0680455032246816,53.72420329234712],[-2.06847320418916,53.72428005943915],[-2.068918,53.7243059805456],[-2.0693627958108403,53.72428005943915],[-2.0697904967753185,53.72420329234712],[-2.0701846652349474,53.72407862965274],[-2.0705301526146984,53.723910862472906],[-2.0708136817115936,53.723706438477485],[-2.071024356978377,53.72347321403715],[-2.0711540831850117,53.723220152235804],[-2.0711978763764276,53.722956978363435],[-2.071154055197532,53.722693806138054],[-2.071024305264258,53.72244074902694],[-2.0708247945989333,53.722219907433214],[-2.0709937739164896,53.7222100594392],[-2.071421453828204,53.72213329234735],[-2.07181560288587,53.72200862965323],[-2.072161073260179,53.72184086247371],[-2.0724445884017015,53.721636438478605],[-2.0726552532994402,53.72140321403854],[-2.0727849731217205,53.72115015223737],[-2.072828764158652,53.720886978365066]]],[[[-2.0697615389522466,53.71673197836836],[-2.069717724262119,53.71646880614278],[-2.0695879935346775,53.71621574903113],[-2.0693773335985792,53.71598253160941],[-2.0690938408987005,53.71577811589298],[-2.0687484102170557,53.71561035699218],[-2.068354315944269,53.71548570131641],[-2.0679267020004257,53.71540893891407],[-2.067482,53.71538301945442],[-2.067037297999575,53.71540893891407],[-2.0666096840557313,53.71548570131641],[-2.066215589782945,53.71561035699218],[-2.0658701591012996,53.71577811589298],[-2.0655866664014213,53.71598253160941],[-2.0653760064653226,53.71621574903113],[-2.0652462757378816,53.71646880614278],[-2.065202461047754,53.71673197836836],[-2.0652462477609164,53.71699515224054],[-2.0653759547706323,53.71724821404134],[-2.065586598859053,53.71748143848088],[-2.065870085993968,53.71768586247536],[-2.066215522240577,53.71785362965425],[-2.066609632361041,53.71797829234784],[-2.06703727002261,53.71805505943933],[-2.067482,53.71808098054559],[-2.0679267299773905,53.71805505943933],[-2.0683543676389595,53.71797829234784],[-2.0687484777594234,53.71785362965425],[-2.0690939140060327,53.71768586247536],[-2.069377401140947,53.71748143848088],[-2.069588045229368,53.71724821404134],[-2.0697177522390837,53.71699515224054],[-2.0697615389522466,53.71673197836836]]],[[[-2.064501697918799,53.71966497836603],[-2.0644578801716973,53.71940180614055],[-2.064328140396045,53.719148749029145],[-2.064117465768458,53.718915531607806],[-2.063833953298556,53.718711115891836],[-2.063645705082203,53.7186196992536],[-2.0637211097230055,53.71853621404048],[-2.0638508207041184,53.718283152239565],[-2.0638946087574817,53.71801997836734],[-2.0638507927249785,53.7177568061418],[-2.0637210580242957,53.71750374903026],[-2.0635103916368855,53.717270531608705],[-2.063226890255614,53.71706611589248],[-2.0628814489961407,53.71689835699187],[-2.062487342655567,53.71677370131626],[-2.062059715617664,53.71669693891402],[-2.0619017927020984,53.716687734657484],[-2.0619365252411415,53.71647897836856],[-2.061892710814683,53.71621580614298],[-2.061762980867663,53.715962749031306],[-2.0615523221987284,53.71572953160955],[-2.0612688312040435,53.71552511589309],[-2.0609234026000895,53.71535735699225],[-2.060529310697651,53.715232701316445],[-2.060101699325735,53.71515593891408],[-2.059657,53.71513001945442],[-2.059212300674265,53.71515593891408],[-2.058784689302349,53.715232701316445],[-2.058390597399911,53.71535735699225],[-2.0580451687959567,53.71552511589309],[-2.057761677801272,53.71572953160955],[-2.057551019132337,53.715962749031306],[-2.0574212891853176,53.71621580614298],[-2.0573774747588587,53.71647897836856],[-2.05742126120878,53.71674215224074],[-2.0575509674384365,53.716995214041525],[-2.057761610259936,53.71722843848103],[-2.0580450956897414,53.71743286247546],[-2.0583905298585745,53.71760062965432],[-2.0587846376084484,53.71772529234787],[-2.0592122726977276,53.71780205943934],[-2.0593701410085212,53.71781126085612],[-2.0593353912425187,53.71801997836734],[-2.0593791792958824,53.718283152239565],[-2.059508890276995,53.71853621404048],[-2.059719540815496,53.71876943848017],[-2.060003036631371,53.71897386247484],[-2.0601912643406304,53.71906527576782],[-2.060115859603955,53.719148749029145],[-2.059986119828303,53.71940180614055],[-2.0599423020812013,53.71966497836603],[-2.059986091846385,53.7199281522383],[-2.060115807900112,53.720181214039364],[-2.060326466677216,53.720414438479274],[-2.060609973581168,53.720618862474204],[-2.0609554339175125,53.720786629653524],[-2.061349571522598,53.720911292347495],[-2.061777239007297,53.72098805943924],[-2.062222,53.72101398054559],[-2.062666760992703,53.72098805943924],[-2.063094428477402,53.720911292347495],[-2.0634885660824875,53.720786629653524],[-2.0638340264188324,53.720618862474204],[-2.0641175333227846,53.720414438479274],[-2.0643281920998886,53.720181214039364],[-2.0644579081536154,53.7199281522383],[-2.064501697918799,53.71966497836603]]],[[[-2.0635277151651237,53.756838978336575],[-2.0634838586257565,53.75657580611222],[-2.063354004030539,53.756322749004],[-2.0631431429715694,53.75608953158744],[-2.0628593796249497,53.755885115877106],[-2.062513619174265,53.75571735698238],[-2.06211914868221,53.75559270131175],[-2.0616911265245785,53.75551593891286],[-2.061246,53.755490019454406],[-2.060800873475422,53.75551593891286],[-2.06037285131779,53.75559270131175],[-2.0599783808257355,53.75571735698238],[-2.059632620375051,53.755885115877106],[-2.0593488570284313,53.75608953158744],[-2.059137995969462,53.756322749004],[-2.0590081413742443,53.75657580611222],[-2.0589642848348766,53.756838978336575],[-2.0590081133294387,53.757102152209974],[-2.0591379441494184,53.757355214014225],[-2.0593487893222817,53.75758843845891],[-2.0596325470904424,53.757792862459475],[-2.059978313119586,53.75796062964444],[-2.0603727994977468,53.75808529234318],[-2.0608008454306166,53.75816205943811],[-2.061246,53.75818798054559],[-2.061691154569384,53.75816205943811],[-2.062119200502254,53.75808529234318],[-2.062513686880415,53.75796062964444],[-2.062859452909558,53.757792862459475],[-2.063143210677719,53.75758843845891],[-2.0633540558505823,53.757355214014225],[-2.063483886670562,53.757102152209974],[-2.0635277151651237,53.756838978336575]]],[[[-2.0555955454202155,53.735292978353655],[-2.0555517113754047,53.73502980612865],[-2.055421923360855,53.73477674901857],[-2.0552111704082483,53.73454353159925],[-2.054927552538044,53.73433911588563],[-2.054581969342837,53.734171356987645],[-2.0541877010739076,53.73404670131425],[-2.053759898336903,53.7339699389135],[-2.053315,53.73394401945442],[-2.0528701016630975,53.7339699389135],[-2.052442298926093,53.73404670131425],[-2.052048030657163,53.734171356987645],[-2.0517024474619565,53.73433911588563],[-2.0514535727756593,53.73451849067808],[-2.0512019761245113,53.734396356987595],[-2.050807705745171,53.734271701314235],[-2.050379900718281,53.734194938913504],[-2.049935,53.73416901945442],[-2.049490099281719,53.734194938913504],[-2.049062294254829,53.734271701314235],[-2.0486680238754884,53.734396356987595],[-2.0483224388304344,53.734564115885554],[-2.0480388194420307,53.73476853159913],[-2.047828065361221,53.73500174901843],[-2.0476982766518312,53.735254806128474],[-2.047654442372266,53.735517978353485],[-2.0476982486431177,53.73578115222623],[-2.0478280136078664,53.73603421402866],[-2.0480387518230145,53.7362674384706],[-2.048322365640139,53.736471862467916],[-2.0486679562564727,53.73663962964966],[-2.0490622425014746,53.73676429234566],[-2.0494900712730053,53.736841059438774],[-2.049935,53.73686698054559],[-2.0503799287269944,53.736841059438774],[-2.0508077574985255,53.73676429234566],[-2.0512020437435274,53.73663962964966],[-2.0515476343598613,53.736471862467916],[-2.0517964405234843,53.73629252723298],[-2.052047963039066,53.73641462964971],[-2.0524422471734414,53.73653929234568],[-2.052870073654765,53.736616059438774],[-2.053315,53.736641980545585],[-2.0537599263452355,53.736616059438774],[-2.054187752826559,53.73653929234568],[-2.0545820369609347,53.73641462964971],[-2.054927625727345,53.73624686246801],[-2.0552112380263456,53.73604243847072],[-2.055421975113506,53.735809214028805],[-2.0555517393837373,53.7355561522264],[-2.0555955454202155,53.735292978353655]]],[[[-2.0462774599722318,53.73371797835491],[-2.0462336275706114,53.73345480612984],[-2.046103844419672,53.73320174901965],[-2.0458930993640614,53.73296853160012],[-2.045609492120675,53.73276411588627],[-2.0452639218736954,53.73259635698804],[-2.0448696683768404,53.732471701314445],[-2.0444418816681593,53.73239493891356],[-2.043997,53.73236901945442],[-2.0435521183318404,53.73239493891356],[-2.0431243316231598,53.732471701314445],[-2.0427300781263042,53.73259635698804],[-2.0423845078793246,53.73276411588627],[-2.0421009006359387,53.73296853160012],[-2.041890155580328,53.73320174901965],[-2.0417603724293882,53.73345480612984],[-2.0417165400277684,53.73371797835491],[-2.041760344423719,53.733981152227614],[-2.0418901038325985,53.73423421402987],[-2.042100833024272,53.73446743847158],[-2.042384434696984,53.73467186246863],[-2.0427300105146373,53.734839629650104],[-2.04312427987543,53.73496429234587],[-2.043552090326171,53.73504105943883],[-2.043997,53.7350669805456],[-2.0444419096738287,53.73504105943883],[-2.04486972012457,53.73496429234587],[-2.0452639894853624,53.734839629650104],[-2.0456095653030157,53.73467186246863],[-2.045893166975728,53.73446743847158],[-2.0461038961674016,53.73423421402987],[-2.046233655576281,53.733981152227614],[-2.0462774599722318,53.73371797835491]]],[[[-2.044691383567912,53.769137978326825],[-2.0446475141749487,53.768874806102836],[-2.044517621534933,53.76862174899568],[-2.0443066987030116,53.76838853158069],[-2.044022852229856,53.768184115872224],[-2.0436769904937933,53.768016356979366],[-2.0432824044496236,53.76789170131033],[-2.0428542569130705,53.76781493891249],[-2.042409,53.76778901945441],[-2.0419637430869297,53.76781493891249],[-2.0415355955503767,53.76789170131033],[-2.041141009506207,53.768016356979366],[-2.0407951477701443,53.768184115872224],[-2.0405113012969887,53.76838853158069],[-2.040300378465067,53.76862174899568],[-2.0401704858250516,53.768874806102836],[-2.0401266164320884,53.769137978326825],[-2.040170457759398,53.769401152200594],[-2.0403003266065007,53.769654214005904],[-2.0405112335405073,53.76988743845217],[-2.0407950744310575,53.770091862454585],[-2.0411409417497257,53.77025962964143],[-2.041535543691811,53.77038429234176],[-2.0419637150212764,53.77046105943775],[-2.042409,53.7704869805456],[-2.042854284978724,53.77046105943775],[-2.0432824563081895,53.77038429234176],[-2.0436770582502746,53.77025962964143],[-2.044022925568943,53.770091862454585],[-2.044306766459493,53.76988743845217],[-2.0445176733934995,53.769654214005904],[-2.044647542240602,53.769401152200594],[-2.044691383567912,53.769137978326825]]],[[[-2.0442441449314885,53.76474797833031],[-2.044200280127579,53.764484806106196],[-2.044070401070503,53.764231748998654],[-2.043859500293062,53.763998531583105],[-2.043575683498148,53.76379411587396],[-2.043229857923485,53.763626356980446],[-2.0428353131342947,53.76350170131084],[-2.042407210361135,53.763424938912614],[-2.041962,53.76339901945442],[-2.0415167896388646,53.763424938912614],[-2.0410886868657054,53.76350170131084],[-2.0406941420765152,53.763626356980446],[-2.0403483165018517,53.76379411587396],[-2.0400644997069377,53.763998531583105],[-2.0398535989294966,53.764231748998654],[-2.039723719872421,53.764484806106196],[-2.0396798550685116,53.76474797833031],[-2.039723691814211,53.76501115220394],[-2.039853547084686,53.76526421400888],[-2.0400644319684273,53.76549743845458],[-2.040348243182217,53.76570186245633],[-2.040694074338005,53.7658696296425],[-2.041088635020894,53.76599429234227],[-2.041516761580655,53.76607105943789],[-2.041962,53.76609698054559],[-2.0424072384193446,53.76607105943789],[-2.042835364979106,53.76599429234227],[-2.043229925661995,53.7658696296425],[-2.0435757568177833,53.76570186245633],[-2.0438595680315728,53.76549743845458],[-2.044070452915314,53.76526421400888],[-2.0442003081857885,53.76501115220394],[-2.0442441449314885,53.76474797833031]]],[[[-2.0338945099922237,53.73463997835417],[-2.033850676628704,53.734376806129134],[-2.0337208906306783,53.73412374901901],[-2.0335101409522824,53.7338905315996],[-2.033226527488113,53.7336861158859],[-2.032880949661432,53.7335183569878],[-2.0324866875172223,53.73339370131433],[-2.032058891425796,53.73331693891352],[-2.031614,53.73329101945441],[-2.031169108574203,53.73331693891352],[-2.0307413124827773,53.73339370131433],[-2.030347050338567,53.7335183569878],[-2.030001472511886,53.7336861158859],[-2.029717859047717,53.7338905315996],[-2.0295071093693213,53.73412374901901],[-2.0293773233712957,53.734376806129134],[-2.0293334900077755,53.73463997835417],[-2.029377295364067,53.7349031522269],[-2.0295070576187104,53.73515621402924],[-2.0296626581175663,53.73532842103712],[-2.0294730014435767,53.7352363569874],[-2.029078723185115,53.73511170131414],[-2.028650909609046,53.735034938913486],[-2.028206,53.73500901945442],[-2.0282055,53.73500904858332],[-2.028205,53.73500901945442],[-2.0277600903909536,53.735034938913486],[-2.0273322768148847,53.73511170131414],[-2.026937998556423,53.7352363569874],[-2.02659240660505,53.73540411588522],[-2.02630878154852,53.735608531598665],[-2.0260980232556145,53.735841749017865],[-2.025968231952075,53.73609480612783],[-2.025924396796066,53.73635797835282],[-2.0259682039419413,53.7366211522256],[-2.026097971499635,53.73687421402809],[-2.0263087139260736,53.73710743847015],[-2.026592333411042,53.73731186246759],[-2.026937930933977,53.73747962964945],[-2.027332225058905,53.73760429234557],[-2.027760062380819,53.73768105943874],[-2.028205,53.737706980545596],[-2.0282055,53.737706951416676],[-2.028206,53.737706980545596],[-2.028650937619181,53.73768105943874],[-2.029078774941095,53.73760429234557],[-2.029473069066023,53.73747962964945],[-2.029818666588958,53.73731186246759],[-2.030102286073926,53.73710743847015],[-2.030313028500365,53.73687421402809],[-2.030442796058059,53.7366211522256],[-2.0304866032039337,53.73635797835282],[-2.0304427680479247,53.73609480612783],[-2.0303129767443853,53.735841749017865],[-2.0301574019212967,53.73566959560823],[-2.030346982723136,53.735761629649865],[-2.030741260732167,53.73588629234575],[-2.0311690805669746,53.73596305943878],[-2.031614,53.73598898054558],[-2.0320589194330245,53.73596305943878],[-2.0324867392678327,53.73588629234575],[-2.032881017276863,53.735761629649865],[-2.0332266006745288,53.735593862468264],[-2.033510208567714,53.73538943847107],[-2.033720942381289,53.73515621402924],[-2.033850704635932,53.7349031522269],[-2.0338945099922237,53.73463997835417]]],[[[-2.033103058495968,53.74474697834617],[-2.0330592145845525,53.74448380612144],[-2.032929397366263,53.74423074901219],[-2.0327185969958377,53.74399753159406],[-2.03243491531649,53.743793115881886],[-2.0320892543731452,53.743625356985326],[-2.0316948974047206,53.743500701313145],[-2.031266998425019,53.743423938913224],[-2.030822,53.74339801945441],[-2.030377001574981,53.743423938913224],[-2.0303413678364666,53.74343033138298],[-2.030228565762844,53.74330553159445],[-2.0299448887553395,53.74310111588216],[-2.029599233504395,53.7429333569855],[-2.0292048830301836,53.742808701313244],[-2.0287769910969775,53.74273193891325],[-2.028332,53.742706019454424],[-2.027887008903022,53.74273193891325],[-2.027459116969816,53.742808701313244],[-2.0270647664956045,53.7429333569855],[-2.0267191112446596,53.74310111588216],[-2.0264354342371558,53.74330553159445],[-2.0262246373384682,53.74353874901266],[-2.026094822258357,53.74379180612197],[-2.026050979069334,53.74405497834672],[-2.0260947942352,53.74431815221972],[-2.0262245855584253,53.74457121402288],[-2.0264353665832693,53.74480443846593],[-2.026719038016621,53.74500886246454],[-2.027064698841718,53.74517662964758],[-2.027459065189773,53.74530129234468],[-2.027886980879865,53.74537805943851],[-2.028332,53.74540398054559],[-2.0287770191201346,53.74537805943851],[-2.028812580484757,53.74537167981122],[-2.0289253353474486,53.74549643846554],[-2.0292090114524113,53.745700862464254],[-2.029554677970141,53.7458686296474],[-2.029949050813072,53.745993292344586],[-2.0303769735506525,53.74607005943847],[-2.030822,53.74609598054559],[-2.0312670264493478,53.74607005943847],[-2.031694949186928,53.745993292344586],[-2.0320893220298593,53.7458686296474],[-2.0324349885475894,53.745700862464254],[-2.0327186646525517,53.74549643846554],[-2.0329294491484706,53.7452632140224],[-2.033059242608881,53.745010152219194],[-2.033103058495968,53.74474697834617]]],[[[-2.030725208772879,53.74751497834398],[-2.0306813619715918,53.74725180611934],[-2.030551536199696,53.74699874901031],[-2.0303407219408665,53.74676553159255],[-2.0300570215721905,53.746561115880795],[-2.0297113378568676,53.746393356984655],[-2.0293169549088756,53.746268701312836],[-2.0288890277402474,53.74619193891313],[-2.028444,53.746166019454414],[-2.027998972259753,53.74619193891313],[-2.0275710450911246,53.746268701312836],[-2.0271766621431326,53.746393356984655],[-2.02683097842781,53.746561115880795],[-2.026547278059134,53.74676553159255],[-2.026336463800304,53.74699874901031],[-2.0262066380284085,53.74725180611934],[-2.0261627912271214,53.74751497834398],[-2.0262066099993943,53.74777815221708],[-2.0263364120094387,53.74803121402054],[-2.026547210391108,53.74826443846402],[-2.0268309051844664,53.74846886246316],[-2.0271765944751063,53.748636629646725],[-2.0275709933002592,53.74876129234427],[-2.0279989442307387,53.748838059438405],[-2.028444,53.74886398054559],[-2.0288890557692616,53.748838059438405],[-2.029317006699741,53.74876129234427],[-2.029711405524894,53.748636629646725],[-2.030057094815534,53.74846886246316],[-2.0303407896088923,53.74826443846402],[-2.0305515879905616,53.74803121402054],[-2.030681390000606,53.74777815221708],[-2.030725208772879,53.74751497834398]]],[[[-2.028713833766426,53.75902197833485],[-2.028669974946318,53.758758806110556],[-2.028540113600437,53.75850574900253],[-2.028329241580483,53.758272531586236],[-2.028045463483902,53.75806811587623],[-2.027699685061153,53.75790035698184],[-2.0273051940655464,53.7577757013115],[-2.0268771496606957,53.75769893891279],[-2.0264320000000002,53.75767301945441],[-2.0259868503393044,53.75769893891279],[-2.0255588059344536,53.7577757013115],[-2.025164314938847,53.75790035698184],[-2.024818536516098,53.75806811587623],[-2.024534758419517,53.758272531586236],[-2.024323886399563,53.75850574900253],[-2.024194025053682,53.758758806110556],[-2.024150166233574,53.75902197833485],[-2.024193997005177,53.75928515220831],[-2.024323834572685,53.75953821401274],[-2.0245346907044373,53.75977143845772],[-2.024818463221824,53.759975862458596],[-2.0251642472237674,53.760143629643906],[-2.0255587541075757,53.76026829234293],[-2.0259868222908004,53.76034505943805],[-2.0264320000000002,53.760370980545595],[-2.0268771777091996,53.76034505943805],[-2.0273052458924243,53.76026829234293],[-2.0276997527762326,53.760143629643906],[-2.0280455367781762,53.759975862458596],[-2.0283293092955628,53.75977143845772],[-2.028540165427315,53.75953821401274],[-2.028670002994823,53.75928515220831],[-2.028713833766426,53.75902197833485]]],[[[-2.0238347134810217,53.75680797833661],[-2.02379085697404,53.75654480611224],[-2.0236610024746797,53.75629174900402],[-2.023450141571353,53.756058531587456],[-2.0231663784341785,53.755854115877106],[-2.022820618238691,53.75568635698238],[-2.022426148037781,53.75556170131177],[-2.0219981261960527,53.75548493891285],[-2.021553,53.75545901945441],[-2.021107873803947,53.75548493891285],[-2.0206798519622193,53.75556170131177],[-2.020285381761309,53.75568635698238],[-2.019939621565822,53.755854115877106],[-2.019655858428647,53.756058531587456],[-2.0194449975253206,53.75629174900402],[-2.0193479404564947,53.756480891323235],[-2.019123863110649,53.75649393891283],[-2.018695830986463,53.756570701311645],[-2.018301351309001,53.756695356982135],[-2.017955582806993,53.75686311587672],[-2.0176718128525226,53.75706753158691],[-2.017460946883131,53.75730074900335],[-2.0173310892636764,53.757553806111474],[-2.0172872317025576,53.7578169783358],[-2.017331061217214,53.75808015220923],[-2.0174608950600255,53.75833321401357],[-2.017575829613022,53.75846034484991],[-2.017436745409216,53.758560531586085],[-2.017225871943088,53.75879374900234],[-2.0170960097065342,53.75904680611034],[-2.01705215058551,53.75930997833463],[-2.0170959816575422,53.7595731522081],[-2.0172258201153075,53.759826214012556],[-2.017436677692958,53.76005943845757],[-2.017720452156334,53.760263862458494],[-2.01806623852958,53.76043162964384],[-2.0184607481188697,53.7605562923429],[-2.0188888192377705,53.76063305943805],[-2.019334,53.7606589805456],[-2.01977918076223,53.76063305943805],[-2.0202072518811307,53.7605562923429],[-2.0206017614704206,53.76043162964384],[-2.0209475478436665,53.760263862458494],[-2.0212313223070417,53.76005943845757],[-2.0214421798846924,53.759826214012556],[-2.021572018342458,53.7595731522081],[-2.0216158494144905,53.75930997833463],[-2.021571990293466,53.75904680611034],[-2.0214421280569126,53.75879374900234],[-2.021327183776363,53.75866662533612],[-2.0214662548576277,53.758566438458374],[-2.021677104939975,53.75833321401357],[-2.021774128002699,53.75814410437325],[-2.0219981542408054,53.75813105943812],[-2.0224261998577275,53.75805429234318],[-2.022820685944714,53.75792962964446],[-2.02316645171865,53.75776186245948],[-2.023450209277376,53.75755743845893],[-2.0236610542946263,53.757324214014254],[-2.0237908850187933,53.75707115221],[-2.0238347134810217,53.75680797833661]]],[[[-2.02258081418675,53.74024597834974],[-2.0225369749734763,53.73998280612487],[-2.0224071716610146,53.73972974901524],[-2.0221963938693412,53.73949653159653],[-2.0219127425737367,53.73929211588368],[-2.02156711865141,53.73912435698645],[-2.021172803918667,53.73899970131368],[-2.0207449507664634,53.73892293891336],[-2.0203,53.73889701945442],[-2.019855049233537,53.73892293891336],[-2.0194271960813333,53.73899970131368],[-2.0190328813485903,53.73912435698645],[-2.018687257426264,53.73929211588368],[-2.018403606130659,53.73949653159653],[-2.0181928283389863,53.73972974901524],[-2.0180630250265246,53.73998280612487],[-2.0180191858132503,53.74024597834974],[-2.0180629970098125,53.74050915222263],[-2.0181927765708534,53.74076221402545],[-2.0184035384923344,53.74099543846802],[-2.0186871842150684,53.74119986246605],[-2.0190328137102656,53.7413676296485],[-2.0194271443132,53.74149229234511],[-2.0198550212168254,53.741569059438625],[-2.0203,53.7415949805456],[-2.020744978783175,53.741569059438625],[-2.0211728556868005,53.74149229234511],[-2.021567186289735,53.7413676296485],[-2.021912815784932,53.74119986246605],[-2.0221964615076664,53.74099543846802],[-2.0224072234291475,53.74076221402545],[-2.022537002990188,53.74050915222263],[-2.02258081418675,53.74024597834974]]],[[[-2.018942324429371,53.749644978342296],[-2.0188984754039736,53.74938180611771],[-2.0187686430490306,53.74912874900889],[-2.018557818101372,53.748895531591394],[-2.0182741033489684,53.748691115879964],[-2.017928402107819,53.74852335698416],[-2.0175339991653676,53.74839870131261],[-2.0171060503019067,53.74832193891308],[-2.016661,53.74829601945443],[-2.0162159496980934,53.74832193891308],[-2.0157880008346325,53.74839870131261],[-2.015393597892181,53.74852335698416],[-2.0150478966510317,53.748691115879964],[-2.014764181898628,53.748895531591394],[-2.0146921333895422,53.748975232629675],[-2.0144921087243364,53.7488311158799],[-2.0141464063311756,53.7486633569841],[-2.0137520020744444,53.74853870131257],[-2.013324051784934,53.748461938913074],[-2.012879,53.74843601945441],[-2.0124339482150657,53.748461938913074],[-2.0120059979255553,53.74853870131257],[-2.011611593668824,53.7486633569841],[-2.0112658912756634,53.7488311158799],[-2.010982175577786,53.74903553159131],[-2.010771349927527,53.74926874900877],[-2.0106415171398653,53.74952180611759],[-2.010597667968273,53.74978497834217],[-2.010641489107008,53.750048152215356],[-2.0107712981295602,53.750301214019004],[-2.010982107900481,53.75053443846278],[-2.011265818022276,53.750738862462256],[-2.011611525991519,53.75090662964617],[-2.0120059461275885,53.751031292344],[-2.012433920182208,53.75110805943833],[-2.012879,53.75113398054559],[-2.013324079817792,53.75110805943833],[-2.0137520538724107,53.751031292344],[-2.0141464740084807,53.75090662964617],[-2.0144921819777233,53.750738862462256],[-2.0147758920995185,53.75053443846278],[-2.0148478806708554,53.750454795595964],[-2.015047823398264,53.75059886246233],[-2.0153935302154484,53.75076662964621],[-2.0157879490371036,53.75089129234402],[-2.0162159216654727,53.75096805943835],[-2.016661,53.7509939805456],[-2.0171060783345274,53.75096805943835],[-2.0175340509628965,53.75089129234402],[-2.0179284697845516,53.75076662964621],[-2.0182741766017362,53.75059886246233],[-2.0185578857781046,53.75039443846288],[-2.0187686948465595,53.75016121401911],[-2.0188985034365943,53.749908152215475],[-2.018942324429371,53.749644978342296]]],[[[-2.0118472056356227,53.78425197831484],[-2.011803320434035,53.78398880609131],[-2.0116733810027703,53.78373574898545],[-2.011462382196373,53.78350253157242],[-2.0111784334859992,53.78329811586623],[-2.010832447179184,53.783130356975676],[-2.0104377190176224,53.78300570130858],[-2.0100094172777014,53.78292893891204],[-2.009564,53.78290301945442],[-2.009118582722299,53.78292893891204],[-2.008690280982378,53.78300570130858],[-2.008295552820816,53.783130356975676],[-2.007949566514001,53.78329811586623],[-2.007665617803627,53.78350253157242],[-2.00745461899723,53.78373574898545],[-2.0073246795659654,53.78398880609131],[-2.0072807943643776,53.78425197831484],[-2.007324651474663,53.78451515218906],[-2.007454567091272,53.78476821399567],[-2.0076655499852247,53.785001438443885],[-2.0079494931078914,53.78520586244859],[-2.0082954850024133,53.78537362963773],[-2.0086902290764197,53.78549829234],[-2.0091185546309966,53.7855750594373],[-2.009564,53.785600980545595],[-2.0100094453690036,53.7855750594373],[-2.0104377709235806,53.78549829234],[-2.010832514997587,53.78537362963773],[-2.011178506892109,53.78520586244859],[-2.0114624500147755,53.785001438443885],[-2.0116734329087285,53.78476821399567],[-2.011803348525337,53.78451515218906],[-2.0118472056356227,53.78425197831484]]],[[[-2.0114179372286594,53.74251297834795],[-2.011374095649251,53.74224980612315],[-2.0112442853333716,53.74199674901371],[-2.011033496170319,53.7417635315953],[-2.0107498295724926,53.74155911588278],[-2.010404187005202,53.7413913569859],[-2.010009851001223,53.74126670131342],[-2.009581974768831,53.7411899389133],[-2.009137,53.74116401945443],[-2.008692025231169,53.7411899389133],[-2.0082641489987765,53.74126670131342],[-2.007869812994798,53.7413913569859],[-2.007524170427507,53.74155911588278],[-2.007240503829681,53.7417635315953],[-2.0070297146666283,53.74199674901371],[-2.0068999043507483,53.74224980612315],[-2.0068560627713405,53.74251297834795],[-2.0068998763302006,53.74277615222091],[-2.007029662891407,53.743029214023935],[-2.0072404361820944,53.74326243846677],[-2.007524097206287,53.74346686246516],[-2.007869745347212,53.74363462964795],[-2.0082640972235555,53.74375929234486],[-2.008691997210621,53.74383605943857],[-2.009137,53.743861980545596],[-2.009582002789379,53.74383605943857],[-2.0100099027764444,53.74375929234486],[-2.0104042546527876,53.74363462964795],[-2.0107499027937124,53.74346686246516],[-2.011033563817905,53.74326243846677],[-2.0112443371085926,53.743029214023935],[-2.011374123669799,53.74277615222091],[-2.0114179372286594,53.74251297834795]]],[[[-2.0102806508986473,53.73723697835213],[-2.0102368148254537,53.736973806127175],[-2.010107020807181,53.736720749017266],[-2.00989625810639,53.736487531598186],[-2.0096126271182624,53.73628311588487],[-2.009267027939545,53.73611535698718],[-2.0088727414357184,53.73599070131404],[-2.0084449189130797,53.735913938913455],[-2.008,53.73588801945443],[-2.0075550810869203,53.735913938913455],[-2.0071272585642816,53.73599070131404],[-2.0067329720604548,53.73611535698718],[-2.0065284561108014,53.736214632021344],[-2.0061807438027612,53.73610470131403],[-2.0057529201197823,53.73602793891345],[-2.005308,53.73600201945442],[-2.004863079880217,53.73602793891345],[-2.0044352561972385,53.73610470131403],[-2.0040409686240146,53.736229356987145],[-2.0036953685079344,53.73639711588483],[-2.0034117367504978,53.736601531598126],[-2.0032009734780183,53.7368347490172],[-2.003071179107654,53.73708780612708],[-2.0030273429155043,53.73735097835203],[-2.0030711510958397,53.737614152224836],[-2.003200921718935,53.73786721402741],[-2.0034116691239965,53.73810043846959],[-2.003695295309537,53.73830486246719],[-2.0040409009975133,53.73847262964921],[-2.004435204438155,53.738597292345446],[-2.004863051868403,53.73867405943871],[-2.005308,53.73869998054559],[-2.005752948131596,53.73867405943871],[-2.006180795561845,53.738597292345446],[-2.006575099002486,53.73847262964921],[-2.0067795574776226,53.73837337948231],[-2.0071272068055546,53.738483292345464],[-2.007555053075299,53.73856005943872],[-2.008,53.738585980545594],[-2.008444946924701,53.73856005943872],[-2.008872793194445,53.738483292345464],[-2.0092670955655803,53.73835862964924],[-2.009612700316156,53.73819086246724],[-2.0098963257324254,53.737986438469655],[-2.010107072565908,53.7377532140275],[-2.010236842837075,53.737500152224925],[-2.0102806508986473,53.73723697835213]]],[[[-1.9973515645866124,53.71720497836799],[-1.997307749403529,53.716941806142415],[-1.9971780172170062,53.716688749030816],[-1.9969673549118119,53.71645553160915],[-1.9966838590238913,53.7162511158928],[-1.9963384244577822,53.71608335699207],[-1.9959443257533782,53.71595870131636],[-1.9955167070010429,53.71588193891406],[-1.995072,53.71585601945442],[-1.994627292998957,53.71588193891406],[-1.9941996742466217,53.71595870131636],[-1.9938055755422177,53.71608335699207],[-1.9934601409761088,53.7162511158928],[-1.993176645088188,53.71645553160915],[-1.992965982782994,53.716688749030816],[-1.992836250596471,53.716941806142415],[-1.9927924354133875,53.71720497836799],[-1.9928362226187075,53.71746815224019],[-1.9929659310868277,53.71772121404103],[-1.993176577543892,53.717954438480625],[-1.9934600678666896,53.71815886247517],[-1.9938055079979218,53.718326629654136],[-1.9941996225504552,53.71845129234778],[-1.9946272650211936,53.71852805943932],[-1.995072,53.718553980545586],[-1.9955167349788066,53.71852805943932],[-1.9959443774495447,53.71845129234778],[-1.9963384920020781,53.718326629654136],[-1.9966839321333103,53.71815886247517],[-1.9969674224561078,53.717954438480625],[-1.9971780689131722,53.71772121404103],[-1.9973077773812924,53.71746815224019],[-1.9973515645866124,53.71720497836799]]],[[[-1.9966197171614604,53.72001997836575],[-1.996575899044316,53.71975680614028],[-1.9964461581733925,53.719503749028895],[-1.9962354817674224,53.719270531607606],[-1.9959519669043888,53.719066115891685],[-1.995606509218087,53.718898356991374],[-1.9952123841368525,53.718773701316024],[-1.994784736764542,53.718696938913965],[-1.99434,53.71867101945441],[-1.9938952632354578,53.718696938913965],[-1.9934676158631472,53.718773701316024],[-1.9930834733044844,53.71889519967368],[-1.9930207387419057,53.71888393891396],[-1.9925760000000001,53.718858019454416],[-1.9921312612580944,53.71888393891396],[-1.991703611984391,53.718960701316014],[-1.9913094851507893,53.719085356991336],[-1.9909640259284778,53.71925311589162],[-1.9906805098048161,53.71945753160751],[-1.9904698324620491,53.719690749028786],[-1.990340091014169,53.719943806140144],[-1.9902962727020983,53.72020697836561],[-1.9903400630313355,53.7204701522379],[-1.9904697807565137,53.720723214039005],[-1.9906804422482791,53.720956438478986],[-1.990963952805809,53.72116086247398],[-1.9913094175942523,53.72132862965341],[-1.9917035602788562,53.72145329234744],[-1.9921312332752608,53.72153005943923],[-1.9925760000000001,53.7215559805456],[-1.9930207667247395,53.72153005943923],[-1.9934484397211438,53.72145329234744],[-1.9938325406574757,53.72133180574025],[-1.9938952352529398,53.72134305943923],[-1.99434,53.72136898054559],[-1.99478476474706,53.72134305943923],[-1.9952124358418037,53.72126629234745],[-1.9956065767738616,53.721141629653445],[-1.9959520400262323,53.72097386247406],[-1.996235549323197,53.72076943847908],[-1.9964462098783438,53.72053621403912],[-1.9965759270268344,53.72028315223803],[-1.9966197171614604,53.72001997836575]]],[[[-1.9963774702798116,53.73390797835476],[-1.9963336376799736,53.733644806129696],[-1.996203853942337,53.73339174901952],[-1.9959931079341129,53.733158531600004],[-1.995709499408815,53.7329541158862],[-1.9953639275998925,53.73278635698799],[-1.9949696723210837,53.73266170131442],[-1.9945418836789082,53.73258493891355],[-1.994097,53.73255901945442],[-1.9936521163210918,53.73258493891355],[-1.9932243276789166,53.73266170131442],[-1.9928300724001078,53.73278635698799],[-1.9924845005911853,53.7329541158862],[-1.9922008920658874,53.733158531600004],[-1.991990146057663,53.73339174901952],[-1.9918603623200266,53.733644806129696],[-1.9918165297201886,53.73390797835476],[-1.991860334314036,53.73417115222746],[-1.9919900943093398,53.734424214029744],[-1.9922008244534448,53.73465743847148],[-1.9924844274080047,53.73486186246856],[-1.9928300047876653,53.73502962965005],[-1.9932242759305934,53.73515429234584],[-1.9936520883151012,53.73523105943882],[-1.994097,53.73525698054559],[-1.9945419116848988,53.73523105943882],[-1.9949697240694069,53.73515429234584],[-1.995363995212335,53.73502962965005],[-1.9957095725919953,53.73486186246856],[-1.9959931755465554,53.73465743847148],[-1.9962039056906602,53.734424214029744],[-1.996333665685964,53.73417115222746],[-1.9963774702798116,53.73390797835476]]],[[[-1.9936994163726465,53.71446997837014],[-1.9936556040397613,53.71420680614449],[-1.9935258802894227,53.71395374903265],[-1.993315231681977,53.71372053161064],[-1.9930317542268243,53.71351611589389],[-1.9926863421200889,53.71334835699273],[-1.9922922690386156,53.71322370131666],[-1.9918646780882412,53.71314693891413],[-1.99142,53.71312101945441],[-1.990975321911759,53.71314693891413],[-1.9905477309613846,53.71322370131666],[-1.9901536578799113,53.71334835699273],[-1.9898082457731758,53.71351611589389],[-1.989524768318023,53.71372053161064],[-1.9893141197105775,53.71395374903265],[-1.9891843959602389,53.71420680614449],[-1.9891405836273537,53.71446997837014],[-1.9891843679870935,53.71473315224226],[-1.9893140680229453,53.71498621404287],[-1.9895247007848764,53.71521943848211],[-1.989808172675825,53.71542386247625],[-1.9901535903467649,53.715591629654796],[-1.990547679273752,53.7157162923481],[-1.9909752939386134,53.71579305943939],[-1.99142,53.715818980545585],[-1.9918647060613868,53.71579305943939],[-1.9922923207262482,53.7157162923481],[-1.9926864096532353,53.715591629654796],[-1.9930318273241752,53.71542386247625],[-1.9933152992151235,53.71521943848211],[-1.9935259319770549,53.71498621404287],[-1.9936556320129066,53.71473315224226],[-1.9936994163726465,53.71446997837014]]],[[[-1.9916125805745903,53.717499978367755],[-1.9915687650840528,53.71723680614221],[-1.9914390319875108,53.71698374903061],[-1.991228368204728,53.716750531608994],[-1.9909448703284478,53.71654611589269],[-1.990599433339625,53.716378356991996],[-1.9902053318712525,53.716253701316326],[-1.9897777101198932,53.71617693891404],[-1.989333,53.71615101945442],[-1.9888882898801068,53.71617693891404],[-1.9884606681287476,53.716253701316326],[-1.988066566660375,53.716378356991996],[-1.9877211296715522,53.71654611589269],[-1.987437631795272,53.716750531608994],[-1.9872269680124892,53.71698374903061],[-1.9870972349159473,53.71723680614221],[-1.9870534194254097,53.717499978367755],[-1.9870972069376855,53.717763152239954],[-1.9872269163154024,53.71801621404083],[-1.987437564249773,53.718249438480456],[-1.9877210565608312,53.718453862475066],[-1.988066499114876,53.71862162965407],[-1.9884606164316607,53.71874629234775],[-1.988888261901845,53.718823059439316],[-1.989333,53.7188489805456],[-1.989777738098155,53.718823059439316],[-1.9902053835683393,53.71874629234775],[-1.990599500885124,53.71862162965407],[-1.9909449434391688,53.718453862475066],[-1.991228435750227,53.718249438480456],[-1.9914390836845977,53.71801621404083],[-1.9915687930623145,53.717763152239954],[-1.9916125805745903,53.717499978367755]]]]}},{"type":"Feature","properties":{"species":"Equisetum arvense","locations":[],"common":false,"recordCount":28},"geometry":{"type":"MultiPolygon","coordinates":[[[[-2.165317153627832,53.76490797833019],[-2.1652732886566888,53.76464480610607],[-2.165143409104626,53.764391748998555],[-2.16493250752348,53.76415853158303],[-2.164648689647037,53.76395411587391],[-2.1643028627545866,53.76378635698041],[-2.16390831646199,53.76366170131083],[-2.163480212057572,53.763584938912615],[-2.163035,53.763559019454426],[-2.1625897879424274,53.763584938912615],[-2.162161683538009,53.76366170131083],[-2.161767137245413,53.76378635698041],[-2.1614213103529623,53.76395411587391],[-2.1611374924765197,53.76415853158303],[-2.1609265908953734,53.764391748998555],[-2.1607967113433104,53.76464480610607],[-2.1607528463721675,53.76490797833019],[-2.1607966832848295,53.765171152203834],[-2.160926539050061,53.76542421400878],[-2.1611374247373547,53.7656574384545],[-2.1614212370326187,53.765861862456276],[-2.1617670695062476,53.766029629642475],[-2.1621616316926966,53.76615429234225],[-2.1625897598839465,53.766231059437885],[-2.163035,53.7662569805456],[-2.1634802401160527,53.766231059437885],[-2.163908368307303,53.76615429234225],[-2.164302930493752,53.766029629642475],[-2.164648762967381,53.765861862456276],[-2.164932575262645,53.7656574384545],[-2.1651434609499387,53.76542421400878],[-2.1652733167151696,53.765171152203834],[-2.165317153627832,53.76490797833019]]],[[[-2.126776080096277,53.70826297837507],[-2.1267322742300867,53.70799980614923],[-2.126602569620247,53.70774674903684],[-2.126391952091042,53.707513531614055],[-2.126108516457212,53.707309115896344],[-2.125763155307595,53.707141356994256],[-2.1253691403609,53.7070167013174],[-2.1249416124892146,53.70693993891434],[-2.124497,53.70691401945442],[-2.1240523875107855,53.70693993891434],[-2.1236248596391003,53.7070167013174],[-2.1232308446924053,53.707141356994256],[-2.1228854835427877,53.707309115896344],[-2.1226020479089582,53.707513531614055],[-2.1223914303797526,53.70774674903684],[-2.122261725769913,53.70799980614923],[-2.122217919903723,53.70826297837507],[-2.1222616978072453,53.708526152246996],[-2.12239137871148,53.70877921404708],[-2.1226019804011065,53.709012438485516],[-2.122885410472816,53.70921686247871],[-2.1232307771845536,53.709384629656334],[-2.1236248079708275,53.70950929234883],[-2.1240523595481173,53.70958605943959],[-2.124497,53.7096119805456],[-2.1249416404518824,53.70958605943959],[-2.125369192029172,53.70950929234883],[-2.125763222815446,53.709384629656334],[-2.1261085895271843,53.70921686247871],[-2.1263920195988932,53.709012438485516],[-2.1266026212885203,53.70877921404708],[-2.1267323021927544,53.708526152246996],[-2.126776080096277,53.70826297837507]]],[[[-2.1163990971122995,53.7270279783602],[-2.1163552716885863,53.726764806134945],[-2.1162255091912563,53.726511749024155],[-2.116014797670706,53.72627853160377],[-2.1157312355547333,53.7260741158889],[-2.1153857202931707,53.72590635698967],[-2.114991529526805,53.72578170131521],[-2.1145638108833533,53.72570493891375],[-2.114119,53.72567901945441],[-2.113730589535979,53.72570165241958],[-2.113739022443173,53.725650978361294],[-2.11369519845537,53.725387806135984],[-2.113565440208129,53.7251347490251],[-2.1133547355884055,53.72490153160452],[-2.1130711827587283,53.724697115889455],[-2.112725678812035,53.724529356990004],[-2.112331500954317,53.724404701315365],[-2.111903796317293,53.724327938913795],[-2.111459,53.72430201945441],[-2.1110142036827075,53.724327938913795],[-2.110586499045683,53.724404701315365],[-2.1101923211879647,53.724529356990004],[-2.109846817241272,53.724697115889455],[-2.1095632644115945,53.72490153160452],[-2.1093525597918714,53.7251347490251],[-2.1092228015446306,53.725387806135984],[-2.109178977556827,53.725650978361294],[-2.1092227735525984,53.72591415223375],[-2.1093525080693403,53.72616721403532],[-2.1095631968328514,53.72640043847599],[-2.1098467440945674,53.726604862471824],[-2.1101922536092212,53.72677262965207],[-2.110586447323152,53.7268972923468],[-2.1110141756906753,53.72697405943906],[-2.111459,53.72699998054559],[-2.111847333687709,53.72697735129922],[-2.1118389028877007,53.7270279783602],[-2.111882700317055,53.72729115223269],[-2.1120124390819126,53.72754421403439],[-2.1122231347449323,53.727777438475236],[-2.1125066912924813,53.727981862471275],[-2.112852212122468,53.72814962965172],[-2.1132464187463644,53.72827429234663],[-2.1136741611222876,53.728351059439014],[-2.114119,53.72837698054559],[-2.1145638388777126,53.728351059439014],[-2.1149915812536357,53.72827429234663],[-2.115385787877532,53.72814962965172],[-2.115731308707519,53.727981862471275],[-2.116014865255068,53.727777438475236],[-2.1162255609180876,53.72754421403439],[-2.116355299682945,53.72729115223269],[-2.1163990971122995,53.7270279783602]]],[[[-2.106498546647899,53.716873978368234],[-2.106454731809782,53.71661080614266],[-2.1064512707656458,53.71660405493658],[-2.1064497309593375,53.71659480614269],[-2.1063199998432234,53.716341749031045],[-2.1061093392760406,53.71610853160934],[-2.1058258457269248,53.71590411589293],[-2.105480414010528,53.71573635699215],[-2.105086318557239,53.7156117013164],[-2.1046587033324995,53.71553493891406],[-2.104214,53.71550901945442],[-2.1037692966675,53.71553493891406],[-2.103341681442761,53.7156117013164],[-2.1029475859894715,53.71573635699215],[-2.102602154273075,53.71590411589293],[-2.1023186607239595,53.71610853160934],[-2.1021080001567767,53.716341749031045],[-2.102008817096164,53.71653521825874],[-2.1018067135242617,53.716498938914036],[-2.101362,53.716473019454426],[-2.1009172864757386,53.716498938914036],[-2.1004896614508084,53.71657570131629],[-2.100095556965437,53.716700356991915],[-2.099750117332112,53.71686811589255],[-2.099466617285446,53.717072531608814],[-2.0992559518898073,53.717305749030395],[-2.0991262177999377,53.71755880614195],[-2.099082401973801,53.717821978367496],[-2.0991261898211326,53.71808515223972],[-2.0992559001917157,53.718338214040614],[-2.0994665497386342,53.71857143848028],[-2.0997500442199697,53.71877586247492],[-2.1000954894186252,53.718943629653985],[-2.1001754758710014,53.718968929862456],[-2.1002668596808216,53.71914721404007],[-2.1004775132792797,53.71938043847984],[-2.1007610132134547,53.719584862474605],[-2.1011064650567155,53.71975262965378],[-2.1015005929718154,53.71987729234762],[-2.101663240524236,53.719906488597026],[-2.101764998073753,53.71997986247445],[-2.102110453161408,53.720147629653695],[-2.1025045847781234,53.72027229234758],[-2.102932245764937,53.72034905943927],[-2.103377,53.72037498054559],[-2.1038217542350632,53.72034905943927],[-2.1042494152218767,53.72027229234758],[-2.104643546838592,53.720147629653695],[-2.104989001926247,53.71997986247445],[-2.1052725045229064,53.71977543847962],[-2.105483160099629,53.719542214039805],[-2.10561287418284,53.71928915223881],[-2.105656663283047,53.71902597836655],[-2.105612846202001,53.718762806141044],[-2.10548310839778,53.718509749029586],[-2.1052724369711857,53.71827653160816],[-2.105062847182369,53.7181254126901],[-2.1050913705841796,53.718120292347805],[-2.105485482035188,53.7179956296542],[-2.1058309194479943,53.717827862475296],[-2.106114407539938,53.71762343848079],[-2.106325052339445,53.717390214041245],[-2.1064547597869865,53.717137152240426],[-2.106498546647899,53.716873978368234]]],[[[-2.102993380122205,53.71380097837067],[-2.1029495684864266,53.71353780614501],[-2.102819846799425,53.71328474903311],[-2.1026092015422,53.71305153161101],[-2.102325728595367,53.71284711589415],[-2.101980321981786,53.71267935699291],[-2.101586255167216,53.712554701316755],[-2.101158671016696,53.71247793891416],[-2.1007140000000004,53.712452019454425],[-2.1002693289833045,53.71247793891416],[-2.0998417448327844,53.712554701316755],[-2.0994476780182145,53.71267935699291],[-2.0991022714046332,53.71284711589415],[-2.0988187984578004,53.71305153161101],[-2.0986081532005754,53.71328474903311],[-2.098503781192951,53.71348835476337],[-2.098366135379459,53.71364074903286],[-2.098236412594489,53.71389380614474],[-2.098192600587758,53.714156978370404],[-2.098236384621872,53.7144201522425],[-2.098366083692803,53.714673214043096],[-2.0985767148875745,53.714906438482295],[-2.0988601846693316,53.71511086247638],[-2.099205599770098,53.715278629654875],[-2.0995996857647055,53.71540329234814],[-2.100027297247688,53.71548005943941],[-2.100472,53.71550598054559],[-2.1009167027523117,53.71548005943941],[-2.1013443142352943,53.71540329234814],[-2.1017384002299018,53.715278629654875],[-2.1020838153306682,53.71511086247638],[-2.102367285112425,53.714906438482295],[-2.102577916307197,53.714673214043096],[-2.102682267992834,53.71446960868746],[-2.1028198984849706,53.71431721404333],[-2.1029495964584424,53.71406415224278],[-2.102993380122205,53.71380097837067]]],[[[-2.101615359209008,53.6949489783856],[-2.1015715672056925,53.69468580615937],[-2.1014419036280003,53.694432749045845],[-2.1012313527222894,53.69419953162132],[-2.1009480067422746,53.69399511590161],[-2.1006027548311916,53.6938273569975],[-2.1002088645100305,53.69370270131894],[-2.0997814718623125,53.69362593891473],[-2.099337,53.69360001945443],[-2.0988925281376876,53.69362593891473],[-2.098465135489969,53.69370270131894],[-2.098071245168808,53.6938273569975],[-2.097725993257725,53.69399511590161],[-2.09744264727771,53.69419953162132],[-2.0972320963719993,53.694432749045845],[-2.0972168680115453,53.694462469380646],[-2.097151633327626,53.69450953162115],[-2.096941080871278,53.69474274904562],[-2.096811416338578,53.69499580615912],[-2.096767624012609,53.69525897838535],[-2.096811388397844,53.69552215225689],[-2.096941029243533,53.69577521405585],[-2.097151565872726,53.696008438492626],[-2.097434908381643,53.69621286248385],[-2.0977801683929695,53.696380629659494],[-2.0981740774418984,53.69650529235033],[-2.0986014969239144,53.696582059439976],[-2.0990460000000004,53.69660798054559],[-2.099490503076086,53.696582059439976],[-2.099917922558102,53.69650529235033],[-2.100311831607031,53.696380629659494],[-2.1006570916183573,53.69621286248385],[-2.100940434127274,53.696008438492626],[-2.1011509707564673,53.69577521405585],[-2.1011661941451463,53.69574549766435],[-2.1012314201759272,53.695698438492805],[-2.10144195525478,53.695465214056064],[-2.101571595145904,53.69521215225712],[-2.101615359209008,53.6949489783856]]],[[[-2.0992526942871317,53.71959797836608],[-2.0992088766098678,53.7193348061406],[-2.0990791370409267,53.71908174902918],[-2.0988684627489733,53.71884853160784],[-2.098584950730727,53.71864411589185],[-2.0982394965106512,53.718476356991474],[-2.0978453753838844,53.718351701316074],[-2.097417732302338,53.71827493891397],[-2.096973,53.71824901945441],[-2.0965282676976624,53.71827493891397],[-2.096100624616116,53.718351701316074],[-2.095706503489349,53.718476356991474],[-2.0953610492692736,53.71864411589185],[-2.095077537251027,53.71884853160784],[-2.0948668629590737,53.71908174902918],[-2.0947371233901326,53.7193348061406],[-2.0946933057128687,53.71959797836608],[-2.0947370954083273,53.719861152238344],[-2.09486681125544,53.720114214039405],[-2.0950774696969736,53.72034743847931],[-2.0953609761492924,53.72055186247421],[-2.0957064359352957,53.720719629653544],[-2.0961005729124818,53.72084429234749],[-2.096528239715857,53.72092105943924],[-2.096973,53.720946980545584],[-2.0974177602841433,53.72092105943924],[-2.097845427087519,53.72084429234749],[-2.098239564064705,53.720719629653544],[-2.098585023850708,53.72055186247421],[-2.0988685303030272,53.72034743847931],[-2.099079188744561,53.720114214039405],[-2.099208904591673,53.719861152238344],[-2.0992526942871317,53.71959797836608]]],[[[-2.0952404553882094,53.71518997836958],[-2.095196642305044,53.714926806143964],[-2.09506691633398,53.71467374903217],[-2.094856264120765,53.71444053161025],[-2.094572781813405,53.7142361158936],[-2.0942273637945066,53.71406835699256],[-2.093833283968102,53.713943701316595],[-2.0934056856991923,53.71386693891412],[-2.092961,53.71384101945443],[-2.0925163143008074,53.71386693891412],[-2.0920887160318977,53.713943701316595],[-2.0916946362054927,53.71406835699256],[-2.0913492181865942,53.7142361158936],[-2.091065735879235,53.71444053161025],[-2.09085508366602,53.71467374903217],[-2.090725357694956,53.714926806143964],[-2.0906815446117903,53.71518997836958],[-2.090725329720595,53.715453152241714],[-2.0908550319761408,53.71570621404239],[-2.091065668343153,53.715939438481726],[-2.0913491450860664,53.71614386247597],[-2.0916945686694115,53.71631162965464],[-2.0920886643420187,53.716436292348014],[-2.0925162863264464,53.71651305943938],[-2.092961,53.7165389805456],[-2.093405713673553,53.71651305943938],[-2.093833335657981,53.716436292348014],[-2.094227431330588,53.71631162965464],[-2.094572854913933,53.71614386247597],[-2.0948563316568465,53.715939438481726],[-2.095066968023859,53.71570621404239],[-2.0951966702794045,53.715453152241714],[-2.0952404553882094,53.71518997836958]]],[[[-2.094429317631224,53.73109397835698],[-2.094385487966865,53.73083080613184],[-2.0942557129178274,53.73057774902142],[-2.0940449810171944,53.73034453160155],[-2.09376139147618,53.7301401158873],[-2.0934158427986245,53.72997235698867],[-2.0930216139093942,53.72984770131474],[-2.092593853901025,53.72977093891363],[-2.092149,53.72974501945442],[-2.0917041460989747,53.72977093891363],[-2.091276386090606,53.72984770131474],[-2.0912217435457126,53.72986497935662],[-2.0914773761640646,53.72974086247059],[-2.0917609445745953,53.729536438474284],[-2.091971649051983,53.729303214033195],[-2.0921013932439605,53.72905015223135],[-2.092145192504767,53.72878697835881],[-2.092101365246628,53.728523806133595],[-2.091971597319658,53.728270749022975],[-2.091760876983056,53.728037531602794],[-2.0914773030035096,53.72783311588822],[-2.0911317732867976,53.727665356989235],[-2.090737566029175,53.727540701315014],[-2.090309829492014,53.727463938913694],[-2.089865,53.72743801945442],[-2.089420170507986,53.727463938913694],[-2.0889924339708252,53.727540701315014],[-2.0885982267132026,53.727665356989235],[-2.0882526969964905,53.72783311588822],[-2.0879691230169444,53.728037531602794],[-2.087758402680342,53.728270749022975],[-2.0876286347533726,53.728523806133595],[-2.087584807495233,53.72878697835881],[-2.08762860675604,53.72905015223135],[-2.0877583509480173,53.729303214033195],[-2.087969055425405,53.729536438474284],[-2.0882526238359356,53.72974086247059],[-2.088598159121663,53.7299086296513],[-2.0889923822385,53.73003329234643],[-2.089420142510654,53.730110059438964],[-2.089865,53.73013598054558],[-2.0903098574893466,53.730110059438964],[-2.0907376177615,53.73003329234643],[-2.090738421384246,53.73003303822187],[-2.0904746077184195,53.730161115887306],[-2.090191018035744,53.730365531601535],[-2.089980286029839,53.730598749021404],[-2.089850510915967,53.73085180613184],[-2.089806681229703,53.73111497835697],[-2.0898504829146987,53.731378152229595],[-2.0899802342902425,53.73163121403164],[-2.0901909504347027,53.73186443847302],[-2.0904745345475804,53.732068862469674],[-2.090820088967542,53.732236629650735],[-2.0912143339151372,53.73236129234617],[-2.0916421178755025,53.7324380594389],[-2.092087,53.73246398054559],[-2.0925318821244967,53.7324380594389],[-2.092959666084862,53.73236129234617],[-2.093353911032457,53.732236629650735],[-2.093362153479786,53.73223262793039],[-2.0934159103995795,53.732215629650746],[-2.093761464646927,53.73204786246966],[-2.09404504861815,53.731843438473014],[-2.0942557646573587,53.73161021403163],[-2.094385515968097,53.731357152229606],[-2.094429317631224,53.73109397835698]]],[[[-2.0911045173830924,53.71633397836867],[-2.091060703107747,53.71607080614309],[-2.090930973607999,53.715817749031395],[-2.090720315665295,53.71558453160962],[-2.090436825647884,53.71538011589315],[-2.090091398234687,53.71521235699228],[-2.0896973076907326,53.715087701316456],[-2.0892696977928282,53.71501093891408],[-2.088825,53.71498501945441],[-2.0883803022071716,53.71501093891408],[-2.0879526923092677,53.715087701316456],[-2.087558601765313,53.71521235699228],[-2.0872131743521165,53.71538011589315],[-2.0869296843347054,53.71558453160962],[-2.0867190263920015,53.715817749031395],[-2.0865892968922535,53.71607080614309],[-2.0865454826169074,53.71633397836867],[-2.0865892689159606,53.71659715224084],[-2.0867189746985533,53.716850214041614],[-2.08692961679396,53.7170834384811],[-2.0872131012465407,53.717287862475516],[-2.0875585342245677,53.71745562965435],[-2.0879526406158195,53.71758029234788],[-2.0883802742308792,53.71765705943934],[-2.088825,53.7176829805456],[-2.0892697257691206,53.71765705943934],[-2.0896973593841808,53.71758029234788],[-2.090091465775432,53.71745562965435],[-2.090436898753459,53.717287862475516],[-2.09072038320604,53.7170834384811],[-2.090931025301447,53.716850214041614],[-2.0910607310840392,53.71659715224084],[-2.0911045173830924,53.71633397836867]]],[[[-2.089466289041979,53.712119978371994],[-2.0894224791577014,53.71185680614628],[-2.0892927626548907,53.71160374903423],[-2.0890821258151857,53.71137053161193],[-2.0887986641956298,53.7111661158948],[-2.088453271383749,53.71099835699331],[-2.0880592203149444,53.710873701316935],[-2.0876316532492445,53.7107969389142],[-2.087187,53.71077101945441],[-2.086742346750756,53.7107969389142],[-2.0863147796850563,53.710873701316935],[-2.085920728616251,53.71099835699331],[-2.085575335804371,53.7111661158948],[-2.0852918741848145,53.71137053161193],[-2.0851908585815058,53.7114823762382],[-2.0849272820989078,53.71135435699323],[-2.0845332276956183,53.71122970131691],[-2.084105657011862,53.7111529389142],[-2.083661,53.71112701945442],[-2.083216342988139,53.7111529389142],[-2.0827887723043825,53.71122970131691],[-2.082394717901093,53.71135435699323],[-2.0820493221664234,53.71152211589468],[-2.081765858148087,53.71172653161174],[-2.081555219525802,53.711959749034015],[-2.081425501925134,53.712212806146034],[-2.0813816916699404,53.71247597837173],[-2.0814254739553553,53.712739152243785],[-2.0815551678443898,53.71299221404423],[-2.0817657906230678,53.713225438483214],[-2.082049249077869,53.71342986247704],[-2.0823946503760737,53.71359762965529],[-2.08278872062297,53.71372229234833],[-2.08321631501836,53.71379905943947],[-2.083661,53.713824980545596],[-2.0841056849816404,53.71379905943947],[-2.084533279377031,53.71372229234833],[-2.0849273496239267,53.71359762965529],[-2.085272750922132,53.71342986247704],[-2.085556209376933,53.713225438483214],[-2.085657168340531,53.71311364574269],[-2.0859206610926826,53.71324162965536],[-2.086314728004754,53.71336629234836],[-2.0867423187815786,53.713443059439456],[-2.087187,53.71346898054558],[-2.087631681218422,53.713443059439456],[-2.088059271995246,53.71336629234836],[-2.0884533389073177,53.71324162965536],[-2.0887987372826133,53.713073862477174],[-2.0890821933387542,53.712869438483395],[-2.0892928143351925,53.71263621404446],[-2.089422507126879,53.712383152244044],[-2.089466289041979,53.712119978371994]]],[[[-2.072917946351623,53.761093978333214],[-2.072874085366467,53.76083080610898],[-2.0727442176123523,53.76057774900113],[-2.072533335187415,53.76034453158511],[-2.072249543089071,53.760140115875416],[-2.071903747605899,53.75997235698134],[-2.0715092371467922,53.75984770131127],[-2.0710811716232223,53.75977093891273],[-2.070636,53.759745019454414],[-2.0701908283767776,53.75977093891273],[-2.069762762853207,53.75984770131127],[-2.0693682523941006,53.75997235698134],[-2.0690224569109286,53.760140115875416],[-2.0687386648125847,53.76034453158511],[-2.068527782387647,53.76057774900113],[-2.0683979146335325,53.76083080610898],[-2.068354053648376,53.761093978333214],[-2.0683978865815167,53.76135715220673],[-2.0685277305542806,53.76161021401134],[-2.0687385970890273,53.76184343845658],[-2.0690223836074786,53.76204786245778],[-2.0693681846705436,53.76221562964339],[-2.0697627110198407,53.762340292342685],[-2.0701908003247618,53.76241705943799],[-2.070636,53.76244298054559],[-2.0710811996752376,53.76241705943799],[-2.0715092889801587,53.762340292342685],[-2.071903815329456,53.76221562964339],[-2.072249616392521,53.76204786245778],[-2.072533402910972,53.76184343845658],[-2.0727442694457188,53.76161021401134],[-2.072874113418483,53.76135715220673],[-2.072917946351623,53.761093978333214]]],[[[-2.0643936362908515,53.718527978366936],[-2.0643498197288737,53.71826480614141],[-2.0642200834610205,53.71801174902991],[-2.0640094145290107,53.71777853160842],[-2.063725909723525,53.71757411589227],[-2.0633804642918254,53.71740635699174],[-2.0629863531913384,53.7172817013162],[-2.0625587209887284,53.71720493891401],[-2.062114,53.71717901945441],[-2.061669279011271,53.71720493891401],[-2.061241646808661,53.7172817013162],[-2.0608475357081737,53.71740635699174],[-2.0605020902764744,53.71757411589227],[-2.060218585470989,53.71777853160842],[-2.0600079165389786,53.71801174902991],[-2.0598781802711255,53.71826480614141],[-2.059834363709148,53.718527978366936],[-2.0598781522911276,53.71879115223916],[-2.0600078648386844,53.71904421404013],[-2.0602185179212986,53.7192774384799],[-2.060502017161216,53.71948186247464],[-2.0608474681584834,53.71964962965381],[-2.0612415951083665,53.719774292347616],[-2.061669251031273,53.71985105943928],[-2.062114,53.719876980545585],[-2.0625587489687263,53.71985105943928],[-2.062986404891633,53.719774292347616],[-2.063380531841516,53.71964962965381],[-2.0637259828387835,53.71948186247464],[-2.064009482078701,53.7192774384799],[-2.064220135161315,53.71904421404013],[-2.0643498477088715,53.71879115223916],[-2.0643936362908515,53.718527978366936]]],[[[-2.049164741140282,53.7388999783508],[-2.049120903331714,53.7386368061259],[-2.0489911041769813,53.738383749016144],[-2.048780333136171,53.73815053159727],[-2.0484966909250586,53.737946115884206],[-2.048151078071715,53.737778356986766],[-2.0477567759670983,53.737653701313846],[-2.047328936516943,53.737576938913406],[-2.046884,53.73755101945442],[-2.0464390634830574,53.737576938913406],[-2.046011224032902,53.737653701313846],[-2.0456169219282847,53.737778356986766],[-2.0452713090749417,53.737946115884206],[-2.044987666863829,53.73815053159727],[-2.0447768958230186,53.738383749016144],[-2.044647096668286,53.7386368061259],[-2.044603258859718,53.7388999783508],[-2.044647068653852,53.73916315222366],[-2.044776844059094,53.73941621402636],[-2.0449875992310016,53.73964943846875],[-2.0452712358696967,53.73985386246658],[-2.0456168542954574,53.74002162964884],[-2.0460111722689773,53.740146292345266],[-2.046439035468623,53.740223059438655],[-2.046884,53.74024898054559],[-2.0473289645313772,53.740223059438655],[-2.047756827731023,53.740146292345266],[-2.048151145704543,53.74002162964884],[-2.0484967641303036,53.73985386246658],[-2.0487804007689987,53.73964943846875],[-2.0489911559409064,53.73941621402636],[-2.0491209313461485,53.73916315222366],[-2.049164741140282,53.7388999783508]]],[[[-2.00013814307793,53.74630497834493],[-2.0000942975399774,53.746041806120246],[-1.9999644755073707,53.745788749011126],[-1.9997536673199854,53.745555531593205],[-1.9994699751215228,53.74535111588127],[-1.9991243013611824,53.74518335698495],[-1.9987299297703995,53.74505870131297],[-1.9983020149248227,53.74498193891317],[-1.997857,53.74495601945441],[-1.9974119850751773,53.74498193891317],[-1.9969840702296004,53.74505870131297],[-1.9965896986388179,53.74518335698495],[-1.9962440248784772,53.74535111588127],[-1.9959603326800146,53.745555531593205],[-1.9957495244926293,53.745788749011126],[-1.9956197024600228,53.746041806120246],[-1.99557585692207,53.74630497834493],[-1.9956196744330568,53.74656815221801],[-1.9957494727055496,53.74682121402136],[-1.9959602650169337,53.74705443846469],[-1.996243951640486,53.74725886246363],[-1.9965896309757367,53.74742662964701],[-1.99698401844252,53.747551292344404],[-1.9974119570482114,53.74762805943843],[-1.997857,53.747653980545586],[-1.9983020429517886,53.74762805943843],[-1.99872998155748,53.747551292344404],[-1.9991243690242633,53.74742662964701],[-1.9994700483595143,53.74725886246363],[-1.9997537349830663,53.74705443846469],[-1.9999645272944504,53.74682121402136],[-2.000094325566943,53.74656815221801],[-2.00013814307793,53.74630497834493]]]]}},{"type":"Feature","properties":{"species":"Struthiopteris spicant","locations":[],"common":false,"recordCount":103},"geometry":{"type":"MultiPolygon","coordinates":[[[[-2.1692436966423725,53.73807997835146],[-2.1691998596895132,53.73781680612653],[-2.169109190609018,53.73764003376439],[-2.169074839306152,53.73743380612681],[-2.1689450438671423,53.737180749016964],[-2.1687342788595143,53.73694753159794],[-2.168450644767126,53.73674311588468],[-2.1681050418060277,53.73657535698706],[-2.167710750987046,53.73645070131397],[-2.1672829237822815,53.73637393891343],[-2.166838,53.73634801945441],[-2.1663930762177186,53.73637393891343],[-2.165965249012954,53.73645070131397],[-2.1658767640345644,53.73647867598142],[-2.1658737875249563,53.73646080612756],[-2.1657439950910677,53.736207749017616],[-2.165533234962825,53.73597453159847],[-2.1652496074365213,53.73577011588508],[-2.164904012475857,53.73560235698731],[-2.164509730784225,53.735477701314096],[-2.1640819134830207,53.73540093891348],[-2.163637,53.73537501945442],[-2.16319208651698,53.73540093891348],[-2.1627642692157756,53.735477701314096],[-2.1623699875241433,53.73560235698731],[-2.1620243925634792,53.73577011588508],[-2.1617407650371754,53.73597453159847],[-2.1615300049089328,53.736207749017616],[-2.161400212475044,53.73646080612756],[-2.161356376937142,53.736723978352536],[-2.1614001844642914,53.73698715222532],[-2.1615299531518093,53.73724021402785],[-2.1617406974132347,53.73747343846994],[-2.162024319367853,53.73767786246744],[-2.1623699199002027,53.73784562964937],[-2.162764217458652,53.73797029234553],[-2.163114417923119,53.738033128466206],[-2.1630812951094014,53.73823197835134],[-2.1631251042075728,53.73849515222416],[-2.1632548775504783,53.73874821402682],[-2.163465629372876,53.738981438469104],[-2.16374926150357,53.73918586246685],[-2.1640948744360666,53.739353629648996],[-2.1644891861421747,53.739478292345346],[-2.1649170425411506,53.73955505943868],[-2.165362,53.7395809805456],[-2.16580695745885,53.73955505943868],[-2.1661698884755594,53.73948994142408],[-2.1663600428693597,53.73952405943868],[-2.1668050000000005,53.7395499805456],[-2.167249957130641,53.73952405943868],[-2.1676778132140235,53.73944729234534],[-2.1680721246292847,53.739322629648996],[-2.16841773730686,53.73915486246685],[-2.168701369228355,53.738950438469125],[-2.1687198385501656,53.73892999973504],[-2.168859363768664,53.738829438469196],[-2.1690701148289167,53.73859621402693],[-2.1691998877025602,53.73834315222428],[-2.1692436966423725,53.73807997835146]]],[[[-2.1536597462098666,53.77580697832153],[-2.1536158698431835,53.775543806097744],[-2.153485956561961,53.77529074899116],[-2.153275000215121,53.77505753157703],[-2.15299110864166,53.77485311586957],[-2.1526451919532126,53.774685356977734],[-2.15225054321624,53.774560701309554],[-2.15182232765535,53.77448393891228],[-2.151377,53.77445801945442],[-2.1509316723446505,53.77448393891228],[-2.1505034567837606,53.774560701309554],[-2.1501088080467876,53.774685356977734],[-2.1497628913583404,53.77485311586957],[-2.149478999784879,53.77505753157703],[-2.1492680434380396,53.77529074899116],[-2.149138130156817,53.775543806097744],[-2.1490942537901336,53.77580697832153],[-2.14913810207985,53.776070152195494],[-2.149267991558569,53.77632321400139],[-2.1494789320010845,53.7765564384485],[-2.1497628179896897,53.776760862451944],[-2.150108740262993,53.7769286296398],[-2.1505034049042897,53.77705329234098],[-2.1509316442676836,53.777130059437546],[-2.151377,53.77715598054559],[-2.151822355732317,53.777130059437546],[-2.1522505950957105,53.77705329234098],[-2.152645259737007,53.7769286296398],[-2.1529911820103105,53.776760862451944],[-2.1532750679989157,53.7765564384485],[-2.153486008441431,53.77632321400139],[-2.15361589792015,53.776070152195494],[-2.1536597462098666,53.77580697832153]]],[[[-2.145135763335795,53.73930897835047],[-2.1450919251004,53.739045806125574],[-2.1449621246823223,53.738792749015865],[-2.1447513515902306,53.73855953159705],[-2.1444677066187525,53.73835511588405],[-2.1441220904020466,53.738187356986664],[-2.1437277844603138,53.73806270131379],[-2.143299940846727,53.73798593891338],[-2.142855,53.73796001945441],[-2.1424100591532733,53.73798593891338],[-2.1419822155396866,53.73806270131379],[-2.1415879095979538,53.738187356986664],[-2.141242293381248,53.73835511588405],[-2.14095864840977,53.73855953159705],[-2.140747875317678,53.738792749015865],[-2.1406180748996,53.739045806125574],[-2.1405742366642055,53.73930897835047],[-2.1406180468844735,53.73957215222334],[-2.140747823552475,53.739825214026084],[-2.1409585807752722,53.74005843846851],[-2.141242220174195,53.7402628624664],[-2.141587841963456,53.74043062964872],[-2.141982163774483,53.740555292345206],[-2.142410031138147,53.740632059438646],[-2.142855,53.740657980545585],[-2.1432999688618533,53.740632059438646],[-2.1437278362255174,53.740555292345206],[-2.144122158036544,53.74043062964872],[-2.1444677798258054,53.7402628624664],[-2.144751419224728,53.74005843846851],[-2.1449621764475255,53.739825214026084],[-2.145091953115527,53.73957215222334],[-2.145135763335795,53.73930897835047]]],[[[-2.1434429916973814,53.780319978317955],[-2.143399110609894,53.78005680609431],[-2.143269183355775,53.77980374898811],[-2.143058204321284,53.779570531574564],[-2.1427742822175393,53.77936611586779],[-2.1424283283295233,53.77919835697663],[-2.142033637153169,53.77907370130903],[-2.141605375543759,53.778996938912144],[-2.14116,53.77897101945442],[-2.140714624456242,53.778996938912144],[-2.140286362846832,53.77907370130903],[-2.1398916716704774,53.77919835697663],[-2.1395457177824615,53.77936611586779],[-2.139261795678717,53.779570531574564],[-2.1390508166442257,53.77980374898811],[-2.1389208893901066,53.78005680609431],[-2.1388770083026194,53.780319978317955],[-2.13892086130548,53.78058315219205],[-2.139050764750603,53.780836213998334],[-2.1392617278764305,53.78106943844604],[-2.1395456443937957,53.781273862450156],[-2.139891603868192,53.7814416296387],[-2.1402863109532086,53.78156629234046],[-2.1407145963716157,53.78164305943742],[-2.14116,53.7816689805456],[-2.141605403628385,53.78164305943742],[-2.142033689046792,53.78156629234046],[-2.142428396131809,53.7814416296387],[-2.142774355606205,53.781273862450156],[-2.1430582721235703,53.78106943844604],[-2.143269235249398,53.780836213998334],[-2.143399138694521,53.78058315219205],[-2.1434429916973814,53.780319978317955]]],[[[-2.138922168392519,53.709892978373766],[-2.138878360828366,53.70962980614799],[-2.1387486511927967,53.70937674903574],[-2.138538025503363,53.709143531613144],[-2.1382545788884895,53.7089391158957],[-2.1379092043590378,53.70877135699385],[-2.1375151741478673,53.70864670131721],[-2.1370876297135815,53.70856993891427],[-2.136643,53.70854401945441],[-2.1361983702864182,53.70856993891427],[-2.1357708258521324,53.70864670131721],[-2.1353767956409615,53.70877135699385],[-2.1350314211115102,53.7089391158957],[-2.1347479744966362,53.709143531613144],[-2.1345373488072026,53.70937674903574],[-2.1344076391716333,53.70962980614799],[-2.13436383160748,53.709892978373766],[-2.134407611206215,53.710156152245744],[-2.1345372971338468,53.71040921404597],[-2.134747906982143,53.71064243848462],[-2.1350313480343495,53.710846862478064],[-2.135376728126469,53.71101462965592],[-2.1357707741787766,53.71113929234862],[-2.1361983423209994,53.711216059439536],[-2.136643,53.711241980545594],[-2.137087657679,53.711216059439536],[-2.137515225821223,53.71113929234862],[-2.137909271873531,53.71101462965592],[-2.1382546519656502,53.710846862478064],[-2.1385380930178566,53.71064243848462],[-2.138748702866153,53.71040921404597],[-2.138878388793785,53.710156152245744],[-2.138922168392519,53.709892978373766]]],[[[-2.135214954708872,53.70594797837689],[-2.1351711512539193,53.705684806151],[-2.1350414537809996,53.705431749038404],[-2.13483084783994,53.70519853161531],[-2.1345474278000314,53.70499411589726],[-2.1342020856508,53.704826356994815],[-2.133808092380826,53.70470170131766],[-2.1333805880292984,53.7046249389144],[-2.132936,53.70459901945442],[-2.1324914119707015,53.7046249389144],[-2.132063907619174,53.70470170131766],[-2.1316699143491995,53.704826356994815],[-2.131324572199968,53.70499411589726],[-2.13104115216006,53.70519853161531],[-2.1308305462190003,53.705431749038404],[-2.1307008487460806,53.705684806151],[-2.130677675563852,53.705824031195114],[-2.1302705999260056,53.705750938914356],[-2.129826,53.70572501945441],[-2.1293814000739943,53.705750938914356],[-2.128953884282835,53.70582770131753],[-2.1285598804698322,53.70595235699453],[-2.1282145290792758,53.7061201158968],[-2.1281061921510376,53.70619825143847],[-2.12807660459616,53.70619293891434],[-2.127632,53.70616701945441],[-2.1271873954038405,53.70619293891434],[-2.1267598751219565,53.70626970131747],[-2.1263658671701973,53.70639435699444],[-2.12602051215188,53.706562115896624],[-2.125737081550106,53.70676653161445],[-2.1255264677603196,53.706999749037344],[-2.1253967654535173,53.707252806149796],[-2.1253529603654178,53.70751597837564],[-2.1253967374921103,53.707779152247554],[-2.125526416094376,53.70803221404758],[-2.1257370140452982,53.70826543848592],[-2.126020439085202,53.708469862479],[-2.126365799665389,53.708637629656494],[-2.126759823456013,53.7087622923489],[-2.1271873674424335,53.708839059439605],[-2.127632,53.708864980545584],[-2.1280766325575673,53.708839059439605],[-2.128504176543988,53.7087622923489],[-2.128898200334612,53.708637629656494],[-2.129243560914799,53.708469862479],[-2.1293518488775747,53.70839175837867],[-2.129381372113333,53.708397059439605],[-2.129826,53.70842298054558],[-2.130270627886667,53.708397059439605],[-2.130698167381731,53.708320292348944],[-2.1310921870331763,53.7081956296566],[-2.1314375439854536,53.70802786247917],[-2.131720966048144,53.70782343848616],[-2.131931561786953,53.70759021404787],[-2.132061239027193,53.70733715224789],[-2.132084389225664,53.707197979309974],[-2.13249138401194,53.707271059439655],[-2.132936,53.70729698054559],[-2.1333806159880595,53.707271059439655],[-2.133808144041881,53.707194292349094],[-2.134202153149221,53.70706962965689],[-2.134547500859796,53.706901862479626],[-2.134830915338361,53.706697438486785],[-2.135041505442054,53.70646421404864],[-2.1351711792126804,53.70621115224875],[-2.135214954708872,53.70594797837689]]],[[[-2.133359485904158,53.73419597835452],[-2.133315653003859,53.73393280612947],[-2.1331858683769016,53.733679749019316],[-2.1329751209246943,53.733446531599846],[-2.13269151045626,53.733242115886064],[-2.1323459362797266,53.73307435698791],[-2.1319516782998127,53.73294970131438],[-2.1315238867268236,53.73287293891354],[-2.131079,53.73284701945441],[-2.1306341132731768,53.73287293891354],[-2.130206321700188,53.73294970131438],[-2.129812063720274,53.73307435698791],[-2.129466489543741,53.733242115886064],[-2.1291828790753065,53.733446531599846],[-2.128972131623099,53.733679749019316],[-2.1288423469961417,53.73393280612947],[-2.128798514095843,53.73419597835452],[-2.1288423189896637,53.73445915222724],[-2.1289720798738765,53.73471221402955],[-2.1291828114616878,53.73494543847131],[-2.1294664163592874,53.73514986246844],[-2.1298119961066555,53.73531762964997],[-2.130206269950965,53.7354422923458],[-2.130634085266699,53.7355190594388],[-2.131079,53.73554498054558],[-2.131523914733301,53.7355190594388],[-2.1319517300490354,53.7354422923458],[-2.1323460038933453,53.73531762964997],[-2.1326915836407134,53.73514986246844],[-2.132975188538313,53.73494543847131],[-2.1331859201261243,53.73471221402955],[-2.133315681010337,53.73445915222724],[-2.133359485904158,53.73419597835452]]],[[[-2.1283680626053845,53.79999297830233],[-2.12832416092399,53.79972980607926],[-2.128194172714883,53.79947674897477],[-2.127983094708404,53.79924353156376],[-2.1276990394201842,53.79903911585999],[-2.1273529232537904,53.79887135697181],[-2.126958046941043,53.79874670130674],[-2.1265295844508363,53.79866993891156],[-2.126084,53.798644019454414],[-2.1256384155491643,53.79866993891156],[-2.1252099530589574,53.79874670130674],[-2.1248150767462097,53.79887135697181],[-2.124468960579816,53.79903911585999],[-2.1241849052915964,53.79924353156376],[-2.123973827285117,53.79947674897477],[-2.123843839076011,53.79972980607926],[-2.123799937394616,53.79999297830233],[-2.1238438109579625,53.80025615217703],[-2.1239737753297385,53.800509213984995],[-2.124184837408623,53.800742438435236],[-2.1244688871038147,53.80094686244235],[-2.1248150088632363,53.801114629633865],[-2.1252099011035783,53.801239292338174],[-2.125638387431116,53.80131605943682],[-2.126084,53.801341980545594],[-2.1265296125688846,53.80131605943682],[-2.126958098896422,53.801239292338174],[-2.1273529911367643,53.801114629633865],[-2.127699112896186,53.80094686244235],[-2.127983162591377,53.800742438435236],[-2.1281942246702616,53.800509213984995],[-2.1283241890420377,53.80025615217703],[-2.1283680626053845,53.79999297830233]]],[[[-2.1208280111987396,53.70699097837606],[-2.12078420665747,53.706727806150184],[-2.120654505969206,53.7064747490377],[-2.1204438948074245,53.70624153161474],[-2.1201604677421004,53.70603711589685],[-2.1198151170327644,53.70586935699456],[-2.1194211139969363,53.705744701317535],[-2.1189935990490447,53.70566793891436],[-2.118549,53.70564201945441],[-2.118104400950955,53.70566793891436],[-2.1176768860030633,53.705744701317535],[-2.117282882967235,53.70586935699456],[-2.116937532257899,53.70603711589685],[-2.116654105192575,53.70624153161474],[-2.1164434940307935,53.7064747490377],[-2.11631379334253,53.706727806150184],[-2.11626998880126,53.70699097837606],[-2.1163137653820083,53.707254152247955],[-2.1164434423664873,53.70750721404792],[-2.116654037689906,53.7077404384862],[-2.116937459193536,53.70794486247921],[-2.1172828154645655,53.70811262965662],[-2.117676834338756,53.70823729234896],[-2.1181043729904334,53.708314059439616],[-2.118549,53.70833998054559],[-2.118993627009566,53.708314059439616],[-2.1194211656612434,53.70823729234896],[-2.119815184535434,53.70811262965662],[-2.1201605408064634,53.70794486247921],[-2.1204439623100937,53.7077404384862],[-2.1206545576335123,53.70750721404792],[-2.1207842346179913,53.707254152247955],[-2.1208280111987396,53.70699097837606]]],[[[-2.1194191624054244,53.728231978359254],[-2.119375335726104,53.72796880613403],[-2.119245569512358,53.72771574902336],[-2.119034851957499,53.727482531603115],[-2.1187512817212855,53.72727811588843],[-2.1184057565656307,53.72711035698938],[-2.1180115545115217,53.72698570131509],[-2.1175838236203925,53.72690893891372],[-2.117139,53.72688301945442],[-2.116694176379607,53.72690893891372],[-2.1162664454884776,53.72698570131509],[-2.115872243434369,53.72711035698938],[-2.115526718278714,53.72727811588843],[-2.1152431480425005,53.727482531603115],[-2.1150742059847762,53.7276695128487],[-2.11479376930982,53.727533356989284],[-2.114399563289806,53.72740870131504],[-2.113971828095502,53.72733193891372],[-2.113527,53.72730601945443],[-2.1130821719044977,53.72733193891372],[-2.1126544367101934,53.72740870131504],[-2.1122602306901794,53.727533356989284],[-2.1119147020582734,53.72770111588828],[-2.1116311289690444,53.727905531602886],[-2.111420409294054,53.72813874902308],[-2.111290641774559,53.72839180613371],[-2.111246814654087,53.728654978358925],[-2.1112906137774496,53.728918152231465],[-2.111375945486472,53.72908458946073],[-2.111349,53.729083019454414],[-2.110904153103556,53.72910893891365],[-2.1104763998306493,53.729185701314826],[-2.110082177148976,53.72931035698883],[-2.109736633912557,53.72947811588756],[-2.1094530488371706,53.72968253160191],[-2.1092423202550328,53.72991574902187],[-2.1091125472497936,53.73016880613234],[-2.1090687182759402,53.73043197835751],[-2.1091125192496807,53.73069515223011],[-2.1092422685175696,53.73094821403209],[-2.109452981238918,53.73118143847337],[-2.109736560744735,53.73138586246992],[-2.110082109550723,53.7315536296509],[-2.110476348093186,53.73167829234624],[-2.110904125103443,53.73175505943892],[-2.111349,53.73178098054559],[-2.1117938748965575,53.73175505943892],[-2.112221651906814,53.73167829234624],[-2.1126158904492773,53.7315536296509],[-2.1129614392552654,53.73138586246992],[-2.1132450187610825,53.73118143847337],[-2.1134557314824307,53.73094821403209],[-2.1135854807503196,53.73069515223011],[-2.11362928172406,53.73043197835751],[-2.1135854527502067,53.73016880613234],[-2.113500123623189,53.73000241449887],[-2.113527,53.7300039805456],[-2.1139718560926113,53.72997805943898],[-2.1143996150217186,53.72990129234647],[-2.114793836900821,53.72977662965135],[-2.115139371101699,53.729608862470634],[-2.115422938621956,53.72940443847437],[-2.1155918196432015,53.72921750696761],[-2.1158721758450945,53.72935362965144],[-2.1162663937578863,53.7294782923465],[-2.116694148383213,53.72955505943899],[-2.117139,53.72958098054559],[-2.1175838516167866,53.72955505943899],[-2.118011606242113,53.7294782923465],[-2.118405824154905,53.72935362965144],[-2.1187513548793895,53.72918586247081],[-2.1190349195467735,53.728981438474584],[-2.119245621242949,53.72874821403358],[-2.1193753637224986,53.72849515223179],[-2.1194191624054244,53.728231978359254]]],[[[-2.116976816199935,53.721846978364304],[-2.1169329961782513,53.72158380613889],[-2.1168032496701605,53.72133074902767],[-2.116592564111179,53.7210975316066],[-2.1163090369311335,53.72089311589095],[-2.11596356423719,53.72072535699093],[-2.115569422034385,53.72060070131581],[-2.115141756084447,53.720523938913914],[-2.114697,53.72049801945442],[-2.1142522439155536,53.720523938913914],[-2.1138245779656155,53.72060070131581],[-2.1134304357628104,53.72072535699093],[-2.113084963068867,53.72089311589095],[-2.1128014358888216,53.7210975316066],[-2.11259075032984,53.72133074902767],[-2.1124610038217493,53.72158380613889],[-2.1124171838000656,53.721846978364304],[-2.112460975836145,53.72211015223664],[-2.112590698619186,53.722363214037884],[-2.112801368325596,53.72259643847808],[-2.1130848899389587,53.72280086247333],[-2.1134303681995847,53.722968629652996],[-2.1138245262549615,53.723093292347244],[-2.1142522159299495,53.72317005943918],[-2.114697,53.72319598054558],[-2.115141784070051,53.72317005943918],[-2.115569473745039,53.723093292347244],[-2.115963631800416,53.722968629652996],[-2.116309110061042,53.72280086247333],[-2.1165926316744046,53.72259643847808],[-2.1168033013808145,53.722363214037884],[-2.1169330241638558,53.72211015223664],[-2.116976816199935,53.721846978364304]]],[[[-2.1166744978396053,53.73441597835435],[-2.116630664709784,53.734152806129316],[-2.116500879403473,53.73389974901918],[-2.116290130848207,53.73366653159973],[-2.11600651889541,53.733462115885985],[-2.1156609429102566,53.73329435698786],[-2.1152666828669666,53.73316970131436],[-2.1148388890551275,53.733092938913536],[-2.114394,53.73306701945442],[-2.1139491109448727,53.733092938913536],[-2.1135213171330336,53.73316970131436],[-2.1131270570897436,53.73329435698786],[-2.1127814811045904,53.733462115885985],[-2.112497869151793,53.73366653159973],[-2.112287120596527,53.73389974901918],[-2.1121573352902163,53.734152806129316],[-2.112113502160395,53.73441597835435],[-2.1121573072833666,53.734679152227066],[-2.1122870688466167,53.7349322140294],[-2.112497801537277,53.7351654384712],[-2.112781407919165,53.73536986246835],[-2.113126989475227,53.73553762964993],[-2.113521265383123,53.735662292345786],[-2.1139490829380225,53.7357390594388],[-2.114394,53.73576498054559],[-2.1148389170619777,53.7357390594388],[-2.115266734616877,53.735662292345786],[-2.1156610105247733,53.73553762964993],[-2.116006592080835,53.73536986246835],[-2.1162901984627234,53.7351654384712],[-2.1165009311533836,53.7349322140294],[-2.1166306927166336,53.734679152227066],[-2.1166744978396053,53.73441597835435]]],[[[-2.1100184962639066,53.78959197831059],[-2.1099746054734427,53.78932880608722],[-2.109844649499914,53.789075748981816],[-2.1096336238340117,53.788842531569465],[-2.1093496389793795,53.788638115864096],[-2.10900360863266,53.788470356974344],[-2.108608830227872,53.78834570130795],[-2.108180473971932,53.78826893891187],[-2.107735,53.788243019454406],[-2.1077024683813796,53.788244912274095],[-2.1075645898914326,53.78809253156988],[-2.1072806101139454,53.787888115864405],[-2.106934585953464,53.78772035697453],[-2.106539814606288,53.787595701308035],[-2.1061114660081546,53.78751893891189],[-2.105666,53.78749301945441],[-2.105220533991845,53.78751893891189],[-2.1047921853937113,53.787595701308035],[-2.104397414046536,53.78772035697453],[-2.104051389886054,53.787888115864405],[-2.103767410108567,53.78809253156988],[-2.1035563882155905,53.78832574898232],[-2.103426434565736,53.788578806087784],[-2.1033825445603354,53.78884197831118],[-2.1034264064666384,53.78910515218554],[-2.1035563362952283,53.78935821399255],[-2.1037673422713445,53.78959143844134],[-2.1040513164595733,53.78979586244677],[-2.104397346209313,53.7899636296366],[-2.104792133473349,53.790088292339455],[-2.1052205058927473,53.79016505943715],[-2.105666,53.79019098054559],[-2.105698472161494,53.79018909115041],[-2.1058363083256895,53.79034143844095],[-2.10612028759081,53.79054586244647],[-2.106466323527041,53.79071362963642],[-2.1068611178494105,53.79083829233938],[-2.1072894979276957,53.790915059437125],[-2.107735,53.79094098054559],[-2.108180502072304,53.790915059437125],[-2.108608882150589,53.79083829233938],[-2.1090036764729585,53.79071362963642],[-2.1093497124091893,53.79054586244647],[-2.1096336916743104,53.79034143844095],[-2.1098447014226305,53.79010821399204],[-2.109974633573814,53.78985515218497],[-2.1100184962639066,53.78959197831059]]],[[[-2.1082475275714727,53.71652197836852],[-2.108203713100201,53.716258806142946],[-2.1080739830205406,53.71600574903127],[-2.1078633241362397,53.715772531609524],[-2.107579832851741,53.71556811589307],[-2.107234403894664,53.715400356992234],[-2.1068403115893632,53.71527570131644],[-2.1064126997803236,53.71519893891407],[-2.105968,53.715173019454426],[-2.105523300219676,53.71519893891407],[-2.105095688410637,53.71527570131644],[-2.1047015961053357,53.715400356992234],[-2.1043561671482585,53.71556811589307],[-2.1040726758637605,53.715772531609524],[-2.1040465597913953,53.715801444337714],[-2.1040006730701295,53.715834531609495],[-2.103790013875299,53.71606774903123],[-2.1036602836043903,53.716320806142896],[-2.1036164690685046,53.71658397836847],[-2.1036602556276756,53.71684715224065],[-2.103789962181071,53.717100214041444],[-2.1040006055283653,53.717333438480956],[-2.1042840916658214,53.71753786247541],[-2.104629526696969,53.71770562965428],[-2.1050236354306797,53.71783029234785],[-2.1054512715875053,53.717907059439334],[-2.105896,53.71793298054559],[-2.106340728412494,53.717907059439334],[-2.10676836456932,53.71783029234785],[-2.1071624733030307,53.71770562965428],[-2.1075079083341786,53.71753786247541],[-2.1077913944716347,53.717333438480956],[-2.1078175079236785,53.71730452565131],[-2.1078633916777516,53.71727143848099],[-2.108074034714576,53.717038214041494],[-2.108203741076811,53.716785152240696],[-2.1082475275714727,53.71652197836852]]],[[[-2.1074069750254214,53.79838497830361],[-2.1073630750282177,53.798121806080495],[-2.107233091804073,53.797868748975866],[-2.107022021891626,53.79763553156464],[-2.1067379774953707,53.79743111586061],[-2.10639187460027,53.7972633569722],[-2.105997013428168,53.797138701306935],[-2.1055685673661997,53.797061938911604],[-2.105123,53.79703601945442],[-2.1046774326338005,53.797061938911604],[-2.1042489865718323,53.797138701306935],[-2.1038541253997303,53.7972633569722],[-2.1035080225046294,53.79743111586061],[-2.103223978108374,53.79763553156464],[-2.1030129081959266,53.797868748975866],[-2.1028829249717824,53.798121806080495],[-2.1028390249745788,53.79838497830361],[-2.1028828968564675,53.79864815217826],[-2.1030128562455994,53.798901213986085],[-2.1032239102320007,53.79913443843612],[-2.1035079490357718,53.79933886244298],[-2.1038540575233564,53.799506629634266],[-2.104248934621505,53.799631292338354],[-2.104677404518486,53.79970805943687],[-2.105123,53.7997339805456],[-2.105568595481514,53.79970805943687],[-2.105997065378495,53.799631292338354],[-2.1063919424766433,53.799506629634266],[-2.106738050964228,53.79933886244298],[-2.1070220897679994,53.79913443843612],[-2.1072331437544007,53.798901213986085],[-2.1073631031435323,53.79864815217826],[-2.1074069750254214,53.79838497830361]]],[[[-2.1062696344032608,53.73693297835235],[-2.1062257986472788,53.73666980612739],[-2.1060960055679065,53.736416749017465],[-2.1058852443915983,53.736183531598336],[-2.1056016154549346,53.73597911588498],[-2.10525601877582,53.735811356987234],[-2.104861735123682,53.73568670131406],[-2.1044339156952465,53.73560993891344],[-2.103989,53.735584019454414],[-2.1035440843047533,53.73560993891344],[-2.1031162648763178,53.73568670131406],[-2.10272198122418,53.735811356987234],[-2.102376384545065,53.73597911588498],[-2.1020927556084015,53.736183531598336],[-2.1018819944320937,53.736416749017465],[-2.101752201352721,53.73666980612739],[-2.101708365596739,53.73693297835235],[-2.1017521733416142,53.737196152225145],[-2.101881942674317,53.737449214027684],[-2.1020926879836073,53.73768243846982],[-2.1023763113485154,53.73788686246736],[-2.1027219135993858,53.738054629649305],[-2.1031162131185406,53.738179292345485],[-2.1035440562936465,53.73825605943872],[-2.103989,53.73828198054557],[-2.1044339437063533,53.73825605943872],[-2.104861786881459,53.738179292345485],[-2.105256086400614,53.738054629649305],[-2.1056016886514843,53.73788686246736],[-2.1058853120163925,53.73768243846982],[-2.106096057325683,53.737449214027684],[-2.106225826658386,53.737196152225145],[-2.1062696344032608,53.73693297835235]]],[[[-2.1045750009708475,53.725254978361605],[-2.1045311773959634,53.724991806136295],[-2.1044014203709054,53.72473874902536],[-2.1041907177356274,53.72450553160475],[-2.1039071675763754,53.724301115889624],[-2.1035616668834582,53.7241333569901],[-2.103167492737832,53.72400870131543],[-2.102739792128584,53.723931938913815],[-2.102295,53.72390601945441],[-2.101850207871415,53.723931938913815],[-2.1014225072621677,53.72400870131543],[-2.1010283331165414,53.7241333569901],[-2.100682832423624,53.724301115889624],[-2.1003992822643722,53.72450553160475],[-2.100188579629094,53.72473874902536],[-2.1000588226040358,53.724991806136295],[-2.1000149990291517,53.725254978361605],[-2.100058794612673,53.725518152234045],[-2.1001885279078003,53.72577121403559],[-2.1003992146872443,53.72600443847621],[-2.1006827592786683,53.726208862471985],[-2.1010282655394135,53.726376629652165],[-2.1014224555408734,53.72650129234684],[-2.1018501798800524,53.72657805943907],[-2.102295,53.7266039805456],[-2.102739820119947,53.72657805943907],[-2.1031675444591262,53.72650129234684],[-2.103561734460586,53.726376629652165],[-2.1039072407213313,53.726208862471985],[-2.104190785312755,53.72600443847621],[-2.1044014720921993,53.72577121403559],[-2.1045312053873264,53.725518152234045],[-2.1045750009708475,53.725254978361605]]],[[[-2.1028571401162908,53.727820978359574],[-2.1028133138655978,53.72755780613434],[-2.102683548920526,53.72730474902364],[-2.1024728334256,53.727071531603336],[-2.102189265961396,53.726867115888595],[-2.1018437441832902,53.72669935698948],[-2.1014495459824816,53.72657470131512],[-2.1010218192723453,53.72649793891373],[-2.100577,53.72647201945441],[-2.1001321807276545,53.72649793891373],[-2.0997044540175187,53.72657470131512],[-2.09931025581671,53.72669935698948],[-2.098964734038604,53.726867115888595],[-2.0986811665743996,53.727071531603336],[-2.098470451079474,53.72730474902364],[-2.098340686134402,53.72755780613434],[-2.098296859883709,53.727820978359574],[-2.0983406581387025,53.728084152232086],[-2.0984703993501665,53.72833721403386],[-2.098681098986802,53.72857043847482],[-2.0989646608823156,53.728774862470964],[-2.0993101882291123,53.72894262965154],[-2.0997044022882108,53.72906729234655],[-2.1001321527319545,53.729144059439],[-2.100577,53.72916998054559],[-2.1010218472680453,53.729144059439],[-2.101449597711789,53.72906729234655],[-2.1018438117708875,53.72894262965154],[-2.1021893391176847,53.728774862470964],[-2.102472901013198,53.72857043847482],[-2.1026836006498333,53.72833721403386],[-2.1028133418612973,53.728084152232086],[-2.1028571401162908,53.727820978359574]]],[[[-2.1007824855405595,53.789394978310746],[-2.1007385949563093,53.78913180608737],[-2.1006086395931423,53.78887874898195],[-2.1003976149182786,53.78864553156958],[-2.100113631397266,53.78844111586418],[-2.0997676026754912,53.78827335697441],[-2.0993728261245344,53.788148701307975],[-2.0989444718800785,53.78807193891187],[-2.098499,53.78804601945442],[-2.0980535281199213,53.78807193891187],[-2.097625173875465,53.788148701307975],[-2.097230397324508,53.78827335697441],[-2.096884368602734,53.78844111586418],[-2.0966003850817208,53.78864553156958],[-2.096389360406857,53.78887874898195],[-2.096380484775144,53.788896032159926],[-2.096365358697068,53.78891274898193],[-2.09623540322856,53.78916580608734],[-2.0961915126087196,53.78942897831072],[-2.0962353751284653,53.78969215218509],[-2.0963653067748633,53.78994521399215],[-2.0965763157033432,53.79017843844103],[-2.0968602938650664,53.79038286244653],[-2.097206328456743,53.79055062963645],[-2.097601121245074,53.790675292339394],[-2.098029499658798,53.79075205943713],[-2.098475,53.790777980545585],[-2.0989205003412024,53.79075205943713],[-2.0993488787549266,53.790675292339394],[-2.0997436715432576,53.79055062963645],[-2.100089706134934,53.79038286244653],[-2.1003736842966574,53.79017843844103],[-2.1005846932251373,53.78994521399215],[-2.1005935671056126,53.789927930749066],[-2.1006086915152404,53.78991121399218],[-2.1007386230563463,53.789658152185126],[-2.1007824855405595,53.789394978310746]]],[[[-2.1002123018941923,53.74922997834261],[-2.1001684533021536,53.74896680611802],[-2.10003862222989,53.74871374900915],[-2.099827799364904,53.7484805315916],[-2.0995440874151092,53.74827611588012],[-2.0991983895887927,53.74810835698423],[-2.0988039905421774,53.747983701312634],[-2.098376045905863,53.74790693891308],[-2.097931,53.74788101945441],[-2.0974859540941373,53.74790693891308],[-2.097058009457823,53.747983701312634],[-2.0966636104112073,53.74810835698423],[-2.096317912584891,53.74827611588012],[-2.0960342006350965,53.7484805315916],[-2.0958233777701105,53.74871374900915],[-2.095693546697847,53.74896680611802],[-2.095649698105808,53.74922997834261],[-2.095693518665929,53.74949315221576],[-2.09582332597388,53.74974621401937],[-2.0960341329600602,53.74997943846307],[-2.0963178393339597,53.75018386246248],[-2.096663542736171,53.75035162964629],[-2.097057957661592,53.750476292344054],[-2.0974859260622196,53.75055305943833],[-2.097931,53.750578980545576],[-2.098376073937781,53.75055305943833],[-2.098804042338408,53.750476292344054],[-2.099198457263829,53.75035162964629],[-2.0995441606660408,53.75018386246248],[-2.09982786703994,53.74997943846307],[-2.10003867402612,53.74974621401937],[-2.1001684813340713,53.74949315221576],[-2.1002123018941923,53.74922997834261]]],[[[-2.0971769704983787,53.724692978362064],[-2.0971331475094894,53.724429806136726],[-2.0970033922188924,53.72417674902576],[-2.0967926923998417,53.72394353160506],[-2.096509146030327,53.72373911588984],[-2.0961636499550083,53.72357135699024],[-2.0957694810774004,53.723446701315495],[-2.0953417861841754,53.723369938913834],[-2.094897,53.72334401945443],[-2.094452213815824,53.723369938913834],[-2.094024518922599,53.723446701315495],[-2.0936303500449918,53.72357135699024],[-2.093284853969673,53.72373911588984],[-2.093001307600158,53.72394353160506],[-2.0929345913836945,53.72401737781904],[-2.0928113354359543,53.72405635699012],[-2.0924658353757066,53.724224115889655],[-2.092182285735696,53.72442853160479],[-2.0919715834862775,53.72466174902542],[-2.0918418266988623,53.72491480613635],[-2.091798003204267,53.72517797836167],[-2.09184179870763,53.72544115223411],[-2.091971531765224,53.725694214035634],[-2.092182218158883,53.725927438476255],[-2.0924657622310905,53.726131862472016],[-2.0928112678591404,53.72629962965219],[-2.093205457138741,53.726424292346856],[-2.093633180694642,53.72650105943907],[-2.094078,53.726526980545586],[-2.094522819305358,53.72650105943907],[-2.0949505428612594,53.726424292346856],[-2.0952871017015555,53.72631785532759],[-2.0956245393957804,53.72625729234688],[-2.096018727109802,53.72613262965223],[-2.0963642313656523,53.725964862472075],[-2.096647774311776,53.72576043847635],[-2.0968584598687388,53.72552721403576],[-2.096988192411168,53.72527415223424],[-2.096997995164275,53.72521524575895],[-2.0970034439384317,53.72520921403598],[-2.0971331754999025,53.7249561522345],[-2.0971769704983787,53.724692978362064]]],[[[-2.0971011615377106,53.72821597835927],[-2.097057334875077,53.72795280613405],[-2.0969275687107203,53.72769974902338],[-2.096716851236054,53.72746653160312],[-2.0964332811077546,53.72726211588845],[-2.0960877560835875,53.72709435698939],[-2.0956935541794874,53.726969701315085],[-2.0952658234511237,53.72689293891373],[-2.094821,53.72686701945442],[-2.0943761765488764,53.72689293891373],[-2.0939484458205126,53.726969701315085],[-2.0935542439164125,53.72709435698939],[-2.093208718892245,53.72726211588845],[-2.0929251487639458,53.72746653160312],[-2.09271443128928,53.72769974902338],[-2.092584665124923,53.72795280613405],[-2.092540838462289,53.72821597835927],[-2.0925846371285557,53.7284791522318],[-2.0927143795587386,53.72873221403359],[-2.0929250811747364,53.72896543847461],[-2.093208645734212,53.72916986247081],[-2.093554176327203,53.72933762965145],[-2.0939483940899715,53.72946229234651],[-2.0943761485525094,53.72953905943899],[-2.094821,53.729564980545604],[-2.0952658514474907,53.72953905943899],[-2.095693605910028,53.72946229234651],[-2.096087823672797,53.72933762965145],[-2.096433354265788,53.72916986247081],[-2.0967169188252632,53.72896543847461],[-2.0969276204412615,53.72873221403359],[-2.0970573628714444,53.7284791522318],[-2.0971011615377106,53.72821597835927]]],[[[-2.0939643290220142,53.73130397835681],[-2.0939204991386067,53.73104080613169],[-2.0937907234412174,53.730787749021275],[-2.0935799904878616,53.73055453160143],[-2.093296399530221,53.73035011588723],[-2.09295084912658,53.730182356988614],[-2.0925566182681328,53.73005770131473],[-2.09212885612308,53.72998093891363],[-2.091684,53.72995501945441],[-2.09123914387692,53.72998093891363],[-2.0912159199073446,53.72998510648126],[-2.0911501437922695,53.72998893891363],[-2.0907223815658194,53.73006570131472],[-2.0903281506323537,53.73019035698862],[-2.089982600162956,53.73035811588721],[-2.0896990091513485,53.73056253160142],[-2.089488276157889,53.730795749021276],[-2.0893585004358,53.73104880613168],[-2.089314670544048,53.731311978356814],[-2.0893584724341996,53.73157515222944],[-2.089488224417677,53.7318282140315],[-2.0896989415495035,53.73206143847291],[-2.089982526991246,53.73226586246958],[-2.0903280830305087,53.732433629650686],[-2.090722329825607,53.73255829234615],[-2.0911501157906685,53.7326350594389],[-2.091595,53.73266098054559],[-2.0920398842093317,53.7326350594389],[-2.0920631080480914,53.732630891872105],[-2.092128884124668,53.73262705943888],[-2.09255667000832,53.73255029234614],[-2.0929509167283924,53.732425629650685],[-2.093296472701896,53.732257862469595],[-2.093580058089674,53.7320534384729],[-2.0937907751814047,53.7318202140315],[-2.0939205271401944,53.73156715222944],[-2.0939643290220142,53.73130397835681]]],[[[-2.0936787858421533,53.72128697836475],[-2.0936349664042586,53.721023806139314],[-2.0935052216241017,53.720770749028055],[-2.093294538870748,53.72053753160692],[-2.093011015466176,53.72033311589118],[-2.092665547372452,53.72016535699107],[-2.0922714104178386,53.72004070131588],[-2.0918437501624103,53.719963938913935],[-2.0916342958098912,53.7199517321874],[-2.091511417353011,53.71992967621085],[-2.091353407078154,53.71987970131589],[-2.0909257484598616,53.71980293891392],[-2.090481,53.71977701945442],[-2.090036251540138,53.71980293891392],[-2.0896085929218455,53.71987970131589],[-2.0892144574760545,53.72000435699111],[-2.0888689907048645,53.720172115891245],[-2.088585468385718,53.720376531606995],[-2.088374786438965,53.720609749028156],[-2.0882450421555774,53.72086280613943],[-2.0882012228855187,53.721125978364874],[-2.088245014171191,53.721389152237194],[-2.0883747347305612,53.721642214038376],[-2.088585400825433,53.72187543847848],[-2.088868917578139,53.722079862473606],[-2.089214389915769,53.72224762965317],[-2.089218140096632,53.72224881576534],[-2.0890423782833567,53.72237553160591],[-2.0888316863211758,53.72260874902681],[-2.0887019358694756,53.722861806137914],[-2.0886581145154275,53.7231249783633],[-2.0887019078817124,53.72338815223568],[-2.0888316346065317,53.72364121403703],[-2.0890423107149183,53.72387443847738],[-2.0893258409445,53.72407886247282],[-2.0896713297044958,53.72424662965269],[-2.090065499738883,53.7243712923471],[-2.090493202412107,53.72444805943915],[-2.090938,53.724473980545596],[-2.091382797587893,53.72444805943915],[-2.0918105002611167,53.7243712923471],[-2.092204670295504,53.72424662965269],[-2.0925501590555,53.72407886247282],[-2.0928336892850816,53.72387443847738],[-2.093044365393468,53.72364121403703],[-2.0931740921182875,53.72338815223568],[-2.093217885484572,53.7231249783633],[-2.0931740641305243,53.722861806137914],[-2.093044313678824,53.72260874902681],[-2.092833621716643,53.72237553160591],[-2.0927934345076666,53.72234655855499],[-2.093011088593612,53.722240862473555],[-2.0932946064316895,53.72203643847838],[-2.0935052733330073,53.721803214038275],[-2.093634994388917,53.72155015223707],[-2.0936787858421533,53.72128697836475]]],[[[-2.090443237410477,53.711166978372766],[-2.090399428519088,53.71090380614703],[-2.0902697149550886,53.71065074903489],[-2.0900590828871026,53.71041753161246],[-2.0897756276887463,53.71021311589519],[-2.0894302427007654,53.71004535699355],[-2.08903620055791,53.70992070131706],[-2.0886086431772424,53.70984393891423],[-2.088164,53.70981801945442],[-2.087719356822758,53.70984393891423],[-2.0872917994420903,53.70992070131706],[-2.086897757299235,53.71004535699355],[-2.086552372311254,53.71021311589519],[-2.0862689171128976,53.71041753161246],[-2.086058285044911,53.71065074903489],[-2.0859285714809124,53.71090380614703],[-2.085884762589523,53.711166978372766],[-2.0859285435133432,53.71143015224478],[-2.086058233367582,53.71168321404512],[-2.086268849593213,53.711916438483925],[-2.086552299228474,53.712120862477555],[-2.0868976897795504,53.71228862965561],[-2.0872917477647612,53.71241329234848],[-2.0877193288551887,53.71249005943951],[-2.088164,53.7125159805456],[-2.088608671144811,53.71249005943951],[-2.089036252235239,53.71241329234848],[-2.0894303102204494,53.71228862965561],[-2.089775700771526,53.712120862477555],[-2.0900591504067867,53.711916438483925],[-2.090269766632418,53.71168321404512],[-2.090399456486657,53.71143015224478],[-2.090443237410477,53.711166978372766]]],[[[-2.0876636871322476,53.719465978366195],[-2.087619869592574,53.71920280614071],[-2.087490130430882,53.71894974902928],[-2.087317836631477,53.71875901839307],[-2.087381839362826,53.71863415223928],[-2.0874256277814327,53.718370978367055],[-2.0873818113830933,53.71810780614153],[-2.0872520755995874,53.717854749030025],[-2.087041407454007,53.71762153160851],[-2.0867579037068036,53.71741711589233],[-2.0864124595645657,53.71724935699178],[-2.08601834993517,53.717124701316216],[-2.085590719328756,53.717047938914014],[-2.085146,53.717022019454404],[-2.084701280671244,53.717047938914014],[-2.08427365006483,53.717124701316216],[-2.083879540435434,53.71724935699178],[-2.083534096293196,53.71741711589233],[-2.0832505925459928,53.71762153160851],[-2.0830399244004125,53.717854749030025],[-2.0829101886169066,53.71810780614153],[-2.082866372218567,53.718370978367055],[-2.082910160637174,53.71863415223928],[-2.0830398727006076,53.71888721404024],[-2.0832121447761853,53.719077945681946],[-2.0831481304074257,53.71920280614071],[-2.083104312867752,53.719465978366195],[-2.0831481024258434,53.71972915223845],[-2.0832778178658957,53.719982214039504],[-2.083488475646311,53.720215438479386],[-2.08377198120885,53.72041986247427],[-2.084117439910605,53.72058762965358],[-2.0845115756507426,53.72071229234752],[-2.0849392411118166,53.72078905943924],[-2.085384,53.7208149805456],[-2.085828758888183,53.72078905943924],[-2.086256424349257,53.72071229234752],[-2.086650560089395,53.72058762965358],[-2.0869960187911496,53.72041986247427],[-2.087279524353689,53.720215438479386],[-2.087490182134104,53.719982214039504],[-2.0876198975741564,53.71972915223845],[-2.0876636871322476,53.719465978366195]]],[[[-2.0845082577505893,53.729989978357864],[-2.084464429237753,53.72972680613269],[-2.084334657597059,53.72947374902217],[-2.0841239312305193,53.72924053160215],[-2.083840349136616,53.72903611588775],[-2.0834948095329793,53.72886835698894],[-2.0831075437081976,53.72874589982907],[-2.0831863688820347,53.72859215223172],[-2.083230167665958,53.72832897835918],[-2.0831863408854763,53.728065806133955],[-2.0830565743723057,53.72781274902329],[-2.0828458563312746,53.72757953160307],[-2.0825622854408308,53.72737511588841],[-2.0822167594880288,53.727207356989354],[-2.0818225565244894,53.72708270131508],[-2.0813948246465896,53.72700593891373],[-2.08095,53.726980019454416],[-2.080505175353411,53.72700593891373],[-2.080077443475511,53.72708270131508],[-2.079683240511972,53.727207356989354],[-2.07933771455917,53.72737511588841],[-2.079054143668726,53.72757953160307],[-2.078843425627695,53.72781274902329],[-2.0787136591145243,53.728065806133955],[-2.0786698323340427,53.72832897835918],[-2.078713631117966,53.72859215223172],[-2.0788433738968006,53.72884521403353],[-2.0790540760790552,53.72907843847454],[-2.079337641400638,53.72928286247076],[-2.079683172922301,53.729450629651424],[-2.0800704027743704,53.72957308224434],[-2.079991570762248,53.72972680613269],[-2.0799477422494115,53.729989978357864],[-2.079991542762882,53.73025315223044],[-2.0801212906668596,53.730506214032395],[-2.0803320011730326,53.73073943847362],[-2.0806155776975155,53.73094386247011],[-2.080961122870572,53.73111162965102],[-2.081355357268127,53.7312362923463],[-2.081783129780809,53.73131305943893],[-2.082228,53.731338980545594],[-2.082672870219192,53.73131305943893],[-2.083100642731874,53.7312362923463],[-2.0834948771294286,53.73111162965102],[-2.0838404223024853,53.73094386247011],[-2.084123998826968,53.73073943847362],[-2.0843347093331412,53.730506214032395],[-2.084464457237119,53.73025315223044],[-2.0845082577505893,53.729989978357864]]],[[[-2.0795681995420394,53.71046797837332],[-2.0795243913788717,53.71020480614755],[-2.0793946799703042,53.70995174903536],[-2.079184051402071,53.70971853161284],[-2.0789006009132582,53.70951411589547],[-2.0785552216636125,53.70934635699372],[-2.078161186067376,53.70922170131714],[-2.077733635790066,53.709144938914264],[-2.077289,53.70911901945443],[-2.0768443642099332,53.709144938914264],[-2.0764168139326236,53.70922170131714],[-2.076022778336387,53.70934635699372],[-2.075677399086741,53.70951411589547],[-2.0753981836710373,53.709715477409226],[-2.0755013546836505,53.709514152246236],[-2.07554513361468,53.70925097837427],[-2.075501326719315,53.70898780614847],[-2.0754711869752622,53.70892900409447],[-2.07546932300034,53.70891780614854],[-2.0753396155601194,53.70866474903624],[-2.0751289934352526,53.70843153161355],[-2.0748455516171393,53.70822711589598],[-2.0745001829322924,53.708059356994035],[-2.0741061593889794,53.70793470131729],[-2.0736786221896004,53.7078579389143],[-2.073234,53.707832019454415],[-2.072789377810399,53.7078579389143],[-2.0723618406110207,53.70793470131729],[-2.0719678170677076,53.708059356994035],[-2.0716224483828607,53.70822711589598],[-2.071339006564747,53.70843153161355],[-2.0711283844398807,53.70866474903624],[-2.07099867699966,53.70891780614854],[-2.0709548701772142,53.70918097837434],[-2.070998649035443,53.7094441522463],[-2.071028782480944,53.70950295394616],[-2.071030645316349,53.709514152246236],[-2.071160329265382,53.709767214046394],[-2.071370935900168,53.71000043848497],[-2.0716543726274113,53.710204862478314],[-2.071999747449309,53.71037262965608],[-2.0723937874886804,53.7104972923487],[-2.0728213491063614,53.71057405943955],[-2.073266,53.71059998054559],[-2.0737106508936387,53.71057405943955],[-2.0741382125113197,53.7104972923487],[-2.074532252550691,53.71037262965608],[-2.0748776273725884,53.710204862478314],[-2.0751567786163205,53.71000352931819],[-2.075053608621128,53.71020480614755],[-2.0750098004579605,53.71046797837332],[-2.075053580654739,53.710731152245316],[-2.0751832683545466,53.71098421404558],[-2.0753938810810926,53.71121743848431],[-2.0756773260070447,53.711421862477835],[-2.0760227108195513,53.71158962965579],[-2.0764167622574745,53.711714292348574],[-2.0768443362435445,53.71179105943952],[-2.077289,53.71181698054559],[-2.0777336637564554,53.71179105943952],[-2.078161237742525,53.711714292348574],[-2.078555289180448,53.71158962965579],[-2.0789006739929548,53.711421862477835],[-2.0791841189189073,53.71121743848431],[-2.0793947316454533,53.71098421404558],[-2.0795244193452604,53.710731152245316],[-2.0795681995420394,53.71046797837332]]],[[[-2.0793378947845493,53.76014497833396],[-2.0792940347910442,53.75988180610969],[-2.079164169972074,53.75962874900177],[-2.0789532923129013,53.759395531585625],[-2.0786695066277443,53.759191115875794],[-2.0783237189587087,53.75902335698157],[-2.077929217414413,53.75889870131137],[-2.0775011615637893,53.75882193891275],[-2.077056,53.758796019454415],[-2.0766108384362103,53.75882193891275],[-2.0761827825855863,53.75889870131137],[-2.0757882810412904,53.75902335698157],[-2.075442493372255,53.759191115875794],[-2.075158707687098,53.759395531585625],[-2.0749478300279254,53.75962874900177],[-2.0748179652089553,53.75988180610969],[-2.07477410521545,53.76014497833396],[-2.074817937158548,53.76040815220746],[-2.0749477781975307,53.760661214011996],[-2.075158639967424,53.7608944384571],[-2.0754424200730077,53.76109886245817],[-2.0757882133216166,53.76126662964363],[-2.0761827307551917,53.7613912923428],[-2.076610810385803,53.76146805943802],[-2.077056,53.761493980545595],[-2.0775011896141966,53.76146805943802],[-2.0779292692448075,53.7613912923428],[-2.078323786678383,53.76126662964363],[-2.078669579926992,53.76109886245817],[-2.0789533600325756,53.7608944384571],[-2.079164221802469,53.760661214011996],[-2.0792940628414516,53.76040815220746],[-2.0793378947845493,53.76014497833396]]],[[[-2.077733291541435,53.730612978357364],[-2.0776894623787903,53.73034980613221],[-2.0775596888147563,53.73009674902175],[-2.077348959325309,53.729863531601815],[-2.077065373028976,53.729659115887486],[-2.0767198283048955,53.729491356988795],[-2.0763256039260147,53.7293667013148],[-2.0758978488115662,53.72928993891365],[-2.075453,53.72926401945442],[-2.0750081511884337,53.72928993891365],[-2.074580396073985,53.7293667013148],[-2.074186171695104,53.729491356988795],[-2.0738406269710237,53.729659115887486],[-2.0735570406746904,53.729863531601815],[-2.0733463111852433,53.73009674902175],[-2.0732165376212097,53.73034980613221],[-2.0731727084585647,53.730612978357364],[-2.07321650962079,53.73087615222997],[-2.0733462594472147,53.73112921403197],[-2.0735569730756986,53.731362438473276],[-2.0738405538024023,53.73156686246986],[-2.0741861040961123,53.73173462965086],[-2.074580344335956,53.73185929234622],[-2.0750081231880144,53.73193605943891],[-2.075453,53.73196198054559],[-2.075897876811985,53.73193605943891],[-2.0763256556640437,53.73185929234622],[-2.0767198959038877,53.73173462965086],[-2.0770654461975973,53.73156686246986],[-2.077349026924301,53.731362438473276],[-2.077559740552785,53.73112921403197],[-2.0776894903792096,53.73087615222997],[-2.077733291541435,53.730612978357364]]],[[[-2.077526761394043,53.72083597836511],[-2.0774829424262933,53.720572806139664],[-2.077353199037697,53.720319749028356],[-2.077142518543807,53.72008653160716],[-2.076858998179747,53.71988211589137],[-2.0765135337907292,53.71971435699119],[-2.076119401062656,53.71958970131593],[-2.0756917453932013,53.719512938913944],[-2.075247,53.71948701945442],[-2.0748022546067983,53.719512938913944],[-2.0743745989373443,53.71958970131593],[-2.0739804662092705,53.71971435699119],[-2.0736350018202527,53.71988211589137],[-2.0733514814561933,53.72008653160716],[-2.0731408009623027,53.720319749028356],[-2.073011057573707,53.720572806139664],[-2.0729672386059566,53.72083597836511],[-2.0730110295898103,53.721099152237414],[-2.073140749254805,53.72135221403858],[-2.073351413897091,53.72158543847864],[-2.0736349286948075,53.72178986247374],[-2.073980398650168,53.72195762965325],[-2.0743745472298456,53.72208229234736],[-2.074802226622902,53.722159059439214],[-2.075247,53.7221849805456],[-2.075691773377098,53.722159059439214],[-2.076119452770154,53.72208229234736],[-2.076513601349832,53.72195762965325],[-2.0768590713051926,53.72178986247374],[-2.077142586102909,53.72158543847864],[-2.077353250745195,53.72135221403858],[-2.07748297041019,53.721099152237414],[-2.077526761394043,53.72083597836511]]],[[[-2.072762768115852,53.72095997836501],[-2.0727189490188396,53.72069680613956],[-2.072589205247645,53.72044374902826],[-2.072378524132534,53.72021053160709],[-2.07209500293251,53.72000611589131],[-2.0717495375249135,53.71983835699115],[-2.071355403634787,53.71971370131592],[-2.0709277467044567,53.71963693891394],[-2.070483,53.71961101945442],[-2.070038253295543,53.71963693891394],[-2.0696105963652127,53.71971370131592],[-2.069216462475086,53.71983835699115],[-2.06887099706749,53.72000611589131],[-2.068587475867466,53.72021053160709],[-2.068376794752355,53.72044374902826],[-2.06824705098116,53.72069680613956],[-2.068203231884148,53.72095997836501],[-2.0682058935635808,53.720975974407054],[-2.0682022298242293,53.72099797836498],[-2.068246020976684,53.72126115223729],[-2.0683757411412937,53.721514214038464],[-2.0685864065950206,53.72174743847855],[-2.0688699224848306,53.72195186247366],[-2.0692153937709716,53.7221196296532],[-2.0696095438689714,53.72224429234734],[-2.0700372249095356,53.722321059439196],[-2.070482,53.722346980545595],[-2.070926775090465,53.722321059439196],[-2.0713544561310293,53.72224429234734],[-2.071748606229029,53.7221196296532],[-2.0720940775151697,53.72195186247366],[-2.0723775934049797,53.72174743847855],[-2.072588258858707,53.721514214038464],[-2.072717979023316,53.72126115223729],[-2.0727617701757715,53.72099797836498],[-2.0727591067594164,53.720981982221204],[-2.072762768115852,53.72095997836501]]],[[[-2.068876005417095,53.725336978361554],[-2.0688321817567084,53.72507380613624],[-2.068702424478574,53.72482074902531],[-2.06849172143238,53.724587531604705],[-2.0682081707201663,53.72438311588959],[-2.067862669353494,53.724215356990086],[-2.0674684944392094,53.72409070131542],[-2.0670407929959347,53.72401393891382],[-2.066596,53.723988019454424],[-2.066151207004065,53.72401393891382],[-2.0657235055607908,53.72409070131542],[-2.065329330646506,53.724215356990086],[-2.0649838292798335,53.72438311588959],[-2.06470027856762,53.724587531604705],[-2.0644895755214256,53.72482074902531],[-2.0643598182432914,53.72507380613624],[-2.0643159945829046,53.725336978361554],[-2.0643597902517903,53.72560015223399],[-2.064489523799875,53.725853214035546],[-2.064700210990158,53.72608643847618],[-2.0649837561345157,53.72629086247195],[-2.0653292630690436,53.72645862965216],[-2.06572345383924,53.726583292346845],[-2.0661511790125635,53.72666005943908],[-2.066596,53.7266859805456],[-2.0670408209874367,53.72666005943908],[-2.06746854616076,53.726583292346845],[-2.067862736930956,53.72645862965216],[-2.068208243865484,53.72629086247195],[-2.0684917890098418,53.72608643847618],[-2.0687024762001247,53.725853214035546],[-2.0688322097482095,53.72560015223399],[-2.068876005417095,53.725336978361554]]],[[[-2.0673216818745286,53.71936897836627],[-2.067277864435963,53.71910580614078],[-2.0671481255735342,53.718852749029345],[-2.0669374524287383,53.71861953160797],[-2.0666539419541965,53.71841511589195],[-2.0663084896150457,53.71824735699154],[-2.0659143706341445,53.718122701316105],[-2.065486729880953,53.71804593891399],[-2.065042,53.71802001945442],[-2.0645972701190476,53.71804593891399],[-2.064169629365856,53.718122701316105],[-2.063775510384955,53.71824735699154],[-2.0634300580458036,53.71841511589195],[-2.0631465475712623,53.71861953160797],[-2.0629358744264663,53.718852749029345],[-2.0628061355640375,53.71910580614078],[-2.062762318125472,53.71936897836627],[-2.062806107582619,53.71963215223853],[-2.0629358227235466,53.71988521403958],[-2.0631464800181427,53.72011843847944],[-2.0634299849268336,53.72032286247431],[-2.063775442831835,53.72049062965361],[-2.0641695776629367,53.72061529234753],[-2.064597242137629,53.72069205943925],[-2.065042,53.720717980545594],[-2.0654867578623715,53.72069205943925],[-2.065914422337064,53.72061529234753],[-2.0663085571681656,53.72049062965361],[-2.066654015073167,53.72032286247431],[-2.066937519981858,53.72011843847944],[-2.067148177276454,53.71988521403958],[-2.0672778924173816,53.71963215223853],[-2.0673216818745286,53.71936897836627]]],[[[-2.0667169636802423,53.77980497831836],[-2.066673083131534,53.779541806094684],[-2.0665431574721214,53.77928874898845],[-2.0663321810269397,53.77905553157485],[-2.0660482624075724,53.778851115867994],[-2.06570231276509,53.77868335697675],[-2.065307626432281,53.77855870130909],[-2.0648793700783226,53.778481938912165],[-2.0646261916008384,53.778467204539176],[-2.064453623393023,53.7784127013091],[-2.0640253685289296,53.77833593891217],[-2.06358,53.778310019454416],[-2.063134631471071,53.77833593891217],[-2.0627063766069775,53.7784127013091],[-2.0623116916472632,53.77853735697679],[-2.0619657432083445,53.77870511586805],[-2.061681825576762,53.778909531574925],[-2.0614708498656222,53.779142748988555],[-2.061340924658292,53.77939580609481],[-2.0612970442623215,53.77965897831848],[-2.0613408965747877,53.779922152192555],[-2.061470797974072,53.780175213998774],[-2.0616817577771847,53.78040843844639],[-2.061965669822611,53.78061286245041],[-2.0623116238476857,53.780780629638855],[-2.062706324715428,53.780905292340535],[-2.0631346033875664,53.78098205943743],[-2.0633877682043047,53.78099679307575],[-2.063560321675711,53.781051292340514],[-2.0639886018379245,53.78112805943743],[-2.064434,53.7811539805456],[-2.064879398162075,53.78112805943743],[-2.065307678324289,53.781051292340514],[-2.0657023805652655,53.78092662963882],[-2.066048335793954,53.78075886245035],[-2.066332248827115,53.780554438446316],[-2.066543209364129,53.780321213998675],[-2.0666731112152865,53.78006815219245],[-2.0667169636802423,53.77980497831836]]],[[[-2.0655672417505513,53.7296949783581],[-2.065523413545401,53.729431806132915],[-2.0653936428154123,53.72917874902237],[-2.065182917927576,53.728945531602314],[-2.064899337823532,53.728741115887864],[-2.064553800644436,53.728573356989024],[-2.0641595848733028,53.72844870131492],[-2.0637318390986223,53.72837193891369],[-2.063287,53.72834601945443],[-2.0628421609013774,53.72837193891369],[-2.0624144151266965,53.72844870131492],[-2.0620201993555636,53.728573356989024],[-2.0616746621764674,53.728741115887864],[-2.0613910820724235,53.728945531602314],[-2.0611803571845875,53.72917874902237],[-2.061050586454599,53.729431806132915],[-2.0610304981653687,53.72955242890902],[-2.060832327470706,53.72977174902197],[-2.060702554910029,53.73002480613246],[-2.0606587260863725,53.73028797835763],[-2.0607025269101586,53.73055115223021],[-2.0608322757336923,53.73080421403218],[-2.061042987733348,53.731037438473464],[-2.0613265662678626,53.731241862469986],[-2.0616721138902605,53.73140962965094],[-2.0620663510823336,53.73153429234626],[-2.0624941266273042,53.73161105943892],[-2.062939,53.73163698054559],[-2.0633838733726964,53.73161105943892],[-2.0638116489176666,53.73153429234626],[-2.06420588610974,53.73140962965094],[-2.064551433732138,53.731241862469986],[-2.0648350122666526,53.731037438473464],[-2.065045724266308,53.73080421403218],[-2.0651754730898415,53.73055115223021],[-2.065195548010856,53.73043053361512],[-2.065393694550573,53.73021121403259],[-2.065523441544268,53.72995815223067],[-2.0655672417505513,53.7296949783581]]],[[[-2.063748581441743,53.717515978367736],[-2.06370476593453,53.71725280614219],[-2.0635750327886306,53.71699974903059],[-2.063364368925707,53.716766531608975],[-2.063080870941582,53.71656211589268],[-2.062735433821357,53.71639435699199],[-2.0623413322030726,53.71626970131632],[-2.0619137102890535,53.71619293891404],[-2.06183098705794,53.716188117479724],[-2.061736982970474,53.71600474903127],[-2.061526324091181,53.715771531609526],[-2.0612428328134227,53.71556711589307],[-2.0608974038645576,53.715399356992236],[-2.0605033115686258,53.71527470131644],[-2.060075699769752,53.71519793891408],[-2.059631,53.71517201945442],[-2.0591863002302477,53.71519793891408],[-2.058758688431374,53.71527470131644],[-2.058364596135442,53.715399356992236],[-2.0580191671865773,53.71556711589307],[-2.057735675908819,53.715771531609526],[-2.057525017029526,53.71600474903127],[-2.057395286952951,53.71625780614294],[-2.057351472482721,53.71652097836853],[-2.0573952589763422,53.7167841522407],[-2.057524965335494,53.7170372140415],[-2.0577356083673113,53.717270438481],[-2.0580190940801764,53.71747486247544],[-2.058364528593935,53.7176426296543],[-2.0587586367373425,53.717767292347865],[-2.0591862722536396,53.71784405943934],[-2.0592689447596584,53.717848878034154],[-2.059362915514233,53.718032214040825],[-2.05957356352873,53.71826543848046],[-2.059857055947627,53.71846986247504],[-2.060202498633079,53.718637629654054],[-2.060596616099791,53.718762292347755],[-2.0610242617326584,53.718839059439304],[-2.061469,53.71886498054559],[-2.061913738267342,53.718839059439304],[-2.0623413839002094,53.718762292347755],[-2.0627355013669213,53.718637629654054],[-2.0630809440523734,53.71846986247504],[-2.0633644364712707,53.71826543848046],[-2.0635750844857674,53.718032214040825],[-2.063704793912819,53.71777915223994],[-2.063748581441743,53.717515978367736]]],[[[-2.063411776409766,53.72111297836489],[-2.0633679571532593,53.72084980613945],[-2.0632382129099835,53.72059674902817],[-2.06302753102836,53.720363531607006],[-2.0627440087968556,53.720159115891256],[-2.0623985421324535,53.719991356991116],[-2.062004406808492,53.7198667013159],[-2.0615767483223904,53.719789938913934],[-2.061132,53.71976401945442],[-2.0606872516776105,53.719789938913934],[-2.0602595931915086,53.7198667013159],[-2.0598654578675473,53.719991356991116],[-2.059519991203145,53.720159115891256],[-2.059236468971641,53.720363531607006],[-2.0590257870900173,53.72059674902817],[-2.0588960428467415,53.72084980613945],[-2.0588522235902347,53.72111297836489],[-2.058896014862377,53.721376152237205],[-2.059025735381654,53.721629214038394],[-2.0592364014114093,53.72186243847849],[-2.059519918076477,53.722066862473625],[-2.059865390307315,53.72223462965318],[-2.0602595414831457,53.72235929234733],[-2.060687223693246,53.7224360594392],[-2.061132,53.72246198054559],[-2.0615767763067545,53.7224360594392],[-2.062004458516855,53.72235929234733],[-2.0623986096926856,53.72223462965318],[-2.0627440819235234,53.722066862473625],[-2.0630275985885915,53.72186243847849],[-2.063238264618347,53.721629214038394],[-2.063367985137624,53.721376152237205],[-2.063411776409766,53.72111297836489]]],[[[-2.0617287961338655,53.79509997830621],[-2.061684899576805,53.79483680608301],[-2.061554926534985,53.794583748978084],[-2.061343873155473,53.79435053156645],[-2.0610598510072338,53.794146115861935],[-2.0607137752201865,53.793978356973],[-2.0603189449744916,53.793853701307306],[-2.0598905324689802,53.793776938911705],[-2.059445,53.79375101945442],[-2.0589994675310206,53.793776938911705],[-2.0585710550255087,53.793853701307306],[-2.0581762247798143,53.793978356973],[-2.057830148992767,53.794146115861935],[-2.0575461268445276,53.79435053156645],[-2.057335073465016,53.794583748978084],[-2.0572051004231957,53.79483680608301],[-2.0571612038661353,53.79509997830621],[-2.057205072313465,53.79536315218077],[-2.057335021525006,53.79561621398831],[-2.057546058981634,53.79584943843791],[-2.057830075538501,53.79605386244429],[-2.0581761569169212,53.79622162963507],[-2.058571003085499,53.79634629233874],[-2.05899943942129,53.79642305943696],[-2.059445,53.79644898054559],[-2.059890560578711,53.79642305943696],[-2.0603189969145013,53.79634629233874],[-2.0607138430830796,53.79622162963507],[-2.0610599244615,53.79605386244429],[-2.0613439410183663,53.79584943843791],[-2.061554978474995,53.79561621398831],[-2.0616849276865357,53.79536315218077],[-2.0617287961338655,53.79509997830621]]],[[[-2.0595036773787165,53.737724978351736],[-2.059459840796303,53.7374618061268],[-2.059330045270813,53.737208749016936],[-2.0591192801227667,53.73697553159792],[-2.058835645841421,53.73677111588467],[-2.058490042650087,53.736603356987054],[-2.0580957515684397,53.736478701313985],[-2.0576679240786726,53.73640193891344],[-2.057223,53.73637601945441],[-2.056778075921328,53.73640193891344],[-2.0563502484315603,53.736478701313985],[-2.055955957349913,53.736603356987054],[-2.0556103541585795,53.73677111588467],[-2.0553267198772334,53.73697553159792],[-2.0551159547291875,53.737208749016936],[-2.054986159203697,53.7374618061268],[-2.0549423226212835,53.737724978351736],[-2.05498613119125,53.737988152224546],[-2.055115902968935,53.73824121402716],[-2.055326652249205,53.73847443846938],[-2.0556102809585286,53.73867886246704],[-2.0559558897218846,53.738846629649125],[-2.0563501966713083,53.7389712923454],[-2.056778047908881,53.739048059438694],[-2.057223,53.7390739805456],[-2.057667952091119,53.739048059438694],[-2.058095803328692,53.7389712923454],[-2.0584901102781155,53.738846629649125],[-2.0588357190414714,53.73867886246704],[-2.059119347750795,53.73847443846938],[-2.059330097031065,53.73824121402716],[-2.05945986880875,53.737988152224546],[-2.0595036773787165,53.737724978351736]]],[[[-2.055916510986934,53.80822297829579],[-2.055872600683015,53.80795980607298],[-2.055742586952488,53.80770674896919],[-2.0555314675071417,53.80747353155924],[-2.0552473564555314,53.8072691158567],[-2.0549011723443367,53.80710135696979],[-2.0545062185163023,53.806976701305786],[-2.0540776719187384,53.8068999389113],[-2.053632,53.80687401945441],[-2.053186328081262,53.8068999389113],[-2.052757781483698,53.806976701305786],[-2.052362827655663,53.80710135696979],[-2.052016643544469,53.8072691158567],[-2.0517325324928586,53.80747353155924],[-2.0515214130475123,53.80770674896919],[-2.0513913993169854,53.80795980607298],[-2.051347489013066,53.80822297829579],[-2.0513913711849394,53.80848615217073],[-2.0515213610662695,53.8087392139794],[-2.0517324645760917,53.80897243843071],[-2.05201657003189,53.80917686243907],[-2.0523627597388963,53.809344629631845],[-2.0527577295024546,53.809469292337205],[-2.053186299949216,53.80954605943657],[-2.053632,53.8095719805456],[-2.0540777000507844,53.80954605943657],[-2.054506270497545,53.809469292337205],[-2.054901240261104,53.809344629631845],[-2.05524742996811,53.80917686243907],[-2.055531535423908,53.80897243843071],[-2.0557426389337308,53.8087392139794],[-2.055872628815061,53.80848615217073],[-2.055916510986934,53.80822297829579]]],[[[-2.0549620699585667,53.80012797830222],[-2.0549181681357678,53.79986480607917],[-2.0547881795081255,53.799611748974684],[-2.0545771008220743,53.79937853156368],[-2.05429304461937,53.79917411585992],[-2.053946927338722,53.79900635697177],[-2.053552049754772,53.798881701306726],[-2.0531235858852557,53.79880493891155],[-2.052678,53.798779019454415],[-2.052232414114744,53.79880493891155],[-2.0518039502452274,53.798881701306726],[-2.051409072661277,53.79900635697177],[-2.051062955380629,53.79917411585992],[-2.0507788991779248,53.79937853156368],[-2.0505678204918736,53.799611748974684],[-2.050437831864232,53.79986480607917],[-2.050393930041433,53.80012797830222],[-2.050437803745954,53.80039115217692],[-2.050567768536071,53.800644213984896],[-2.0507788312943975,53.80087743843516],[-2.051062881904029,53.80108186244229],[-2.051409004777749,53.80124962963384],[-2.0518038982894247,53.80137429233815],[-2.052232385996466,53.801451059436815],[-2.052678,53.80147698054559],[-2.0531236140035336,53.801451059436815],[-2.053552101710575,53.80137429233815],[-2.05394699522225,53.80124962963384],[-2.0542931180959703,53.80108186244229],[-2.054577168705602,53.80087743843516],[-2.0547882314639283,53.800644213984896],[-2.0549181962540453,53.80039115217692],[-2.0549620699585667,53.80012797830222]]],[[[-2.0547276001654486,53.73630197835288],[-2.0546837650678698,53.73603880612789],[-2.0545539739372782,53.73578574901791],[-2.054343215925186,53.73555253159871],[-2.05405959124654,53.735348115885245],[-2.053713999755599,53.73518035698742],[-2.0533197220224246,53.73505570131415],[-2.0528919090163145,53.73497893891349],[-2.052447,53.73495301945443],[-2.0520020909836854,53.73497893891349],[-2.051574277977575,53.73505570131415],[-2.051180000244401,53.73518035698742],[-2.05083440875346,53.735348115885245],[-2.050550784074814,53.73555253159871],[-2.0503400260627216,53.73578574901791],[-2.05021023493213,53.73603880612789],[-2.050166399834551,53.73630197835288],[-2.0502102069220904,53.73656515222565],[-2.050339974306917,53.73681821402814],[-2.0505507164525967,53.737051438470175],[-2.050834335559699,53.73725586246762],[-2.0511799326221833,53.73742362964948],[-2.05157422622177,53.737548292345586],[-2.0520020629736457,53.73762505943875],[-2.052447,53.7376509805456],[-2.052891937026354,53.73762505943875],[-2.0533197737782296,53.737548292345586],[-2.0537140673778165,53.73742362964948],[-2.0540596644403006,53.73725586246762],[-2.054343283547403,53.737051438470175],[-2.0545540256930828,53.73681821402814],[-2.0546837930779094,53.73656515222565],[-2.0547276001654486,53.73630197835288]]],[[[-2.054293136320143,53.72775097835962],[-2.0542493101424513,53.727487806134384],[-2.054119545413452,53.72723474902367],[-2.053908830269362,53.727001531603364],[-2.0536252632772687,53.726797115888616],[-2.0532797420744062,53.726629356989484],[-2.052885544529868,53.72650470131513],[-2.052457818531813,53.72642793891374],[-2.052013,53.726402019454405],[-2.051568181468187,53.72642793891374],[-2.051140455470132,53.72650470131513],[-2.050746257925594,53.726629356989484],[-2.0504007367227315,53.726797115888616],[-2.0501171697306386,53.727001531603364],[-2.0499064545865484,53.72723474902367],[-2.049776689857549,53.727487806134384],[-2.049732863679857,53.72775097835962],[-2.049776661861968,53.728014152232134],[-2.0499064028574594,53.7282672140339],[-2.050117102143327,53.728500438474846],[-2.0504006635667524,53.728704862470984],[-2.0507461903382818,53.72887262965155],[-2.051140403741043,53.72899729234654],[-2.051568153472606,53.72907405943898],[-2.052013,53.729099980545584],[-2.0524578465273944,53.72907405943898],[-2.0528855962589576,53.72899729234654],[-2.0532798096617184,53.72887262965155],[-2.053625336433248,53.728704862470984],[-2.0539088978566737,53.728500438474846],[-2.0541195971425408,53.7282672140339],[-2.0542493381380327,53.728014152232134],[-2.054293136320143,53.72775097835962]]],[[[-2.050396318673344,53.74953897834238],[-2.050352469758637,53.749275806117794],[-2.050222637731321,53.74902274900895],[-2.050011813315627,53.74878953159144],[-2.0497280992790774,53.748585115880005],[-2.0493823989101583,53.74841735698416],[-2.0489879969627975,53.748292701312614],[-2.048560049179051,53.748215938913084],[-2.048115,53.748190019454434],[-2.047669950820949,53.748215938913084],[-2.047242003037203,53.748292701312614],[-2.0468476010898415,53.74841735698416],[-2.0465019007209224,53.748585115880005],[-2.0462181866843734,53.74878953159144],[-2.0460073622686794,53.74902274900895],[-2.045877530241363,53.749275806117794],[-2.045853719795048,53.74941871155039],[-2.045643831239754,53.74918653159122],[-2.045360114522106,53.74898211587984],[-2.0450144108864077,53.74881435698406],[-2.0446200052121193,53.74868970131255],[-2.0441920533844997,53.74861293891306],[-2.043747,53.74858701945441],[-2.0433019466155007,53.74861293891306],[-2.042873994787881,53.74868970131255],[-2.0424795891135927,53.74881435698406],[-2.0423258503257715,53.748888961490984],[-2.041958006936813,53.748772701312554],[-2.041530054263737,53.74869593891307],[-2.041085,53.74867001945442],[-2.0406399457362627,53.74869593891307],[-2.0402119930631866,53.748772701312554],[-2.0401598294087044,53.74878918810003],[-2.03997299202421,53.74882270131254],[-2.039578585101334,53.74894735698404],[-2.039232880371206,53.749115115879796],[-2.038949162755342,53.749319531591155],[-2.03873833567979,53.7495527490086],[-2.038608502014318,53.749805806117394],[-2.0385646525461527,53.75006897834196],[-2.0386084739809793,53.750332152215144],[-2.0387382838809347,53.75058521401881],[-2.0389490950768763,53.75081843846264],[-2.0392328071165626,53.75102286246216],[-2.039578517422868,53.75119062964611],[-2.0399729402253546,53.751315292343975],[-2.0404009171732618,53.75139205943833],[-2.040846,53.751417980545604],[-2.041291082826739,53.75139205943833],[-2.0417190597746457,53.751315292343975],[-2.0417712226858984,53.75129880554553],[-2.0419580587355126,53.75126529234397],[-2.042352481068556,53.75114062964611],[-2.0425061633663604,53.75106605021779],[-2.042873942989442,53.751182292343984],[-2.043301918582387,53.751259059438325],[-2.043747,53.75128498054559],[-2.0441920814176133,53.751259059438325],[-2.0446200570105586,53.751182292343984],[-2.04501447856433,53.75105762964613],[-2.0453601877761614,53.750889862462216],[-2.045643898917676,53.750685438462696],[-2.0458547094462634,53.7504522140189],[-2.0459845189353203,53.75019915221524],[-2.046008303305385,53.75005631242411],[-2.0462181190080737,53.750288438462924],[-2.0465018274686244,53.750492862462366],[-2.0468475334135423,53.75066062964624],[-2.047241951240006,53.750785292344034],[-2.0476699227885082,53.75086205943835],[-2.048115,53.75088798054559],[-2.048560077211492,53.75086205943835],[-2.0489880487599943,53.750785292344034],[-2.049382466586458,53.75066062964624],[-2.049728172531376,53.750492862462366],[-2.050011880991926,53.750288438462924],[-2.050222689528518,53.75005521401918],[-2.050352497791078,53.74980215221555],[-2.050396318673344,53.74953897834238]]],[[[-2.0454155775134217,53.77270497832399],[-2.045371704390825,53.77244180610012],[-2.0452418007116306,53.77218874899327],[-2.045030859955506,53.77195553157874],[-2.044746989362136,53.771751115870806],[-2.0444010982368424,53.771583356978496],[-2.0440064786637673,53.77145870130992],[-2.043578294746937,53.77138193891238],[-2.043133,53.77135601945442],[-2.0426877052530625,53.77138193891238],[-2.0422595213362325,53.77145870130992],[-2.041864901763158,53.771583356978496],[-2.0415190106378636,53.771751115870806],[-2.0412351400444937,53.77195553157874],[-2.041024199288369,53.77218874899327],[-2.04094551473774,53.77234202936885],[-2.040722,53.77232901945441],[-2.0402766949313915,53.77235493891234],[-2.039848501089452,53.7724317013098],[-2.039453872369166,53.77255635697826],[-2.039107973226029,53.77272411587042],[-2.038824096052287,53.7729285315782],[-2.0386131504061593,53.7731617489926],[-2.038483243715304,53.77341480609936],[-2.0384393695752046,53.77367797832323],[-2.0384832156419495,53.77394115219713],[-2.0386130985333635,53.77419421400282],[-2.0388240282772134,53.77442743844967],[-2.0391078998668184,53.774631862452786],[-2.0394538045940926,53.774799629640306],[-2.039848449216656,53.774924292341225],[-2.0402766668580368,53.77500105943761],[-2.040722,53.77502698054559],[-2.041167333141964,53.77500105943761],[-2.0415955507833443,53.774924292341225],[-2.0419901954059076,53.774799629640306],[-2.0423361001331823,53.774631862452786],[-2.042619971722787,53.77442743844967],[-2.042830901466637,53.77419421400282],[-2.0429095511630666,53.77404097415746],[-2.043133,53.77405398054559],[-2.0435783228186413,53.77402805943764],[-2.044006530533513,53.77395129234133],[-2.0444011660079306,53.77382662964056],[-2.044747062717034,53.773658862453175],[-2.045030927726595,53.773454438450216],[-2.0452418525813765,53.773221214003485],[-2.045371732462529,53.77296815219787],[-2.0454155775134217,53.77270497832399]]],[[[-2.0379509238551923,53.76067997833354],[-2.0379070633026495,53.76041680610928],[-2.0377771968290084,53.760163749001414],[-2.037566316483163,53.75993053158534],[-2.0372825271826085,53.75972611587558],[-2.0369367351083985,53.759558356981444],[-2.036542228538429,53.759433701311316],[-2.036114167234737,53.75935693891275],[-2.035669,53.75933101945443],[-2.0352238327652628,53.75935693891275],[-2.034956131119109,53.759404944701366],[-2.0346262257729855,53.75930070131133],[-2.0341981658249324,53.75922393891276],[-2.033753,53.75919801945442],[-2.033307834175067,53.75922393891276],[-2.032879774227014,53.75930070131133],[-2.0328395756619164,53.75931340324159],[-2.0326817733745113,53.75934170131132],[-2.032287267668781,53.759466356981456],[-2.0319414763521064,53.759634115875606],[-2.031657687673274,53.75983853158539],[-2.0314468077894423,53.76007174900146],[-2.0313169416003465,53.76032480610935],[-2.0312730811439383,53.760587978333604],[-2.0313169135491878,53.76085115220711],[-2.0314467559576603,53.76110421401169],[-2.0316576199517873,53.76133743845685],[-2.0319414030508978,53.761541862457975],[-2.032287199947295,53.76170962964352],[-2.0326817215427293,53.76183429234275],[-2.0331098056893087,53.761911059438006],[-2.033555,53.761936980545585],[-2.034000194310691,53.761911059438006],[-2.0344282784572703,53.76183429234275],[-2.0344664219103064,53.76182223960377],[-2.0347957196295012,53.76192629234274],[-2.035223804713949,53.762003059438],[-2.035669,53.762028980545594],[-2.036114195286051,53.762003059438],[-2.0365422803704987,53.76192629234274],[-2.0369368028302612,53.76180162964351],[-2.037282600484225,53.76163386245795],[-2.037566384205026,53.761429438456815],[-2.037777248661078,53.76119621401163],[-2.037907091353963,53.76094315220705],[-2.0379509238551923,53.76067997833354]]],[[[-2.0365733329005717,53.74980097834216],[-2.036529483712271,53.74953780611758],[-2.036399650875156,53.749284749008766],[-2.0361888251445994,53.7490515315913],[-2.0359051093386675,53.74884711587988],[-2.035559406813847,53.7486793569841],[-2.035165002406912,53.748554701312564],[-2.034737051954424,53.74847793891307],[-2.034292,53.74845201945441],[-2.0338469480455763,53.74847793891307],[-2.0334189975930883,53.748554701312564],[-2.033024593186153,53.7486793569841],[-2.032678890661333,53.74884711587988],[-2.0323951748554006,53.7490515315913],[-2.032184349124844,53.749284749008766],[-2.032054516287729,53.74953780611758],[-2.0320106670994282,53.74980097834216],[-2.0320544882548446,53.750064152215344],[-2.032184297326827,53.75031721401898],[-2.03239510717803,53.75055043846276],[-2.032678817407875,53.75075486246225],[-2.0330245255087824,53.750922629646155],[-2.0334189457950713,53.751047292344],[-2.033846920012692,53.751124059438325],[-2.034292,53.751149980545584],[-2.0347370799873086,53.751124059438325],[-2.035165054204929,53.751047292344],[-2.035559474491218,53.750922629646155],[-2.035905182592125,53.75075486246225],[-2.03618889282197,53.75055043846276],[-2.036399702673173,53.75031721401898],[-2.0365295117451554,53.750064152215344],[-2.0365733329005717,53.74980097834216]]],[[[-2.033837512650631,53.734688978354136],[-2.033793679235989,53.7344258061291],[-2.0336638930866497,53.734172749018995],[-2.0334531431625678,53.73393953159958],[-2.033169529367783,53.73373511588588],[-2.032823951138264,53.7335673569878],[-2.032429688534474,53.733442701314324],[-2.0320018919443843,53.73336593891353],[-2.031557,53.73334001945442],[-2.0311121080556154,53.73336593891353],[-2.0306843114655253,53.733442701314324],[-2.0302900488617355,53.7335673569878],[-2.0299444706322167,53.73373511588588],[-2.029660856837432,53.73393953159958],[-2.02945010691335,53.734172749018995],[-2.0293203207640103,53.7344258061291],[-2.0292764873493687,53.734688978354136],[-2.0293006474274318,53.73483412713135],[-2.029280296925617,53.73487380612876],[-2.0292364630435666,53.735136978353786],[-2.0292802689175473,53.73540015222653],[-2.029410032706253,53.73565321402891],[-2.0296207690113506,53.73588643847081],[-2.0299043802577974,53.736090862468075],[-2.0302499677416095,53.736258629649754],[-2.0306442504126343,53.7363832923457],[-2.0310720753060987,53.73646005943878],[-2.0315170000000005,53.736485980545595],[-2.031961924693902,53.73646005943878],[-2.032389749587366,53.7363832923457],[-2.032784032258391,53.736258629649754],[-2.033129619742203,53.736090862468075],[-2.03341323098865,53.73588643847081],[-2.0336239672937473,53.73565321402891],[-2.033753731082453,53.73540015222653],[-2.033797536956434,53.735136978353786],[-2.0337733612383513,53.73499183087376],[-2.0337937072433006,53.73495215222687],[-2.033837512650631,53.734688978354136]]],[[[-2.031381132816921,53.74611597834509],[-2.031337287476291,53.7458528061204],[-2.0312074660277304,53.74559974901127],[-2.0309966587886548,53.74536653159332],[-2.0307129678663123,53.74516211588135],[-2.0303672956608576,53.744994356984996],[-2.029972925843978,53.74486970131301],[-2.0295450129231596,53.744792938913186],[-2.0291,53.74476701945442],[-2.028654987076841,53.744792938913186],[-2.0282270741560233,53.74486970131301],[-2.0278327043391426,53.744994356984996],[-2.027487032133688,53.74516211588135],[-2.027203341211346,53.74536653159332],[-2.02699253397227,53.74559974901127],[-2.0269478844524413,53.74568678299939],[-2.026703056268624,53.745730701312915],[-2.026308678370469,53.7458553569848],[-2.0259629990815005,53.746023115881016],[-2.025811980095956,53.74613193156173],[-2.0257909945131773,53.746142115880964],[-2.0255072969737586,53.74634653159278],[-2.025296484817405,53.74657974901059],[-2.025166660340385,53.74683280611964],[-2.0251228139765773,53.7470959783443],[-2.02516663231208,53.74735915221739],[-2.0252964330278505,53.74761221402081],[-2.025507229307445,53.747845438464246],[-2.0257909212716876,53.748049862463326],[-2.0261366071148834,53.74821762964682],[-2.0265310020067546,53.74834229234431],[-2.026958948669292,53.748419059438405],[-2.027404,53.748444980545585],[-2.027849051330709,53.748419059438405],[-2.0282769979932462,53.74834229234431],[-2.0286713928851174,53.74821762964682],[-2.0290170787283133,53.748049862463326],[-2.0291680884685874,53.74794104720277],[-2.0291890741594627,53.74793086246338],[-2.029472765320222,53.74772643846432],[-2.029683561002817,53.74749321402091],[-2.0297281898593056,53.747406204555496],[-2.0299729776304662,53.74736229234443],[-2.030367363323166,53.747237629647074],[-2.0307130411034673,53.747069862463725],[-2.030996726450963,53.746865438464795],[-2.031207517814219,53.74663221402149],[-2.031337315502937,53.74637915221816],[-2.031381132816921,53.74611597834509]]],[[[-2.029242787910472,53.758177978335524],[-2.0291989299721886,53.7579148061112],[-2.0290690712363806,53.7576617490031],[-2.028858203454377,53.757428531586704],[-2.0285744310607146,53.75722411587657],[-2.0282286595866763,53.75705635698205],[-2.027834176518554,53.7569317013116],[-2.0274061407153576,53.75685493891282],[-2.026961,53.756829019454415],[-2.0265158592846424,53.75685493891282],[-2.026087823481446,53.7569317013116],[-2.0256933404133237,53.75705635698205],[-2.025347568939286,53.75722411587657],[-2.025063796545623,53.757428531586704],[-2.0248529287636194,53.7576617490031],[-2.0247230700278114,53.7579148061112],[-2.024679212089528,53.758177978335524],[-2.0247230419807374,53.75844115220895],[-2.024852876939384,53.758694214013325],[-2.025063728833996,53.75892743845818],[-2.0253474956487487,53.759131862458936],[-2.0256932727016967,53.75929962964412],[-2.026087771657211,53.759424292343034],[-2.0265158312375684,53.75950105943808],[-2.026961,53.759526980545594],[-2.027406168762432,53.75950105943808],[-2.0278342283427895,53.759424292343034],[-2.0282287272983033,53.75929962964412],[-2.0285745043512513,53.759131862458936],[-2.028858271166004,53.75892743845818],[-2.0290691230606166,53.758694214013325],[-2.0291989580192626,53.75844115220895],[-2.029242787910472,53.758177978335524]]],[[[-2.024893781950058,53.73965197835021],[-2.0248499433567058,53.739388806125326],[-2.024720141879123,53.73913574901563],[-2.0245093670667242,53.73890253159686],[-2.024225719780266,53.738698115883906],[-2.0238801007428764,53.73853035698657],[-2.023485791583148,53.738405701313745],[-2.0230579444778996,53.73832893891338],[-2.022613,53.73830301945441],[-2.022168055522101,53.73832893891338],[-2.0217402084168525,53.738405701313745],[-2.0213458992571236,53.73853035698657],[-2.021000280219734,53.738698115883906],[-2.0207166329332757,53.73890253159686],[-2.0205058581208775,53.73913574901563],[-2.0203760566432942,53.739388806125326],[-2.020332218049942,53.73965197835021],[-2.020376028627588,53.73991515222308],[-2.0205058063546018,53.74016821402585],[-2.020716565297377,53.740401438468325],[-2.021000207011165,53.740605862466275],[-2.0213458316212245,53.74077362964865],[-2.021740156650577,53.74089829234518],[-2.0221680275063947,53.74097505943863],[-2.022613,53.741000980545586],[-2.0230579724936057,53.74097505943863],[-2.0234858433494236,53.74089829234518],[-2.0238801683787755,53.74077362964865],[-2.0242257929888354,53.740605862466275],[-2.0245094347026233,53.740401438468325],[-2.0247201936453987,53.74016821402585],[-2.0248499713724124,53.73991515222308],[-2.024893781950058,53.73965197835021]]],[[[-2.023887815347699,53.75868297833512],[-2.023843956881789,53.75841980611081],[-2.0237140965842824,53.75816674900276],[-2.0235032262665644,53.75793353158643],[-2.0232194504606458,53.75772911587637],[-2.0228736748289498,53.75756135698193],[-2.022479187017535,53.75743670131155],[-2.0220511460676667,53.757359938912806],[-2.021606,53.757334019454426],[-2.021160853932333,53.757359938912806],[-2.020732812982464,53.75743670131155],[-2.02033832517105,53.75756135698193],[-2.019992549539354,53.75772911587637],[-2.019708773733435,53.75793353158643],[-2.019497903415717,53.75816674900276],[-2.0193680431182104,53.75841980611081],[-2.0193241846523007,53.75868297833512],[-2.0193680150702806,53.75894615220857],[-2.0194978515899003,53.75919921401299],[-2.0197087060197423,53.75943243845791],[-2.019992476246581,53.759636862458734],[-2.020338257457357,53.759804629643995],[-2.0207327611566472,53.75992929234297],[-2.0211608258844027,53.76000605943807],[-2.021606,53.76003198054559],[-2.022051174115597,53.76000605943807],[-2.0224792388433523,53.75992929234297],[-2.022873742542642,53.759804629643995],[-2.0232195237534185,53.759636862458734],[-2.023503293980257,53.75943243845791],[-2.0237141484100993,53.75919921401299],[-2.023843984929719,53.75894615220857],[-2.023887815347699,53.75868297833512]]],[[[-2.0222740044825964,53.706866978376176],[-2.0222302000704797,53.706603806150305],[-2.022100499764492,53.7063507490378],[-2.021889889223407,53.706117531614815],[-2.0216064629933435,53.705913115896905],[-2.021261113301728,53.7057453569946],[-2.0208671114269734,53.70562070131756],[-2.020439597738895,53.70554393891437],[-2.019995,53.70551801945443],[-2.019793407465652,53.70552977203246],[-2.019601104004346,53.70543635699467],[-2.019207105022873,53.705311701317584],[-2.018779594474128,53.70523493891437],[-2.018335,53.705209019454415],[-2.0178904055258715,53.70523493891437],[-2.0174628949771267,53.705311701317584],[-2.0170688959956538,53.70543635699467],[-2.016723548840099,53.70560411589702],[-2.0164401246914205,53.70580853161496],[-2.016229515697054,53.70604174903799],[-2.0160998163436603,53.706294806150524],[-2.0160560122533817,53.706557978376395],[-2.01609978838387,53.70682115224828],[-2.0162294640340974,53.70707421404821],[-2.0164400571905143,53.70730743848644],[-2.0167234757776447,53.70751186247938],[-2.0170688284947484,53.707679629656724],[-2.01746284331417,53.70780429234901],[-2.017890377566081,53.70788105943963],[-2.018335,53.70790698054558],[-2.0185365527695813,53.70789523019226],[-2.0187288191961077,53.707988629656676],[-2.0191228369091068,53.708113292349],[-2.0195503743007928,53.708190059439644],[-2.019995,53.7082159805456],[-2.020439625699207,53.708190059439644],[-2.020867163090893,53.708113292349],[-2.0212611808038923,53.707988629656676],[-2.02160653605716,53.70782086247926],[-2.021889956725572,53.70761643848629],[-2.022100551428412,53.70738321404802],[-2.022230228030792,53.707130152248055],[-2.0222740044825964,53.706866978376176]]],[[[-2.020828367751781,53.73201797835625],[-2.020784537123588,53.73175480613113],[-2.0206547592217405,53.731501749020794],[-2.020444022689029,53.73126853160103],[-2.0201604269147246,53.73106411588693],[-2.0198148706422283,53.730896356988445],[-2.0194206330882576,53.73077170131464],[-2.0189928636782795,53.730694938913594],[-2.018548,53.73066901945441],[-2.0181031363217206,53.730694938913594],[-2.017675366911743,53.73077170131464],[-2.017281129357772,53.730896356988445],[-2.0169355730852754,53.73106411588693],[-2.0166519773109717,53.73126853160103],[-2.0164412407782595,53.731501749020794],[-2.016311462876412,53.73175480613113],[-2.016267632248219,53.73201797835625],[-2.0163114348736175,53.7322811522289],[-2.016441189035841,53.73253421403102],[-2.0166519097062445,53.732767438472514],[-2.0169354999104465,53.7329718624693],[-2.017281061753045,53.73313962965051],[-2.0176753151693245,53.73326429234606],[-2.0181031083189263,53.73334105943887],[-2.018548,53.73336698054559],[-2.018992891681074,53.73334105943887],[-2.0194206848306755,53.73326429234606],[-2.019814938246955,53.73313962965051],[-2.020160500089554,53.7329718624693],[-2.0204440902937555,53.732767438472514],[-2.020654810964159,53.73253421403102],[-2.0207845651263825,53.7322811522289],[-2.020828367751781,53.73201797835625]]],[[[-2.01888439258136,53.750899978341295],[-2.0188405422453792,53.75063680611675],[-2.0187107060112957,53.75038374900802],[-2.0184998747651153,53.7501505315907],[-2.018216151536926,53.74994611587946],[-2.0178704399684704,53.74977835698383],[-2.017476025244042,53.749653701312454],[-2.0170480635966377,53.749576938913044],[-2.016603,53.74955101945442],[-2.0161579364033626,53.749576938913044],[-2.0160755197537568,53.749591721779254],[-2.015985936191486,53.749596938913044],[-2.015557974340346,53.74967370131245],[-2.0151635594281494,53.74979835698383],[-2.0148178476951086,53.749966115879445],[-2.0145341243318424,53.75017053159068],[-2.0143232929852832,53.75040374900802],[-2.014193456689378,53.75065680611674],[-2.0141496063325106,53.75091997834128],[-2.0141934286545986,53.75118315221449],[-2.0143232411837655,53.751436214018234],[-2.014534056649897,53.751669438462166],[-2.0148177744366995,53.75187386246182],[-2.015163491746204,53.75204162964589],[-2.015557922538828,53.75216629234387],[-2.0159859081567064,53.7522430594383],[-2.016431,53.75226898054559],[-2.0168760918432933,53.7522430594383],[-2.016958508020892,53.752228276580595],[-2.0170480916313838,53.75222305943829],[-2.0174760770454974,53.75214629234387],[-2.0178705076503336,53.7520216296459],[-2.018216224795247,53.75185386246184],[-2.0184999424469785,53.75164943846217],[-2.018710757812751,53.751416214018256],[-2.018840570280125,53.75116315221451],[-2.01888439258136,53.750899978341295]]],[[[-2.0186886030434166,53.754774978338226],[-2.0186447486601846,53.7545118061138],[-2.0185149004468186,53.754258749005416],[-2.0183040497499976,53.75402553158859],[-2.0180203003474984,53.753821115877926],[-2.0176745568870023,53.753653356982895],[-2.0172801057783207,53.753528701312014],[-2.016852104652467,53.753451938912924],[-2.016407,53.75342601945443],[-2.0159618953475333,53.753451938912924],[-2.0155338942216794,53.753528701312014],[-2.015139443112998,53.753653356982895],[-2.0147936996525013,53.753821115877926],[-2.0145099502500026,53.75402553158859],[-2.0142990995531815,53.754258749005416],[-2.014169251339815,53.7545118061138],[-2.014125396956583,53.754774978338226],[-2.0141692232985067,53.75503815221156],[-2.014299047739599,53.75529121401563],[-2.0145098825522947,53.75552443846005],[-2.0147936263770303,53.755728862460295],[-2.0151393754152895,53.75589662964495],[-2.0155338424080966,53.756021292343426],[-2.0159618673062245,53.7560980594382],[-2.016407,53.756123980545595],[-2.0168521326937756,53.7560980594382],[-2.0172801575919035,53.756021292343426],[-2.01767462458471,53.75589662964495],[-2.0180203736229694,53.755728862460295],[-2.0183041174477054,53.75552443846005],[-2.018514952260401,53.75529121401563],[-2.0186447767014934,53.75503815221156],[-2.0186886030434166,53.754774978338226]]],[[[-2.011342781125947,53.72119997836482],[-2.011298961778747,53.720936806139385],[-2.011169217267031,53.72068374902811],[-2.010958534949543,53.72045053160697],[-2.010675012131507,53.720246115891214],[-2.010329544752446,53.7200783569911],[-2.0099354086131607,53.719953701315895],[-2.0095077492423976,53.719876938913934],[-2.009063,53.719851019454424],[-2.0086182507576025,53.719876938913934],[-2.008190591386839,53.719953701315895],[-2.007796455247554,53.7200783569911],[-2.0074509878684927,53.720246115891214],[-2.0071674650504567,53.72045053160697],[-2.006956782732969,53.72068374902811],[-2.0069417767188633,53.72071301715307],[-2.0067380243970434,53.72056611589109],[-2.0063925543893184,53.720398356991026],[-2.005998415251104,53.72027370131586],[-2.0055707526263764,53.72019693891393],[-2.005126,53.72017101945442],[-2.004681247373624,53.72019693891393],[-2.0042535847488963,53.72027370131586],[-2.003859445610682,53.720398356991026],[-2.0035139756029565,53.72056611589109],[-2.003230450627534,53.720770531606796],[-2.00301976670685,53.7210037490279],[-2.0028900212077563,53.72125680613915],[-2.002846201526966,53.721519978364576],[-2.0028899932227042,53.721783152236895],[-2.0030197149972166,53.72203621403811],[-2.003230383065642,53.72226943847826],[-2.003513902474492,53.72247386247347],[-2.00385937804879,53.722641629653076],[-2.004253533039263,53.72276629234729],[-2.0043809249576072,53.722789158419864],[-2.0043721298582615,53.72284197836352],[-2.0044159229299767,53.723105152235895],[-2.0045456487819036,53.72335821403722],[-2.0047563234725954,53.723591438477534],[-2.005039851794147,53.72379586247294],[-2.0053853382290945,53.723963629652765],[-2.0057795056107732,53.724088292347126],[-2.0062072054055844,53.72416505943915],[-2.006652,53.72419098054559],[-2.007096794594416,53.72416505943915],[-2.007524494389227,53.724088292347126],[-2.0079186617709057,53.723963629652765],[-2.0082641482058534,53.72379586247294],[-2.008547676527405,53.723591438477534],[-2.0087583512180966,53.72335821403722],[-2.0088880770700235,53.723105152235895],[-2.0089318701417387,53.72284197836352],[-2.0088880490827377,53.72257880613813],[-2.008866896850764,53.72253755187909],[-2.009063,53.7225489805456],[-2.0095077772269088,53.722523059439204],[-2.009935460321795,53.72244629234733],[-2.0103296123130323,53.72232162965316],[-2.010675085258559,53.72215386247359],[-2.01095860251013,53.72194943847843],[-2.011169268975665,53.72171621403834],[-2.011298989763258,53.72146315223714],[-2.011342781125947,53.72119997836482]]],[[[-2.010523398887538,53.78780297831201],[-2.0104795099696537,53.787539806088574],[-2.010349559538688,53.787286748983036],[-2.0101385428721885,53.78705353157046],[-2.00985457012786,53.78684911586482],[-2.0095085545369162,53.78668135697479],[-2.009113792966357,53.78655670130816],[-2.0086854549762645,53.78647993891191],[-2.00824,53.78645401945442],[-2.007794545023735,53.78647993891191],[-2.0073662070336424,53.78655670130816],[-2.0069714454630834,53.78668135697479],[-2.0066254298721398,53.78684911586482],[-2.006341457127811,53.78705353157046],[-2.0061304404613116,53.787286748983036],[-2.0060004900303463,53.787539806088574],[-2.0059566011124614,53.78780297831201],[-2.006000461933013,53.78806615218634],[-2.0061303885442103,53.788319213993255],[-2.006341389294849,53.788552438441926],[-2.0066253564502707,53.78875686244718],[-2.0069713776301215,53.78892462963685],[-2.007366155116541,53.789049292339584],[-2.007794516926402,53.78912605943719],[-2.00824,53.78915198054558],[-2.0086854830735974,53.78912605943719],[-2.0091138448834585,53.789049292339584],[-2.009508622369878,53.78892462963685],[-2.009854643549729,53.78875686244718],[-2.0101386107051504,53.788552438441926],[-2.0103496114557893,53.788319213993255],[-2.0104795380669866,53.78806615218634],[-2.010523398887538,53.78780297831201]]],[[[-2.0068602347016657,53.71111697837279],[-2.006816425862368,53.71085380614706],[-2.006686712452552,53.71060074903492],[-2.0064760806349105,53.710367531612484],[-2.0061926257734375,53.7101631158952],[-2.0058472411959323,53.70999535699356],[-2.0054531995213707,53.709870701317065],[-2.005025642648821,53.70979393891424],[-2.004581,53.709768019454415],[-2.004136357351179,53.70979393891424],[-2.0037088004786296,53.709870701317065],[-2.003314758804068,53.70999535699356],[-2.0029693742265624,53.7101631158952],[-2.00268591936509,53.710367531612484],[-2.0024752875474485,53.71060074903492],[-2.002345574137632,53.71085380614706],[-2.0023017652983346,53.71111697837279],[-2.0023455461701474,53.71138015224481],[-2.0024752358702753,53.711633214045136],[-2.002685851845609,53.711866438483945],[-2.0029693011440033,53.712070862477574],[-2.003314691284587,53.712238629655616],[-2.003708748801456,53.71236329234848],[-2.004136329383694,53.712440059439494],[-2.004581,53.71246598054559],[-2.005025670616306,53.712440059439494],[-2.005453251198544,53.71236329234848],[-2.005847308715413,53.712238629655616],[-2.0061926988559966,53.712070862477574],[-2.0064761481543907,53.711866438483945],[-2.006686764129725,53.711633214045136],[-2.006816453829853,53.71138015224481],[-2.0068602347016657,53.71111697837279]]],[[[-2.0019134648097996,53.69689997838404],[-2.0018696707757506,53.696636806157876],[-2.0017400011873723,53.696383749044514],[-2.001529440522169,53.69615053162025],[-2.0012460814090134,53.695946115900824],[-2.0009008134958783,53.69577835699702],[-2.000506904918666,53.695653701318705],[-2.0000794924623606,53.695576938914655],[-1.999635,53.69555101945442],[-1.9991905075376395,53.695576938914655],[-1.9987630950813342,53.695653701318705],[-1.9983691865041218,53.69577835699702],[-1.9980239185909867,53.695946115900824],[-1.997740559477831,53.69615053162025],[-1.9975299988126276,53.696383749044514],[-1.9974003292242495,53.696636806157876],[-1.9973565351902003,53.69689997838404],[-1.9974003012807489,53.69716315225563],[-1.997529947179771,53.69741621405474],[-1.9977404920162525,53.69764943849172],[-1.9980238455711004,53.6978538624832],[-1.998369119042543,53.698021629659095],[-1.9987630434484775,53.69814629235013],[-1.9991904795941384,53.69822305943993],[-1.999635,53.69824898054558],[-2.0000795204058615,53.69822305943993],[-2.0005069565515226,53.69814629235013],[-2.000900880957457,53.698021629659095],[-2.0012461544288995,53.6978538624832],[-2.0015295079837476,53.69764943849172],[-2.001740052820229,53.69741621405474],[-2.001869698719251,53.69716315225563],[-2.0019134648097996,53.69689997838404]]],[[[-2.0000274945302157,53.73435497835441],[-1.9999836614640345,53.73409180612936],[-1.9998538763460907,53.73383874901922],[-1.9996431280966742,53.73360553159977],[-1.9993595165554523,53.73340111588601],[-1.9990139410717824,53.733233356987874],[-1.998619681600613,53.73310870131437],[-1.998191888409549,53.733031938913534],[-1.997747,53.73300601945442],[-1.9973021115904508,53.733031938913534],[-1.996874318399387,53.73310870131437],[-1.9964800589282174,53.733233356987874],[-1.9961344834445478,53.73340111588601],[-1.9958508719033257,53.73360553159977],[-1.9956401236539094,53.73383874901922],[-1.9955103385359654,53.73409180612936],[-1.9954665054697844,53.73435497835441],[-1.9955103105292187,53.73461815222713],[-1.9956400719041896,53.73487121402944],[-1.9958508042890584,53.73510443847123],[-1.9961344102593916,53.73530886246838],[-1.9964799913139502,53.735476629649945],[-1.9968742666496666,53.73560129234579],[-1.997302083583704,53.735678059438804],[-1.997747,53.735703980545594],[-1.9981919164162958,53.735678059438804],[-1.9986197333503333,53.73560129234579],[-1.99901400868605,53.735476629649945],[-1.9993595897406082,53.73530886246838],[-1.9996431957109415,53.73510443847123],[-1.9998539280958105,53.73487121402944],[-1.9999836894707814,53.73461815222713],[-2.0000274945302157,53.73435497835441]]],[[[-1.9978554536781723,53.7520249783404],[-1.9978116021672805,53.75176180611589],[-1.9976817624556293,53.751508749007264],[-1.997470925562958,53.75127553159008],[-1.9971871947364068,53.75107111587902],[-1.9968414739097406,53.75090335698356],[-1.996447048623019,53.75077870131232],[-1.9960190755150817,53.750701938913],[-1.9955739999999997,53.75067601945442],[-1.995128924484918,53.750701938913],[-1.9947009513769804,53.75077870131232],[-1.9943065260902588,53.75090335698356],[-1.9939608052635927,53.75107111587902],[-1.9936770744370418,53.75127553159008],[-1.9934662375443701,53.751508749007264],[-1.9933363978327192,53.75176180611589],[-1.9932925463218274,53.7520249783404],[-1.9933363697960684,53.75228815221365],[-1.9934661857393943,53.75254121401749],[-1.9936770067505791,53.75277443846155],[-1.9939607320002932,53.752978862461376],[-1.9943064584037962,53.75314662964561],[-1.9947008995720046,53.75327129234373],[-1.9951288964482672,53.75334805943827],[-1.9955739999999997,53.75337398054559],[-1.9960191035517325,53.75334805943827],[-1.9964471004279951,53.75327129234373],[-1.9968415415962035,53.75314662964561],[-1.9971872679997065,53.752978862461376],[-1.9974709932494206,53.75277443846155],[-1.9976818142606054,53.75254121401749],[-1.9978116302039313,53.75228815221365],[-1.9978554536781723,53.7520249783404]]],[[[-1.9929544416783809,53.71493697836977],[-1.9929106288588594,53.714673806144134],[-1.9927809036681445,53.714420749032335],[-1.9925702527219746,53.71418753161038],[-1.9922867721196507,53.71398311589369],[-1.99194135617825,53.71381535699261],[-1.9915472787219728,53.71369070131661],[-1.991119683024751,53.71361393891411],[-1.990675,53.71358801945441],[-1.9902303169752489,53.71361393891411],[-1.9898027212780272,53.71369070131661],[-1.9897540991587919,53.71370608160047],[-1.98953,53.71369301945442],[-1.989085315865308,53.71371893891412],[-1.9886577191007897,53.71379570131661],[-1.9882636406608671,53.713920356992595],[-1.9879182238572677,53.71408811589365],[-1.987634742547323,53.71429253161034],[-1.987424091075307,53.71452574903227],[-1.9872943655607336,53.71477880614407],[-1.987250552631795,53.7150419783697],[-1.9872943375866223,53.71530515224183],[-1.9874240393858902,53.715558214042495],[-1.987634675011845,53.71579143848181],[-1.9879181507573926,53.71599586247602],[-1.9882635731253888,53.716163629654666],[-1.9886576674113725,53.71628829234803],[-1.989085287891197,53.71636505943938],[-1.98953,53.7163909805456],[-1.9899747121088032,53.71636505943938],[-1.9904023325886278,53.71628829234803],[-1.9904509289655876,53.716272919998175],[-1.990675,53.71628598054558],[-1.991119710998685,53.71626005943938],[-1.991547330411062,53.716183292348035],[-1.9919414237133002,53.71605862965468],[-1.992286845219062,53.71589086247607],[-1.9925703202570249,53.71568643848185],[-1.992780955357234,53.71545321404255],[-1.9929106568327928,53.7152001522419],[-1.9929544416783809,53.71493697836977]]]]}},{"type":"Feature","properties":{"species":"Athyrium filix-femina","locations":[],"common":false,"recordCount":56},"geometry":{"type":"MultiPolygon","coordinates":[[[[-2.2038517053321858,53.756657978336726],[-2.203807848981909,53.756394806112354],[-2.2036779949463714,53.75614174900413],[-2.20346713479615,53.75590853158754],[-2.203183372672413,53.755704115877165],[-2.202837613711747,53.755536356982425],[-2.2024431449195907,53.75541170131177],[-2.20201512460642,53.75533493891287],[-2.20157,53.755309019454415],[-2.201124875393579,53.75533493891287],[-2.2006968550804085,53.75541170131177],[-2.2003023862882527,53.755536356982425],[-2.199956627327586,53.755704115877165],[-2.199672865203849,53.75590853158754],[-2.1994620050536278,53.75614174900413],[-2.1993321510180905,53.756394806112354],[-2.199288294667814,53.756657978336726],[-2.199332122973592,53.75692115221012],[-2.199461953234151,53.75717421401434],[-2.19967279749844,53.75740743845901],[-2.199956554043779,53.75761186245954],[-2.200302318582843,53.75777962964448],[-2.2006968032609313,53.757904292343206],[-2.2011248473490803,53.757981059438116],[-2.20157,53.75800698054559],[-2.2020151526509193,53.757981059438116],[-2.202443196739068,53.757904292343206],[-2.2028376814171566,53.75777962964448],[-2.20318344595622,53.75761186245954],[-2.2034672025015594,53.75740743845901],[-2.2036780467658486,53.75717421401434],[-2.203807877026408,53.75692115221012],[-2.2038517053321858,53.756657978336726]]],[[[-2.164172134713392,53.76455997833047],[-2.16412827010598,53.76429680610634],[-2.1639983916305074,53.76404374899878],[-2.1637874917974105,53.76381053158321],[-2.163503676273279,53.76360611587403],[-2.1631578522469996,53.763438356980494],[-2.162763309224293,53.76331370131087],[-2.162335208367843,53.76323693891263],[-2.16189,53.76321101945442],[-2.161444791632157,53.76323693891263],[-2.161016690775707,53.76331370131087],[-2.1606221477530005,53.763438356980494],[-2.1602763237267206,53.76360611587403],[-2.1599925082025897,53.76381053158321],[-2.1597816083694923,53.76404374899878],[-2.15965172989402,53.76429680610634],[-2.1596078652866075,53.76455997833047],[-2.159651701836129,53.76482315220409],[-2.15978155652527,53.765076214009014],[-2.1599924404648485,53.76530943845468],[-2.160276250407918,53.765513862456416],[-2.16062208001526,53.76568162964256],[-2.1610166389314847,53.76580629234229],[-2.161444763574266,53.7658830594379],[-2.16189,53.765908980545596],[-2.1623352364257338,53.7658830594379],[-2.1627633610685155,53.76580629234229],[-2.1631579199847404,53.76568162964256],[-2.1635037495920817,53.765513862456416],[-2.1637875595351512,53.76530943845468],[-2.1639984434747297,53.765076214009014],[-2.1641282981638708,53.76482315220409],[-2.164172134713392,53.76455997833047]]],[[[-2.1536597462098666,53.77580697832153],[-2.1536158698431835,53.775543806097744],[-2.153485956561961,53.77529074899116],[-2.153275000215121,53.77505753157703],[-2.15299110864166,53.77485311586957],[-2.1526451919532126,53.774685356977734],[-2.15225054321624,53.774560701309554],[-2.15182232765535,53.77448393891228],[-2.151377,53.77445801945442],[-2.1509316723446505,53.77448393891228],[-2.1505034567837606,53.774560701309554],[-2.1501088080467876,53.774685356977734],[-2.1497628913583404,53.77485311586957],[-2.149478999784879,53.77505753157703],[-2.1492680434380396,53.77529074899116],[-2.149138130156817,53.775543806097744],[-2.1490942537901336,53.77580697832153],[-2.14913810207985,53.776070152195494],[-2.149267991558569,53.77632321400139],[-2.1494789320010845,53.7765564384485],[-2.1497628179896897,53.776760862451944],[-2.150108740262993,53.7769286296398],[-2.1505034049042897,53.77705329234098],[-2.1509316442676836,53.777130059437546],[-2.151377,53.77715598054559],[-2.151822355732317,53.777130059437546],[-2.1522505950957105,53.77705329234098],[-2.152645259737007,53.7769286296398],[-2.1529911820103105,53.776760862451944],[-2.1532750679989157,53.7765564384485],[-2.153486008441431,53.77632321400139],[-2.15361589792015,53.776070152195494],[-2.1536597462098666,53.77580697832153]]],[[[-2.14955986152028,53.77792697831985],[-2.14951598293614,53.77766380609612],[-2.1493860630915678,53.777410748989716],[-2.149175096087883,53.77717753157587],[-2.148891190173735,53.776973115868735],[-2.148545256011903,53.776805356977206],[-2.1481505873403006,53.7766807013093],[-2.147722350149497,53.77660393891221],[-2.147277,53.77657801945441],[-2.1468316498505033,53.77660393891221],[-2.1464034126596996,53.7766807013093],[-2.1460087439880966,53.776805356977206],[-2.1456628098262653,53.776973115868735],[-2.145378903912117,53.77717753157587],[-2.1451679369084324,53.777410748989716],[-2.14503801706386,53.77766380609612],[-2.14499413847972,53.77792697831985],[-2.1450379889832956,53.77819015219387],[-2.145167885022315,53.77844321399995],[-2.145378836119637,53.77867643844735],[-2.1456627364482133,53.77888086245111],[-2.1460086761956165,53.77904862963927],[-2.146403360773581,53.77917329234072],[-2.146831621769939,53.77925005943748],[-2.147277,53.77927598054559],[-2.1477223782300614,53.77925005943748],[-2.148150639226419,53.77917329234072],[-2.1485453238043837,53.77904862963927],[-2.148891263551787,53.77888086245111],[-2.149175163880363,53.77867643844735],[-2.1493861149776854,53.77844321399995],[-2.1495160110167046,53.77819015219387],[-2.14955986152028,53.77792697831985]]],[[[-2.138093549001071,53.73535897835362],[-2.1380497148873987,53.735095806128605],[-2.13791992666903,53.73484274901854],[-2.1377091733854856,53.73460953159921],[-2.137425555069945,53.734405115885615],[-2.1370799713321187,53.73423735698763],[-2.136685702444139,53.73411270131426],[-2.136257899035437,53.734035938913514],[-2.135813,53.73401001945442],[-2.1353681009645635,53.734035938913514],[-2.134940297555862,53.73411270131426],[-2.1345460286678817,53.73423735698763],[-2.134200444930056,53.734405115885615],[-2.1339168266145148,53.73460953159921],[-2.1337060733309703,53.73484274901854],[-2.1335762851126017,53.735095806128605],[-2.13353245099893,53.73535897835362],[-2.133576257104157,53.735622152226355],[-2.1337060215781127,53.735875214028766],[-2.1339167589961483,53.736108438470694],[-2.1342003717404627,53.73631286246798],[-2.1345459610495148,53.736480629649705],[-2.1349402458030045,53.73660529234567],[-2.1353680729561186,53.73668205943876],[-2.135813,53.73670798054559],[-2.1362579270438817,53.73668205943876],[-2.1366857541969964,53.73660529234567],[-2.1370800389504856,53.736480629649705],[-2.1374256282595376,53.73631286246798],[-2.137709241003852,53.736108438470694],[-2.1379199784218876,53.735875214028766],[-2.138049742895843,53.735622152226355],[-2.138093549001071,53.73535897835362]]],[[[-2.1354849404109464,53.70568397837709],[-2.1354411372309463,53.70542080615119],[-2.13531144057185,53.70516774903858],[-2.1351008359521866,53.70493453161544],[-2.134817417690453,53.70473011589735],[-2.1344720777078354,53.70456235699487],[-2.134078086909658,53.70443770131768],[-2.133650585240134,53.7043609389144],[-2.133206,53.704335019454405],[-2.132761414759866,53.7043609389144],[-2.132333913090342,53.70443770131768],[-2.1319399222921644,53.70456235699487],[-2.131594582309547,53.70473011589735],[-2.1313111640478133,53.70493453161544],[-2.13110055942815,53.70516774903858],[-2.1309708627690536,53.70542080615119],[-2.1309270595890535,53.70568397837709],[-2.1309708348107375,53.70594715224894],[-2.1310572893698696,53.7061158716706],[-2.130947122839999,53.706062356994515],[-2.1305531179969988,53.70593770131751],[-2.1301256010882494,53.70586093891435],[-2.129681,53.70583501945441],[-2.1292363989117504,53.70586093891435],[-2.128808882003001,53.70593770131751],[-2.1284148771600013,53.706062356994515],[-2.1280695248666177,53.706230115896766],[-2.1277860965012407,53.706434531614626],[-2.127575484373364,53.70666774903757],[-2.1274457830901,53.706920806150045],[-2.1274019783478075,53.70718397837591],[-2.127445755129253,53.70744715224781],[-2.1275754327084555,53.7077002140478],[-2.1277860289977846,53.7079334384861],[-2.1280694518014034,53.70813786247915],[-2.128414809656545,53.70830562965658],[-2.1288088303380928,53.70843029234894],[-2.1292363709509035,53.70850705943962],[-2.129681,53.708532980545584],[-2.130125629049097,53.70850705943962],[-2.1305531696619076,53.70843029234894],[-2.1309471903434547,53.70830562965658],[-2.131292548198597,53.70813786247915],[-2.1315759710022153,53.7079334384861],[-2.1317865672915444,53.7077002140478],[-2.1319162448707467,53.70744715224781],[-2.1319600216521923,53.70718397837591],[-2.1319162169098997,53.706920806150045],[-2.131829776399577,53.70675215411058],[-2.1319398547948185,53.70680562965695],[-2.13233386143011,53.70693029234911],[-2.13276138680155,53.707007059439654],[-2.133206,53.707032980545584],[-2.13365061319845,53.707007059439654],[-2.13407813856989,53.70693029234911],[-2.1344721452051814,53.70680562965695],[-2.1348174907490534,53.70663786247972],[-2.1351009034495325,53.70643343848692],[-2.1353114922320815,53.706200214048806],[-2.1354411651892624,53.70594715224894],[-2.1354849404109464,53.70568397837709]]],[[[-2.1339724522144996,53.73357497835503],[-2.133928619962063,53.73331180612996],[-2.133798837252686,53.733058749019754],[-2.1335880929140347,53.73282553160019],[-2.133304486635446,53.73262111588632],[-2.132958917564023,53.732453356988074],[-2.132564665408309,53.732328701314465],[-2.1321368801548224,53.73225193891357],[-2.131692,53.73222601945442],[-2.131247119845178,53.73225193891357],[-2.1308193345916915,53.732328701314465],[-2.130425082435978,53.732453356988074],[-2.1300795133645543,53.73262111588632],[-2.1297959070859656,53.73282553160019],[-2.129585162747315,53.733058749019754],[-2.129455380037937,53.73331180612996],[-2.1294115477855007,53.73357497835503],[-2.1294553520325095,53.733838152227726],[-2.129585111000032,53.73409121402998],[-2.1297958394748826,53.734324438471674],[-2.130079440182845,53.7345288624687],[-2.1304250148248944,53.734696629650145],[-2.130819282844409,53.734821292345885],[-2.1312470918397506,53.734898059438834],[-2.131692,53.734923980545595],[-2.13213690816025,53.734898059438834],[-2.1325647171555913,53.734821292345885],[-2.132958985175106,53.734696629650145],[-2.133304559817155,53.7345288624687],[-2.133588160525118,53.734324438471674],[-2.1337988889999684,53.73409121402998],[-2.133928647967491,53.733838152227726],[-2.1339724522144996,53.73357497835503]]],[[[-2.1169568667262317,53.72277897836357],[-2.1169130457329124,53.72251580613818],[-2.1167832963489173,53.72226274902704],[-2.116572606120359,53.722029531606104],[-2.116289072656563,53.721825115890596],[-2.1159435923061958,53.72165735699071],[-2.1155494413685068,53.72153270131571],[-2.115121765940851,53.721455938913884],[-2.114677,53.72143001945442],[-2.114232234059149,53.721455938913884],[-2.113804558631493,53.72153270131571],[-2.113410407693804,53.72165735699071],[-2.1130649273434368,53.721825115890596],[-2.112781393879641,53.722029531606104],[-2.112570703651082,53.72226274902704],[-2.1124409542670874,53.72251580613818],[-2.1123971332737677,53.72277897836357],[-2.1124409262799086,53.723042152235934],[-2.1125706519375185,53.72329521403727],[-2.112781326312614,53.72352843847757],[-2.113064854209413,53.72373286247296],[-2.1134103401267765,53.723900629652775],[-2.113804506917929,53.724025292347136],[-2.11423220607197,53.72410205943915],[-2.114677,53.724127980545596],[-2.11512179392803,53.72410205943915],[-2.1155494930820704,53.724025292347136],[-2.1159436598732233,53.723900629652775],[-2.116289145790587,53.72373286247296],[-2.116572673687386,53.72352843847757],[-2.1167833480624814,53.72329521403727],[-2.116913073720091,53.723042152235934],[-2.1169568667262317,53.72277897836357]]],[[[-2.1159440839349437,53.7267849783604],[-2.115900258764635,53.726521806135125],[-2.1157704970173468,53.726268749024335],[-2.1155597867146314,53.7260355316039],[-2.1152762262374725,53.725831115889015],[-2.1149307129727197,53.72566335698973],[-2.1145365244844285,53.72553870131524],[-2.114108808312784,53.72546193891377],[-2.113664,53.72543601945441],[-2.113219191687216,53.72546193891377],[-2.1127914755155714,53.72553870131524],[-2.1123972870272802,53.72566335698973],[-2.1120517737625275,53.725831115889015],[-2.1117682132853686,53.7260355316039],[-2.111557502982653,53.726268749024335],[-2.111427741235365,53.726521806135125],[-2.1113839160650563,53.7267849783604],[-2.1114277132414165,53.72704815223288],[-2.1115574512565813,53.727301214034554],[-2.111768145701999,53.72753443847538],[-2.1120517006108153,53.72773886247137],[-2.1123972194439102,53.7279066296518],[-2.1127914237894996,53.72803129234667],[-2.113219163693268,53.72810805943903],[-2.113664,53.72813398054559],[-2.1141088363067326,53.72810805943903],[-2.1145365762105004,53.72803129234667],[-2.1149307805560897,53.7279066296518],[-2.1152762993891847,53.72773886247137],[-2.115559854298001,53.72753443847538],[-2.1157705487434186,53.727301214034554],[-2.1159002867585834,53.72704815223288],[-2.1159440839349437,53.7267849783604]]],[[[-2.1119280729462866,53.708130978375166],[-2.1118842672175933,53.70786780614934],[-2.111754563014723,53.707614749036935],[-2.111543946146311,53.70738153161412],[-2.1112605114016962,53.7071771158964],[-2.1109151513355413,53.70700935699429],[-2.1105211376249224,53.706884701317406],[-2.110093611094432,53.70680793891434],[-2.109649,53.70678201945442],[-2.109204388905568,53.70680793891434],[-2.1087768623750773,53.706884701317406],[-2.1083828486644585,53.70700935699429],[-2.108037488598304,53.7071771158964],[-2.107754053853689,53.70738153161412],[-2.1075434369852766,53.707614749036935],[-2.107413732782407,53.70786780614934],[-2.107369927053713,53.708130978375166],[-2.107413704819962,53.70839415224709],[-2.1075433853174155,53.70864721404716],[-2.107753986346375,53.708880438485586],[-2.1080374155289134,53.709084862478754],[-2.1083827811571445,53.70925262965635],[-2.1087768107072162,53.70937729234883],[-2.109204360943123,53.70945405943959],[-2.109649,53.709479980545595],[-2.1100936390568767,53.70945405943959],[-2.110521189292784,53.70937729234883],[-2.1109152188428557,53.70925262965635],[-2.1112605844710863,53.709084862478754],[-2.1115440136536248,53.708880438485586],[-2.1117546146825843,53.70864721404716],[-2.111884295180038,53.70839415224709],[-2.1119280729462866,53.708130978375166]]],[[[-2.109349642903323,53.71864997836684],[-2.109305826214185,53.718386806141325],[-2.109176089569957,53.718133749029825],[-2.1089654200268306,53.717900531608365],[-2.10868191439898,53.71769611589223],[-2.108582425787082,53.717647801309944],[-2.108562780658544,53.717529806141975],[-2.108433046658137,53.71727674903041],[-2.108222381407757,53.71704353160883],[-2.107938881556562,53.71683911589257],[-2.1075934421614084,53.71667135699193],[-2.107589577227339,53.716670134508256],[-2.107677725821934,53.716498152240916],[-2.107721512017982,53.716234978368746],[-2.1076776978458085,53.71597180614315],[-2.107547968651437,53.71571874903145],[-2.10733731120457,53.71548553160967],[-2.107053821854396,53.71528111589318],[-2.1067083952541927,53.715113356992305],[-2.106314305637748,53.714988701316464],[-2.105886696746231,53.71491193891408],[-2.1057916569404616,53.714906399452786],[-2.105750388420198,53.714886356992366],[-2.105356300930445,53.7147617013165],[-2.1049788624431582,53.71469394491112],[-2.104884796756638,53.71462611589344],[-2.104800867181464,53.71458535425977],[-2.104753907322694,53.71449374903229],[-2.104543256010936,53.71426053161035],[-2.1042597749166476,53.71405611589366],[-2.1039143583758144,53.7138883569926],[-2.10352028023567,53.71376370131661],[-2.1030926837964237,53.713686938914115],[-2.102648,53.71366101945441],[-2.102634774429265,53.71366179033846],[-2.1026178979255516,53.71364310556662],[-2.102650277614511,53.71363729234834],[-2.1030443470651643,53.71351262965531],[-2.1033897476654775,53.71334486247707],[-2.1036732055475604,53.713140438483265],[-2.1038838279007006,53.712907214044286],[-2.104013521527725,53.71265415224386],[-2.104057303724722,53.71239097837179],[-2.1040134935580905,53.712127806146086],[-2.1038837762195532,53.71187474903406],[-2.103673138022888,53.71164153161178],[-2.103389674577299,53.71143711589471],[-2.103044279540492,53.71126935699325],[-2.1026502259333637,53.71114470131692],[-2.1022226561134763,53.7110679389142],[-2.101778,53.71104201945442],[-2.1013333438865236,53.7110679389142],[-2.101261610780383,53.71108081729178],[-2.101273228959013,53.71101097837288],[-2.101229420230148,53.71074780614714],[-2.1010997071471977,53.71049474903499],[-2.1008890758602847,53.71026153161253],[-2.1006056217130022,53.710057115895246],[-2.1002602380057014,53.70988935699358],[-2.0998661973239177,53.70976470131708],[-2.099438641528575,53.70968793891424],[-2.098994,53.70966201945442],[-2.0985493584714248,53.70968793891424],[-2.098121802676082,53.70976470131708],[-2.0977277619942982,53.70988935699358],[-2.097382378286997,53.710057115895246],[-2.097098924139715,53.71026153161253],[-2.096888292852802,53.71049474903499],[-2.096758579769851,53.71074780614714],[-2.0967147710409866,53.71101097837288],[-2.0967453852751534,53.71119500592877],[-2.0965763315521206,53.711277115894774],[-2.096292869184636,53.71148153161187],[-2.09608223178913,53.711714749034165],[-2.0959525149440132,53.711967806146205],[-2.0959492895262577,53.71198718163972],[-2.09588950771723,53.71210380614611],[-2.095845697575604,53.71236697837182],[-2.0958894797476355,53.71263015224386],[-2.0960191733006814,53.712883214044304],[-2.0962297955336697,53.713116438483276],[-2.0965132532540443,53.71332086247708],[-2.0968586536573066,53.713488629655316],[-2.0972527228831397,53.71361329234835],[-2.0976803161705897,53.713690059439465],[-2.098125,53.713715980545594],[-2.0984166624345773,53.71369897922371],[-2.0983014110001657,53.71392380614473],[-2.0982714357709935,53.71410386277156],[-2.0979613116051836,53.714121938914104],[-2.097533710744216,53.714198701316555],[-2.097139628528911,53.7143233569925],[-2.0967942084160596,53.7144911158935],[-2.0965107243901597,53.714695531610104],[-2.0963000708998636,53.71492874903199],[-2.09617034414227,53.715181806143754],[-2.096126530793372,53.71544497836937],[-2.0961703161674783,53.71570815224152],[-2.096300019209189,53.71596121404222],[-2.0965106568530385,53.71619443848158],[-2.096794135314407,53.71639886247586],[-2.0971395609917898,53.71656662965455],[-2.097533659053541,53.716691292347974],[-2.097961283630392,53.71676805943936],[-2.098406,53.71679398054558],[-2.098679190725989,53.71677805712492],[-2.0987906249952064,53.716901438481194],[-2.099074108221213,53.71710586247558],[-2.0994195397045883,53.717273629654386],[-2.0998136443905517,53.717398292347895],[-2.10024127615523,53.717475059439344],[-2.100686,53.717500980545594],[-2.1011307238447703,53.717475059439344],[-2.1015583556094484,53.717398292347895],[-2.101952460295412,53.717273629654386],[-2.102297891778787,53.71710586247558],[-2.1023524552428894,53.7170665159455],[-2.10269654090898,53.7172336296544],[-2.103090645220157,53.71735829234791],[-2.103518276578161,53.717435059439346],[-2.103963,53.71746098054559],[-2.1041315401356675,53.71745115703158],[-2.104091219341455,53.717529806141975],[-2.104047403545543,53.71779297836752],[-2.1040911913626985,53.71805615223974],[-2.1042209016438616,53.71830921404064],[-2.104431551045549,53.718542438480306],[-2.1047150453314236,53.71874686247494],[-2.1048145151851956,53.71879517053752],[-2.104834145805611,53.71891315223908],[-2.104963858729368,53.71916621404006],[-2.1051745124229817,53.719399438479826],[-2.1054580124852245,53.7196038624746],[-2.105803464484543,53.719771629653785],[-2.1061975925776935,53.71989629234762],[-2.1066252497411417,53.719973059439276],[-2.10707,53.71999898054559],[-2.107514750258859,53.719973059439276],[-2.1079424074223074,53.71989629234762],[-2.1083365355154573,53.719771629653785],[-2.1086819875147764,53.7196038624746],[-2.1089654875770187,53.719399438479826],[-2.1091761412706322,53.71916621404006],[-2.1093058541943894,53.71891315223908],[-2.109349642903323,53.71864997836684]]],[[[-2.107202527223493,53.69805297838314],[-2.1071587319892098,53.697789806157004],[-2.1070290588483096,53.69753674904375],[-2.106818492414911,53.69730353161963],[-2.1065351255396187,53.69709911590039],[-2.1061898481687216,53.696931356996764],[-2.1057959288015557,53.696806701318586],[-2.105368504637696,53.696729938914636],[-2.104924,53.69670401945442],[-2.104479495362304,53.696729938914636],[-2.1040520711984443,53.696806701318586],[-2.103658151831278,53.696931356996764],[-2.103312874460381,53.69709911590039],[-2.1030295075850884,53.69730353161963],[-2.1028189411516904,53.69753674904375],[-2.1026892680107903,53.697789806157004],[-2.102645472776507,53.69805297838314],[-2.1026892400653456,53.69831615225477],[-2.1028188895152415,53.698569214053975],[-2.1030294401188163,53.69880243849111],[-2.1033128014354143,53.69900686248275],[-2.103658084365006,53.69917462965882],[-2.104052019561995,53.69929929235001],[-2.1044794674168594,53.69937605943991],[-2.104924,53.69940198054561],[-2.1053685325831406,53.69937605943991],[-2.105795980438005,53.69929929235001],[-2.1061899156349937,53.69917462965882],[-2.1065351985645857,53.69900686248275],[-2.1068185598811833,53.69880243849111],[-2.1070291104847585,53.698569214053975],[-2.1071587599346544,53.69831615225477],[-2.107202527223493,53.69805297838314]]],[[[-2.1040826117225992,53.73651497835268],[-2.104038776402773,53.73625180612771],[-2.103908984614361,53.735998749017746],[-2.103698225534171,53.735765531598574],[-2.1034145994182087,53.73556111588515],[-2.1030690061759727,53.73539335698733],[-2.102674726444822,53.735268701314105],[-2.102246911270823,53.73519193891346],[-2.101802,53.73516601945441],[-2.1013570887291775,53.73519193891346],[-2.1009292735551783,53.735268701314105],[-2.100534993824027,53.73539335698733],[-2.100189400581791,53.73556111588515],[-2.0999057744658294,53.735765531598574],[-2.0996950153856395,53.735998749017746],[-2.099565223597227,53.73625180612771],[-2.099521388277401,53.73651497835268],[-2.099565195586827,53.736778152225455],[-2.0996949636291693,53.73703121402797],[-2.0999057068427422,53.73726443847004],[-2.1001893273870893,53.73746886246751],[-2.1005349262009396,53.73763662964941],[-2.100929221798708,53.73776129234554],[-2.1013570607187777,53.73783805943873],[-2.101802,53.73786398054558],[-2.1022469392812226,53.73783805943873],[-2.1026747782012922,53.73776129234554],[-2.1030690737990603,53.73763662964941],[-2.103414672612911,53.73746886246751],[-2.1036982931572576,53.73726443847004],[-2.1039090363708306,53.73703121402797],[-2.104038804413173,53.736778152225455],[-2.1040826117225992,53.73651497835268]]],[[[-2.097839303311579,53.73082997835719],[-2.097795473922591,53.73056680613205],[-2.097665699688613,53.730313749021605],[-2.0974549691113835,53.73008053160169],[-2.0971713813512456,53.729876115887414],[-2.096825834843595,53.72970835698873],[-2.0964316084299157,53.72958370131477],[-2.096003851107624,53.72950693891364],[-2.095559,53.72948101945442],[-2.0951141488923763,53.72950693891364],[-2.0946863915700846,53.72958370131477],[-2.0942921651564057,53.72970835698873],[-2.093946618648755,53.729876115887414],[-2.0936630308886173,53.73008053160169],[-2.0934523003113874,53.730313749021605],[-2.0933225260774093,53.73056680613205],[-2.093298495090508,53.73071109945763],[-2.0932509951781415,53.730658531601385],[-2.092967403518927,53.73045411588718],[-2.092621852260454,53.7302863569886],[-2.0922276204267667,53.73016170131471],[-2.091799857223537,53.73008493891363],[-2.091355,53.730059019454416],[-2.090910142776463,53.73008493891363],[-2.0904823795732335,53.73016170131471],[-2.090088147739546,53.7302863569886],[-2.089742596481073,53.73045411588718],[-2.0894590048218586,53.730658531601385],[-2.0892482713471496,53.73089174902122],[-2.089118495328669,53.73114480613161],[-2.089074665336779,53.73140797835674],[-2.0891184673269056,53.731671152229374],[-2.0892482196066378,53.73192421403144],[-2.089458937219622,53.732157438472846],[-2.089742523308939,53.73236186246955],[-2.090088080137309,53.73252962965067],[-2.090482327832721,53.73265429234614],[-2.0909101147746996,53.73273105943889],[-2.091355,53.7327569805456],[-2.0917998852253006,53.73273105943889],[-2.0922276721672786,53.73265429234614],[-2.0926219198626907,53.73252962965067],[-2.092967476691061,53.73236186246955],[-2.093251062780378,53.732157438472846],[-2.0934617803933624,53.73192421403144],[-2.0935915326730945,53.731671152229374],[-2.0936155344813434,53.731526943055115],[-2.0936629632887396,53.73157943847316],[-2.093946545479175,53.73178386246977],[-2.094292097556528,53.73195162965081],[-2.0946863398313784,53.73207629234621],[-2.09511412089159,53.732153059438915],[-2.095559,53.7321789805456],[-2.0960038791084106,53.732153059438915],[-2.0964316601686224,53.73207629234621],[-2.0968259024434728,53.73195162965081],[-2.0971714545208253,53.73178386246977],[-2.097455036711261,53.73157943847316],[-2.097665751427319,53.731346214031824],[-2.097795501923377,53.7310931522298],[-2.097839303311579,53.73082997835719]]],[[[-2.09755772550911,53.72017397836562],[-2.0975139072314377,53.719910806140156],[-2.0973841658853742,53.7196577490288],[-2.0971734887079245,53.71942453160752],[-2.096889972806728,53.71922011589162],[-2.0965445138554784,53.719052356991334],[-2.0961503873311194,53.718927701316],[-2.0957227383929573,53.71885093891395],[-2.095278,53.71882501945441],[-2.0948332616070426,53.71885093891395],[-2.0946171307877672,53.718889734101694],[-2.094584842640309,53.71869580614108],[-2.094455105042791,53.71844274902961],[-2.0942444339518174,53.71820953160819],[-2.0939609262410612,53.718005115892105],[-2.093615477269439,53.71783735699164],[-2.0932213621304068,53.71771270131615],[-2.0927937255458047,53.71763593891399],[-2.092349,53.71761001945441],[-2.091904274454195,53.71763593891399],[-2.0914766378695933,53.71771270131615],[-2.091082522730561,53.71783735699164],[-2.090737073758939,53.718005115892105],[-2.0904535660481827,53.71820953160819],[-2.090242894957209,53.71844274902961],[-2.0901131573596907,53.71869580614108],[-2.0900693403484807,53.71895897836659],[-2.090113129378965,53.71922215223885],[-2.0902428432555693,53.719475214039846],[-2.0904534984967347,53.71970843847965],[-2.0906120334821776,53.71982275280005],[-2.0904372512228946,53.71983293891393],[-2.090009592299547,53.7199097013159],[-2.08961545657261,53.72003435699111],[-2.089269989554986,53.72020211589123],[-2.088986467033587,53.72040653160699],[-2.0887757849365367,53.72063974902814],[-2.0886460405605836,53.72089280613942],[-2.0886022212592517,53.721155978364855],[-2.0886460125761466,53.721419152237175],[-2.0887757332280397,53.721672214038364],[-2.08898639947318,53.72190543847846],[-2.0892699164281283,53.72210986247361],[-2.0896153890122027,53.72227762965317],[-2.0900095405910495,53.72240229234733],[-2.0904372232384576,53.7224790594392],[-2.0908820000000006,53.722504980545594],[-2.091326776761543,53.7224790594392],[-2.091754459408951,53.72240229234733],[-2.092148610987798,53.72227762965317],[-2.092494083571873,53.72210986247361],[-2.0927776005268206,53.72190543847846],[-2.092988266771961,53.721672214038364],[-2.093117987423854,53.721419152237175],[-2.093161778740749,53.721155978364855],[-2.093117959439417,53.72089280613942],[-2.092988215063464,53.72063974902814],[-2.0927775329664136,53.72040653160699],[-2.092619016463813,53.72029224345739],[-2.092793753526531,53.720282059439256],[-2.0930098053162607,53.72024327709884],[-2.0930420647857844,53.720437152237906],[-2.093171782409194,53.72069021403901],[-2.0933824437356727,53.720923438478984],[-2.0936659540707483,53.721127862474],[-2.0940114185881193,53.721295629653405],[-2.0944055609634487,53.72142029234743],[-2.0948332336242643,53.721497059439216],[-2.095278,53.721522980545586],[-2.0957227663757356,53.721497059439216],[-2.0961504390365513,53.72142029234743],[-2.096544581411881,53.721295629653405],[-2.0968900459292517,53.721127862474],[-2.0971735562643277,53.720923438478984],[-2.097384217590806,53.72069021403901],[-2.097513935214216,53.720437152237906],[-2.09755772550911,53.72017397836562]]],[[[-2.095365172509611,53.70996897837372],[-2.095321364866285,53.70970580614794],[-2.095191654996375,53.709452749035705],[-2.0949810289264454,53.70921953161312],[-2.0946975817995455,53.70901511589567],[-2.094352206646217,53.70884735699385],[-2.0939581757232917,53.70872270131721],[-2.093530630516722,53.70864593891429],[-2.093086,53.708620019454436],[-2.0926413694832777,53.70864593891429],[-2.092213824276708,53.70872270131721],[-2.091819793353783,53.70884735699385],[-2.091474418200454,53.70901511589567],[-2.091190971073554,53.70921953161312],[-2.0909803450036244,53.709452749035705],[-2.0908530430442602,53.709701108441514],[-2.0908283567373354,53.70955280614803],[-2.090698647339189,53.709299749035786],[-2.0904880220352573,53.709066531613175],[-2.090204575939144,53.70886211589572],[-2.0898592020417754,53.70869435699386],[-2.089465172551721,53.708569701317195],[-2.089037628899877,53.708492938914254],[-2.088593,53.7084670194544],[-2.088148371100123,53.708492938914254],[-2.087720827448279,53.708569701317195],[-2.0873267979582244,53.70869435699386],[-2.086981424060856,53.70886211589572],[-2.0866979779647425,53.709066531613175],[-2.0864873526608108,53.709299749035786],[-2.0863576432626645,53.70955280614803],[-2.0863138357787254,53.70981597837382],[-2.0863576152973757,53.7100791522458],[-2.0864873009876947,53.710332214046],[-2.0866979104505634,53.71056543848464],[-2.086981350984035,53.71076986247808],[-2.0873267304440453,53.710937629655916],[-2.087720775775163,53.71106229234863],[-2.088148343134834,53.711139059439525],[-2.088593,53.71116498054557],[-2.0890376568651656,53.711139059439525],[-2.0894652242248366,53.71106229234863],[-2.0898592695559546,53.710937629655916],[-2.090204649015965,53.71076986247808],[-2.0904880895494364,53.71056543848464],[-2.090698699012305,53.710332214046],[-2.0908259466345194,53.71008390976301],[-2.090850607168168,53.7102321522457],[-2.0909802933300314,53.71048521404593],[-2.0911909035587515,53.710718438484584],[-2.0914743451229585,53.71092286247805],[-2.09181972583898,53.711090629655914],[-2.092213772603115,53.711215292348626],[-2.0926413415177305,53.71129205943954],[-2.093086,53.7113179805456],[-2.093530658482269,53.71129205943954],[-2.0939582273968846,53.711215292348626],[-2.0943522741610194,53.711090629655914],[-2.0946976548770415,53.71092286247805],[-2.094981096441248,53.710718438484584],[-2.095191706669968,53.71048521404593],[-2.095321392831832,53.7102321522457],[-2.095365172509611,53.70996897837372]]],[[[-2.095041919261416,53.723747978362795],[-2.0949980972578293,53.72348480613743],[-2.094868344883586,53.723231749026375],[-2.0946576497997915,53.72299853160556],[-2.0943741098024096,53.7227941158902],[-2.0940286214912045,53.72262635699046],[-2.093634461471339,53.72250170131559],[-2.093206776189138,53.722424938913846],[-2.092762,53.722399019454414],[-2.092317223810862,53.722424938913846],[-2.0918895385286613,53.72250170131559],[-2.091495378508796,53.72262635699046],[-2.091149890197591,53.7227941158902],[-2.0908663502002085,53.72299853160556],[-2.090655655116414,53.723231749026375],[-2.090525902742171,53.72348480613743],[-2.0904820807385844,53.723747978362795],[-2.090525874753355,53.72401115223519],[-2.090655603399825,53.72426421403661],[-2.0908662826292286,53.72449743847703],[-2.0911498170592897,53.72470186247257],[-2.0914953109378165,53.72486962965253],[-2.091889486812072,53.72499429234701],[-2.0923171958220457,53.72507105943912],[-2.092762,53.72509698054559],[-2.093206804177955,53.72507105943912],[-2.0936345131879284,53.72499429234701],[-2.094028689062184,53.72486962965253],[-2.0943741829407108,53.72470186247257],[-2.0946577173707714,53.72449743847703],[-2.094868396600175,53.72426421403661],[-2.094998125246645,53.72401115223519],[-2.095041919261416,53.723747978362795]]],[[[-2.087673314376739,53.731033978357026],[-2.0876294847749644,53.73077080613189],[-2.087499709911169,53.73051774902146],[-2.0872889783113115,53.73028453160158],[-2.087005389175044,53.73008011588733],[-2.086659840990652,53.72991235698869],[-2.08626561266405,53.72978770131475],[-2.085837853266157,53.729710938913634],[-2.085393,53.729685019454415],[-2.0849481467338427,53.729710938913634],[-2.0845203873359495,53.72978770131475],[-2.084126159009348,53.72991235698869],[-2.0837806108249555,53.73008011588733],[-2.083497021688688,53.73028453160158],[-2.0832862900888305,53.73051774902146],[-2.0831565152250353,53.73077080613189],[-2.0831126856232607,53.731033978357026],[-2.083156487223904,53.731297152229644],[-2.0832862383494866,53.73155021403168],[-2.0834969540879777,53.731783438473045],[-2.083780537654474,53.731987862469694],[-2.084126091408637,53.73215562965075],[-2.0845203355966055,53.732280292346175],[-2.084948118732712,53.73235705943889],[-2.085393,53.73238298054559],[-2.0858378812672878,53.73235705943889],[-2.0862656644033937,53.732280292346175],[-2.086659908591362,53.73215562965075],[-2.087005462345526,53.731987862469694],[-2.0872890459120215,53.731783438473045],[-2.087499761650513,53.73155021403168],[-2.0876295127760955,53.731297152229644],[-2.087673314376739,53.731033978357026]]],[[[-2.086792413283986,53.714412978370184],[-2.0867486010104974,53.71414980614454],[-2.0866188774359613,53.71389674903269],[-2.0864082291139665,53.71366353161068],[-2.0861247520429376,53.7134591158939],[-2.0857793404042373,53.71329135699274],[-2.0853852678567253,53.71316670131667],[-2.0849576774857215,53.71308993891414],[-2.084513,53.713064019454414],[-2.084068322514278,53.71308993891414],[-2.083640732143274,53.71316670131667],[-2.0832466595957624,53.71329135699274],[-2.082901247957062,53.7134591158939],[-2.082617770886033,53.71366353161068],[-2.082407122564038,53.71389674903269],[-2.0822773989895023,53.71414980614454],[-2.082233586716013,53.714412978370184],[-2.0822773710164535,53.71467615224231],[-2.082407070876583,53.71492921404291],[-2.082617703353119,53.71516243848214],[-2.0829011748599626,53.715366862476266],[-2.0832465920628485,53.71553462965482],[-2.0836406804558196,53.7156592923481],[-2.084068294541229,53.715736059439394],[-2.084513,53.71576198054559],[-2.0849577054587707,53.715736059439394],[-2.08538531954418,53.7156592923481],[-2.085779407937151,53.71553462965482],[-2.086124825140037,53.715366862476266],[-2.0864082966468804,53.71516243848214],[-2.0866189291234165,53.71492921404291],[-2.086748628983546,53.71467615224231],[-2.086792413283986,53.714412978370184]]],[[[-2.0776632904566372,53.730592978357386],[-2.0776194613148538,53.730329806132225],[-2.077489687812565,53.730076749021755],[-2.0772789584233737,53.72984353160183],[-2.076995372261952,53.7296391158875],[-2.0766498277022554,53.7294713569888],[-2.0762556035109125,53.7293467013148],[-2.0758278485999493,53.729269938913646],[-2.075383,53.72924401945443],[-2.074938151400051,53.729269938913646],[-2.074510396489088,53.7293467013148],[-2.074116172297745,53.7294713569888],[-2.0737706277380483,53.7296391158875],[-2.0734870415766267,53.72984353160183],[-2.0732763121874354,53.730076749021755],[-2.0731465386851466,53.730329806132225],[-2.073102709543363,53.730592978357386],[-2.0731465106847615,53.73085615222999],[-2.073276260449469,53.73110921403199],[-2.0734869739777166,53.7313424384733],[-2.0737705545695153,53.73154686246988],[-2.0741161046988346,53.73171462965087],[-2.074510344751122,53.73183929234624],[-2.0749381233996655,53.731916059438916],[-2.075383,53.73194198054559],[-2.075827876600335,53.731916059438916],[-2.0762556552488785,53.73183929234624],[-2.076649895301166,53.73171462965087],[-2.0769954454304855,53.73154686246988],[-2.0772790260222838,53.7313424384733],[-2.0774897395505314,53.73110921403199],[-2.077619489315239,53.73085615222999],[-2.0776632904566372,53.730592978357386]]],[[[-2.0758471408734946,53.70938497837417],[-2.075803333838541,53.709121806148374],[-2.075673625769326,53.70886874903609],[-2.0754630026231657,53.708635531613425],[-2.0751795594307207,53.7084311158959],[-2.0748341890713218,53.70826335699398],[-2.0747461584407207,53.70823550722507],[-2.074656585333599,53.70806074903663],[-2.074445966232486,53.707827531613866],[-2.0741625284833733,53.70762311589621],[-2.0738171647563934,53.70745535699417],[-2.0734231468692963,53.70733070131735],[-2.0729956158071507,53.70725393891431],[-2.072551,53.70722801945441],[-2.072106384192849,53.70725393891431],[-2.0716788531307038,53.70733070131735],[-2.0712848352436066,53.70745535699417],[-2.0709394715166267,53.70762311589621],[-2.070656033767514,53.707827531613866],[-2.0704454146664006,53.70806074903663],[-2.0703157090884527,53.708313806148986],[-2.0702719028951835,53.70857697837481],[-2.070315681125255,53.708840152246744],[-2.0704453629971487,53.709093214046845],[-2.0706559662583834,53.70932643848534],[-2.0709393984452698,53.709530862478594],[-2.071284767734476,53.709698629656245],[-2.071372774468865,53.70972647284762],[-2.071462322558902,53.709901214046305],[-2.0716729298644108,53.71013443848489],[-2.0719563674943586,53.71033886247825],[-2.0723017434162547,53.71050662965604],[-2.0726957847106435,53.71063129234869],[-2.0731233476901236,53.710708059439554],[-2.073568,53.71073398054559],[-2.074012652309876,53.710708059439554],[-2.074440215289356,53.71063129234869],[-2.074834256583745,53.71050662965604],[-2.075179632505641,53.71033886247825],[-2.075463070135589,53.71013443848489],[-2.075673677441097,53.709901214046305],[-2.0758033618031018,53.70964815224613],[-2.0758471408734946,53.70938497837417]]],[[[-2.071504609082673,53.718025978367336],[-2.0714607930439173,53.717762806141806],[-2.0713310583247244,53.71750974903026],[-2.0711203919072605,53.71727653160871],[-2.0708368904855456,53.71707211589248],[-2.0704914491767954,53.71690435699187],[-2.0701632958417058,53.716800562239946],[-2.070175538681274,53.716726978368364],[-2.0701317239963575,53.716463806142784],[-2.0700019932843396,53.71621074903113],[-2.0697913333732845,53.71597753160941],[-2.0695078407071055,53.715773115892986],[-2.0691624100665216,53.71560535699218],[-2.0687683158405803,53.71548070131641],[-2.0683407019475655,53.715403938914065],[-2.068192179418893,53.71539528227627],[-2.0681457017678424,53.715386938914065],[-2.067701,53.715361019454406],[-2.067256298232158,53.715386938914065],[-2.066828684511962,53.71546370131641],[-2.066434590445294,53.71558835699218],[-2.0660891599443194,53.715756115892994],[-2.0658056673927194,53.715960531609404],[-2.06559500756681,53.716193749031135],[-2.065465276907232,53.7164468061428],[-2.065421462240032,53.71670997836837],[-2.0654652489303045,53.716973152240556],[-2.0655949558721884,53.71722621404136],[-2.0658055998504414,53.717459438480894],[-2.0660890868370845,53.717663862475355],[-2.066434522903016,53.717831629654256],[-2.0668286328173404,53.717956292347836],[-2.0669532680149585,53.71797866616446],[-2.066945390917326,53.718025978367336],[-2.0669891789769324,53.71828915223956],[-2.0671188899765465,53.71854221404048],[-2.0673295405450958,53.71877543848017],[-2.067613036401411,53.718979862474846],[-2.067958483275561,53.71914762965394],[-2.0683526055212687,53.71927229234768],[-2.0687802563397493,53.7193490594393],[-2.069225,53.719374980545595],[-2.0696697436602505,53.7193490594393],[-2.070097394478731,53.71927229234768],[-2.070491516724439,53.71914762965394],[-2.0708369635985884,53.718979862474846],[-2.071120459454904,53.71877543848017],[-2.071331110023453,53.71854221404048],[-2.071460821023067,53.71828915223956],[-2.071504609082673,53.718025978367336]]],[[[-2.070158727388539,53.757063978336404],[-2.0701148706141117,53.75680080611205],[-2.0699850153231494,53.75654774900385],[-2.069774153134507,53.75631453158732],[-2.0694903882677114,53.756110115877014],[-2.0691446259647703,53.755942356982324],[-2.0687501533595567,53.75581770131173],[-2.0683221289090583,53.75574093891285],[-2.067877,53.75571501945442],[-2.0674318710909425,53.75574093891285],[-2.067003846640444,53.75581770131173],[-2.0666093740352305,53.755942356982324],[-2.066263611732289,53.756110115877014],[-2.0659798468654937,53.75631453158732],[-2.0657689846768514,53.75654774900385],[-2.065639129385889,53.75680080611205],[-2.065595272611462,53.757063978336404],[-2.0656391013407025,53.757327152209804],[-2.0657689328561037,53.75758021401408],[-2.0659797791584236,53.7578134384588],[-2.0662635384466848,53.75801786245937],[-2.0666093063281603,53.75818562964439],[-2.067003794819696,53.758310292343154],[-2.067431843045756,53.758387059438114],[-2.067877,53.758412980545586],[-2.068322156954245,53.758387059438114],[-2.068750205180305,53.758310292343154],[-2.0691446936718405,53.75818562964439],[-2.0694904615533156,53.75801786245937],[-2.0697742208415773,53.7578134384588],[-2.069985067143897,53.75758021401408],[-2.0701148986592983,53.757327152209804],[-2.070158727388539,53.757063978336404]]],[[[-2.0636825761846427,53.71741897836781],[-2.063638760778525,53.71715580614225],[-2.063509027931855,53.716902749030666],[-2.063298364554785,53.71666953160903],[-2.0630148672244646,53.716465115892724],[-2.062669430900866,53.716297356992015],[-2.0622753301914187,53.71617270131633],[-2.0618477092635255,53.71609593891405],[-2.061769391501526,53.71609137423722],[-2.0617249829704742,53.71600474903127],[-2.0615143240911813,53.715771531609526],[-2.061230832813423,53.71556711589307],[-2.060885403864558,53.715399356992236],[-2.060491311568626,53.71527470131644],[-2.0600636997697523,53.71519793891408],[-2.059619,53.71517201945442],[-2.0591743002302483,53.71519793891408],[-2.0587466884313743,53.71527470131644],[-2.0583525961354425,53.715399356992236],[-2.0580071671865774,53.71556711589307],[-2.057723675908819,53.715771531609526],[-2.057513017029526,53.71600474903127],[-2.057383286952951,53.71625780614294],[-2.0573394724827216,53.71652097836853],[-2.0573832589763428,53.7167841522407],[-2.0575129653354947,53.7170372140415],[-2.057723608367312,53.717270438481],[-2.058007094080177,53.71747486247544],[-2.058352528593935,53.7176426296543],[-2.0587466367373426,53.717767292347865],[-2.0591742722536397,53.71784405943934],[-2.05925253636639,53.71784862108947],[-2.059296920371312,53.71793521404088],[-2.0595075679000465,53.718168438480504],[-2.059791059665172,53.718372862475086],[-2.0601365015539654,53.718540629654086],[-2.0605306181117475,53.71866529234776],[-2.0609582627583496,53.71874205943931],[-2.061403,53.718767980545586],[-2.06184773724165,53.71874205943931],[-2.0622753818882527,53.71866529234776],[-2.0626694984460348,53.718540629654086],[-2.063014940334828,53.718372862475086],[-2.0632984320999537,53.718168438480504],[-2.0635090796286883,53.71793521404088],[-2.0636387887566503,53.71768215224002],[-2.0636825761846427,53.71741897836781]]],[[[-2.05688217211303,53.72841097835911],[-2.05683834524703,53.728147806133876],[-2.056708578480737,53.72789474902323],[-2.056497860028713,53.72766153160302],[-2.0562142885852044,53.727457115888356],[-2.0558687619585223,53.727289356989324],[-2.0554745582261824,53.727164701315054],[-2.0550468255141014,53.72708793891371],[-2.054602,53.727062019454415],[-2.0541571744858986,53.72708793891371],[-2.053729441773818,53.727164701315054],[-2.0533352380414778,53.727289356989324],[-2.0529897114147957,53.727457115888356],[-2.052706139971287,53.72766153160302],[-2.052495421519263,53.72789474902323],[-2.05236565475297,53.728147806133876],[-2.05233744592101,53.728317194953014],[-2.0521653168085767,53.72819311588807],[-2.051819784133259,53.72802535698914],[-2.0514255735002913,53.72790070131496],[-2.0509978333007384,53.72782393891369],[-2.050553,53.72779801945441],[-2.0501081666992613,53.72782393891369],[-2.0496804264997084,53.72790070131496],[-2.049286215866741,53.72802535698914],[-2.0489406831914234,53.72819311588807],[-2.0486571067837027,53.7283975316026],[-2.048446384642676,53.72863074902273],[-2.0483166156043957,53.72888380613332],[-2.0482727879707956,53.729146978358514],[-2.048316587606455,53.729410152231075],[-2.048446332909227,53.72966321403295],[-2.048657039190694,53.729896438474064],[-2.0489406100292777,53.73010086247042],[-2.0492861482737323,53.730268629651206],[-2.0496803747662593,53.73039329234639],[-2.0501081387013205,53.73047005943894],[-2.050553,53.73049598054558],[-2.0509978612986797,53.73047005943894],[-2.051425625233741,53.73039329234639],[-2.0518198517262674,53.730268629651206],[-2.052165389970722,53.73010086247042],[-2.052448960809306,53.729896438474064],[-2.052659667090773,53.72966321403295],[-2.0527894123935453,53.729410152231075],[-2.052817591872817,53.7292408334097],[-2.052989638255901,53.72936486247073],[-2.053335170451472,53.729532629651395],[-2.053729390042667,53.729657292346474],[-2.054157146489202,53.729734059438975],[-2.054602,53.72975998054558],[-2.055046853510798,53.729734059438975],[-2.055474609957333,53.729657292346474],[-2.055868829548528,53.729532629651395],[-2.056214361744099,53.72936486247073],[-2.0564979276187185,53.72916043847448],[-2.056708630211887,53.728927214033455],[-2.056838373243727,53.72867415223164],[-2.05688217211303,53.72841097835911]]],[[[-2.034588557193686,53.73550997835348],[-2.0345447229224676,53.73524680612847],[-2.034414934237784,53.73499374901843],[-2.0342041801970883,53.73476053159912],[-2.0339205608626654,53.734556115885546],[-2.0335749758833837,53.73438835698759],[-2.0331807055790807,53.73426370131423],[-2.0327529006336094,53.734186938913496],[-2.032308,53.734161019454405],[-2.031863099366391,53.734186938913496],[-2.0314352944209197,53.73426370131423],[-2.0310410241166164,53.73438835698759],[-2.030695439137335,53.734556115885546],[-2.030411819802912,53.73476053159912],[-2.030201065762216,53.73499374901843],[-2.030071277077533,53.73524680612847],[-2.0300274428063143,53.73550997835348],[-2.030071249068833,53.73577315222623],[-2.0302010140088873,53.73602621402865],[-2.030411752183929,53.7362594384706],[-2.0306953659470746,53.736463862467915],[-2.031040956497633,53.73663162964966],[-2.0314352426675906,53.73675629234565],[-2.0318630713576913,53.73683305943875],[-2.032308,53.73685898054559],[-2.032752928642309,53.73683305943875],[-2.03318075733241,53.73675629234565],[-2.0335750435023674,53.73663162964966],[-2.0339206340529254,53.736463862467915],[-2.0342042478160716,53.7362594384706],[-2.034414985991113,53.73602621402865],[-2.0345447509311674,53.73577315222623],[-2.034588557193686,53.73550997835348]]],[[[-2.0229848212155717,53.75879097833504],[-2.0229409626368207,53.758527806110735],[-2.0228111020053205,53.758274749002695],[-2.0226002311453017,53.75804153158638],[-2.0223164546096193,53.75783711587633],[-2.0219706780887443,53.75766935698191],[-2.021576189262904,53.75754470131154],[-2.0211481472123407,53.757467938912804],[-2.020703,53.75744201945442],[-2.0202578527876596,53.757467938912804],[-2.0198298107370967,53.75754470131154],[-2.019435321911256,53.75766935698191],[-2.019089545390381,53.75783711587633],[-2.018805768854699,53.75804153158638],[-2.0185948979946797,53.758274749002695],[-2.01846503736318,53.758527806110735],[-2.018421178784429,53.75879097833504],[-2.018465009315067,53.75905415220849],[-2.018594846168525,53.759307214012914],[-2.0188057011405647,53.75954043845785],[-2.01908947209713,53.7597448624587],[-2.019435254197121,53.75991262964397],[-2.0198297589109417,53.760037292342965],[-2.0202578247395464,53.76011405943806],[-2.020703,53.760139980545596],[-2.021148175260454,53.76011405943806],[-2.021576241089059,53.760037292342965],[-2.021970745802879,53.75991262964397],[-2.0223165279028703,53.7597448624587],[-2.022600298859436,53.75954043845785],[-2.0228111538314755,53.759307214012914],[-2.0229409906849334,53.75905415220849],[-2.0229848212155717,53.75879097833504]]],[[[-2.020063516354239,53.75317897833949],[-2.0200196636380667,53.75291580611501],[-2.019889820358959,53.75266274900649],[-2.019678977673844,53.752429531589456],[-2.019395239052525,53.75222511587855],[-2.019049508728339,53.75205735698328],[-2.0186550726063057,53.751932701312185],[-2.0182270877415984,53.75185593891298],[-2.017782,53.751830019454424],[-2.0173369122584015,53.75185593891298],[-2.016908927393694,53.751932701312185],[-2.016514491271661,53.75205735698328],[-2.0161687609474748,53.75222511587855],[-2.0158850223261564,53.752429531589456],[-2.015674179641041,53.75266274900649],[-2.015544336361933,53.75291580611501],[-2.015500483645761,53.75317897833949],[-2.015544308323328,53.75344215221278],[-2.0156741278324537,53.753695214016716],[-2.0158849546349753,53.753928438460925],[-2.016168687679068,53.75413286246093],[-2.01651442358048,53.75430062964534],[-2.0169088755851066,53.75442529234361],[-2.017336884219796,53.75450205943824],[-2.017782,53.754527980545596],[-2.018227115780204,53.75450205943824],[-2.0186551244148934,53.75442529234361],[-2.01904957641952,53.75430062964534],[-2.019395312320932,53.75413286246093],[-2.019679045365025,53.753928438460925],[-2.0198898721675462,53.753695214016716],[-2.020019691676672,53.75344215221278],[-2.020063516354239,53.75317897833949]]],[[[-2.0059820504728725,53.76300997833169],[-2.005938187485432,53.76274680610752],[-2.005808313804843,53.76249374899984],[-2.0055974217571495,53.76226053158406],[-2.0053136167096692,53.76205611587466],[-2.0049678054486457,53.76188835698087],[-2.0045732769892686,53.76176370131104],[-2.0041451919346462,53.761686938912675],[-2.0037,53.76166101945442],[-2.0032548080653534,53.761686938912675],[-2.0028267230107306,53.76176370131104],[-2.002432194551354,53.76188835698087],[-2.00208638329033,53.76205611587466],[-2.0018025782428497,53.76226053158406],[-2.0015916861951566,53.76249374899984],[-2.0014618125145676,53.76274680610752],[-2.0014179495271267,53.76300997833169],[-2.001461784459304,53.76327315220527],[-2.0015916343557896,53.76352621401006],[-2.0018025105114523,53.76375943845554],[-2.002086309978394,53.763963862457025],[-2.0024321268199565,53.76413162964293],[-2.002826671171363,53.764256292342466],[-2.00325478001009,53.76433305943794],[-2.0037,53.764358980545595],[-2.0041452199899097,53.76433305943794],[-2.004573328828636,53.764256292342466],[-2.0049678731800427,53.76413162964293],[-2.0053136900216053,53.763963862457025],[-2.005597489488547,53.76375943845554],[-2.00580836564421,53.76352621401006],[-2.005938215540695,53.76327315220527],[-2.0059820504728725,53.76300997833169]]],[[[-1.99777171705305,53.72001797836577],[-1.9977278989379907,53.71975480614029],[-1.9975981580732374,53.71950174902891],[-1.9973874816772863,53.71926853160762],[-1.9971039668277355,53.71906411589171],[-1.9967585091578612,53.71889635699139],[-1.9963643840953686,53.71877170131604],[-1.9959367367433938,53.71869493891397],[-1.995492,53.718669019454424],[-1.9950472632566063,53.71869493891397],[-1.9946196159046314,53.71877170131604],[-1.9942254908421386,53.71889635699139],[-1.9938800331722646,53.71906411589171],[-1.9935965183227138,53.71926853160762],[-1.9933858419267627,53.71950174902891],[-1.9932561010620093,53.71975480614029],[-1.99321228294695,53.72001797836577],[-1.9932560730794948,53.720281152238044],[-1.993385790221818,53.72053421403914],[-1.9935964507669475,53.720767438479086],[-1.9938799600504298,53.720971862474066],[-1.994225423286372,53.72113962965345],[-1.9946195641996862,53.721264292347456],[-1.9950472352740918,53.72134105943924],[-1.995492,53.72136698054559],[-1.9959367647259083,53.72134105943924],[-1.9963644358003139,53.721264292347456],[-1.996758576713628,53.72113962965345],[-1.9971040399495703,53.720971862474066],[-1.9973875492330526,53.720767438479086],[-1.9975982097781821,53.72053421403914],[-1.9977279269205053,53.720281152238044],[-1.99777171705305,53.72001797836577]]]]}},{"type":"Feature","properties":{"species":"Asplenium trichomanes","locations":[],"common":false,"recordCount":64},"geometry":{"type":"MultiPolygon","coordinates":[[[[-2.1630005469534916,53.772142978324446],[-2.1629566744185715,53.77187980610054],[-2.1628267724788173,53.77162674899364],[-2.1626158345470032,53.77139353157906],[-2.162331967754248,53.77118911587104],[-2.1619860812598053,53.77102135697863],[-2.1615914669698695,53.77089670130999],[-2.1611632887854677,53.770819938912396],[-2.160718,53.770794019454414],[-2.160272711214533,53.770819938912396],[-2.1598445330301312,53.77089670130999],[-2.1594499187401954,53.77102135697863],[-2.159104032245753,53.77118911587104],[-2.1588201654529975,53.77139353157906],[-2.1586092275211834,53.77162674899364],[-2.158479325581429,53.77187980610054],[-2.158435453046509,53.772142978324446],[-2.1584792975106786,53.77240615219829],[-2.1586091756531998,53.77265921400387],[-2.1588200976842105,53.77289243845052],[-2.159103958893347,53.77309686245341],[-2.159449850971409,53.7732646296407],[-2.1598444811621476,53.7733892923414],[-2.160272683143783,53.773466059437666],[-2.160718,53.773491980545586],[-2.161163316856218,53.773466059437666],[-2.161591518837853,53.7733892923414],[-2.161986149028592,53.7732646296407],[-2.162332041106654,53.77309686245341],[-2.1626159023157903,53.77289243845052],[-2.162826824346801,53.77265921400387],[-2.162956702489322,53.77240615219829],[-2.1630005469534916,53.772142978324446]]],[[[-2.1183480987391468,53.72705797836018],[-2.118304273284149,53.72679480613491],[-2.1181745106942205,53.72654174902414],[-2.117963799023319,53.72630853160375],[-2.1176802367050214,53.72610411588889],[-2.117334721196937,53.72593635698965],[-2.1169405301493254,53.725811701315216],[-2.11651281120071,53.72573493891375],[-2.116068,53.72570901945441],[-2.11562318879929,53.72573493891375],[-2.1151954698506743,53.725811701315216],[-2.114801278803063,53.72593635698965],[-2.114618428045101,53.72602513691751],[-2.1145962252589774,53.7258918061356],[-2.1144664654561898,53.72563874902476],[-2.11425575831074,53.725405531604245],[-2.1139722020822465,53.72520111588925],[-2.1136266939942727,53.72503335698988],[-2.113232511411945,53.72490870131531],[-2.11280480164852,53.72483193891378],[-2.11236,53.72480601945441],[-2.111915198351479,53.72483193891378],[-2.1114874885880544,53.72490870131531],[-2.1110933060057264,53.72503335698988],[-2.1107477979177527,53.72520111588925],[-2.110464241689259,53.725405531604245],[-2.11025353454381,53.72563874902476],[-2.1101237747410218,53.7258918061356],[-2.1100799502276706,53.72615497836089],[-2.110123746748138,53.72641815223336],[-2.1102534828197053,53.72667121403497],[-2.1104641741084595,53.72690443847571],[-2.1107477247688227,53.72710886247162],[-2.111093238424927,53.72727662965194],[-2.1114874368639494,53.72740129234674],[-2.111915170358595,53.727478059439036],[-2.11236,53.727503980545585],[-2.112804829641404,53.727478059439036],[-2.11323256313605,53.72740129234674],[-2.1136267615750723,53.72727662965194],[-2.113809521052722,53.727187889187704],[-2.1138316987214414,53.72732115223267],[-2.1139614375788547,53.72757421403437],[-2.114172133392197,53.727807438475224],[-2.1144556901420595,53.72801186247127],[-2.1148012112185786,53.72817962965173],[-2.11519541812375,53.728304292346635],[-2.11562316080488,53.72838105943901],[-2.116068,53.728406980545586],[-2.1165128391951202,53.72838105943901],[-2.11694058187625,53.728304292346635],[-2.117334788781421,53.72817962965173],[-2.11768030985794,53.72801186247127],[-2.1179638666078033,53.727807438475224],[-2.118174562421145,53.72757421403437],[-2.1183043012785587,53.72732115223267],[-2.1183480987391468,53.72705797836018]]],[[[-2.1162538654793037,53.72275597836359],[-2.1162100445099634,53.7224928061382],[-2.116080295196942,53.72223974902706],[-2.1158696050836228,53.72200653160611],[-2.1155860717749033,53.721802115890604],[-2.115240591613487,53.72163435699071],[-2.1148464408913643,53.72150970131572],[-2.1144187656976072,53.721432938913885],[-2.1139740000000002,53.72140701945442],[-2.113529234302393,53.721432938913885],[-2.1131015591086357,53.72150970131572],[-2.112707408386513,53.72163435699071],[-2.1125113039079757,53.72172958176845],[-2.112467593842206,53.721708356990696],[-2.112073442426521,53.7215837013157],[-2.1118480762315346,53.72154325094535],[-2.111744250170991,53.72134074902766],[-2.111533564561908,53.721107531606606],[-2.1112500373144423,53.720903115890955],[-2.110904564538351,53.72073535699093],[-2.110510422241826,53.72061070131582],[-2.110280223607484,53.72056938262798],[-2.11031373602509,53.720367978365466],[-2.110269917545192,53.72010480614],[-2.11014017560057,53.719851749028656],[-2.1099294974512475,53.71961853160741],[-2.109645980242221,53.719414115891546],[-2.1093005196974484,53.71924635699129],[-2.108906391355108,53.719121701315984],[-2.1084787404443595,53.719044938913946],[-2.108034,53.71901901945441],[-2.1075892595556405,53.719044938913946],[-2.107161608644892,53.719121701315984],[-2.106767480302552,53.71924635699129],[-2.106422019757779,53.719414115891546],[-2.106138502548753,53.71961853160741],[-2.10592782439943,53.719851749028656],[-2.105798082454808,53.72010480614],[-2.1057542639749105,53.720367978365466],[-2.105798054471702,53.720631152237765],[-2.1059277726933923,53.72088421403889],[-2.1061384349915593,53.721117438478885],[-2.1064219466344,53.72132186247392],[-2.106767412745358,53.721489629653355],[-2.1071615569388547,53.721614292347404],[-2.107391713319412,53.72165560514598],[-2.1073581832579524,53.7218569783643],[-2.1074019753044397,53.722120152236634],[-2.107531698118323,53.722373214037894],[-2.1077423678748253,53.72260643847808],[-2.1080258895556048,53.722810862473324],[-2.1081356187177644,53.72286414787442],[-2.1079765304166593,53.72289270131556],[-2.1075823667319056,53.72301735699038],[-2.107236875208301,53.72318511589007],[-2.1069533325744505,53.72338953160536],[-2.1067426355314454,53.72362274902613],[-2.106612881950562,53.72387580613715],[-2.1065690595393067,53.7241389783625],[-2.1066128539610856,53.7244021522349],[-2.106742583813636,53.72465521403635],[-2.106953265001876,53.72488843847683],[-2.107236802068273,53.72509286247242],[-2.107582299159331,53.72526062965244],[-2.1079764786988497,53.72538529234698],[-2.1084041916859415,53.72546205943911],[-2.108849,53.72548798054559],[-2.109293808314059,53.72546205943911],[-2.1097215213011506,53.72538529234698],[-2.1101157008406695,53.72526062965244],[-2.1104611979317274,53.72509286247242],[-2.1107447349981245,53.72488843847683],[-2.1109554161863646,53.72465521403635],[-2.1110851460389153,53.7244021522349],[-2.1111230397867056,53.724174437289925],[-2.111201,53.724178980545595],[-2.111645794467485,53.724153059439146],[-2.1120734941402444,53.724076292347135],[-2.112467661409441,53.72395162965276],[-2.1126636959989806,53.72385643581505],[-2.11270734081958,53.723877629652776],[-2.113101507395144,53.72400229234714],[-2.113529206315253,53.72407905943915],[-2.1139740000000002,53.7241049805456],[-2.114418793684747,53.72407905943915],[-2.114846492604856,53.72400229234714],[-2.11524065918042,53.723877629652776],[-2.1155861449088245,53.72370986247297],[-2.1158696726505566,53.72350543847759],[-2.1160803469104343,53.72327221403727],[-2.1162100724971036,53.72301915223596],[-2.1162538654793037,53.72275597836359]]],[[[-2.109170533695395,53.71663497836843],[-2.1091267191063583,53.71637180614286],[-2.1089969886781312,53.71611874903119],[-2.1087863292278652,53.715885531609466],[-2.1085028371817596,53.71568111589303],[-2.108157407296703,53.71551335699221],[-2.1077633139327108,53.715388701316414],[-2.107335700974947,53.71531193891407],[-2.106891,53.71528601945441],[-2.1064462990250536,53.71531193891407],[-2.1061704049852583,53.71536146568566],[-2.105985296380736,53.71515653160986],[-2.1057018092479165,53.71495211589331],[-2.1053563853494457,53.714784356992375],[-2.1049622988152903,53.71465970131649],[-2.104534693268188,53.714582938914084],[-2.10409,53.7145570194544],[-2.1036453067318117,53.714582938914084],[-2.103217701184709,53.71465970131649],[-2.1028236146505535,53.714784356992375],[-2.102478190752083,53.71495211589331],[-2.1021947036192636,53.71515653160986],[-2.102120377478151,53.715238818217095],[-2.1019763267812865,53.71516885894679],[-2.1019859405880936,53.715158214042766],[-2.1020146730031932,53.7151021535573],[-2.102278810081185,53.71497386247642],[-2.1025622789397627,53.71476943848236],[-2.102772909448598,53.71453621404317],[-2.1029026080971898,53.7142831522426],[-2.10294639198878,53.714019978370494],[-2.1029349007914013,53.71395095222746],[-2.103099236723723,53.713832438482875],[-2.1033098625413085,53.71359921404381],[-2.103439558301437,53.713346152243325],[-2.1034833412182774,53.71308297837124],[-2.1034395303306335,53.71281980614555],[-2.103309810858003,53.712566749033584],[-2.1030991691962297,53.7123335316114],[-2.1029816269246324,53.712248769033174],[-2.1028531589701487,53.712106531611525],[-2.1025696923912602,53.711902115894524],[-2.1022242935366897,53.71173435699312],[-2.10183023557404,53.711609701316846],[-2.101402661028228,53.711532938914175],[-2.100958,53.71150701945441],[-2.1005133389717723,53.711532938914175],[-2.100469305395585,53.71154084425639],[-2.100438,53.71153901945441],[-2.099993338633548,53.71156493891417],[-2.099978714054592,53.711567564460935],[-2.0997506732747926,53.71140311589472],[-2.0994052785171298,53.71123535699326],[-2.099011225228465,53.71111070131692],[-2.0985836557541244,53.7110339389142],[-2.098139,53.71100801945442],[-2.0976943442458764,53.7110339389142],[-2.0972667747715357,53.71111070131692],[-2.096872721482871,53.71123535699326],[-2.0965273267252083,53.71140311589472],[-2.096243863508717,53.7116075316118],[-2.0960332254822984,53.71184074903408],[-2.095984262731359,53.71193626735495],[-2.0959242173734434,53.71200274903398],[-2.0957944996401676,53.71225580614599],[-2.095750689340172,53.7125189783717],[-2.0957938560000207,53.71277845147372],[-2.0957541872611465,53.71273453161119],[-2.0954707164504787,53.712530115894275],[-2.095125312439705,53.712362356992976],[-2.0947312485945657,53.712237701316795],[-2.0943036676660034,53.712160938914174],[-2.093859,53.71213501945442],[-2.093414332333997,53.712160938914174],[-2.0929867514054346,53.712237701316795],[-2.092592687560295,53.712362356992976],[-2.0924981873850226,53.71240825468114],[-2.0922182502947346,53.71231970131678],[-2.091790668532738,53.71224293891417],[-2.091346,53.71221701945443],[-2.0909013314672626,53.71224293891417],[-2.0904737497052657,53.71231970131678],[-2.090079685092014,53.71244435699296],[-2.089734280407964,53.712612115894245],[-2.089450809044728,53.71281653161114],[-2.089240164964304,53.71304974903327],[-2.0891104440020727,53.713302806145194],[-2.0890666326111607,53.713565978370866],[-2.0891104160304534,53.71382915224296],[-2.089240113279492,53.714082214043486],[-2.089450741515266,53.714315438482615],[-2.0897342073146015,53.71451986247661],[-2.0900796175625524,53.714687629655025],[-2.0904736980204537,53.7148122923482],[-2.0909013034956434,53.71488905943943],[-2.091346,53.714914980545586],[-2.091790696504357,53.71488905943943],[-2.092218301979547,53.7148122923482],[-2.0926123824374483,53.714687629655025],[-2.092706826741656,53.714641757667934],[-2.0929866997208784,53.714730292348214],[-2.093414304362516,53.71480705943943],[-2.093859,53.714832980545594],[-2.094303695637484,53.71480705943943],[-2.0947313002791224,53.714730292348214],[-2.0951253799688327,53.714605629655054],[-2.0954707895434797,53.71443786247664],[-2.0957542547902737,53.71423343848266],[-2.0959648826155015,53.71400021404355],[-2.096094579611761,53.71374715224302],[-2.09613836294575,53.71348397837093],[-2.0960951797582634,53.713224579217204],[-2.0961347886858483,53.71326843848319],[-2.096418247430379,53.713472862477026],[-2.0967636490816357,53.71364062965529],[-2.097157719731339,53.71376529234833],[-2.097585314563808,53.71384205943946],[-2.098019644475709,53.71386737691296],[-2.0979847605688855,53.71389253161055],[-2.097774111100076,53.71412574903254],[-2.097644386819239,53.71437880614438],[-2.097600574307124,53.71464197837002],[-2.097644358845804,53.71490515224213],[-2.097774059411907,53.715158214042766],[-2.0978839126208384,53.715279849196136],[-2.0978677006049296,53.715276938914066],[-2.097423,53.71525101945441],[-2.0969782993950705,53.715276938914066],[-2.096550686793107,53.71535370131643],[-2.096156593757028,53.71547835699222],[-2.0958111641594,53.715646115893044],[-2.095527672349191,53.71585053160948],[-2.095317013074224,53.71608374903122],[-2.0951872827539604,53.71633680614289],[-2.0951434682013996,53.716599978368464],[-2.0951872547772186,53.71686315224065],[-2.095316961379946,53.71711621404144],[-2.0955276048073617,53.71734943848096],[-2.0958110910526506,53.717553862475405],[-2.0961565262151987,53.717721629654285],[-2.0965506350988283,53.71784629234785],[-2.0966569741545964,53.7178653817929],[-2.0964680755985,53.71795711589211],[-2.0961845682113047,53.71816153160822],[-2.0959738973607753,53.718394749029656],[-2.095844159911342,53.71864780614112],[-2.095800342950163,53.71891097836663],[-2.095844131930697,53.719174152238885],[-2.095973845659285,53.71942721403987],[-2.0961845006600526,53.719660438479686],[-2.0964680024815516,53.7198648624745],[-2.096534062642278,53.71989694408951],[-2.096612999070301,53.719953862474455],[-2.096958453944399,53.7201216296537],[-2.097352585317461,53.72024629234757],[-2.0977802460398896,53.720323059439266],[-2.098225,53.720348980545594],[-2.09866975396011,53.720323059439266],[-2.098935710313914,53.72027531903495],[-2.098934268528237,53.72028397836554],[-2.098978058937608,53.72054715223784],[-2.099107776900248,53.72080021403895],[-2.099318438777683,53.72103343847893],[-2.099601949854273,53.72123786247394],[-2.0999474152752216,53.72140562965338],[-2.100341558681468,53.721530292347424],[-2.1007692324609155,53.72160705943922],[-2.101214,53.721632980545586],[-2.1016587675390848,53.72160705943922],[-2.1020864413185323,53.721530292347424],[-2.1024805847247787,53.72140562965338],[-2.1028260501457274,53.72123786247394],[-2.1031095612223174,53.72103343847893],[-2.1033202230997516,53.72080021403895],[-2.103449941062392,53.72054715223784],[-2.1034937314717634,53.72028397836554],[-2.1034499130794284,53.72002080614008],[-2.1033201713939764,53.719767749028726],[-2.1031094936654666,53.71953453160747],[-2.1028259770227185,53.71933011589158],[-2.1024805171679275,53.71916235699132],[-2.1020863896127566,53.719037701316],[-2.1016587395561204,53.71896093891396],[-2.101214,53.71893501945442],[-2.1007692604438795,53.71896093891396],[-2.100503211663274,53.71900869418288],[-2.1005046618737953,53.71899997836656],[-2.1004608448198496,53.71873680614105],[-2.100331107095842,53.718483749029595],[-2.100120435799489,53.71825053160817],[-2.0998369278123565,53.71804611589209],[-2.099770865600854,53.71801403441531],[-2.0996919244015,53.71795711589211],[-2.09934647582412,53.71778935699165],[-2.098952361134861,53.71766470131616],[-2.0988460009724066,53.7176456092385],[-2.0990349089473495,53.717553862475405],[-2.0993183951926384,53.71734943848096],[-2.099318435960878,53.71734939334236],[-2.0997006428972553,53.71747029234789],[-2.1001282753939505,53.71754705943935],[-2.100573,53.71757298054558],[-2.1010177246060486,53.71754705943935],[-2.101445357102744,53.71747029234789],[-2.101839462463324,53.717345629654375],[-2.1021848945379884,53.71717786247555],[-2.102468378249232,53.71697343848115],[-2.1025426498053092,53.7168912042663],[-2.1028235471115533,53.71702762965444],[-2.103217649492596,53.717152292347926],[-2.1036452787562414,53.71722905943934],[-2.10409,53.71725498054558],[-2.104534721243758,53.71722905943934],[-2.1048105465554316,53.71717954386892],[-2.1049956032301633,53.71738443848093],[-2.1052790897113374,53.71758886247539],[-2.105624525161325,53.717756629654275],[-2.1060186343729024,53.717881292347855],[-2.106446271048253,53.71795805943933],[-2.106891,53.7179839805456],[-2.1073357289517474,53.71795805943933],[-2.107763365627098,53.717881292347855],[-2.1081574748386753,53.717756629654275],[-2.108502910288663,53.71758886247539],[-2.1087863967698373,53.71738443848093],[-2.108997040372519,53.717151214041415],[-2.1091267470831596,53.71689815224061],[-2.109170533695395,53.71663497836843]]],[[[-2.1001076248995907,53.791954978308716],[-2.100063731635421,53.79169180608541],[-2.099933768340081,53.79143874898022],[-2.099722730785828,53.791205531568174],[-2.0994387299332993,53.79100111586317],[-2.099092680093971,53.79083335697378],[-2.098697879450909,53.79070870130768],[-2.098269499065502,53.7906319389118],[-2.097824,53.790606019454415],[-2.097378500934498,53.7906319389118],[-2.0969501205490912,53.79070870130768],[-2.096555319906029,53.79083335697378],[-2.096209270066701,53.79100111586317],[-2.0959252692141717,53.791205531568174],[-2.0957142316599193,53.79143874898022],[-2.095584268364579,53.79169180608541],[-2.0955403751004096,53.791954978308716],[-2.0955842402601927,53.792218152183175],[-2.095714179729785,53.792471213990446],[-2.095925201364181,53.79270443843965],[-2.0962091966264005,53.792908862445536],[-2.0965552520560387,53.79307662963584],[-2.096950068618957,53.793201292339106],[-2.0973784728301115,53.79327805943706],[-2.097824,53.793303980545595],[-2.098269527169889,53.79327805943706],[-2.0986979313810434,53.793201292339106],[-2.0990927479439616,53.79307662963584],[-2.0994388033736,53.792908862445536],[-2.0997227986358187,53.79270443843965],[-2.0999338202702154,53.792471213990446],[-2.100063759739807,53.792218152183175],[-2.1001076248995907,53.791954978308716]]],[[[-2.0945086700041213,53.719149978366445],[-2.0944648527938274,53.71888680614095],[-2.0943351146070497,53.71863374902949],[-2.0941244425593015,53.7184005316081],[-2.0938409335610344,53.71819611589203],[-2.093495483020647,53.7180283569916],[-2.093101366091878,53.71790370131613],[-2.0926737275653364,53.717826938914],[-2.092229,53.71780101945443],[-2.091784272434664,53.717826938914],[-2.091356633908122,53.71790370131613],[-2.0909625169793533,53.7180283569916],[-2.0909064056050215,53.718055605993584],[-2.0907462699181476,53.718064938914],[-2.0907027545535395,53.718072750008666],[-2.090694427372341,53.71806353160827],[-2.0904109206457457,53.71785911589217],[-2.0903155231453177,53.71781278825292],[-2.0902799178864306,53.7177871158922],[-2.0899344707053147,53.71761935699169],[-2.0895403576089935,53.71749470131617],[-2.0891127232408193,53.717417938914],[-2.088668,53.71739201945441],[-2.088223276759181,53.717417938914],[-2.0877956423910073,53.71749470131617],[-2.087401529294686,53.71761935699169],[-2.08705608211357,53.7177871158922],[-2.0867725758723106,53.717991531608305],[-2.086561905873349,53.71822474902976],[-2.08643216894838,53.71847780614125],[-2.0863883521643936,53.71874097836676],[-2.0864321409680224,53.719004152239],[-2.0865618541723894,53.719257214039985],[-2.0867725083217517,53.719490438479774],[-2.0870560089973718,53.71969486247456],[-2.0871514028419473,53.71974118995745],[-2.087187006237738,53.719766862474536],[-2.087532459575875,53.719934629653736],[-2.087926589196518,53.72005929234759],[-2.088354248017425,53.720136059439255],[-2.088799,53.72016198054559],[-2.0892437519825746,53.720136059439255],[-2.0892871905843142,53.720128261973244],[-2.089295479161806,53.72013743847944],[-2.0895789841985706,53.720341862474314],[-2.089924442259637,53.720509629653606],[-2.090318577268796,53.72063429234754],[-2.090746241936697,53.72071105943926],[-2.091191,53.7207369805456],[-2.091635758063303,53.72071105943926],[-2.092063422731204,53.72063429234754],[-2.0924575577403632,53.720509629653606],[-2.092513646539956,53.72048239086326],[-2.0926737555463846,53.720473059439264],[-2.093101417794114,53.720396292347566],[-2.093495550572874,53.72027162965366],[-2.0938410066790376,53.7201038624744],[-2.0941245101115284,53.719899438479565],[-2.0943351663092855,53.71966621403972],[-2.0944648807748756,53.71941315223871],[-2.0945086700041213,53.719149978366445]]],[[[-2.0922791741347844,53.70999897837369],[-2.092235366460206,53.70973580614791],[-2.092105656497793,53.709482749035686],[-2.0918950302776667,53.7092495316131],[-2.09161158294865,53.70904511589566],[-2.0912662075490536,53.70887735699383],[-2.090872176345172,53.708752701317195],[-2.0904446308337525,53.708675938914276],[-2.09,53.708650019454424],[-2.0895553691662476,53.708675938914276],[-2.0891278236548283,53.708752701317195],[-2.088733792450946,53.70887735699383],[-2.0883884170513496,53.70904511589566],[-2.0881049697223335,53.7092495316131],[-2.087894343502207,53.709482749035686],[-2.0877646335397944,53.70973580614791],[-2.087720825865216,53.70999897837369],[-2.0877646055741965,53.71026215224567],[-2.087894291828521,53.7105152140459],[-2.0881049022074087,53.710748438484565],[-2.0883883439737216,53.71095286247802],[-2.0887337249360214,53.711120629655895],[-2.0891277719811416,53.71124529234863],[-2.0895553412006502,53.71132205943954],[-2.09,53.7113479805456],[-2.09044465879935,53.71132205943954],[-2.090872228018858,53.71124529234863],[-2.0912662750639783,53.711120629655895],[-2.0916116560262785,53.71095286247802],[-2.0918950977925914,53.710748438484565],[-2.0921057081714793,53.7105152140459],[-2.092235394425803,53.71026215224567],[-2.0922791741347844,53.70999897837369]]],[[[-2.084380673473083,53.7192139783664],[-2.0843368561960793,53.718950806140896],[-2.0842071178118524,53.71869774902945],[-2.0839964454435074,53.71846453160805],[-2.0837129360138196,53.71826011589201],[-2.0833674849477686,53.71809235699158],[-2.0829733674192923,53.717967701316134],[-2.082545728242043,53.717890938913996],[-2.082101,53.71786501945443],[-2.081656271757957,53.717890938913996],[-2.0812286325807086,53.717967701316134],[-2.0808345150522323,53.71809235699158],[-2.0804890639861813,53.71826011589201],[-2.0802055545564935,53.71846453160805],[-2.0799948821881484,53.71869774902945],[-2.079865143803921,53.718950806140896],[-2.0798331504178496,53.71914296255019],[-2.0797956080641065,53.71914970131599],[-2.079401479459375,53.71927435699129],[-2.079056018684608,53.71944211589154],[-2.0787725012868217,53.7196465316074],[-2.0785618229972274,53.71987974902865],[-2.0784320809662145,53.72013280614],[-2.07838826245713,53.72039597836546],[-2.0784320529830613,53.72065915223776],[-2.078561771291102,53.72091221403888],[-2.0787724337295135,53.72114543847888],[-2.079055945561105,53.72134986247391],[-2.0794014119020674,53.721517629653356],[-2.0797955563579813,53.72164229234741],[-2.0800756511893725,53.72169256900548],[-2.080109555092504,53.72170329234741],[-2.0805372306312693,53.721780059439226],[-2.080982,53.7218059805456],[-2.081426769368731,53.721780059439226],[-2.081854444907496,53.72170329234741],[-2.082248589935107,53.72157862965334],[-2.082594056777151,53.72141086247388],[-2.08287756901995,53.72120643847884],[-2.083088231763895,53.720973214038835],[-2.0832179502600567,53.72072015223771],[-2.0832617408494722,53.720456978365405],[-2.0832478405799164,53.720373494019604],[-2.083367552500256,53.72033562965364],[-2.083713009132105,53.72016786247437],[-2.083996512995995,53.71996343847953],[-2.084207169514288,53.71973021403968],[-2.084336884177236,53.71947715223865],[-2.084380673473083,53.7192139783664]]],[[[-2.08286008594136,53.72682197836037],[-2.082816260732467,53.726558806135095],[-2.082686498870976,53.72630574902431],[-2.0824757883828298,53.72607253160388],[-2.0821922276561406,53.725868115888986],[-2.081846714087349,53.72570035698973],[-2.081452525252193,53.72557570131524],[-2.081024808704185,53.725498938913766],[-2.08058,53.72547301945443],[-2.0801351912958146,53.725498938913766],[-2.079707474747807,53.72557570131524],[-2.079313285912651,53.72570035698973],[-2.078967772343859,53.725868115888986],[-2.0786842116171704,53.72607253160388],[-2.0784735011290243,53.72630574902431],[-2.078343739267533,53.726558806135095],[-2.07829991405864,53.72682197836037],[-2.0783437112735217,53.72708515223287],[-2.078473449402837,53.72733821403453],[-2.0786841440336494,53.727571438475366],[-2.078967699191983,53.72777586247137],[-2.0793132183291294,53.72794362965178],[-2.0797074230216195,53.72806829234668],[-2.0801351633018035,53.72814505943902],[-2.08058,53.72817098054559],[-2.0810248366981963,53.72814505943902],[-2.0814525769783807,53.72806829234668],[-2.0818467816708703,53.72794362965178],[-2.082192300808017,53.72777586247137],[-2.0824758559663508,53.727571438475366],[-2.0826865505971632,53.72733821403453],[-2.082816288726478,53.72708515223287],[-2.08286008594136,53.72682197836037]]],[[[-2.0799443110390934,53.71252597837169],[-2.079900500731804,53.71226280614599],[-2.079770782976941,53.71200974903397],[-2.07956014410429,53.71177653161172],[-2.0792766797490425,53.711572115894654],[-2.078931283603864,53.71140435699321],[-2.078537228732242,53.711279701316904],[-2.0781096575403253,53.7112029389142],[-2.077665,53.71117701945442],[-2.0772203424596745,53.7112029389142],[-2.0767927712677583,53.711279701316904],[-2.0763987163961364,53.71140435699321],[-2.0760533202509572,53.711572115894654],[-2.0757698558957096,53.71177653161172],[-2.075559217023059,53.71200974903397],[-2.075429499268196,53.71226280614599],[-2.075385688960907,53.71252597837169],[-2.075429471298333,53.712789152243744],[-2.075559165341491,53.713042214044194],[-2.075769788370487,53.71327543848318],[-2.0760532471621826,53.71347986247702],[-2.076398648870913,53.713647629655284],[-2.0767927195861895,53.71377229234832],[-2.077220314489811,53.713849059439454],[-2.077665,53.7138749805456],[-2.0781096855101886,53.713849059439454],[-2.0785372804138103,53.71377229234832],[-2.0789313511290866,53.713647629655284],[-2.079276752837817,53.71347986247702],[-2.0795602116295133,53.71327543848318],[-2.079770834658509,53.713042214044194],[-2.0799005287016668,53.712789152243744],[-2.0799443110390934,53.71252597837169]]],[[[-2.072052087713455,53.689931978389545],[-2.0720083009310786,53.68966880616317],[-2.0718786528066278,53.68941574904921],[-2.071668126992194,53.68918253162405],[-2.0713848147769753,53.68897811590358],[-2.071039604006551,53.688810356998715],[-2.070645760620992,53.68868570131951],[-2.0702184189003847,53.688608938914875],[-2.069774,53.68858301945441],[-2.069329581099615,53.688608938914875],[-2.0689022393790077,53.68868570131951],[-2.0685083959934487,53.688810356998715],[-2.0681631852230242,53.68897811590358],[-2.0678798730078056,53.68918253162405],[-2.067669347193372,53.68941574904921],[-2.067539699068921,53.68966880616317],[-2.0674959122865446,53.689931978389545],[-2.067539671137165,53.69019515226093],[-2.0676692955822165,53.69044821405944],[-2.0678798055745813,53.69068143849553],[-2.068163112233828,53.69088586248596],[-2.068508328560225,53.69105362966079],[-2.0689021877678524,53.69117829235093],[-2.069329553167859,53.69125505944013],[-2.069774,53.691280980545585],[-2.0702184468321407,53.69125505944013],[-2.070645812232147,53.69117829235093],[-2.0710396714397747,53.69105362966079],[-2.0713848877661714,53.69088586248596],[-2.0716681944254183,53.69068143849553],[-2.071878704417783,53.69044821405944],[-2.0720083288628346,53.69019515226093],[-2.072052087713455,53.689931978389545]]],[[[-2.0630768887453392,53.704729978377856],[-2.063033086558885,53.70446680615193],[-2.06290339284054,53.70421374903923],[-2.062692792995748,53.703980531615976],[-2.062409381159455,53.70377611589774],[-2.062064049005905,53.703608356995126],[-2.0616700671395733,53.7034837013178],[-2.061242575161479,53.70340693891443],[-2.060798,53.70338101945442],[-2.060353424838521,53.70340693891443],[-2.059925932860427,53.7034837013178],[-2.0595319509940953,53.703608356995126],[-2.059186618840545,53.70377611589774],[-2.0589032070042523,53.703980531615976],[-2.0586926071594602,53.70421374903923],[-2.0585629134411154,53.70446680615193],[-2.0585191112546606,53.704729978377856],[-2.058562885484409,53.70499315224968],[-2.058692555502202,53.70524621404946],[-2.0589031395107926,53.70547943848745],[-2.059186545786151,53.7056838624801],[-2.059531883500635,53.70585162965718],[-2.0599258812031693,53.70597629234923],[-2.0603533968818146,53.7060530594397],[-2.060798,53.70607898054559],[-2.061242603118185,53.7060530594397],[-2.061670118796831,53.70597629234923],[-2.062064116499365,53.70585162965718],[-2.0624094542138494,53.7056838624801],[-2.062692860489207,53.70547943848745],[-2.062903444497798,53.70524621404946],[-2.063033114515591,53.70499315224968],[-2.0630768887453392,53.704729978377856]]],[[[-2.062595392530636,53.714029978370505],[-2.06255158065624,53.713766806144854],[-2.062421858262964,53.713513749032956],[-2.062211211858967,53.7132805316109],[-2.061927737368948,53.71307611589406],[-2.0615823288750743,53.71290835699285],[-2.0611882599153595,53.71278370131673],[-2.0607606734372674,53.71270693891415],[-2.060316,53.71268101945442],[-2.059871326562732,53.71270693891415],[-2.05944374008464,53.71278370131673],[-2.0590496711249253,53.71290835699285],[-2.0587042626310517,53.71307611589406],[-2.058420788141033,53.7132805316109],[-2.0582101417370358,53.713513749032956],[-2.058080419343759,53.713766806144854],[-2.0580366074693637,53.714029978370505],[-2.058080391371357,53.714293152242604],[-2.058210090050776,53.71454621404318],[-2.0584207206096794,53.71477943848237],[-2.0587041895356424,53.71498386247644],[-2.0590496035935724,53.71515162965492],[-2.0594436883983804,53.71527629234816],[-2.05987129859033,53.71535305943943],[-2.060316,53.71537898054561],[-2.0607607014096696,53.71535305943943],[-2.061188311601619,53.71527629234816],[-2.0615823964064273,53.71515162965492],[-2.0619278104643572,53.71498386247644],[-2.0622112793903202,53.71477943848237],[-2.0624219099492236,53.71454621404318],[-2.0625516086286426,53.714293152242604],[-2.062595392530636,53.714029978370505]]],[[[-2.056937473704434,53.71552797836931],[-2.0568936602690417,53.71526480614369],[-2.0567639332554375,53.71501174903194],[-2.0565532793494605,53.71477853161006],[-2.0562697947641864,53.714574115893456],[-2.0559243739697672,53.71440635699248],[-2.0555302909768907,53.714281701316544],[-2.0551026892722253,53.7142049389141],[-2.054658,53.71417901945441],[-2.054213310727775,53.7142049389141],[-2.0537857090231095,53.714281701316544],[-2.053391626030233,53.71440635699248],[-2.053046205235814,53.714574115893456],[-2.0527627206505397,53.71477853161006],[-2.0525520667445627,53.71501174903194],[-2.0524223397309584,53.71526480614369],[-2.052378526295566,53.71552797836931],[-2.0524223117560267,53.71579115224145],[-2.052552015053629,53.71604421404216],[-2.0527626531130805,53.71627743848154],[-2.0530461321337947,53.71648186247582],[-2.0533915584927733,53.71664962965453],[-2.0537856573321758,53.71677429234797],[-2.054213282752843,53.71685105943936],[-2.054658,53.716876980545585],[-2.055102717247157,53.71685105943936],[-2.0555303426678244,53.71677429234797],[-2.055924441507227,53.71664962965453],[-2.0562698678662055,53.71648186247582],[-2.0565533468869197,53.71627743848154],[-2.0567639849463712,53.71604421404216],[-2.0568936882439735,53.71579115224145],[-2.056937473704434,53.71552797836931]]],[[[-2.04644845216025,53.733573978355025],[-2.046404619908857,53.73331080612996],[-2.046274837202567,53.73305774901974],[-2.0460640928689298,53.73282453160019],[-2.045780486597088,53.73262011588631],[-2.0454349175338855,53.73245235698807],[-2.0450406653875497,53.73232770131445],[-2.0446128801442396,53.732250938913566],[-2.044168,53.73222501945442],[-2.043723119855761,53.732250938913566],[-2.0432953346124507,53.73232770131445],[-2.042901082466115,53.73245235698807],[-2.042555513402912,53.73262011588631],[-2.0422719071310707,53.73282453160019],[-2.04224874745332,53.732850160950164],[-2.042168503084506,53.73288911588621],[-2.041884894997758,53.73309353160004],[-2.041674149315429,53.73332674901957],[-2.0415443657785057,53.73357980612975],[-2.0415005332464795,53.73384297835481],[-2.041544337772625,53.73410615222751],[-2.041674097567309,53.73435921402978],[-2.041884827385581,53.73459243847151],[-2.0421684299016127,53.734796862468585],[-2.0425140067469,53.73496462965006],[-2.042908277280148,53.735089292345855],[-2.0433360890031014,53.73516605943882],[-2.043781,53.735191980545586],[-2.0442259109968988,53.73516605943882],[-2.0446537227198527,53.735089292345855],[-2.0450479932531,53.73496462965006],[-2.045393570098388,53.734796862468585],[-2.045677172614419,53.73459243847151],[-2.045700325581383,53.73456681401153],[-2.045780559778793,53.73452786246869],[-2.046064160480009,53.73432343847166],[-2.0462748889498465,53.73409021402997],[-2.0464046479142826,53.73383715222772],[-2.04644845216025,53.733573978355025]]],[[[-2.0446881492796503,53.76482797833025],[-2.044644284392124,53.76456480610614],[-2.044514405087555,53.7643117489986],[-2.044303503908263,53.76407853158307],[-2.0440196865725855,53.763874115873946],[-2.0436738603390303,53.76370635698043],[-2.043647245552248,53.7636979481056],[-2.043606859493588,53.76367835698042],[-2.043212314215792,53.76355370131082],[-2.0427842109124756,53.76347693891261],[-2.042339,53.76345101945441],[-2.0418937890875246,53.76347693891261],[-2.0414656857842077,53.76355370131082],[-2.0410711405064124,53.76367835698042],[-2.0407253145034696,53.763846115873946],[-2.0404414973570595,53.76405053158307],[-2.0402305963184153,53.76428374899861],[-2.040100717100469,53.764536806106136],[-2.040056852242209,53.76479997833027],[-2.0401006890421716,53.76506315220389],[-2.040129820793974,53.765119924058716],[-2.0401536783803986,53.765263152203744],[-2.040283534430117,53.765516214008706],[-2.0404944205794564,53.765749438454435],[-2.040778233496573,53.765953862456236],[-2.041124066727966,53.76612162964245],[-2.041518629778969,53.76624629234223],[-2.0419467589083324,53.76632305943787],[-2.042392,53.766348980545594],[-2.0428372410916675,53.76632305943787],[-2.0432653702210315,53.76624629234223],[-2.043659933272034,53.76612162964245],[-2.0440057665034272,53.765953862456236],[-2.044289579420544,53.765749438454435],[-2.044500465569883,53.765516214008706],[-2.044630321619602,53.765263152203744],[-2.044674158628268,53.76499997833011],[-2.0446668265650367,53.76495598898946],[-2.0446881492796503,53.76482797833025]]],[[[-2.032339914361144,53.70520297837748],[-2.0322961116820895,53.70493980615155],[-2.0321664165057203,53.704686749038906],[-2.031955814293547,53.70445353161571],[-2.031672399271521,53.70424911589754],[-2.0313270632363203,53.704081356995],[-2.0309330769415803,53.703956701317736],[-2.0305055801584757,53.70387993891441],[-2.030061,53.703854019454404],[-2.0296164198415245,53.70387993891441],[-2.02918892305842,53.703956701317736],[-2.02879493676368,53.704081356995],[-2.0284496007284787,53.70424911589754],[-2.0281661857064526,53.70445353161571],[-2.02795558349428,53.704686749038906],[-2.0278258883179108,53.70493980615155],[-2.027782085638856,53.70520297837748],[-2.027825860360406,53.705466152249315],[-2.0279555318355476,53.705719214049125],[-2.0281661182110664,53.705952438487174],[-2.028449527671999,53.70615686247993],[-2.0287948692682933,53.706324629657054],[-2.029188871399688,53.70644929234916],[-2.0296163918840198,53.706526059439675],[-2.030061,53.70655198054559],[-2.03050560811598,53.706526059439675],[-2.0309331286003123,53.70644929234916],[-2.031327130731707,53.706324629657054],[-2.031672472328001,53.70615686247993],[-2.0319558817889334,53.705952438487174],[-2.0321664681644522,53.705719214049125],[-2.032296139639594,53.705466152249315],[-2.032339914361144,53.70520297837748]]],[[[-2.028158070330449,53.74496497834599],[-2.028114226191453,53.74470180612127],[-2.0279844082995577,53.74444874901203],[-2.0277736068354035,53.744215531593944],[-2.0274899236842496,53.74401111588181],[-2.027144260947585,53.74384335698527],[-2.02674990193324,53.743718701313135],[-2.0263220007336273,53.743641938913214],[-2.025877,53.743616019454414],[-2.0254319992663725,53.743641938913214],[-2.0250040980667605,53.743718701313135],[-2.024609739052415,53.74384335698527],[-2.0242640763157507,53.74401111588181],[-2.0239803931645968,53.744215531593944],[-2.0237695917004426,53.74444874901203],[-2.023639773808547,53.74470180612127],[-2.0235959296695514,53.74496497834599],[-2.02363974578385,53.745228152219035],[-2.023769539917554,53.74548121402226],[-2.0239803255069915,53.74571443846542],[-2.024264003083687,53.74591886246418],[-2.0246096713948103,53.746086629647344],[-2.025004046283872,53.74621129234456],[-2.0254319712416753,53.74628805943848],[-2.025877,53.74631398054559],[-2.026322028758325,53.74628805943848],[-2.0267499537161284,53.74621129234456],[-2.02714432860519,53.746086629647344],[-2.027489996916313,53.74591886246418],[-2.027773674493009,53.74571443846542],[-2.0279844600824464,53.74548121402226],[-2.0281142542161503,53.745228152219035],[-2.028158070330449,53.74496497834599]]],[[[-2.0242172797939753,53.74882297834294],[-2.024173431626931,53.748559806118344],[-2.024043601812588,53.748306749009444],[-2.023832780990077,53.74807353159184],[-2.0235490717887963,53.74786911588029],[-2.023203377311402,53.74770135698435],[-2.022808982085427,53.7475767013127],[-2.022381041594669,53.74749993891311],[-2.021936,53.74747401945443],[-2.0214909584053316,53.74749993891311],[-2.021063017914573,53.7475767013127],[-2.020668622688598,53.74770135698435],[-2.020322928211204,53.74786911588029],[-2.0200392190099232,53.74807353159184],[-2.0198283981874123,53.748306749009444],[-2.0196985683730695,53.748559806118344],[-2.019654720206025,53.74882297834294],[-2.019698540341841,53.7490861522161],[-2.019828346392455,53.74933921401966],[-2.0200391513365505,53.74957243846332],[-2.0203228549620733,53.749776862462646],[-2.020668555015226,53.74994462964641],[-2.021062966119616,53.750069292344115],[-2.0214909303741027,53.75014605943837],[-2.021936,53.7501719805456],[-2.0223810696258973,53.75014605943837],[-2.0228090338803844,53.750069292344115],[-2.0232034449847744,53.74994462964641],[-2.023549145037927,53.749776862462646],[-2.02383284866345,53.74957243846332],[-2.0240436536075452,53.74933921401966],[-2.0241734596581593,53.7490861522161],[-2.0242172797939753,53.74882297834294]]],[[[-2.0220058224360558,53.740397978349606],[-2.0219619830641453,53.74013480612476],[-2.0218321792821414,53.739881749015126],[-2.0216214007280775,53.739648531596444],[-2.0213377484065407,53.739444115883614],[-2.0209921232341683,53.73927635698639],[-2.0205978070753026,53.73915170131366],[-2.020169952375695,53.739074938913355],[-2.019725,53.739049019454406],[-2.019280047624306,53.739074938913355],[-2.0188521929246983,53.73915170131366],[-2.0184578767658325,53.73927635698639],[-2.01811225159346,53.739444115883614],[-2.0178285992719234,53.739648531596444],[-2.017617820717859,53.739881749015126],[-2.0174880169358556,53.74013480612476],[-2.017444177563945,53.740397978349606],[-2.017487988918887,53.7406611522225],[-2.0176177689492514,53.740914214025345],[-2.0178285316329774,53.74114743846792],[-2.0181121783815925,53.74135186246597],[-2.018457809126886,53.74151962964846],[-2.0188521411560902,53.741644292345086],[-2.0192800196073373,53.74172105943861],[-2.019725,53.741746980545585],[-2.0201699803926636,53.74172105943861],[-2.0205978588439106,53.741644292345086],[-2.0209921908731143,53.74151962964846],[-2.0213378216184084,53.74135186246597],[-2.0216214683670235,53.74114743846792],[-2.0218322310507495,53.740914214025345],[-2.021962011081114,53.7406611522225],[-2.0220058224360558,53.740397978349606]]],[[[-2.021473777642101,53.757988978335675],[-2.0214299199012817,53.757725806111345],[-2.0213000617499386,53.75747274900323],[-2.021089194916925,53.75723953158682],[-2.0208054238002986,53.75703511587665],[-2.020459653882262,53.7568673569821],[-2.020065172589314,53.75674270131162],[-2.019637138712258,53.75666593891283],[-2.019192,53.75664001945442],[-2.018746861287742,53.75666593891283],[-2.018318827410686,53.75674270131162],[-2.0179243461177383,53.7568673569821],[-2.0175785761997016,53.75703511587665],[-2.0172948050830746,53.75723953158682],[-2.017083938250061,53.75747274900323],[-2.016954080098718,53.757725806111345],[-2.016943691809025,53.7577881419557],[-2.0168509172693203,53.75789074900295],[-2.0168470451109166,53.75789829467832],[-2.016839775088634,53.75790353158646],[-2.016628904921555,53.75813674900279],[-2.0164990447168236,53.75838980611085],[-2.0164551862822586,53.75865297833515],[-2.016499016668945,53.758916152208606],[-2.016628853095832,53.759169214013006],[-2.016839707375064,53.75940243845792],[-2.0171234773992017,53.75960686245875],[-2.0174692583629747,53.759774629644],[-2.0178637617804527,53.75989929234298],[-2.018291826202417,53.759976059438074],[-2.018737,53.760001980545596],[-2.019182173797583,53.759976059438074],[-2.0196102382195473,53.75989929234298],[-2.0200047416370253,53.759774629644],[-2.0203505226007983,53.75960686245875],[-2.020439407914072,53.759542830708355],[-2.0205465181440183,53.75949086245879],[-2.020830287384382,53.759286438457984],[-2.0210411410812585,53.75905321401308],[-2.021170977149582,53.75880015220868],[-2.021190540980265,53.75868268339986],[-2.0211969702221206,53.758670152208786],[-2.0212073514367166,53.75860781918693],[-2.0213001135735826,53.758505214013454],[-2.021429947948036,53.75825215220911],[-2.021473777642101,53.757988978335675]]],[[[-2.0152549003197446,53.74183297834848],[-2.0152110594501074,53.74156980612366],[-2.0150812512350442,53.74131674901415],[-2.0148704654830674,53.741083531595656],[-2.0145868034754524,53.74087911588305],[-2.0142411665010966,53.74071135698605],[-2.0138468368778564,53.7405867013135],[-2.013418967568834,53.74050993891331],[-2.012974,53.740484019454414],[-2.012529032431165,53.74050993891331],[-2.0121011631221433,53.7405867013135],[-2.011706833498903,53.74071135698605],[-2.011361196524547,53.74087911588305],[-2.0110775345169323,53.741083531595656],[-2.010866748764955,53.74131674901415],[-2.0107369405498923,53.74156980612366],[-2.0106930996802546,53.74183297834848],[-2.0107369125304957,53.74209615222142],[-2.0108666969918603,53.74234921402437],[-2.011077466872124,53.74258243846714],[-2.011361123306334,53.7427868624654],[-2.0117067658540946,53.7429546296481],[-2.012101111349048,53.74307929234492],[-2.012529004411768,53.74315605943856],[-2.012974,53.743181980545586],[-2.013418995588231,53.74315605943856],[-2.013846888650951,53.74307929234492],[-2.014241234145905,53.7429546296481],[-2.0145868766936657,53.7427868624654],[-2.0148705331278753,53.74258243846714],[-2.0150813030081394,53.74234921402437],[-2.015211087469504,53.74209615222142],[-2.0152549003197446,53.74183297834848]]],[[[-2.013303064413189,53.74485597834608],[-2.013259220387984,53.744592806121354],[-2.0131294028328925,53.7443397490121],[-2.012918601915605,53.744106531594],[-2.012634919500356,53.743902115881845],[-2.0122892576603544,53.7437343569853],[-2.011894899668973,53.74360970131315],[-2.0114669995793197,53.74353293891321],[-2.011022,53.74350701945441],[-2.010577000420681,53.74353293891321],[-2.0101491003310277,53.74360970131315],[-2.0097547423396462,53.7437343569853],[-2.0094090804996445,53.743902115881845],[-2.0091253980843957,53.744106531594],[-2.008914597167108,53.7443397490121],[-2.0087847796120166,53.744592806121354],[-2.0087409355868115,53.74485597834608],[-2.0087847515875037,53.745119152219104],[-2.00891454538456,53.74537221402233],[-2.0091253304272367,53.745605438465475],[-2.009409007268063,53.745809862464206],[-2.009754674682487,53.74597762964736],[-2.0101490485484796,53.74610229234457],[-2.010576972396168,53.74617905943848],[-2.011022,53.746204980545585],[-2.0114670276038327,53.74617905943848],[-2.011894951451521,53.74610229234457],[-2.012289325317514,53.74597762964736],[-2.012634992731938,53.745809862464206],[-2.012918669572764,53.745605438465475],[-2.0131294546154406,53.74537221402233],[-2.013259248412497,53.745119152219104],[-2.013303064413189,53.74485597834608]]],[[[-2.0110447621418905,53.739286978350485],[-2.0110009239294553,53.7390238061256],[-2.0108711235793324,53.73877074901587],[-2.0106603505975804,53.73853753159705],[-2.010376705774583,53.738333115884046],[-2.010031089738794,53.73816535698666],[-2.0097753605330766,53.73808451084785],[-2.009776696210474,53.738083862467285],[-2.010060320904714,53.73787943846971],[-2.010271067201718,53.73764621402756],[-2.0104008371425683,53.737393152225],[-2.010444645092671,53.73712997835221],[-2.010400809131128,53.736866806127246],[-2.0102710154433256,53.736613749017344],[-2.0100602532791156,53.73638053159825],[-2.0097766230130536,53.736176115884916],[-2.009431024714136,53.7360083569872],[-2.0090367392140345,53.735883701314044],[-2.0086089177804807,53.73580693891346],[-2.008164,53.735781019454414],[-2.007719082219519,53.73580693891346],[-2.007291260785965,53.735883701314044],[-2.006896975285864,53.7360083569872],[-2.0065513769869465,53.736176115884916],[-2.006267746720884,53.73638053159825],[-2.0060569845566745,53.736613749017344],[-2.0059271908688716,53.736866806127246],[-2.0058833549073287,53.73712997835221],[-2.0059271628574313,53.737393152225],[-2.006056932798282,53.73764621402756],[-2.0062676790952856,53.73787943846971],[-2.006551303789526,53.738083862467285],[-2.0068969076602654,53.73825162964927],[-2.0071526155818993,53.73833247450956],[-2.0071512942254177,53.738333115884046],[-2.0068676494024205,53.73853753159705],[-2.006656876420668,53.73877074901587],[-2.0065270760705456,53.7390238061256],[-2.0064832378581103,53.739286978350485],[-2.0065270480554567,53.73955015222335],[-2.006656824655533,53.739803214026104],[-2.0068675817680126,53.74003643846853],[-2.007151221018462,53.740240862466415],[-2.0074968426267987,53.74040862964873],[-2.0078911642314052,53.74053329234522],[-2.008319031371085,53.74061005943864],[-2.008764,53.74063598054559],[-2.009208968628916,53.74061005943864],[-2.0096368357685956,53.74053329234522],[-2.0100311573732017,53.74040862964873],[-2.0103767789815388,53.740240862466415],[-2.0106604182319883,53.74003643846853],[-2.0108711753444672,53.739803214026104],[-2.011000951944544,53.73955015222335],[-2.0110447621418905,53.739286978350485]]],[[[-1.9956834511295076,53.73355497835504],[-1.9956396188979357,53.73329180612997],[-1.9955098362503148,53.73303874901976],[-1.9952990920119376,53.7328055316002],[-1.9950154858682851,53.73260111588634],[-1.994669916961274,53.73243335698807],[-1.9942756649931312,53.73230870131446],[-1.9938478799431674,53.73223193891356],[-1.993403,53.73220601945442],[-1.9929581200568327,53.73223193891356],[-1.9925303350068686,53.73230870131446],[-1.992136083038726,53.73243335698807],[-1.991790514131715,53.73260111588634],[-1.9915069079880625,53.7328055316002],[-1.9912961637496853,53.73303874901976],[-1.9911663811020641,53.73329180612997],[-1.9911225488704922,53.73355497835504],[-1.9911663530966708,53.733818152227734],[-1.991296112002465,53.734071214029974],[-1.991506840377061,53.734304438471675],[-1.9917904409500946,53.7345088624687],[-1.9921360154277246,53.734676629650146],[-1.9925302832596488,53.734801292345885],[-1.9929580920514387,53.73487805943882],[-1.993403,53.734903980545596],[-1.9938479079485611,53.73487805943882],[-1.9942757167403513,53.734801292345885],[-1.9946699845722753,53.734676629650146],[-1.9950155590499055,53.7345088624687],[-1.995299159622939,53.734304438471675],[-1.995509887997535,53.734071214029974],[-1.9956396469033293,53.733818152227734],[-1.9956834511295076,53.73355497835504]]]]}},{"type":"Feature","properties":{"species":"Dryopteris dilatata","locations":[],"common":false,"recordCount":61},"geometry":{"type":"MultiPolygon","coordinates":[[[[-2.1945252862556535,53.74894197834284],[-2.194481437964349,53.74867880611824],[-2.194351607782214,53.748425749009336],[-2.1941407863625226,53.74819253159176],[-2.193857076357629,53.747988115880226],[-2.1935113809010747,53.7478203569843],[-2.193116984558018,53.74769570131267],[-2.192689042855179,53.747618938913085],[-2.192244,53.74759301945441],[-2.191798957144821,53.747618938913085],[-2.191371015441982,53.74769570131267],[-2.1909766190989255,53.7478203569843],[-2.1906309236423707,53.747988115880226],[-2.190347213637477,53.74819253159176],[-2.190136392217786,53.748425749009336],[-2.1900065620356512,53.74867880611824],[-2.1899891204526445,53.74878348842316],[-2.189814181266547,53.74890953159138],[-2.1896033562486283,53.749142749008854],[-2.1894735238504133,53.74939580611769],[-2.189429674810397,53.74965897834227],[-2.1894734958177695,53.74992215221545],[-2.189603304451056,53.75017521401909],[-2.189814113589757,53.75040843846284],[-2.190097822860668,53.75061286246232],[-2.1904435297930576,53.750780629646194],[-2.1908379487461533,53.750905292344],[-2.191265921517147,53.750982059438336],[-2.191711,53.75100798054558],[-2.1921560784828538,53.750982059438336],[-2.1925840512538475,53.750905292344],[-2.1929784702069433,53.750780629646194],[-2.193324177139333,53.75061286246232],[-2.193607886410244,53.75040843846284],[-2.193818695548945,53.75017521401909],[-2.1939485041822313,53.74992215221545],[-2.1939659334631654,53.74981747795885],[-2.1941408540363816,53.749691438463245],[-2.1943516595775434,53.74945821401957],[-2.1944814659957785,53.74920515221599],[-2.1945252862556535,53.74894197834284]]],[[[-2.169942612536489,53.736529978352685],[-2.169898777201011,53.73626680612771],[-2.169768985366273,53.73601374901775],[-2.1695582262108646,53.73578053159857],[-2.1692745999936824,53.73557611588515],[-2.1689290066281153,53.73540835698734],[-2.1685347267562607,53.73528370131412],[-2.1681069114295917,53.735206938913464],[-2.167662,53.735181019454416],[-2.1672170885704083,53.735206938913464],[-2.1667892732437393,53.73528370131412],[-2.1663949933718847,53.73540835698734],[-2.1660494000063175,53.73557611588515],[-2.165765773789136,53.73578053159857],[-2.1655550146337275,53.73601374901775],[-2.165425222798989,53.73626680612771],[-2.1653813874635115,53.736529978352685],[-2.1654251947885634,53.73679315222547],[-2.16555496287721,53.73704621402798],[-2.1657657061659874,53.73727943847004],[-2.166049326811549,53.73748386246751],[-2.1663949257487363,53.73765162964941],[-2.1667892214872224,53.737776292345536],[-2.1672170605599828,53.73785305943874],[-2.167662,53.73787898054559],[-2.168106939440017,53.73785305943874],[-2.168534778512778,53.737776292345536],[-2.1689290742512637,53.73765162964941],[-2.169274673188451,53.73748386246751],[-2.1695582938340126,53.73727943847004],[-2.16976903712279,53.73704621402798],[-2.1698988052114365,53.73679315222547],[-2.169942612536489,53.736529978352685]]],[[[-2.1520268113693133,53.77700497832058],[-2.1519829337495926,53.77674180609684],[-2.1518530167595618,53.77648874899035],[-2.1516420543907664,53.77625553157638],[-2.1513581547136904,53.7760511158691],[-2.1510122281514077,53.775883356977445],[-2.1506175681498023,53.775758701309414],[-2.150189340366311,53.77568193891225],[-2.149744,53.77565601945441],[-2.14929865963369,53.77568193891225],[-2.148870431850198,53.775758701309414],[-2.1484757718485925,53.775883356977445],[-2.1481298452863102,53.7760511158691],[-2.147845945609234,53.77625553157638],[-2.147634983240439,53.77648874899035],[-2.147505066250408,53.77674180609684],[-2.1474611886306874,53.77700497832058],[-2.147505038171408,53.77726815219459],[-2.1476349313572123,53.77752121400058],[-2.147845877820531,53.77775443844786],[-2.148129771912347,53.77795886245147],[-2.1484757040598903,53.7781266296395],[-2.1488703799669713,53.77825129234083],[-2.1492986315546894,53.77832805943751],[-2.149744,53.778353980545596],[-2.150189368445311,53.77832805943751],[-2.1506176200330294,53.77825129234083],[-2.1510122959401103,53.7781266296395],[-2.1513582280876538,53.77795886245147],[-2.151642122179469,53.77775443844786],[-2.1518530686427884,53.77752121400058],[-2.1519829618285926,53.77726815219459],[-2.1520268113693133,53.77700497832058]]],[[[-2.1355139176647153,53.70526397837743],[-2.135470114922132,53.70500080615152],[-2.135340419557727,53.70474774903887],[-2.135129817040242,53.70451453161568],[-2.1348464016073643,53.70431011589751],[-2.1345010650715617,53.704142356994986],[-2.134107078205707,53.704017701317746],[-2.133679580802919,53.703940938914414],[-2.133235,53.70391501945443],[-2.1327904191970815,53.703940938914414],[-2.132362921794293,53.704017701317746],[-2.1319689349284383,53.704142356994986],[-2.1316235983926357,53.70431011589751],[-2.131340182959758,53.70451453161568],[-2.131129580442273,53.70474774903887],[-2.130999885077868,53.70500080615152],[-2.1309560823352847,53.70526397837743],[-2.1309589188912916,53.70528103174337],[-2.13086254842054,53.70538774903844],[-2.130732851083258,53.70564080615102],[-2.130698240705687,53.7058487463613],[-2.1306001155099086,53.70581770131753],[-2.130172599820348,53.70574093891437],[-2.129728,53.70571501945442],[-2.1292834001796526,53.70574093891437],[-2.128855884490092,53.70581770131753],[-2.128461880770725,53.70594235699454],[-2.1281165294622437,53.70611011589682],[-2.1278331019051917,53.7063145316147],[-2.127622490377997,53.70654774903766],[-2.1274927894646822,53.70680080615014],[-2.1274489848473777,53.707063978376006],[-2.127492761504038,53.7073271522479],[-2.1276224387134626,53.70758021404788],[-2.127833034402225,53.70781343848617],[-2.1281164563975588,53.708017862479196],[-2.1284618132677577,53.70818562965661],[-2.128855832825558,53.70831029234896],[-2.129283372219008,53.708387059439616],[-2.129728,53.70841298054559],[-2.130172627780992,53.708387059439616],[-2.1306001671744426,53.70831029234896],[-2.130994186732243,53.70818562965661],[-2.131339543602442,53.708017862479196],[-2.1316229655977756,53.70781343848617],[-2.131833561286538,53.70758021404788],[-2.1319632384959624,53.7073271522479],[-2.1319978173681657,53.707119273063476],[-2.1320958568701234,53.70715029234909],[-2.1325233844768783,53.70722705943965],[-2.132968,53.70725298054558],[-2.1334126155231217,53.70722705943965],[-2.133840143129876,53.70715029234909],[-2.1342341518252055,53.70702562965689],[-2.1345794991746607,53.706857862479644],[-2.1348629133568764,53.7066534384868],[-2.135073503240377,53.70642021404866],[-2.1352031768754287,53.706167152248774],[-2.135246952325869,53.705903978376924],[-2.1352441145475702,53.70588692891784],[-2.1353404712166495,53.70578021404909],[-2.13547014287974,53.70552715224926],[-2.1355139176647153,53.70526397837743]]],[[[-2.1170168144109653,53.72181397836433],[-2.116972994423684,53.721550806138914],[-2.1168432480174197,53.721297749027684],[-2.1166325626237725,53.72106453160662],[-2.1163490356662136,53.720860115890964],[-2.1160035632433587,53.72069235699093],[-2.115609421349827,53.72056770131582],[-2.1151817557354637,53.72049093891391],[-2.114737,53.720465019454416],[-2.1142922442645355,53.72049093891391],[-2.113864578650172,53.72056770131582],[-2.1134704367566406,53.72069235699093],[-2.113124964333786,53.720860115890964],[-2.112841437376227,53.72106453160662],[-2.11263075198258,53.721297749027684],[-2.112501005576316,53.721550806138914],[-2.1124571855890344,53.72181397836433],[-2.112500977590767,53.722077152236665],[-2.112544056882534,53.72216119091876],[-2.112451963572092,53.722340806138305],[-2.1124081427612187,53.7226039783637],[-2.1124519355852085,53.722867152236056],[-2.1125816607030536,53.72312021403737],[-2.1127923342014983,53.72335343847766],[-2.113075860918441,53.72355786247302],[-2.113421345398079,53.72372562965281],[-2.1138155105488927,53.723850292347144],[-2.1142432079230273,53.72392705943915],[-2.114688,53.72395298054559],[-2.1151327920769725,53.72392705943915],[-2.1155604894511075,53.723850292347144],[-2.115954654601921,53.72372562965281],[-2.11630013908156,53.72355786247302],[-2.116583665798502,53.72335343847766],[-2.1167943392969466,53.72312021403737],[-2.1169240644147918,53.722867152236056],[-2.1169678572387816,53.7226039783637],[-2.1169240364279083,53.722340806138305],[-2.116880948512246,53.72225676913937],[-2.116973022409233,53.722077152236665],[-2.1170168144109653,53.72181397836433]]],[[[-2.1139580422892634,53.726016978361],[-2.1139142179198136,53.725753806135714],[-2.113784458542954,53.725500749024846],[-2.11357375208908,53.725267531604324],[-2.1132901967912248,53.725063115889306],[-2.112944689837186,53.72489535698992],[-2.112550508548516,53.724770701315336],[-2.112122800188764,53.72469393891379],[-2.111678,53.72466801945441],[-2.1112331998112364,53.72469393891379],[-2.1108054914514844,53.724770701315336],[-2.110411310162814,53.72489535698992],[-2.1100658032087756,53.725063115889306],[-2.1097822479109203,53.725267531604324],[-2.109571541457046,53.725500749024846],[-2.1094417820801867,53.725753806135714],[-2.109397957710737,53.726016978361],[-2.1094417540875363,53.726280152233464],[-2.1095714897333724,53.72653321403508],[-2.1097821803306838,53.7267664384758],[-2.1100657300604544,53.72697086247168],[-2.110411242582578,53.727138629651975],[-2.110805439727811,53.72726329234676],[-2.111233171818586,53.72734005943905],[-2.111678,53.7273659805456],[-2.1121228281814144,53.72734005943905],[-2.1125505602721892,53.72726329234676],[-2.1129447574174223,53.727138629651975],[-2.113290269939546,53.72697086247168],[-2.1135738196693166,53.7267664384758],[-2.113784510266628,53.72653321403508],[-2.113914245912464,53.726280152233464],[-2.1139580422892634,53.726016978361]]],[[[-2.1117550668255065,53.708017978375246],[-2.1117112612145172,53.70775480614942],[-2.111581557360036,53.70750174903701],[-2.1113709410572983,53.707268531614176],[-2.1110875070739,53.707064115896436],[-2.1107421479352486,53.70689635699431],[-2.1103481352827775,53.70677170131742],[-2.1099206099004224,53.70669493891433],[-2.109476,53.70666901945442],[-2.1090313900995774,53.70669493891433],[-2.1086038647172223,53.70677170131742],[-2.108209852064751,53.70689635699431],[-2.1078644929260997,53.707064115896436],[-2.107581058942701,53.707268531614176],[-2.1073704426399633,53.70750174903701],[-2.107240738785482,53.70775480614942],[-2.107196933174493,53.708017978375246],[-2.107240710823228,53.708281152247174],[-2.107370390972455,53.70853421404723],[-2.1075809914358477,53.70876743848565],[-2.1078644198572074,53.7089718624788],[-2.1082097845578973,53.70913962965638],[-2.1086038130497133,53.70926429234885],[-2.109031362137323,53.70934105943959],[-2.109476,53.70936698054559],[-2.1099206378626767,53.70934105943959],[-2.1103481869502865,53.70926429234885],[-2.110742215442102,53.70913962965638],[-2.111087580142792,53.7089718624788],[-2.111371008564152,53.70876743848565],[-2.111581609027545,53.70853421404723],[-2.1117112891767715,53.708281152247174],[-2.1117550668255065,53.708017978375246]]],[[[-2.1080996696733703,53.737582978351845],[-2.108055833239133,53.737319806126905],[-2.1079260381522222,53.73706674901704],[-2.107715273716295,53.736833531597995],[-2.1074316403932314,53.73662911588474],[-2.107086038369516,53.7364613569871],[-2.106691748619953,53.736336701313995],[-2.106263922575554,53.73625993891344],[-2.105819,53.73623401945443],[-2.105374077424446,53.73625993891344],[-2.104946251380047,53.736336701313995],[-2.104551961630484,53.7364613569871],[-2.1042063596067684,53.73662911588474],[-2.10407786131337,53.736721725138175],[-2.104109612590748,53.73653097835268],[-2.104065777254227,53.73626780612771],[-2.1039359854164,53.73601474901775],[-2.1037252262559774,53.73578153159857],[-2.103441600032047,53.73557711588515],[-2.103096006658258,53.735409356987354],[-2.1027017267770227,53.73528470131412],[-2.1022739114401765,53.73520793891346],[-2.101829,53.73518201945441],[-2.1013840885598234,53.73520793891346],[-2.100956273222977,53.73528470131412],[-2.100561993341742,53.735409356987354],[-2.1002163999679526,53.73557711588515],[-2.0999327737440225,53.73578153159857],[-2.0997220145835995,53.73601474901775],[-2.0995922227457724,53.73626780612771],[-2.0995483874092518,53.73653097835268],[-2.099592194735346,53.736794152225464],[-2.0997219628270796,53.737047214027974],[-2.09993270612087,53.737280438470044],[-2.1002163267731797,53.73748486246752],[-2.1005619257185892,53.73765262964941],[-2.1009562214664568,53.73777729234554],[-2.101384060549396,53.737854059438746],[-2.101829,53.73787998054559],[-2.1022739394506034,53.737854059438746],[-2.102701778533543,53.73777729234554],[-2.10309607428141,53.73765262964941],[-2.10344167322682,53.73748486246752],[-2.103570090933836,53.737392303407375],[-2.10353833032663,53.737582978351845],[-2.1035821387486604,53.73784615222466],[-2.103711910087969,53.738099214027265],[-2.103922658656256,53.73833243846947],[-2.104206286407346,53.7385368624671],[-2.104551894003036,53.738704629649156],[-2.1049461996202385,53.73882929234543],[-2.1053740494122395,53.738906059438705],[-2.105819,53.738931980545594],[-2.1062639505877603,53.738906059438705],[-2.1066918003797617,53.73882929234543],[-2.1070861059969643,53.738704629649156],[-2.1074317135926544,53.7385368624671],[-2.1077153413437437,53.73833243846947],[-2.107926089912031,53.738099214027265],[-2.1080558612513394,53.73784615222466],[-2.1080996696733703,53.737582978351845]]],[[[-2.107543518304378,53.71635097836866],[-2.107499704011315,53.71608780614307],[-2.1073699744591288,53.71583474903139],[-2.1071593164312805,53.715601531609614],[-2.106875826299293,53.71539711589313],[-2.1065303987464907,53.71522935699227],[-2.1061363080432662,53.71510470131645],[-2.105962942393138,53.715073579589664],[-2.1059606493736736,53.71505980614385],[-2.105830922992382,53.71480674903208],[-2.105620270113084,53.71457353161017],[-2.105336786909391,53.71436911589354],[-2.1049913677983567,53.71420135699252],[-2.1045972867259812,53.714076701316564],[-2.10416968710514,53.71399993891411],[-2.103725,53.71397401945442],[-2.103680757667166,53.71397659820552],[-2.103439357502808,53.71385935699261],[-2.1030452796343373,53.7137347013166],[-2.102617683489868,53.71365793891411],[-2.102173,53.713632019454415],[-2.101728316510132,53.71365793891411],[-2.101300720365663,53.7137347013166],[-2.100906642497192,53.71385935699261],[-2.1005612261944893,53.71402711589367],[-2.100277745295639,53.714231531610366],[-2.1002776961698504,53.71423158599881],[-2.100123689261654,53.71420393891411],[-2.099679,53.71417801945442],[-2.099234310738346,53.71420393891411],[-2.0988067090438456,53.71428070131656],[-2.0984126260603375,53.71440535699248],[-2.09806720527413,53.714573115893465],[-2.0977837206955954,53.714777531610075],[-2.0975730667946264,53.71501074903195],[-2.0974433397841064,53.7152638061437],[-2.0973995263497565,53.71552697836931],[-2.097443311809177,53.71579015224146],[-2.0975730151036958,53.716043214042166],[-2.09778365315814,53.71627643848154],[-2.0980671321721154,53.716480862475834],[-2.098412558522882,53.71664862965455],[-2.098527529349778,53.71668499762079],[-2.0987266248149603,53.7169054384812],[-2.0990101080679247,53.71710986247559],[-2.0993555395841494,53.7172776296544],[-2.099749644307591,53.7174022923479],[-2.100177276112937,53.717479059439356],[-2.100622,53.71750498054559],[-2.1010667238870635,53.717479059439356],[-2.1014943556924095,53.7174022923479],[-2.101888460415851,53.7172776296544],[-2.1022338919320758,53.71710986247559],[-2.1022750081194,53.71708021298075],[-2.102363280162464,53.717096059439356],[-2.102808,53.71712198054559],[-2.102917271081995,53.71711561153057],[-2.102925544341482,53.71711962965443],[-2.1033196475845233,53.71724429234792],[-2.1036504591365213,53.717303678800796],[-2.103652100595056,53.7173048624755],[-2.103997533712695,53.717472629654345],[-2.1043916402632323,53.717597292347875],[-2.104819274051131,53.71767405943933],[-2.105264,53.71769998054559],[-2.105708725948869,53.71767405943933],[-2.1061363597367677,53.717597292347875],[-2.106530466287305,53.717472629654345],[-2.106875899404944,53.7173048624755],[-2.107159383972095,53.71710043848109],[-2.10737002615263,53.7168672140416],[-2.1074997319876365,53.71661415224083],[-2.107543518304378,53.71635097836866]]],[[[-2.1041142556138994,53.71150297837249],[-2.1040704463724533,53.711239806146764],[-2.1039407317723344,53.71098674903466],[-2.1037300980220106,53.71075353161226],[-2.1034466405597687,53.71054911589506],[-2.10310125281336,53.71038135699346],[-2.102707207523534,53.71025670131702],[-2.1022796467282703,53.71017993891422],[-2.1018350000000003,53.710154019454414],[-2.10139035327173,53.71017993891422],[-2.10129820033983,53.71019648365021],[-2.1012006243561125,53.71012611589522],[-2.1008552400823586,53.70995835699357],[-2.1004611987543336,53.709833701317066],[-2.100033642257791,53.709756938914246],[-2.099589,53.709731019454416],[-2.099144357742209,53.709756938914246],[-2.0987168012456663,53.709833701317066],[-2.0983227599176413,53.70995835699357],[-2.0979773756438873,53.71012611589522],[-2.0976939210317074,53.7103305316125],[-2.0974832893993214,53.71056374903495],[-2.0973535761035995,53.710816806147086],[-2.097309767302849,53.71107997837283],[-2.097353548136177,53.711343152244844],[-2.097483237722263,53.71159621404517],[-2.0976938535123777,53.711829438483974],[-2.097977302561491,53.7120338624776],[-2.098322692398311,53.71220162965563],[-2.098716749568608,53.71232629234849],[-2.0991443297747865,53.712403059439495],[-2.099589,53.712428980545596],[-2.1000336702252134,53.712403059439495],[-2.100125758659132,53.71238652602405],[-2.1002232863559693,53.712456862477424],[-2.100568679665586,53.71262462965553],[-2.100962740798089,53.712749292348434],[-2.1013903253035937,53.71282605943949],[-2.1018350000000003,53.712851980545594],[-2.1022796746964065,53.71282605943949],[-2.102707259201911,53.712749292348434],[-2.103101320334414,53.71262462965553],[-2.103446713644031,53.712456862477424],[-2.1037301655430647,53.712252438483745],[-2.1039407834507116,53.71201921404488],[-2.1040704743405896,53.711766152244515],[-2.1041142556138994,53.71150297837249]]],[[[-2.097830303094616,53.7308259783572],[-2.0977864737098,53.730562806132056],[-2.0976566994881716,53.730309749021615],[-2.097445968930993,53.730076531601696],[-2.097162381197838,53.72987211588741],[-2.0968168347230645,53.72970435698874],[-2.0964226083468933,53.72957970131479],[-2.0959948510652993,53.72950293891365],[-2.09555,53.729477019454436],[-2.0951051489347,53.72950293891365],[-2.0946773916531063,53.72957970131479],[-2.094283165276935,53.72970435698874],[-2.0939376188021614,53.72987211588741],[-2.093654031069006,53.730076531601696],[-2.093443300511828,53.730309749021615],[-2.0933135262901996,53.730562806132056],[-2.0932812279869446,53.73075674032419],[-2.093168994005569,53.730632531601394],[-2.0928854025217487,53.7304281158872],[-2.092539851476984,53.7302603569886],[-2.092145619887107,53.73013570131471],[-2.0917178569484225,53.73005893891363],[-2.091273,53.73003301945442],[-2.0908281430515783,53.73005893891363],[-2.0904003801128934,53.73013570131471],[-2.090006148523017,53.7302603569886],[-2.089660597478252,53.7304281158872],[-2.0893770059944314,53.730632531601394],[-2.0891662726500613,53.73086574902123],[-2.0890364967118535,53.73111880613163],[-2.0889926667470844,53.73138197835676],[-2.0890364687101344,53.73164515222938],[-2.0891662209096302,53.731898214031446],[-2.089376938392301,53.73213143847286],[-2.089660524306233,53.73233586246956],[-2.090006080920886,53.73250362965067],[-2.0904003283724624,53.73262829234614],[-2.0908281150498587,53.73270505943889],[-2.091273,53.73273098054559],[-2.091717884950142,53.73270505943889],[-2.092145671627538,53.73262829234614],[-2.0925399190791145,53.73250362965067],[-2.092885475693768,53.73233586246956],[-2.0931690616076994,53.73213143847286],[-2.09337977909037,53.731898214031446],[-2.0935095312898664,53.73164515222938],[-2.093541797210524,53.73145128997523],[-2.0936539634691447,53.73157543847317],[-2.093937545632599,53.73177986246978],[-2.0942830976770734,53.73194762965082],[-2.094677339914412,53.7320722923462],[-2.0951051209339204,53.73214905943892],[-2.09555,53.732174980545594],[-2.095994879066079,53.73214905943892],[-2.096422660085587,53.7320722923462],[-2.0968169023229257,53.73194762965082],[-2.0971624543674006,53.73177986246978],[-2.0974460365308545,53.73157543847317],[-2.097656751226865,53.731342214031834],[-2.0977865017105795,53.73108915222981],[-2.097830303094616,53.7308259783572]]],[[[-2.0975647262679904,53.72018797836563],[-2.0975209079757255,53.719924806140156],[-2.0973911665864673,53.7196717490288],[-2.097180489338883,53.71943853160752],[-2.0968969733433074,53.71923411589163],[-2.0965515142770617,53.71906635699134],[-2.096157387621509,53.71894170131602],[-2.0957297385409963,53.71886493891397],[-2.095586309246414,53.71885657982328],[-2.0956381228927414,53.718799214040295],[-2.0957678346848225,53.71854615223936],[-2.095811623011857,53.71828297836712],[-2.095767806705238,53.71801980614159],[-2.095751833668932,53.71798864974989],[-2.095755605830755,53.717965978367374],[-2.095711789854534,53.71770280614184],[-2.0955820553204374,53.71744974903029],[-2.0953713892035113,53.71721653160873],[-2.09525214734091,53.71713055339609],[-2.095240384742347,53.71711753160879],[-2.094956884392363,53.71691311589254],[-2.094611444389461,53.7167453569919],[-2.094217339482454,53.71662070131627],[-2.093789714000032,53.716543938914036],[-2.093345,53.71651801945441],[-2.0929002859999675,53.716543938914036],[-2.0924726605175454,53.71662070131627],[-2.092078555610539,53.7167453569919],[-2.091733115607637,53.71691311589254],[-2.0914496152576527,53.71711753160879],[-2.091238949636612,53.71735074903036],[-2.0911092154079225,53.717603806141916],[-2.0910738252567778,53.71781637077188],[-2.0909484099775675,53.71767753160847],[-2.0906649058528894,53.717473115892325],[-2.090319461250717,53.717305356991766],[-2.0899253510966025,53.71718070131621],[-2.089497719920846,53.717103938914015],[-2.089053,53.71707801945441],[-2.0886082800791534,53.717103938914015],[-2.088180648903397,53.71718070131621],[-2.0877865387492824,53.717305356991766],[-2.08744109414711,53.717473115892325],[-2.087157590022432,53.71767753160847],[-2.086946921596343,53.717910749029976],[-2.0868171856400766,53.71816380614149],[-2.0867733691833696,53.71842697836701],[-2.0868171576602492,53.71869015223925],[-2.086946869896363,53.71894321404021],[-2.086984833366846,53.718985245375734],[-2.0869868675928704,53.71898921404017],[-2.086999806360722,53.719003539208316],[-2.087008865990436,53.719021214040154],[-2.087219518957862,53.71925443847991],[-2.087503018042752,53.71945886247466],[-2.0878484688511088,53.71962662965382],[-2.088242595585459,53.71975129234763],[-2.088670251274494,53.71982805943927],[-2.089115,53.71985398054559],[-2.0892454205580995,53.719846379298055],[-2.0890494603670673,53.719908356991134],[-2.088703994384463,53.720076115891295],[-2.088420472712521,53.720280531607045],[-2.088209791246719,53.72051374902822],[-2.08808004725954,53.7207668061395],[-2.0880362280895564,53.72102997836495],[-2.0880800192753153,53.72129315223727],[-2.088209739538615,53.72154621403844],[-2.0884204051526276,53.72177943847853],[-2.088703921258161,53.72198386247366],[-2.089049392807173,53.72215162965319],[-2.0893650989133974,53.72225148182629],[-2.089573386753277,53.72235262965315],[-2.0899675390350634,53.72247729234732],[-2.0903952224452187,53.7225540594392],[-2.0904250732952856,53.722555799111205],[-2.0901513780268823,53.72264235699048],[-2.089805889584225,53.72281011589021],[-2.0895223494789574,53.72301453160557],[-2.089311654314992,53.72324774902638],[-2.089181901891373,53.72350080613743],[-2.089138079871104,53.7237639783628],[-2.08918187390253,53.724027152235195],[-2.089311602598353,53.724280214036604],[-2.0895222819079127,53.72451343847703],[-2.089805816445853,53.724717862472566],[-2.090151310455837,53.72488562965253],[-2.0905454864800768,53.72501029234703],[-2.0908753849235118,53.725069503946415],[-2.090844999191819,53.72525197836159],[-2.090888794772218,53.72551515223404],[-2.09101852805809,53.72576821403558],[-2.091229214822504,53.7260014384762],[-2.0915127593936984,53.72620586247198],[-2.091858265629793,53.72637362965215],[-2.0922524556031283,53.72649829234684],[-2.09268017991179,53.72657505943906],[-2.093125,53.72660098054557],[-2.0935698200882102,53.72657505943906],[-2.0939975443968724,53.72649829234684],[-2.094391734370207,53.72637362965215],[-2.0947372406063023,53.72620586247198],[-2.0947408534192826,53.72620325778213],[-2.094818728495597,53.7261786296522],[-2.095164233129417,53.72601086247206],[-2.095447776385719,53.72580643847632],[-2.0956584621731476,53.72557321403572],[-2.0957881948574784,53.7253201522342],[-2.095831990234878,53.725056978361756],[-2.0957881668664498,53.72479380613643],[-2.095658410452472,53.724540749025486],[-2.095447708809399,53.72430753160484],[-2.0951641599853357,53.72410311588969],[-2.094818660919277,53.72393535699014],[-2.0944244886296635,53.723810701315436],[-2.093996790034268,53.72373393891381],[-2.0936899406442184,53.72371605773461],[-2.093654098108627,53.72350080613743],[-2.0935243456850077,53.72324774902638],[-2.093313650521042,53.72301453160557],[-2.0930301104157745,53.72281011589021],[-2.092684621973117,53.72264235699048],[-2.092290461803284,53.722517701315596],[-2.0918627763583615,53.72244093891386],[-2.0918329052429714,53.72243919816675],[-2.092106613246723,53.72235262965315],[-2.0924520864469094,53.722184862473576],[-2.092735603907465,53.72198043847842],[-2.0928482650559563,53.72185571376799],[-2.092856723211153,53.72187221403822],[-2.0930673904580934,53.722105438478344],[-2.093350908761333,53.722309862473516],[-2.093696382988379,53.72247762965311],[-2.094090536441737,53.7226022923473],[-2.094518221123146,53.722679059439194],[-2.094963,53.722704980545586],[-2.095407778876854,53.722679059439194],[-2.0958354635582634,53.7226022923473],[-2.096229617011621,53.72247762965311],[-2.0965750912386674,53.722309862473516],[-2.096858609541907,53.722105438478344],[-2.0970692767888472,53.72187221403822],[-2.0971989980575607,53.72161915223702],[-2.0972427895826105,53.72135597836469],[-2.0971989700727858,53.72109280613926],[-2.0971358420089827,53.72096967995852],[-2.0971805568953426,53.720937438479],[-2.0973912182919427,53.720704214039024],[-2.097520935958527,53.720451152237914],[-2.0975647262679904,53.72018797836563]],[[-2.0931121818052922,53.720574286545016],[-2.0930674580193167,53.72060653160688],[-2.092954719332636,53.720731328640376],[-2.092946218819548,53.72071474902809],[-2.0927355363467517,53.72048153160695],[-2.0924831919103535,53.720299595172655],[-2.092749753547681,53.72028405943926],[-2.0930133866683467,53.72023673602224],[-2.0930490640414736,53.720451152237914],[-2.0931121818052922,53.720574286545016]],[[-2.0903866449751787,53.71968513657661],[-2.090316,53.71968101945442],[-2.0901855373545386,53.71968862269374],[-2.0903444061236307,53.71963837233772],[-2.0903866449751787,53.71968513657661]]],[[[-2.0953481620544014,53.709775978373855],[-2.095304354612132,53.709512806148076],[-2.095174645337322,53.709259749035816],[-2.0949640202336495,53.70902653161321],[-2.0946805744070214,53.70882211589574],[-2.0943352008380063,53.708654356993875],[-2.093941171722557,53.70852970131721],[-2.0935136284771745,53.70845293891427],[-2.093069,53.70842701945442],[-2.092624371522825,53.70845293891427],[-2.0921968282774426,53.70852970131721],[-2.0918027991619934,53.708654356993875],[-2.0914574255929783,53.70882211589574],[-2.09117397976635,53.70902653161321],[-2.090963354662678,53.709259749035816],[-2.0908336453878675,53.709512806148076],[-2.0907898379455983,53.709775978373855],[-2.0908336174226463,53.71003915224583],[-2.0909633029896866,53.71029221404604],[-2.091173912252334,53.71052543848467],[-2.091457352516334,53.71072986247811],[-2.0918027316479764,53.71089762965594],[-2.092196776604452,53.71102229234864],[-2.0926243435576035,53.71109905943953],[-2.093069,53.71112498054558],[-2.093513656442396,53.71109905943953],[-2.093941223395548,53.71102229234864],[-2.0943352683520233,53.71089762965594],[-2.094680647483666,53.71072986247811],[-2.0949640877476656,53.71052543848467],[-2.095174697010313,53.71029221404604],[-2.0953043825773534,53.71003915224583],[-2.0953481620544014,53.709775978373855]]],[[[-2.0906111770601035,53.71005297837364],[-2.09056736932927,53.70978980614787],[-2.090437659200351,53.709536749035635],[-2.09022703270987,53.70930353161307],[-2.089943585017044,53.70909911589564],[-2.089598209174164,53.708931356993816],[-2.0892041774645587,53.70880670131718],[-2.088776631404408,53.70872993891427],[-2.088332,53.708704019454416],[-2.0878873685955917,53.70872993891427],[-2.0874598225354415,53.70880670131718],[-2.0870657908258363,53.708931356993816],[-2.086720414982956,53.70909911589564],[-2.0864369672901297,53.70930353161307],[-2.0862263407996493,53.709536749035635],[-2.08609663067073,53.70978980614787],[-2.0860528229398967,53.71005297837364],[-2.086096250922826,53.710314037572616],[-2.085977295305266,53.710445749035024],[-2.085847582373413,53.71069880614718],[-2.0858037736955968,53.71096197837292],[-2.0858475544061896,53.711225152244936],[-2.085977243628576,53.71147821404524],[-2.086187858827994,53.71171143848404],[-2.086471307082107,53.71191586247764],[-2.0868166959501724,53.71208362965565],[-2.0872107520151912,53.7122082923485],[-2.0876383310220494,53.712285059439495],[-2.088083,53.71231098054559],[-2.088527668977951,53.712285059439495],[-2.088955247984809,53.7122082923485],[-2.0893493040498283,53.71208362965565],[-2.089694692917894,53.71191586247764],[-2.089978141172007,53.71171143848404],[-2.0901887563714245,53.71147821404524],[-2.0903184455938106,53.711225152244936],[-2.0903622263044035,53.71096197837292],[-2.0903187704125066,53.7107009254409],[-2.090437710874206,53.710569214045854],[-2.0905673972949588,53.710316152245625],[-2.0906111770601035,53.71005297837364]]],[[[-2.0829471114828872,53.727292978360005],[-2.082903285782823,53.72702980613476],[-2.0827735224675346,53.726776749024],[-2.0825628096188726,53.72654353160363],[-2.082279245715688,53.72633911588882],[-2.0819337282765007,53.726171356989624],[-2.081539535025777,53.7260467013152],[-2.081111813686692,53.725969938913764],[-2.080723050946015,53.72594728556394],[-2.080706721287314,53.725939356989656],[-2.0803125302115775,53.7258147013152],[-2.079884811232446,53.72573793891375],[-2.07944,53.72571201945441],[-2.078995188767554,53.72573793891375],[-2.0785674697884224,53.7258147013152],[-2.078173278712686,53.725939356989656],[-2.077827763179949,53.72610711588889],[-2.077544200841419,53.726311531603756],[-2.077333489155483,53.72654474902414],[-2.0772037265562946,53.72679780613491],[-2.0771599010981685,53.72706097836017],[-2.07720369856188,53.72732415223267],[-2.077333437428549,53.72757721403436],[-2.077544133256923,53.72781043847522],[-2.0778276900270174,53.72801486247126],[-2.0781732111281896,53.72818262965172],[-2.078567418061488,53.72830729234664],[-2.078995160773139,53.72838405943901],[-2.079383896041526,53.728406711326954],[-2.0794002041380564,53.72841462965168],[-2.0797944132465647,53.728539292346625],[-2.080222158318501,53.72861605943902],[-2.080667,53.7286419805456],[-2.081111841681499,53.72861605943902],[-2.0815395867534354,53.728539292346625],[-2.0819337958619437,53.72841462965168],[-2.0822793188696447,53.72824686247118],[-2.082562877204315,53.728042438475114],[-2.082773574195193,53.72780921403423],[-2.08290331377763,53.72755615223251],[-2.0829471114828872,53.727292978360005]]],[[[-2.075953157558157,53.70969297837393],[-2.075909350202352,53.709429806148144],[-2.0757796411834635,53.70917674903588],[-2.075569016495328,53.70894353161326],[-2.0752855712278797,53.708739115895774],[-2.074940198340196,53.70857135699391],[-2.074546170002048,53.70844670131722],[-2.074118627600071,53.70836993891428],[-2.073674,53.70834401945442],[-2.0732293723999287,53.70836993891428],[-2.072801829997952,53.70844670131722],[-2.0724078016598035,53.70857135699391],[-2.0720624287721203,53.708739115895774],[-2.0717789835046716,53.70894353161326],[-2.0715683588165366,53.70917674903588],[-2.071438649797648,53.709429806148144],[-2.0713948424418427,53.70969297837393],[-2.0714386218325664,53.7099561522459],[-2.0715683071438042,53.71020921404611],[-2.071778915990994,53.71044243848474],[-2.072062355695842,53.71064686247814],[-2.0724077341461253,53.710814629655964],[-2.072801778325219,53.710939292348655],[-2.0732293444348477,53.711016059439544],[-2.073674,53.711041980545595],[-2.0741186555651523,53.711016059439544],[-2.0745462216747805,53.710939292348655],[-2.0749402658538743,53.710814629655964],[-2.075285644304158,53.71064686247814],[-2.0755690840090057,53.71044243848474],[-2.0757796928561953,53.71020921404611],[-2.075909378167433,53.7099561522459],[-2.075953157558157,53.70969297837393]]],[[[-2.0668719712420636,53.77994397831826],[-2.066828090547939,53.779680806094596],[-2.066698164458115,53.77942774898836],[-2.0664871873140793,53.77919453157477],[-2.066203267754279,53.778990115867956],[-2.0658573169659276,53.778822356976725],[-2.065462629325847,53.77869770130908],[-2.065034371553443,53.77862093891216],[-2.064589,53.778595019454414],[-2.0641436284465566,53.77862093891216],[-2.0637153706741524,53.77869770130908],[-2.063320683034072,53.778822356976725],[-2.06297473224572,53.778990115867956],[-2.0626908126859202,53.77919453157477],[-2.0624798355418843,53.77942774898836],[-2.0623499094520605,53.779680806094596],[-2.062306028757936,53.77994397831826],[-2.0623498813680725,53.78020715219234],[-2.0624797836494406,53.78046021399858],[-2.0626907448851752,53.78069343844624],[-2.0629746588587223,53.78089786245031],[-2.0633206152333265,53.78106562963878],[-2.0637153187817088,53.7811902923405],[-2.064143600362568,53.78126705943742],[-2.064589,53.78129298054559],[-2.0650343996374314,53.78126705943742],[-2.065462681218291,53.7811902923405],[-2.0658573847666726,53.78106562963878],[-2.0662033411412772,53.78089786245031],[-2.0664872551148243,53.78069343844624],[-2.0666982163505585,53.78046021399858],[-2.066828118631927,53.78020715219234],[-2.0668719712420636,53.77994397831826]]],[[[-2.0634045911972683,53.71769597836759],[-2.0633607755024537,53.71743280614204],[-2.0632310418012803,53.71717974903047],[-2.0630203770367626,53.71694653160887],[-2.062736877839383,53.7167421158926],[-2.0623914392408698,53.71657435699194],[-2.06199733593607,53.716449701316286],[-2.0615697121921097,53.716372938914034],[-2.061125,53.71634701945441],[-2.0606802878078905,53.716372938914034],[-2.0602526640639303,53.716449701316286],[-2.0598585607591304,53.71657435699194],[-2.059513122160617,53.7167421158926],[-2.0592296229632376,53.71694653160887],[-2.05901895819872,53.71717974903047],[-2.0588892244975465,53.71743280614204],[-2.058845408802732,53.71769597836759],[-2.0588891965189537,53.71795915223979],[-2.059018906501022,53.71821221404069],[-2.0592295554169397,53.718445438480344],[-2.059513049049031,53.71864986247496],[-2.059858493212833,53.71881762965401],[-2.060252612366232,53.71894229234772],[-2.060680259829298,53.71901905943929],[-2.061125,53.71904498054558],[-2.0615697401707025,53.71901905943929],[-2.061997387633768,53.71894229234772],[-2.062391506787167,53.71881762965401],[-2.062736950950969,53.71864986247496],[-2.0630204445830604,53.718445438480344],[-2.0632310934989784,53.71821221404069],[-2.0633608034810464,53.71795915223979],[-2.0634045911972683,53.71769597836759]]],[[[-2.053898276896771,53.73034297835758],[-2.0538544480157475,53.73007980613241],[-2.053724675285273,53.729826749021925],[-2.053513947149267,53.72959353160195],[-2.0532303626742308,53.7293891158876],[-2.0530993092250442,53.729325490191776],[-2.0533046387800695,53.72909821403334],[-2.0534343823395216,53.72884515223152],[-2.053478181386874,53.72858197835898],[-2.0534343543425355,53.72831880613376],[-2.053304587048385,53.72806574902312],[-2.053093867739284,53.72783253160292],[-2.052810295142425,53.7276281158883],[-2.0524647671104455,53.72746035698928],[-2.052070561774862,53.727335701315035],[-2.051642827323194,53.727258938913714],[-2.051198,53.727233019454424],[-2.050753172676806,53.727258938913714],[-2.0503254382251384,53.727335701315035],[-2.0499312328895547,53.72746035698928],[-2.049585704857575,53.7276281158883],[-2.049302132260716,53.72783253160292],[-2.0490914129516153,53.72806574902312],[-2.0489616456574646,53.72831880613376],[-2.0489178186131256,53.72858197835898],[-2.0489616176604786,53.72884515223152],[-2.0490913612199306,53.72909821403334],[-2.0493020646700133,53.729331438474404],[-2.0495856316979255,53.72953586247066],[-2.049716672089699,53.729599486607434],[-2.049511324714727,53.729826749021925],[-2.0493815519842524,53.73007980613241],[-2.049337723103229,53.73034297835758],[-2.049381523984289,53.73060615223017],[-2.0495112729775418,53.73085921403215],[-2.0497219852528428,53.731092438473425],[-2.05000556415834,53.73129686246996],[-2.050351112232802,53.731464629650915],[-2.0507453499406485,53.73158929234625],[-2.051173126045275,53.73166605943892],[-2.051618,53.731691980545584],[-2.052062873954725,53.73166605943892],[-2.052490650059352,53.73158929234625],[-2.0528848877671977,53.731464629650915],[-2.0532304358416598,53.73129686246996],[-2.053514014747157,53.731092438473425],[-2.053724727022458,53.73085921403215],[-2.0538544760157107,53.73060615223017],[-2.053898276896771,53.73034297835758]]],[[[-2.049667319487874,53.74955397834236],[-2.049623470557503,53.74929080611778],[-2.049493638483825,53.74903774900895],[-2.0492828139928534,53.748804531591446],[-2.048999099855004,53.74860011588],[-2.048653399362656,53.74843235698417],[-2.048258997274481,53.74830770131261],[-2.0478310493379452,53.74823093891308],[-2.047386,53.74820501945442],[-2.0469409506620546,53.74823093891308],[-2.046513002725519,53.74830770131261],[-2.0461186006373437,53.74843235698417],[-2.0457729001449962,53.74860011588],[-2.045489186007147,53.748804531591446],[-2.045338246031465,53.748971503802146],[-2.0450144108864077,53.74881435698406],[-2.0446200052121193,53.74868970131255],[-2.0441920533844997,53.74861293891306],[-2.043747,53.74858701945441],[-2.0433019466155007,53.74861293891306],[-2.042873994787881,53.74868970131255],[-2.042748010004301,53.74872952000386],[-2.042561801306251,53.74852353159157],[-2.042278089066069,53.7483191158801],[-2.0419323908859304,53.748151356984216],[-2.041537991435655,53.74802670131263],[-2.0411100463613514,53.74794993891309],[-2.040665,53.747924019454416],[-2.040219953638649,53.74794993891309],[-2.0397920085643455,53.74802670131263],[-2.03939760911407,53.748151356984216],[-2.0390519109339316,53.7483191158801],[-2.038768198693749,53.74852353159157],[-2.038557375612971,53.74875674900912],[-2.0384275444078046,53.74900980611799],[-2.038383695770864,53.749272978342574],[-2.0384275163758137,53.74953615221574],[-2.0385573238166064,53.749789214019344],[-2.038768131018537,53.750022438463056],[-2.0388614295398892,53.75008966443719],[-2.0389004744070682,53.75032415221515],[-2.0390302842823083,53.750577214018826],[-2.0392410954381077,53.75081043846263],[-2.0395248074237684,53.751014862462156],[-2.0398705176642404,53.7511826296461],[-2.040264940391616,53.75130729234398],[-2.0406929172580215,53.75138405943833],[-2.041138,53.7514099805456],[-2.041583082741979,53.75138405943833],[-2.0420110596083845,53.75130729234398],[-2.0424054823357602,53.7511826296461],[-2.042590671883974,53.75109276037015],[-2.042873942989442,53.751182292343984],[-2.043301918582387,53.751259059438325],[-2.043747,53.75128498054559],[-2.0441920814176133,53.751259059438325],[-2.0446200570105586,53.751182292343984],[-2.04501447856433,53.75105762964613],[-2.0453601877761614,53.750889862462216],[-2.045643898917676,53.750685438462696],[-2.045794779537673,53.75051851582883],[-2.0461185329609832,53.75067562964623],[-2.046512950928275,53.75080029234404],[-2.0469409226295885,53.75087705943836],[-2.047386,53.750902980545604],[-2.0478310773704114,53.75087705943836],[-2.0482590490717247,53.75080029234404],[-2.0486534670390166,53.75067562964623],[-2.0489991731073687,53.75050786246236],[-2.049282881669214,53.750303438462915],[-2.0494936902810688,53.75007021401917],[-2.0496234985899693,53.74981715221554],[-2.049667319487874,53.74955397834236]]],[[[-2.044713383567912,53.769137978326825],[-2.0446695141749487,53.768874806102836],[-2.044539621534933,53.76862174899568],[-2.0443286987030116,53.76838853158069],[-2.044044852229856,53.768184115872224],[-2.043698990493793,53.768016356979366],[-2.0433044044496236,53.76789170131033],[-2.0428762569130705,53.76781493891249],[-2.042431,53.76778901945441],[-2.0419857430869297,53.76781493891249],[-2.0415575955503766,53.76789170131033],[-2.041163009506207,53.768016356979366],[-2.0408171477701442,53.768184115872224],[-2.0405333012969886,53.76838853158069],[-2.040322378465067,53.76862174899568],[-2.0401924858250515,53.768874806102836],[-2.0401486164320883,53.769137978326825],[-2.040192457759398,53.769401152200594],[-2.0403223266065007,53.769654214005904],[-2.0405332335405073,53.76988743845217],[-2.0408170744310574,53.770091862454585],[-2.0411629417497257,53.77025962964143],[-2.0415575436918107,53.77038429234176],[-2.0419857150212763,53.77046105943775],[-2.042431,53.7704869805456],[-2.042876284978724,53.77046105943775],[-2.0433044563081895,53.77038429234176],[-2.0436990582502745,53.77025962964143],[-2.044044925568943,53.770091862454585],[-2.044328766459493,53.76988743845217],[-2.0445396733934995,53.769654214005904],[-2.044669542240602,53.769401152200594],[-2.044713383567912,53.769137978326825]]],[[[-2.033573553450031,53.735440978353544],[-2.0335297192508044,53.73517780612853],[-2.0333999307792054,53.73492474901848],[-2.0331891770844934,53.734691531599175],[-2.032905558215654,53.73448711588558],[-2.0325599738036613,53.73431935698761],[-2.0321657041465535,53.73419470131424],[-2.031737899903317,53.734117938913506],[-2.031293,53.73409201945442],[-2.030848100096683,53.734117938913506],[-2.030420295853446,53.73419470131424],[-2.0300260261963383,53.73431935698761],[-2.029680441784346,53.73448711588558],[-2.0293968229155066,53.734691531599175],[-2.0291860692207946,53.73492474901848],[-2.0290562807491956,53.73517780612853],[-2.029012446549969,53.735440978353544],[-2.0290562527406126,53.73570415222629],[-2.029186017467681,53.73595721402871],[-2.029396755296805,53.736190438470636],[-2.029680368594391,53.736394862467954],[-2.030025958577637,53.73656262964968],[-2.0304202441003327,53.736687292345664],[-2.0308480720881,53.73676405943877],[-2.031293,53.736789980545595],[-2.0317379279119,53.73676405943877],[-2.0321657558996673,53.736687292345664],[-2.032560041422363,53.73656262964968],[-2.032905631405609,53.736394862467954],[-2.033189244703195,53.736190438470636],[-2.0333999825323192,53.73595721402871],[-2.0335297472593874,53.73570415222629],[-2.033573553450031,53.735440978353544]]],[[[-2.0316971474212493,53.746384978344864],[-2.031653301799773,53.74612180612018],[-2.0315234795199495,53.74586874901108],[-2.03131267093116,53.745635531593166],[-2.031028978192537,53.74543111588124],[-2.0306833037740377,53.74526335698493],[-2.030288931432391,53.74513870131297],[-2.0298610157720947,53.74506193891317],[-2.029416,53.74503601945441],[-2.0289709842279056,53.74506193891317],[-2.0285430685676094,53.74513870131297],[-2.0281486962259625,53.74526335698493],[-2.0278030218074634,53.74543111588124],[-2.02751932906884,53.745635531593166],[-2.027487835688572,53.745670372701255],[-2.027238940843568,53.74559170131292],[-2.026811020569849,53.74551493891315],[-2.026366,53.74548901945441],[-2.025920979430151,53.74551493891315],[-2.0254930591564313,53.74559170131292],[-2.025098682562948,53.745716356984815],[-2.024753004417568,53.745884115881054],[-2.024469308620234,53.74608853159292],[-2.0242584977584572,53.74632174901077],[-2.0241286740787428,53.74657480611983],[-2.0240871864031664,53.746823822686046],[-2.0237229640505956,53.74670870131278],[-2.0232950324006342,53.74663193891311],[-2.02285,53.746606019454404],[-2.0224049675993663,53.74663193891311],[-2.021977035949405,53.74670870131278],[-2.021582648871313,53.74683335698454],[-2.021236961535817,53.74700111588062],[-2.020953258196006,53.7472055315923],[-2.020742441729267,53.74743874901001],[-2.0206126145975634,53.747691806118986],[-2.020568767336859,53.747954978343614],[-2.020612586567804,53.74821815221674],[-2.020742389937026,53.74847121402023],[-2.020953190526181,53.74870443846377],[-2.0212368882905265,53.74890886246298],[-2.0215825812014883,53.7490766296466],[-2.0219769841571633,53.749201292344196],[-2.0224049395696073,53.74927805943838],[-2.02285,53.74930398054558],[-2.023295060430393,53.74927805943838],[-2.023723015842837,53.749201292344196],[-2.0241174187985123,53.7490766296466],[-2.024463111709474,53.74890886246298],[-2.024612673000528,53.7488010931356],[-2.024778887829776,53.74892086246299],[-2.0251245808394756,53.749088629646614],[-2.0255189839078027,53.7492132923442],[-2.0259469394424836,53.74929005943838],[-2.026392,53.74931598054559],[-2.026837060557517,53.74929005943838],[-2.0272650160921977,53.7492132923442],[-2.027659419160525,53.749088629646614],[-2.028005112170224,53.74892086246299],[-2.028115629154062,53.74884122730119],[-2.0283760556421413,53.74882605943841],[-2.0288040064503874,53.74874929234427],[-2.029198405162891,53.74862462964673],[-2.0295440943547964,53.748456862463165],[-2.029827789067129,53.74825243846403],[-2.0300385873885944,53.74801921402055],[-2.030168389361571,53.747766152217096],[-2.0301878221837093,53.747649439396035],[-2.0302889832197213,53.74763129234439],[-2.0306833714374455,53.747506629647],[-2.0310290514308815,53.7473388624636],[-2.031312738594568,53.74713443846464],[-2.0315235313072795,53.74690121402129],[-2.0316533298268746,53.74664815221795],[-2.0316971474212493,53.746384978344864]]],[[[-2.023216805133347,53.75849497833528],[-2.023172946863862,53.75823180611096],[-2.0230430871477463,53.75797874900289],[-2.0228322177740257,53.75774553158654],[-2.0225484432384246,53.75754111587644],[-2.0222026691545447,53.75737335698198],[-2.0218081831089663,53.757248701311575],[-2.0213801440751054,53.757171938912805],[-2.0209350000000006,53.75714601945442],[-2.0204898559248954,53.757171938912805],[-2.0200618168910345,53.757248701311575],[-2.019667330845456,53.75737335698198],[-2.019321556761576,53.75754111587644],[-2.019037782225975,53.75774553158654],[-2.0188269128522545,53.75797874900289],[-2.0186970531361386,53.75823180611096],[-2.018653194866654,53.75849497833528],[-2.018697025088527,53.75875815220871],[-2.018826861027027,53.75901121401311],[-2.0190377145130514,53.759244438458005],[-2.019321483469636,53.75944886245882],[-2.0196672631325323,53.759616629644036],[-2.020061765065806,53.75974129234299],[-2.020489827877284,53.759818059438075],[-2.0209350000000006,53.7598439805456],[-2.0213801721227167,53.759818059438075],[-2.021808234934195,53.75974129234299],[-2.0222027368674684,53.759616629644036],[-2.0225485165303647,53.75944886245882],[-2.0228322854869494,53.759244438458005],[-2.023043138972974,53.75901121401311],[-2.0231729749114735,53.75875815220871],[-2.023216805133347,53.75849497833528]]],[[[-1.994799724587612,53.720156978365644],[-1.994755906327661,53.71989380614018],[-1.994626165034048,53.71964074902882],[-1.9944154879417626,53.71940753160753],[-1.9941319721551687,53.71920311589163],[-1.9937865133435564,53.71903535699135],[-1.9933923869785042,53.71891070131602],[-1.9929647382131965,53.718833938913974],[-1.99252,53.71880801945442],[-1.9920752617868036,53.718833938913974],[-1.991647613021496,53.71891070131602],[-1.9912534866564437,53.71903535699135],[-1.9909080278448315,53.71920311589163],[-1.9906245120582375,53.71940753160753],[-1.9904138349659521,53.71964074902882],[-1.9902840936723392,53.71989380614018],[-1.9902402754123882,53.720156978365644],[-1.9902840656895897,53.720420152237935],[-1.9904137832605733,53.72067321403903],[-1.9906244445019043,53.72090643847901],[-1.9909079547223834,53.721110862474006],[-1.9912534191001106,53.72127862965342],[-1.991647561316117,53.721403292347446],[-1.9920752338040542,53.72148005943923],[-1.99252,53.721505980545594],[-1.992964766195946,53.72148005943923],[-1.993392438683883,53.721403292347446],[-1.9937865808998896,53.72127862965342],[-1.9941320452776168,53.721110862474006],[-1.9944155554980958,53.72090643847901],[-1.9946262167394269,53.72067321403903],[-1.9947559343104104,53.720420152237935],[-1.994799724587612,53.720156978365644]]]]}},{"type":"Feature","properties":{"species":"Polystichum aculeatum","locations":[],"common":false,"recordCount":3},"geometry":{"type":"MultiPolygon","coordinates":[[[[-2.1311580303725233,53.707344978375765],[-2.1311142254625355,53.707081806149915],[-2.1309845236829204,53.706828749037456],[-2.1307739107491215,53.70659553161453],[-2.1304904812992325,53.706391115896686],[-2.130145127684427,53.706223356994464],[-2.129751121333874,53.70609870131748],[-2.129323602789366,53.70602193891435],[-2.128879,53.7059960194544],[-2.128434397210634,53.70602193891435],[-2.128006878666126,53.70609870131748],[-2.1276128723155727,53.706223356994464],[-2.1272675187007675,53.706391115896686],[-2.1269840892508785,53.70659553161453],[-2.1267734763170796,53.706828749037456],[-2.1266437745374644,53.707081806149915],[-2.1265999696274767,53.707344978375765],[-2.1266437465763453,53.707608152247666],[-2.126773424651669,53.707861214047675],[-2.1269840217467664,53.708094438486],[-2.127267445634843,53.70829886247906],[-2.127612804811461,53.70846662965653],[-2.1280068270007155,53.708591292348906],[-2.1284343692495153,53.708668059439596],[-2.128879,53.70869398054558],[-2.1293236307504846,53.708668059439596],[-2.1297511729992844,53.708591292348906],[-2.130145195188539,53.70846662965653],[-2.130490554365157,53.70829886247906],[-2.1307739782532336,53.708094438486],[-2.130984575348331,53.707861214047675],[-2.1311142534236547,53.707608152247666],[-2.1311580303725233,53.707344978375765]]],[[[-2.1096455443175177,53.716830978368286],[-2.109601729524215,53.716567806142706],[-2.1094719984913874,53.71631474903106],[-2.1092613380594383,53.71608153160936],[-2.1089778446923018,53.71587711589296],[-2.108632413197639,53.71570935699216],[-2.108238317997315,53.71558470131641],[-2.107810703047054,53.715507938914065],[-2.107366,53.71548201945443],[-2.106921296952945,53.715507938914065],[-2.1064936820026845,53.71558470131641],[-2.106099586802361,53.71570935699216],[-2.105754155307698,53.71587711589296],[-2.1054706619405614,53.71608153160936],[-2.105260001508612,53.71631474903106],[-2.105130270475785,53.716567806142706],[-2.105086455682482,53.716830978368286],[-2.1051302424986527,53.71709415224048],[-2.105259949813613,53.71734721404129],[-2.1054705943977905,53.71758043848082],[-2.1057540821999288,53.71778486247532],[-2.1060995192595895,53.717952629654235],[-2.106493630307685,53.71807729234783],[-2.1069212689758134,53.718154059439335],[-2.107366,53.71817998054559],[-2.1078107310241863,53.718154059439335],[-2.1082383696923146,53.71807729234783],[-2.10863248074041,53.717952629654235],[-2.108977917800071,53.71778486247532],[-2.109261405602209,53.71758043848082],[-2.109472050186387,53.71734721404129],[-2.109601757501347,53.71709415224048],[-2.1096455443175177,53.716830978368286]]],[[[-2.022610790681322,53.75822897833548],[-2.0225669326897546,53.75796580611115],[-2.0224370737962327,53.75771274900307],[-2.0222262057581504,53.75747953158667],[-2.0219424330198885,53.75727511587655],[-2.0215966611259737,53.75710735698204],[-2.0212021775788322,53.7569827013116],[-2.0207741412558806,53.756905938912816],[-2.020329,53.756880019454414],[-2.0198838587441195,53.756905938912816],[-2.019455822421168,53.7569827013116],[-2.0190613388740264,53.75710735698204],[-2.018715566980111,53.75727511587655],[-2.0184317942418497,53.75747953158667],[-2.0182209262037674,53.75771274900307],[-2.0180910673102455,53.75796580611115],[-2.018047209318678,53.75822897833548],[-2.018091039263085,53.758492152208916],[-2.0182208743793724,53.75874521401329],[-2.018431726530014,53.75897843845816],[-2.0187154936893488,53.759182862458914],[-2.0190612711621907,53.759350629644096],[-2.0194557705967724,53.75947529234302],[-2.019883830696959,53.75955205943808],[-2.020329,53.75957798054559],[-2.020774169303041,53.75955205943808],[-2.0212022294032277,53.75947529234302],[-2.0215967288378094,53.759350629644096],[-2.0219425063106513,53.759182862458914],[-2.022226273469986,53.75897843845816],[-2.0224371256206277,53.75874521401329],[-2.022566960736915,53.758492152208916],[-2.022610790681322,53.75822897833548]]]]}},{"type":"Feature","properties":{"species":"Dryopteris borreri","locations":[],"common":false,"recordCount":8},"geometry":{"type":"MultiPolygon","coordinates":[[[[-2.1701256499762,53.737219978352144],[-2.1700818139207456,53.73695680612718],[-2.169952019954978,53.73670374901729],[-2.169741257339438,53.7364705315982],[-2.1694576264660315,53.73626611588488],[-2.1691120274270954,53.736098356987185],[-2.1687177410827396,53.735973701314045],[-2.1682899187331337,53.735896938913456],[-2.1678450000000002,53.73587101945442],[-2.1674000812668663,53.735896938913456],[-2.1669722589172604,53.735973701314045],[-2.1665779725729046,53.736098356987185],[-2.1662323735339686,53.73626611588488],[-2.165948742660562,53.7364705315982],[-2.165737980045022,53.73670374901729],[-2.1656081860792544,53.73695680612718],[-2.1655643500238,53.737219978352144],[-2.1656081580676623,53.73748315222494],[-2.1657379282863487,53.73773621402751],[-2.165948675034596,53.73796943846967],[-2.1662323003361506,53.73817386246725],[-2.1665779049469385,53.73834162964925],[-2.166972207158587,53.738466292345464],[-2.167400053255274,53.73854305943872],[-2.1678450000000002,53.738568980545594],[-2.168289946744726,53.73854305943872],[-2.168717792841413,53.738466292345464],[-2.1691120950530616,53.73834162964925],[-2.1694576996638495,53.73817386246725],[-2.169741324965404,53.73796943846967],[-2.1699520717136513,53.73773621402751],[-2.1700818419323378,53.73748315222494],[-2.1701256499762,53.737219978352144]]],[[[-2.135534942198175,53.70571697837707],[-2.135491138983806,53.70545380615116],[-2.135361442222982,53.705200749038575],[-2.1351508374381454,53.70496753161544],[-2.1348674189541414,53.70476311589735],[-2.1345220787006993,53.70459535699488],[-2.1341280875935493,53.70447070131769],[-2.133700585588777,53.7043939389144],[-2.1332560000000003,53.70436801945442],[-2.132811414411223,53.7043939389144],[-2.1323839124064508,53.70447070131769],[-2.1319899212993008,53.70459535699488],[-2.1316445810458586,53.70476311589735],[-2.1313611625618547,53.70496753161544],[-2.1311505577770182,53.705200749038575],[-2.1310208610161943,53.70545380615116],[-2.1309770578018252,53.70571697837707],[-2.1310208330578226,53.70598015224893],[-2.1311505061166836,53.70623321404879],[-2.131361095064374,53.70646643848691],[-2.131644507987113,53.706670862479704],[-2.1319898538018207,53.70683862965694],[-2.132383860746116,53.706963292349116],[-2.132811386452851,53.70704005943966],[-2.1332560000000003,53.7070659805456],[-2.1337006135471492,53.70704005943966],[-2.134128139253884,53.706963292349116],[-2.1345221461981794,53.70683862965694],[-2.1348674920128876,53.706670862479704],[-2.135150904935626,53.70646643848691],[-2.135361493883317,53.70623321404879],[-2.1354911669421774,53.70598015224893],[-2.135534942198175,53.70571697837707]]],[[[-2.110335544317518,53.716830978368286],[-2.110291729524215,53.716567806142706],[-2.110161998491388,53.71631474903106],[-2.1099513380594384,53.71608153160936],[-2.109667844692302,53.71587711589296],[-2.109322413197639,53.71570935699216],[-2.1089283179973153,53.71558470131641],[-2.1085007030470546,53.715507938914065],[-2.108056,53.71548201945443],[-2.1076112969529457,53.715507938914065],[-2.1071836820026846,53.71558470131641],[-2.106789586802361,53.71570935699216],[-2.106444155307698,53.71587711589296],[-2.1061606619405615,53.71608153160936],[-2.1059500015086123,53.71631474903106],[-2.105820270475785,53.716567806142706],[-2.105776455682482,53.716830978368286],[-2.1058202424986527,53.71709415224048],[-2.105949949813613,53.71734721404129],[-2.1061605943977906,53.71758043848082],[-2.106444082199929,53.71778486247532],[-2.1067895192595896,53.717952629654235],[-2.107183630307685,53.71807729234783],[-2.1076112689758135,53.718154059439335],[-2.108056,53.71817998054559],[-2.1085007310241863,53.718154059439335],[-2.1089283696923147,53.71807729234783],[-2.1093224807404103,53.717952629654235],[-2.109667917800071,53.71778486247532],[-2.1099514056022097,53.71758043848082],[-2.110162050186387,53.71734721404129],[-2.110291757501347,53.71709415224048],[-2.110335544317518,53.716830978368286]]],[[[-2.0940896748823516,53.71923997836637],[-2.094045857578248,53.718976806140866],[-2.0939161191138065,53.71872374902942],[-2.0937054466152185,53.718490531608026],[-2.093421937010266,53.718286115892],[-2.0930764857306627,53.71811835699157],[-2.0926823679585556,53.717993701316104],[-2.0922547285169557,53.71791693891398],[-2.09181,53.717891019454406],[-2.091365271483044,53.71791693891398],[-2.090937632041445,53.717993701316104],[-2.090543514269337,53.71811835699157],[-2.0901980629897348,53.718286115892],[-2.089914553384782,53.718490531608026],[-2.089703880886194,53.71872374902942],[-2.0895741424217524,53.718976806140866],[-2.0895303251176482,53.71923997836637],[-2.089574114440552,53.71950315223862],[-2.089703829183677,53.71975621403964],[-2.0898275173645158,53.719893153020195],[-2.089808685717349,53.7198991090214],[-2.089534748956878,53.71984993891394],[-2.08909,53.719824019454414],[-2.088645251043123,53.71984993891394],[-2.0882175919469104,53.71992670131589],[-2.0878234560606574,53.72005135699109],[-2.0874779889033874,53.720219115891226],[-2.0871944662673783,53.720423531606976],[-2.086983784085159,53.72065674902812],[-2.0868540396567523,53.720909806139396],[-2.0868102203376986,53.72117297836484],[-2.0868540116722865,53.72143615223716],[-2.0869837323766087,53.72168921403835],[-2.0871943987069015,53.721922438478444],[-2.087477915776454,53.722126862473594],[-2.0878233885001802,53.72229462965317],[-2.0882175402383605,53.722419292347325],[-2.088645223058657,53.722496059439194],[-2.08909,53.722521980545594],[-2.0895347769413437,53.722496059439194],[-2.08996245976164,53.722419292347325],[-2.0899953286554944,53.72240889654169],[-2.0902692234605635,53.722458059439205],[-2.090714,53.7224839805456],[-2.0911587765394364,53.722458059439205],[-2.0915864589732753,53.72238129234733],[-2.0919806103553005,53.72225662965317],[-2.092326082766864,53.722088862473605],[-2.0926095995802427,53.72188443847847],[-2.0928202657201953,53.721651214038374],[-2.092949986307322,53.72139815223719],[-2.092993777602361,53.72113497836487],[-2.0929499583229205,53.720871806139435],[-2.092820214011763,53.720618749028155],[-2.0926965258228916,53.72048183063194],[-2.093076553283257,53.72036162965363],[-2.0934220101286667,53.72019386247436],[-2.0937055141678127,53.7199894384795],[-2.0939161708163234,53.71975621403964],[-2.0940458855594484,53.71950315223862],[-2.0940896748823516,53.71923997836637]]],[[[-2.063703585940111,53.71759897836767],[-2.063659770346393,53.71733580614212],[-2.063530036944451,53.717082749030546],[-2.0633193726657932,53.71684953160893],[-2.0630358741222254,53.71664511589263],[-2.062690436320347,53.71647735699197],[-2.0624386035607465,53.716397701594985],[-2.062464512397332,53.71624197836875],[-2.062420698217864,53.71597880614316],[-2.0622909690019,53.715725749031456],[-2.0620803115199737,53.715492531609684],[-2.0617968221226217,53.71528811589318],[-2.0614513954649345,53.71512035699231],[-2.061057305782908,53.71499570131647],[-2.0606296968202322,53.71491893891408],[-2.060185,53.71489301945442],[-2.059740303179768,53.71491893891408],[-2.0593126942170925,53.71499570131647],[-2.058918604535066,53.71512035699231],[-2.0585731778773786,53.71528811589318],[-2.0582896884800266,53.715492531609684],[-2.0580790309981003,53.715725749031456],[-2.0579493017821364,53.71597880614316],[-2.057905487602669,53.71624197836875],[-2.0579492738059995,53.71650515224091],[-2.058078979304939,53.71675821404168],[-2.058289620939657,53.71699143848116],[-2.058573104772209,53.71719586247555],[-2.058918536994696,53.71736362965437],[-2.059170336575771,53.7174432784075],[-2.0591444140598893,53.71759897836767],[-2.059188201675178,53.71786215223988],[-2.0593179113581535,53.71811521404076],[-2.059528559788304,53.718348438480405],[-2.059812052766617,53.718552862475015],[-2.0601574961337503,53.71872062965404],[-2.0605516143782103,53.71884529234773],[-2.060979260855,53.7189220594393],[-2.061424,53.718947980545586],[-2.061868739145,53.7189220594393],[-2.0622963856217895,53.71884529234773],[-2.0626905038662495,53.71872062965404],[-2.0630359472333835,53.718552862475015],[-2.063319440211696,53.718348438480405],[-2.063530088641847,53.71811521404076],[-2.0636597983248217,53.71786215223988],[-2.063703585940111,53.71759897836767]]]]}},{"type":"Feature","properties":{"species":"Asplenium ruta-muraria","locations":[],"common":false,"recordCount":33},"geometry":{"type":"MultiPolygon","coordinates":[[[[-2.1630085477147576,53.77215697832443],[-2.1629646751651985,53.771893806100536],[-2.1628347731821136,53.771640748993626],[-2.1626238351799447,53.771407531579044],[-2.162339968292513,53.77120311587102],[-2.161994081682713,53.771035356978615],[-2.161599467261171,53.77091070130998],[-2.161171288933971,53.77083393891239],[-2.160726,53.770808019454414],[-2.160280711066029,53.77083393891239],[-2.1598525327388285,53.77091070130998],[-2.1594579183172864,53.771035356978615],[-2.1591120317074863,53.77120311587102],[-2.1588281648200547,53.771407531579044],[-2.158617226817886,53.771640748993626],[-2.1584873248348013,53.771893806100536],[-2.158443452285242,53.77215697832443],[-2.158487296764027,53.77242015219828],[-2.158617174949858,53.77267321400386],[-2.158828097051211,53.772906438450505],[-2.1591119583550182,53.773110862453386],[-2.159457850548442,53.77327862964069],[-2.159852480870801,53.77340329234139],[-2.1602806829952543,53.77348005943765],[-2.160726,53.773505980545586],[-2.1611713170047455,53.77348005943765],[-2.1615995191291986,53.77340329234139],[-2.1619941494515573,53.77327862964069],[-2.162340041644981,53.773110862453386],[-2.1626239029487886,53.772906438450505],[-2.1628348250501412,53.77267321400386],[-2.1629647032359727,53.77242015219828],[-2.1630085477147576,53.77215697832443]]],[[[-2.137779839465405,53.703819978378576],[-2.1377360382266173,53.70355680615261],[-2.137606347313235,53.70330374903984],[-2.137395752022832,53.703070531616476],[-2.1371123463152846,53.70286611589809],[-2.1367670216292938,53.70269835699533],[-2.136373048282377,53.7025737013179],[-2.1359455655482082,53.70249693891445],[-2.1358330456487074,53.70249037867817],[-2.135585565009458,53.70244593891445],[-2.135141,53.702420019454415],[-2.1346964349905417,53.70244593891445],[-2.1342689527744247,53.70252270131791],[-2.1338749799049563,53.70264735699534],[-2.1335296556374646,53.70281511589811],[-2.1332462502733858,53.70301953161649],[-2.1330356552382215,53.703252749039876],[-2.132905964482036,53.70350580615265],[-2.1328621632963585,53.703768978378605],[-2.1329059365269503,53.7040321522504],[-2.1330356035839593,53.704285214050095],[-2.13324618278384,53.704518438487966],[-2.133529582587306,53.704722862480494],[-2.13387491241541,53.704890629657406],[-2.1342689011201625,53.70501529234934],[-2.134696407035457,53.70509205943972],[-2.134808927052916,53.70509861969487],[-2.135056406496621,53.70514305943972],[-2.135501,53.70516898054559],[-2.1359455935033793,53.70514305943972],[-2.1363730999367982,53.705066292349336],[-2.136767089119047,53.7049416296574],[-2.1371124193656676,53.704773862480465],[-2.137395819512586,53.704569438487944],[-2.1376063989676566,53.70433621405007],[-2.137736066181789,53.70408315225037],[-2.137779839465405,53.703819978378576]]],[[[-2.111077941924601,53.72416597836246],[-2.1110341194851943,53.723902806137104],[-2.1109043658209865,53.723649749026094],[-2.1106936686426887,53.723416531605324],[-2.1104101258267782,53.723212115890036],[-2.1100646340813425,53.72304435699036],[-2.109670470143512,53.72291970131554],[-2.1092427806101535,53.72284293891383],[-2.108798,53.72281701945441],[-2.108353219389847,53.72284293891383],[-2.1079255298564883,53.72291970131554],[-2.107531365918658,53.72304435699036],[-2.107185874173222,53.723212115890036],[-2.1069023313573116,53.723416531605324],[-2.106691634179014,53.723649749026094],[-2.106561880514806,53.723902806137104],[-2.1065180580753995,53.72416597836246],[-2.1065618525252834,53.72442915223487],[-2.10669158246112,53.724682214036314],[-2.1069022637846264,53.7249154384768],[-2.107185801033075,53.72511986247241],[-2.1075312983459726,53.72528762965242],[-2.1079254781385943,53.72541229234696],[-2.108353191400324,53.72548905943909],[-2.108798,53.72551498054557],[-2.109242808599676,53.72548905943909],[-2.109670521861406,53.72541229234696],[-2.1100647016540277,53.72528762965242],[-2.1104101989669255,53.72511986247241],[-2.110693736215374,53.7249154384768],[-2.1109044175388805,53.724682214036314],[-2.111034147474717,53.72442915223487],[-2.111077941924601,53.72416597836246]]],[[[-2.110279740524232,53.720450978365406],[-2.110235921957815,53.72018780613994],[-2.110106179757106,53.71993474902861],[-2.1098955011919784,53.71970153160737],[-2.1096119834234117,53.7194971158915],[-2.1092665221968687,53.71932935699126],[-2.1088723930767257,53.719204701315974],[-2.108498049826003,53.7191375076548],[-2.108519969232609,53.71912686247478],[-2.10880346607973,53.71892243848009],[-2.109014117384461,53.718689214040374],[-2.1091438288373525,53.71843615223944],[-2.109187617049923,53.71817297836721],[-2.109143800857954,53.71790980614168],[-2.1090140656852743,53.71765674903014],[-2.108803398531487,53.71742353160861],[-2.108519896118918,53.717219115892405],[-2.1081744536028624,53.71705135699183],[-2.107780345828708,53.71692670131624],[-2.1073527172353095,53.716849938914024],[-2.106908,53.716824019454414],[-2.10646328276469,53.716849938914024],[-2.106035654171292,53.71692670131624],[-2.105641546397137,53.71705135699183],[-2.105296103881082,53.717219115892405],[-2.1050126014685127,53.71742353160861],[-2.1048019343147253,53.71765674903014],[-2.104672199142046,53.71790980614168],[-2.1046283829500765,53.71817297836721],[-2.1046721711626475,53.71843615223944],[-2.1048018826155386,53.718689214040374],[-2.1050125339202697,53.71892243848009],[-2.1052960307673905,53.71912686247478],[-2.105641478848894,53.71929462965389],[-2.1060356024721045,53.719419292347666],[-2.1064099109711534,53.71948648378789],[-2.106388016576588,53.7194971158915],[-2.1061044988080218,53.71970153160737],[-2.1058938202428936,53.71993474902861],[-2.105764078042185,53.72018780613994],[-2.1057202594757682,53.720450978365406],[-2.105764050058939,53.720714152237704],[-2.105893768536597,53.72096721403883],[-2.1061044312504893,53.72120043847884],[-2.1063879434528423,53.721404862473875],[-2.106733410245599,53.72157262965334],[-2.1071275552169775,53.72169729234739],[-2.1075552306947256,53.721774059439205],[-2.108,53.72179998054558],[-2.1084447693052746,53.721774059439205],[-2.1088724447830223,53.72169729234739],[-2.109266589754401,53.72157262965334],[-2.1096120565471574,53.721404862473875],[-2.1098955687495105,53.72120043847884],[-2.1101062314634027,53.72096721403883],[-2.1102359499410612,53.720714152237704],[-2.110279740524232,53.720450978365406]]],[[[-2.1070050421261466,53.70756197837562],[-2.1069612369901334,53.70729880614977],[-2.106831534541514,53.707045749037334],[-2.10662092052146,53.70681253161443],[-2.1063374896098206,53.70660811589662],[-2.1059921342139485,53.70644035699444],[-2.105598125831453,53.70631570131747],[-2.1051706050822006,53.70623893891435],[-2.104726,53.70621301945443],[-2.1042813949177988,53.70623893891435],[-2.103853874168547,53.70631570131747],[-2.1034598657860513,53.70644035699444],[-2.103114510390179,53.70660811589662],[-2.10283107947854,53.70681253161443],[-2.102620465458486,53.707045749037334],[-2.102490763009866,53.70729880614977],[-2.102446957873853,53.70756197837562],[-2.1024907350483812,53.70782515224754],[-2.1026204137923985,53.708078214047546],[-2.1028310119735436,53.70831143848591],[-2.1031144373232977,53.70851586247899],[-2.1034597982810554,53.7086836296565],[-2.1038538225024603,53.70880829234891],[-2.1042813669563136,53.70888505943961],[-2.104726,53.7089109805456],[-2.1051706330436857,53.70888505943961],[-2.1055981774975394,53.70880829234891],[-2.1059922017189443,53.7086836296565],[-2.106337562676702,53.70851586247899],[-2.106620988026456,53.70831143848591],[-2.1068315862076012,53.708078214047546],[-2.106961264951618,53.70782515224754],[-2.1070050421261466,53.70756197837562]]],[[[-2.103499730875496,53.72027297836555],[-2.1034559124946273,53.720009806140084],[-2.103326170843115,53.71975674902873],[-2.1031154931697107,53.719523531607464],[-2.1028319766011183,53.71931911589159],[-2.1024865168366813,53.71915135699132],[-2.102092389384592,53.719026701316],[-2.101664739439804,53.71894993891396],[-2.10122,53.71892401945442],[-2.100775260560196,53.71894993891396],[-2.1006150708115507,53.71897869268802],[-2.1006366536893424,53.71884897836669],[-2.1005928367927864,53.71858580614118],[-2.100463099534629,53.718332749029706],[-2.1002524289946725,53.71809953160825],[-2.099968922025408,53.71789511589215],[-2.0996234739572555,53.717727356991674],[-2.0992293598489518,53.71760270131616],[-2.098801724382735,53.71752593891401],[-2.098357,53.71750001945443],[-2.097912275617265,53.71752593891401],[-2.0977948231513084,53.7175470221359],[-2.0975154644423766,53.71741135699175],[-2.097121353295039,53.7172867013162],[-2.0966937210415946,53.71720993891401],[-2.0962490000000003,53.717184019454415],[-2.0958042789584055,53.71720993891401],[-2.095376646704961,53.7172867013162],[-2.0949825355576235,53.71741135699175],[-2.094637090084858,53.71757911589227],[-2.0943535852456696,53.71778353160842],[-2.0941429162886136,53.718016749029914],[-2.0940131800053354,53.71826980614141],[-2.093969363438146,53.71853297836693],[-2.093994044633018,53.71868131486381],[-2.0937020424089314,53.71882311589179],[-2.0934185291840186,53.71902753160774],[-2.093248941349482,53.719215265330504],[-2.0932448689546415,53.71919080614071],[-2.0931151298299713,53.71893774902929],[-2.0929044562593764,53.71870453160792],[-2.0926209452118467,53.718500115891906],[-2.0922754921745383,53.718332356991525],[-2.0918813723971406,53.718207701316096],[-2.0914537307797163,53.71813093891399],[-2.091009,53.71810501945442],[-2.090564269220284,53.71813093891399],[-2.0901366276028592,53.718207701316096],[-2.0897425078254614,53.718332356991525],[-2.0893970547881535,53.718500115891906],[-2.089113543740624,53.71870453160792],[-2.0889028701700285,53.71893774902929],[-2.0887731310453588,53.71919080614071],[-2.0887293135181935,53.719453978366204],[-2.088773103063797,53.71971715223847],[-2.0889028184668437,53.71997021403951],[-2.0891134761871575,53.72020343847939],[-2.0893969816688083,53.72040786247428],[-2.089742440271995,53.72057562965358],[-2.0901365758996744,53.72070029234753],[-2.0905642412387215,53.72077705943925],[-2.091009,53.72080298054559],[-2.0914537587612783,53.72077705943925],[-2.0918814241003254,53.72070029234753],[-2.0922755597280047,53.72057562965358],[-2.0926210183311915,53.72040786247428],[-2.0929045238128428,53.72020343847939],[-2.0930740296204453,53.72001577435307],[-2.093078085892061,53.72004015223823],[-2.0932078022911753,53.7202932140393],[-2.093418461629235,53.72052643847922],[-2.0937019692881607,53.72073086247415],[-2.0940474305444843,53.72089862965351],[-2.094441569199198,53.72102329234748],[-2.0948692378228326,53.72110005943924],[-2.095314,53.7211259805456],[-2.0957587621771676,53.72110005943924],[-2.096186430800802,53.72102329234748],[-2.096480910775946,53.72093015084364],[-2.0968134247319794,53.721091629653465],[-2.0972075651954456,53.72121629234747],[-2.097635235781728,53.72129305943924],[-2.09808,53.721318980545604],[-2.0985247642182725,53.72129305943924],[-2.0989524348045547,53.72121629234747],[-2.0993465752680205,53.721091629653465],[-2.0993906883593474,53.72107020700531],[-2.0996079502759217,53.72122686247394],[-2.0999534156065125,53.72139462965339],[-2.1003475589096667,53.72151929234742],[-2.1007752325772504,53.72159605943923],[-2.10122,53.721621980545585],[-2.1016647674227493,53.72159605943923],[-2.1020924410903334,53.72151929234742],[-2.1024865843934877,53.72139462965339],[-2.1028320497240784,53.72122686247394],[-2.1031155607265166,53.72102243847894],[-2.103326222548856,53.72078921403896],[-2.1034559404775726,53.72053615223785],[-2.103499730875496,53.72027297836555]]],[[[-2.1001846213064694,53.79188897830876],[-2.100140728111397,53.79162580608546],[-2.1000107650205737,53.791372748980265],[-2.0997997277983926,53.79113953156821],[-2.0995157273927254,53.790935115863185],[-2.0991696780978755,53.790767356973795],[-2.0987748780759845,53.79064270130768],[-2.0983464983645748,53.7905659389118],[-2.0980845161311548,53.79055069657227],[-2.097914669055057,53.790468356973875],[-2.0975198718472297,53.79034370130773],[-2.097091495189198,53.79026693891181],[-2.096646,53.79024101945442],[-2.0962005048108017,53.79026693891181],[-2.09577212815277,53.79034370130773],[-2.0953773309449426,53.790468356973875],[-2.0950312841167156,53.79063611586332],[-2.0947472857354454,53.790840531568385],[-2.0945362500176343,53.79107374898047],[-2.0944062878533236,53.7913268060857],[-2.094362394971277,53.79158997830901],[-2.0944062597495576,53.79185315218345],[-2.0945361980886457,53.7921062139907],[-2.0947472178869524,53.792339438439846],[-2.0950312106780355,53.792543862445676],[-2.095377263096449,53.79271162963593],[-2.0957720762237813,53.792836292339146],[-2.0962004767070357,53.792913059437076],[-2.0964624327393158,53.79292830037026],[-2.0966322540524045,53.79301062963585],[-2.097027069994088,53.7931352923391],[-2.0974554735311504,53.79321205943705],[-2.097901,53.793237980545584],[-2.0983465264688497,53.79321205943705],[-2.098774930005912,53.7931352923391],[-2.0991697459475955,53.79301062963585],[-2.0995158008327333,53.79284286244556],[-2.0997997956481123,53.79263843843968],[-2.1000108169505007,53.792405213990484],[-2.100140756215671,53.79215215218321],[-2.1001846213064694,53.79188897830876]]],[[[-2.0960553573106444,53.713379978371016],[-2.096011546113539,53.713116806145344],[-2.095881825724948,53.712863749033396],[-2.0956711825759387,53.712630531611254],[-2.095580966450408,53.712565475037955],[-2.0955701791071024,53.71255353161129],[-2.0952867095161203,53.71234911589435],[-2.0949413069914695,53.712181356993035],[-2.094547244841784,53.71205670131682],[-2.094119665752861,53.711979938914176],[-2.093675,53.71195401945443],[-2.0932303342471394,53.711979938914176],[-2.0928027551582162,53.71205670131682],[-2.092408693008531,53.712181356993035],[-2.092191265943408,53.71228695936406],[-2.0917956682473493,53.712215938914156],[-2.091351,53.71219001945441],[-2.090906331752651,53.712215938914156],[-2.090478750265078,53.71229270131677],[-2.090084685904742,53.71241735699295],[-2.089739281442381,53.71258511589425],[-2.089455810261088,53.71278953161114],[-2.0892451663158704,53.71302274903327],[-2.08911544543691,53.713275806145205],[-2.0890716340741315,53.71353897837087],[-2.0891154174653366,53.71380215224296],[-2.089245114631143,53.714055214043505],[-2.0894557427317366,53.71428843848261],[-2.0897392083491373,53.71449286247662],[-2.0900846183753905,53.714660629655015],[-2.0904786985803505,53.714785292348196],[-2.0909063037810776,53.714862059439405],[-2.091351,53.714887980545576],[-2.0917956962189224,53.714862059439405],[-2.09222330141965,53.714785292348196],[-2.09261738162461,53.714660629655015],[-2.09277312337162,53.714584985199245],[-2.0929037018775016,53.71462629234823],[-2.0933313054619584,53.714703059439444],[-2.093776,53.71472898054561],[-2.0942206945380413,53.714703059439444],[-2.0946482981224985,53.71462629234823],[-2.0950423768379234,53.71450162965508],[-2.0953877855586285,53.71433386247669],[-2.095671250104642,53.71412943848273],[-2.09588187740918,53.71389621404362],[-2.0960115740848444,53.713643152243094],[-2.0960553573106444,53.713379978371016]]],[[[-2.0919415154321395,53.7162979783687],[-2.0918977011943114,53.71603480614312],[-2.0917679718056092,53.715781749031414],[-2.09155731404321,53.71554853160965],[-2.091273824268431,53.71534411589317],[-2.090928397150869,53.71517635699229],[-2.0905343069441913,53.715051701316455],[-2.0901066974122466,53.714974938914075],[-2.089662,53.714949019454416],[-2.0892173025877536,53.714974938914075],[-2.088789693055809,53.715051701316455],[-2.0883956028491313,53.71517635699229],[-2.08834853921132,53.71519921375063],[-2.0883386020663743,53.715202356992286],[-2.0879931747352978,53.715370115893144],[-2.0877096847852847,53.715574531609626],[-2.0874990268926656,53.7158077490314],[-2.087369297423764,53.71606080614309],[-2.0873663516292735,53.71607850018163],[-2.087309290567256,53.71618980614299],[-2.0872654761678935,53.71645297836858],[-2.0873092625907623,53.71671615224075],[-2.0874389687402553,53.716969214041534],[-2.0876496114315586,53.71720243848103],[-2.0879330966861365,53.71740686247547],[-2.0882785306414453,53.71757462965432],[-2.0886726381477034,53.717699292347866],[-2.0891002729726385,53.71777605943934],[-2.089545,53.717801980545595],[-2.089989727027362,53.71777605943934],[-2.0904173618522974,53.717699292347866],[-2.090811469358555,53.71757462965432],[-2.0911569033138644,53.71740686247547],[-2.091440388568442,53.71720243848103],[-2.091651031259745,53.716969214041534],[-2.0916812093826915,53.716910335336344],[-2.091768023498945,53.71681421404164],[-2.091897729170543,53.71656115224087],[-2.0919415154321395,53.7162979783687]]],[[[-2.08795535601024,53.71335597837103],[-2.0879115448381422,53.713092806145355],[-2.0877818245235686,53.71283974903341],[-2.087571181494741,53.71260653161124],[-2.087287711546615,53.71240211589431],[-2.086942308586803,53.71223435699301],[-2.0865482459406604,53.7121097013168],[-2.0861206663130605,53.71203293891417],[-2.085676,53.71200701945441],[-2.0852313336869397,53.71203293891417],[-2.0848037540593394,53.7121097013168],[-2.084409691413197,53.71223435699301],[-2.084064288453385,53.71240211589431],[-2.0837808185052586,53.71260653161124],[-2.0835701754764315,53.71283974903341],[-2.0834404551618575,53.713092806145355],[-2.0833966439897598,53.71335597837103],[-2.083440427190593,53.713619152243105],[-2.0835701237922737,53.713872214043626],[-2.0837807509766533,53.714105438482726],[-2.0840642153609488,53.71430986247669],[-2.084409623884591,53.71447762965507],[-2.084803702375182,53.714602292348225],[-2.085231305715675,53.71467905943942],[-2.085676,53.714704980545584],[-2.086120694284325,53.71467905943942],[-2.0865482976248177,53.714602292348225],[-2.0869423761154087,53.71447762965507],[-2.087287784639051,53.71430986247669],[-2.087571249023347,53.714105438482726],[-2.087781876207726,53.713872214043626],[-2.0879115728094066,53.713619152243105],[-2.08795535601024,53.71335597837103]]],[[[-2.0830517413915395,53.720466978365394],[-2.0830079228084437,53.720203806139935],[-2.0828781805583687,53.7199507490286],[-2.0826675019130856,53.71971753160736],[-2.0823839840366554,53.7195131158915],[-2.0822832734766985,53.719464210008425],[-2.0822789820436163,53.719461115891534],[-2.081933521112781,53.71929335699128],[-2.081539392329999,53.71916870131599],[-2.081111740941352,53.719091938913955],[-2.080667,53.71906601945442],[-2.0804818796203715,53.719076808252446],[-2.0804956615485843,53.71899397836656],[-2.0804518445008924,53.71873080614107],[-2.0803221067953954,53.718477749029596],[-2.0801114355290977,53.71824453160817],[-2.079827927582411,53.71804011589209],[-2.07948247832332,53.71787235699163],[-2.0790883628563273,53.71774770131614],[-2.078885147822952,53.71771122347094],[-2.0789707814211225,53.71754415224012],[-2.079014568705522,53.717280978367924],[-2.078970753443231,53.717017806142366],[-2.0788410210222636,53.71676474903076],[-2.0786303583364054,53.716531531609114],[-2.0783468619362324,53.71632711589278],[-2.078001426745971,53.71615935699206],[-2.0776073273294986,53.71603470131635],[-2.077179707804538,53.71595793891406],[-2.076735,53.715932019454414],[-2.0762902921954622,53.71595793891406],[-2.075862672670502,53.71603470131635],[-2.0754685732540294,53.71615935699206],[-2.075123138063768,53.71632711589278],[-2.074839641663595,53.716531531609114],[-2.074628978977737,53.71676474903076],[-2.0744992465567695,53.717017806142366],[-2.0744554312944783,53.717280978367924],[-2.074499218578878,53.71754415224012],[-2.0746289272813336,53.717797214040985],[-2.0748395741189896,53.71803043848058],[-2.0751230649540133,53.718234862475136],[-2.0754685057094235,53.718402629654115],[-2.0758626209740987,53.71852729234778],[-2.076065794680136,53.71856376446497],[-2.0759801554991073,53.71873080614107],[-2.075936338451416,53.71899397836656],[-2.0759801275183225,53.71925715223881],[-2.0761098415028556,53.71951021403982],[-2.076320496919312,53.71974343847965],[-2.076603999300274,53.719947862474456],[-2.076949454125089,53.7201156296537],[-2.0773435854419233,53.720240292347576],[-2.0777712461033406,53.72031705943927],[-2.078216,53.72034298054559],[-2.078401044838991,53.720332195779044],[-2.0783872614272063,53.72041497836545],[-2.0784310519729114,53.72067815223774],[-2.0785607703395472,53.72093121403886],[-2.0787714328731246,53.721164438478866],[-2.079054944832797,53.721368862473895],[-2.079155651119449,53.7214177679678],[-2.0791599428395284,53.72142086247387],[-2.0795054097637165,53.721588629653326],[-2.0798995548850487,53.7217132923474],[-2.0803272305255085,53.72179005943922],[-2.080772,53.721815980545585],[-2.0812167694744916,53.72179005943922],[-2.081644445114952,53.7217132923474],[-2.082038590236284,53.721588629653326],[-2.082384057160472,53.72142086247387],[-2.082667569470683,53.72121643847883],[-2.0828782322647155,53.720983214038824],[-2.0830079507917167,53.72073015223769],[-2.0830517413915395,53.720466978365394]]],[[[-2.0662116674024094,53.71910197836648],[-2.0661678502421466,53.71883880614098],[-2.0660381122034557,53.71858574902953],[-2.065827440396155,53.71835253160811],[-2.065543931721452,53.718148115892056],[-2.065198481575311,53.71798035699161],[-2.0648043650963204,53.71785570131613],[-2.0643767270578075,53.717778938913995],[-2.063932,53.71775301945442],[-2.0634872729421927,53.717778938913995],[-2.0630596349036794,53.71785570131613],[-2.0626655184246894,53.71798035699161],[-2.0623200682785483,53.718148115892056],[-2.062036559603845,53.71835253160811],[-2.061825887796544,53.71858574902953],[-2.0616961497578536,53.71883880614098],[-2.061652332597591,53.71910197836648],[-2.061696121776886,53.71936515223874],[-2.061825836094458,53.719618214039755],[-2.0620364920518144,53.71985143847958],[-2.0623199951607565,53.72005586247442],[-2.0626654508726583,53.720223629653674],[-2.063059583201593,53.720348292347566],[-2.063487244961225,53.720425059439265],[-2.063932,53.72045098054559],[-2.0643767550387753,53.720425059439265],[-2.064804416798407,53.720348292347566],[-2.065198549127342,53.720223629653674],[-2.0655440048392433,53.72005586247442],[-2.065827507948186,53.71985143847958],[-2.0660381639055423,53.719618214039755],[-2.066167878223114,53.71936515223874],[-2.0662116674024094,53.71910197836648]]],[[[-2.0556346231744556,53.71828597836713],[-2.05559080686471,53.718022806141605],[-2.0554610713434283,53.71776974903008],[-2.055250403623619,53.71753653160855],[-2.054966900449367,53.71733211589237],[-2.05462145700524,53.7171643569918],[-2.054227348172289,53.71703970131623],[-2.053799718430051,53.716962938914016],[-2.053355,53.71693701945442],[-2.0529102815699485,53.716962938914016],[-2.052482651827711,53.71703970131623],[-2.0520885429947593,53.7171643569918],[-2.0517430995506323,53.71733211589237],[-2.05145959637638,53.71753653160855],[-2.0512489286565714,53.71776974903008],[-2.0511191931352895,53.718022806141605],[-2.051075376825544,53.71828597836713],[-2.0511191651557,53.718549152239355],[-2.0512488769570316,53.7188022140403],[-2.0514595288276767,53.719035438480034],[-2.0517430264364425,53.71923986247474],[-2.0520884754460558,53.719407629653865],[-2.0524826001281715,53.71953229234765],[-2.052910253590359,53.719609059439286],[-2.053355,53.71963498054559],[-2.05379974640964,53.719609059439286],[-2.054227399871828,53.71953229234765],[-2.0546215245539434,53.719407629653865],[-2.0549669735635567,53.71923986247474],[-2.0552504711723225,53.719035438480034],[-2.0554611230429676,53.7188022140403],[-2.055590834844299,53.718549152239355],[-2.0556346231744556,53.71828597836713]]],[[[-2.0279390530673593,53.744646978346246],[-2.0278952092603375,53.74438380612151],[-2.027765392351039,53.74413074901226],[-2.0275545924823186,53.74389753159412],[-2.0272709114781047,53.74369311588193],[-2.026925251357376,53.74352535698535],[-2.0265308953274386,53.74340070131318],[-2.026102997366035,53.74332393891322],[-2.025658,53.74329801945442],[-2.0252130026339654,53.74332393891322],[-2.024785104672562,53.74340070131318],[-2.0243907486426242,53.74352535698535],[-2.0240450885218957,53.74369311588193],[-2.0237614075176817,53.74389753159412],[-2.023550607648961,53.74413074901226],[-2.023420790739663,53.74438380612151],[-2.023376946932641,53.744646978346246],[-2.0234207627155034,53.744910152219276],[-2.023550555867067,53.74516321402249],[-2.0237613398613763,53.7453964384656],[-2.024045015291238,53.74560086246431],[-2.024390680986319,53.74576862964743],[-2.0247850528906675,53.74589329234459],[-2.0252129746098064,53.74597005943849],[-2.025658,53.745995980545594],[-2.026103025390194,53.74597005943849],[-2.026530947109333,53.74589329234459],[-2.0269253190136816,53.74576862964743],[-2.0272709847087618,53.74560086246431],[-2.0275546601386236,53.7453964384656],[-2.027765444132933,53.74516321402249],[-2.027895237284497,53.744910152219276],[-2.0279390530673593,53.744646978346246]]],[[[-2.0206308098601866,53.75858197833521],[-2.0205869514998036,53.7583188061109],[-2.0204570915146407,53.75806574900283],[-2.0202462217040718,53.75783253158649],[-2.019962446580612,53.75762811587641],[-2.0196166717804585,53.75746035698196],[-2.019222184917713,53.75733570131156],[-2.0187941449971922,53.75725893891281],[-2.018349,53.757233019454425],[-2.017903855002808,53.75725893891281],[-2.0174758150822867,53.75733570131156],[-2.017081328219542,53.75746035698196],[-2.016735553419388,53.75762811587641],[-2.0164517782959286,53.75783253158649],[-2.0162409084853596,53.75806574900283],[-2.0161110485001963,53.7583188061109],[-2.0160671901398133,53.75858197833521],[-2.0161110204524375,53.75884515220865],[-2.0162408566598593,53.75909821401306],[-2.016451710582649,53.75933143845796],[-2.016735480127062,53.75953586245878],[-2.017081260506262,53.75970362964402],[-2.0174757632567863,53.75982829234298],[-2.017903826955049,53.759905059438076],[-2.018349,53.75993098054559],[-2.018794173044951,53.759905059438076],[-2.019222236743214,53.75982829234298],[-2.019616739493738,53.75970362964402],[-2.019962519872938,53.75953586245878],[-2.0202462894173507,53.75933143845796],[-2.0204571433401406,53.75909821401306],[-2.0205869795475624,53.75884515220865],[-2.0206308098601866,53.75858197833521]]],[[[-2.0118590525787856,53.74463797834626],[-2.0118152087811594,53.744374806121535],[-2.01168539189967,53.74412174901227],[-2.0114745920761026,53.74388853159414],[-2.0111909111326507,53.74368411588195],[-2.0108452510859576,53.743516356985374],[-2.010450895140483,53.74339170131317],[-2.010022997270726,53.74331493891324],[-2.009578,53.74328901945442],[-2.0091330027292735,53.74331493891324],[-2.0087051048595166,53.74339170131317],[-2.008310748914042,53.743516356985374],[-2.007965088867349,53.74368411588195],[-2.007681407923897,53.74388853159414],[-2.0074706081003297,53.74412174901227],[-2.0073407912188403,53.744374806121535],[-2.007296947421214,53.74463797834626],[-2.007340763194696,53.744901152219285],[-2.0074705563184634,53.74515421402249],[-2.0076813402676286,53.7453874384656],[-2.0079650156367315,53.74559186246431],[-2.0083106812577736,53.74575962964743],[-2.00870505307765,53.74588429234461],[-2.009132974705129,53.74596105943849],[-2.009578,53.7459869805456],[-2.0100230252948705,53.74596105943849],[-2.0104509469223495,53.74588429234461],[-2.010845318742226,53.74575962964743],[-2.0111909843632683,53.74559186246431],[-2.011474659732371,53.7453874384656],[-2.0116854436815363,53.74515421402249],[-2.0118152368053037,53.744901152219285],[-2.0118590525787856,53.74463797834626]]]]}},{"type":"Feature","properties":{"species":"Dryopteris filix-mas","locations":[],"common":false,"recordCount":29},"geometry":{"type":"MultiPolygon","coordinates":[[[[-2.1680927401634746,53.73888197835081],[-2.1680489023736915,53.738618806125906],[-2.1679191032745573,53.738365749016154],[-2.1677083323240227,53.73813253159727],[-2.1674246902343914,53.737928115884216],[-2.1670790775290674,53.73776035698677],[-2.166684775593318,53.737635701313835],[-2.1662569363263926,53.737558938913395],[-2.165812,53.73753301945442],[-2.1653670636736075,53.737558938913395],[-2.164939224406682,53.737635701313835],[-2.1645449224709328,53.73776035698677],[-2.1641993097656083,53.737928115884216],[-2.1639156676759774,53.73813253159727],[-2.1637048967254424,53.738365749016154],[-2.1635750976263086,53.738618806125906],[-2.1635312598365255,53.73888197835081],[-2.163575069611905,53.739145152223664],[-2.163704844961574,53.73939821402638],[-2.163915600043224,53.739631438468756],[-2.164199236560443,53.739835862466585],[-2.164544854838179,53.740003629648825],[-2.164939172642813,53.74012829234526],[-2.1653670356592034,53.740205059438665],[-2.165812,53.74023098054558],[-2.1662569643407963,53.740205059438665],[-2.166684827357187,53.74012829234526],[-2.167079145161821,53.740003629648825],[-2.167424763439557,53.739835862466585],[-2.1677083999567763,53.739631438468756],[-2.167919155038426,53.73939821402638],[-2.1680489303880948,53.739145152223664],[-2.1680927401634746,53.73888197835081]]],[[[-2.138298556705382,53.735500978353485],[-2.138254722443554,53.73523780612849],[-2.1381249337866644,53.734984749018444],[-2.1379141797910965,53.73475153159912],[-2.1376305605174024,53.734547115885555],[-2.1372849756121153,53.73437935698759],[-2.136890705392229,53.734254701314235],[-2.1364629005383535,53.7341779389135],[-2.136018,53.73415201945442],[-2.135573099461647,53.7341779389135],[-2.1351452946077716,53.734254701314235],[-2.134751024387885,53.73437935698759],[-2.134405439482598,53.734547115885555],[-2.1341218202089034,53.73475153159912],[-2.133911066213336,53.734984749018444],[-2.133781277556446,53.73523780612849],[-2.133737443294618,53.735500978353485],[-2.1337812495477615,53.73576415222623],[-2.133911014460035,53.73601721402865],[-2.134121752589957,53.736250438470606],[-2.1344053662923774,53.736454862467916],[-2.1347509567689387,53.73662262964966],[-2.1351452428544704,53.73674729234565],[-2.1355730714529617,53.73682405943875],[-2.136018,53.73684998054558],[-2.1364629285470387,53.73682405943875],[-2.13689075714553,53.73674729234565],[-2.1372850432310617,53.73662262964966],[-2.1376306337076225,53.736454862467916],[-2.1379142474100434,53.736250438470606],[-2.1381249855399656,53.73601721402865],[-2.1382547504522385,53.73576415222623],[-2.138298556705382,53.735500978353485]]],[[[-2.116665093587473,53.72696297836025],[-2.1166212682315435,53.72669980613499],[-2.1164915059348433,53.72644674902421],[-2.1162807947400526,53.726213531603804],[-2.115997233062448,53.72600911588894],[-2.1156517183350148,53.72584135698967],[-2.1152575281780135,53.72571670131522],[-2.1148298101957486,53.72563993891375],[-2.114385,53.725614019454405],[-2.113940189804251,53.72563993891375],[-2.113512471821986,53.72571670131522],[-2.113118281664985,53.72584135698967],[-2.1127727669375513,53.72600911588894],[-2.112489205259947,53.726213531603804],[-2.112278494065156,53.72644674902421],[-2.1121487317684564,53.72669980613499],[-2.1121049064125264,53.72696297836025],[-2.1121487037742073,53.72722615223274],[-2.1122784423385284,53.72747921403442],[-2.1124891376758503,53.727712438475265],[-2.1127726937850526,53.727916862471304],[-2.113118214080889,53.72808462965174],[-2.113512420095358,53.728209292346634],[-2.1139401618100018,53.72828605943901],[-2.114385,53.728311980545584],[-2.114829838189998,53.72828605943901],[-2.1152575799046414,53.728209292346634],[-2.115651785919111,53.72808462965174],[-2.1159973062149473,53.727916862471304],[-2.1162808623241496,53.727712438475265],[-2.116491557661471,53.72747921403442],[-2.1166212962257926,53.72722615223274],[-2.116665093587473,53.72696297836025]]],[[[-2.111721071104632,53.708096978375195],[-2.1116772654113536,53.70783380614936],[-2.1115475613133095,53.707580749036964],[-2.1113369446151,53.70734753161414],[-2.111053510099525,53.70714311589641],[-2.1107081503124423,53.706975356994306],[-2.1103141369202048,53.70685070131742],[-2.110280689182792,53.70684469577018],[-2.11027849860989,53.70684311589652],[-2.1099331412851856,53.70667535699436],[-2.1095391307021694,53.70655070131744],[-2.1091116075652594,53.706473938914336],[-2.108667,53.70644801945441],[-2.108222392434741,53.706473938914336],[-2.107794869297831,53.70655070131744],[-2.107400858714815,53.70667535699436],[-2.1070555013901107,53.70684311589652],[-2.106772068895448,53.7070475316143],[-2.106561453699019,53.70728074903717],[-2.1064317505258923,53.707533806149584],[-2.1063879451451015,53.707796978375434],[-2.106431722564011,53.70806015224734],[-2.1065614020321997,53.70831321404739],[-2.106772001389495,53.70854643848577],[-2.107055428322193,53.7087508624789],[-2.1074007912088617,53.70891862965644],[-2.1077948176310115,53.70904329234887],[-2.1078282418184817,53.70904929374423],[-2.107830416831235,53.70905086247878],[-2.1081757821803824,53.70921862965637],[-2.10856981141204,53.70934329234884],[-2.108997361302441,53.709420059439594],[-2.109442,53.7094459805456],[-2.109886638697559,53.709420059439594],[-2.11031418858796,53.70934329234884],[-2.110708217819618,53.70921862965637],[-2.111053583168765,53.70905086247878],[-2.111337012122276,53.708846438485615],[-2.1115476129810644,53.70861321404719],[-2.1116772933737415,53.708360152247124],[-2.111721071104632,53.708096978375195]]],[[[-2.1042384802615164,53.71564897836921],[-2.1041946667000295,53.71538580614361],[-2.104064939313203,53.715132749031845],[-2.1038542848012285,53.714899531609994],[-2.103570799400477,53.714695115893406],[-2.10322537761244,53.714527356992434],[-2.1028312934859885,53.71440270131652],[-2.102403690551346,53.7143259389141],[-2.101959,53.71430001945441],[-2.1015143094486533,53.7143259389141],[-2.1010867065140113,53.71440270131652],[-2.1006926223875597,53.714527356992434],[-2.100347200599523,53.714695115893406],[-2.1002684273920322,53.714751917695594],[-2.100201383392605,53.71471935699239],[-2.099807297467405,53.7145947013165],[-2.0993796925810453,53.71451793891408],[-2.0989350000000004,53.714492019454404],[-2.098490307418955,53.71451793891408],[-2.0980627025325953,53.7145947013165],[-2.0976686166073955,53.71471935699239],[-2.0973231932426954,53.714887115893326],[-2.0970397065479505,53.715091531609886],[-2.0968290510743843,53.71532474903172],[-2.0966993230953315,53.71557780614346],[-2.096655509333759,53.71584097836905],[-2.0966992951198717,53.71610415224121],[-2.0968289993824745,53.716357214041935],[-2.097039639009215,53.716590438481354],[-2.0973231201392952,53.716794862475695],[-2.0976685490686604,53.716962629654454],[-2.098062650840685,53.71708729234793],[-2.0984902794434945,53.71716405943935],[-2.0989350000000004,53.71718998054559],[-2.099379720556506,53.71716405943935],[-2.0998073491593154,53.71708729234793],[-2.10020145093134,53.716962629654454],[-2.100546879860705,53.716794862475695],[-2.10062558737758,53.71673810488841],[-2.1006925548496067,53.71677062965451],[-2.1010866548227,53.71689529234796],[-2.1015142814735177,53.71697205943936],[-2.101959,53.716997980545585],[-2.102403718526482,53.71697205943936],[-2.1028313451772993,53.71689529234796],[-2.1032254451503927,53.71677062965451],[-2.1035708725030298,53.716602862475774],[-2.1038543523391806,53.716398438481455],[-2.1040649910045137,53.71616521404207],[-2.1041946946751655,53.71591215224136],[-2.1042384802615164,53.71564897836921]]],[[[-2.1041912534468064,53.71146297837253],[-2.1041474442470336,53.711199806146794],[-2.1040177297702636,53.71094674903468],[-2.10380709622022,53.71071353161229],[-2.1035236390274905,53.71050911589507],[-2.1031782516094695,53.710341356993474],[-2.1027842066942855,53.71021670131703],[-2.102356646305525,53.71013993891423],[-2.101912,53.71011401945443],[-2.1014673536944755,53.71013993891423],[-2.1010397933057146,53.71021670131703],[-2.1006457483905305,53.710341356993474],[-2.10030036097251,53.71050911589507],[-2.1000169037797805,53.71071353161229],[-2.0998062702297364,53.71094674903468],[-2.0996765557529664,53.711199806146794],[-2.0996536302007205,53.711337525361984],[-2.0994782790288107,53.711252356993235],[-2.0990842255809143,53.711127701316904],[-2.0986566559338007,53.71105093891419],[-2.098212,53.71102501945441],[-2.0977673440662,53.71105093891419],[-2.0973397744190865,53.711127701316904],[-2.09694572097119,53.711252356993235],[-2.096600326073955,53.71142011589471],[-2.0963168627429147,53.71162453161178],[-2.096106224631373,53.71185774903406],[-2.0959765073452625,53.71211080614609],[-2.095932697196343,53.7123739783718],[-2.095976479375656,53.71263715224384],[-2.096106172950279,53.712890214044286],[-2.0963167952183115,53.71312343848325],[-2.096600252985851,53.71332786247709],[-2.0969456534465865,53.713495629655306],[-2.097339722737992,53.71362029234834],[-2.097767316096594,53.71369705943945],[-2.098212,53.71372298054558],[-2.098656683903407,53.71369705943945],[-2.099084277262009,53.71362029234834],[-2.0994783465534144,53.713495629655306],[-2.09982374701415,53.71332786247709],[-2.1001072047816893,53.71312343848325],[-2.1003178270497216,53.712890214044286],[-2.100447520624345,53.71263715224384],[-2.1004704206225457,53.71249950077718],[-2.10064568086964,53.712584629655545],[-2.1010397416274618,53.71270929234845],[-2.1014673257264063,53.71278605943949],[-2.101912,53.71281198054559],[-2.1023566742735937,53.71278605943949],[-2.1027842583725382,53.71270929234845],[-2.10317831913036,53.712584629655545],[-2.103523712111576,53.71241686247745],[-2.1038071637411107,53.71221243848377],[-2.104017781448516,53.71197921404491],[-2.1041474722151023,53.71172615224456],[-2.1041912534468064,53.71146297837253]]],[[[-2.095902611250626,53.71806597836731],[-2.0958587951701793,53.717802806141776],[-2.0957290603275895,53.71754974903023],[-2.0955183937097654,53.71731653160869],[-2.095234892018431,53.71711211589246],[-2.0948894503811637,53.71694435699187],[-2.0944953436095797,53.71681970131627],[-2.0940677161040133,53.71674293891404],[-2.093623,53.71671701945442],[-2.093178283895987,53.71674293891404],[-2.0927506563904203,53.71681970131627],[-2.0923565496188368,53.71694435699187],[-2.092011107981569,53.71711211589246],[-2.091727606290235,53.71731653160869],[-2.091516939672411,53.71754974903023],[-2.091387204829821,53.717802806141776],[-2.091376089230151,53.71786956969236],[-2.0913041938263346,53.71800980614161],[-2.0913016677237515,53.718024978579635],[-2.0912991927631888,53.718029806141594],[-2.091255376446147,53.718292978367124],[-2.0912991647835875,53.71855615223936],[-2.091428876606504,53.71880921404029],[-2.0916395285122054,53.71904243848003],[-2.0919230261681534,53.71924686247473],[-2.0922684752352603,53.719414629653876],[-2.092662599982972,53.71953929234765],[-2.093090253516337,53.71961605943929],[-2.093535,53.719641980545596],[-2.0939797464836634,53.71961605943929],[-2.0944074000170283,53.71953929234765],[-2.09480152476474,53.719414629653876],[-2.095146973831847,53.71924686247473],[-2.0954304714877945,53.71904243848003],[-2.095641123393496,53.71880921404029],[-2.0957708352164124,53.71855615223936],[-2.0957733596908974,53.718540979803855],[-2.0957758341532324,53.71853615223935],[-2.0957869426707596,53.71846938850424],[-2.0958588231493964,53.71832915223953],[-2.095902611250626,53.71806597836731]]],[[[-2.094213808176707,53.72169897836442],[-2.0941699883093126,53.721435806139006],[-2.0940402422578956,53.721182749027776],[-2.0938295574404107,53.72094953160669],[-2.0935460312581817,53.72074511589102],[-2.0932005597800254,53.72057735699097],[-2.0928064189642592,53.720452701315835],[-2.09275990346758,53.72044435215028],[-2.092521013128073,53.720272115891206],[-2.0921755455354347,53.72010435699108],[-2.0917814091524884,53.719979701315886],[-2.091353749517343,53.71990293891394],[-2.090909,53.719877019454415],[-2.0904642504826563,53.71990293891394],[-2.090337982636113,53.71992560325351],[-2.0900259879727776,53.719943785901265],[-2.0903449946054855,53.71978886247452],[-2.0906284959147077,53.71958443847973],[-2.090839150534846,53.71935121403992],[-2.0909688640290756,53.719098152238935],[-2.0910126529305226,53.718834978366694],[-2.090968836048559,53.718571806141185],[-2.090839098833593,53.718318749029706],[-2.0906284283637655,53.71808553160825],[-2.0903449214888723,53.71788111589215],[-2.0899994735357064,53.717713356991666],[-2.089605359558586,53.717588701316174],[-2.0891777242347085,53.717511938914],[-2.088733,53.71748601945441],[-2.088288275765292,53.717511938914],[-2.087860640441414,53.717588701316174],[-2.087466526464294,53.717713356991666],[-2.0871210785111276,53.71788111589215],[-2.0868375716362344,53.71808553160825],[-2.086626901166407,53.718318749029706],[-2.086497163951441,53.718571806141185],[-2.0864533470694773,53.718834978366694],[-2.086497135970925,53.719098152238935],[-2.0866268494651545,53.71935121403992],[-2.0868375040852922,53.71958443847973],[-2.0871210053945144,53.71978886247452],[-2.087466458913352,53.71995662965373],[-2.087860588740161,53.72008129234759],[-2.0882882477847753,53.72015805943927],[-2.088733,53.72018398054559],[-2.0890549739073694,53.72016521522054],[-2.088735985032109,53.72032011589119],[-2.0884524617151805,53.720524531606934],[-2.0882417790269563,53.72075774902807],[-2.088112034286911,53.72101080613933],[-2.088068214862569,53.72127397836476],[-2.088112006302275,53.72153715223708],[-2.088241727318091,53.721790214038286],[-2.088452394154292,53.722023438478395],[-2.08873591190473,53.72222786247357],[-2.0890813854581554,53.72239562965315],[-2.089475538142961,53.72252029234731],[-2.089903221990427,53.7225970594392],[-2.0902745117121615,53.722618697740046],[-2.090321895612564,53.72265286247339],[-2.0906673726573533,53.722820629653036],[-2.0910615293255486,53.722945292347255],[-2.0914892174953286,53.72302205943918],[-2.091934,53.7230479805456],[-2.092378782504672,53.72302205943918],[-2.092806470674452,53.722945292347255],[-2.0932006273426476,53.722820629653036],[-2.0935461043874364,53.72265286247339],[-2.093829625003033,53.72244843847816],[-2.0940402939680878,53.72221521403799],[-2.094170016294667,53.721962152236756],[-2.094213808176707,53.72169897836442]]],[[[-2.0903862273337412,53.710980978372895],[-2.090342418636131,53.710717806147144],[-2.0902127056456887,53.710464749035],[-2.0900020745089813,53.71023153161254],[-2.089718620563828,53.71002711589526],[-2.0893732371028095,53.70985935699358],[-2.088979196702,53.70973470131706],[-2.0885516412115255,53.709657938914226],[-2.088107,53.70963201945441],[-2.087662358788475,53.709657938914226],[-2.087234803298,53.70973470131706],[-2.0868407628971903,53.70985935699358],[-2.0864953794361725,53.71002711589526],[-2.0862119254910185,53.71023153161254],[-2.0860012943543116,53.710464749035],[-2.0858715813638695,53.710717806147144],[-2.085827772666259,53.710980978372895],[-2.0858715533966143,53.71124415224491],[-2.0860012426775625,53.71149721404522],[-2.086211857972092,53.71173043848402],[-2.086495306354213,53.711934862477634],[-2.086840695378264,53.71210262965564],[-2.087234751621251,53.712227292348494],[-2.0876623308212197,53.7123040594395],[-2.088107,53.712329980545576],[-2.0885516691787807,53.7123040594395],[-2.0889792483787493,53.712227292348494],[-2.0893733046217364,53.71210262965564],[-2.0897186936457874,53.711934862477634],[-2.0900021420279082,53.71173043848402],[-2.090212757322438,53.71149721404522],[-2.090342446603386,53.71124415224491],[-2.0903862273337412,53.710980978372895]]],[[[-2.0865554190278184,53.714518978370116],[-2.0865116066438736,53.71425580614447],[-2.086381882742405,53.71400274903263],[-2.0861712338895724,53.71376953161063],[-2.0858877561042064,53.713565115893864],[-2.0855423435951237,53.71339735699273],[-2.08514827005463,53.713272701316676],[-2.0847206786061987,53.71319593891414],[-2.084276,53.71317001945443],[-2.083831321393802,53.71319593891414],[-2.0834037299453705,53.713272701316676],[-2.083009656404877,53.71339735699273],[-2.082664243895794,53.713565115893864],[-2.082380766110428,53.71376953161063],[-2.082170117257595,53.71400274903263],[-2.0820403933561265,53.71425580614447],[-2.0819965809721817,53.714518978370116],[-2.0820403653828987,53.71478215224223],[-2.0821700655698097,53.71503521404286],[-2.0823806985770816,53.71526843848209],[-2.082664170798227,53.71547286247624],[-2.0830095888715308,53.71564062965479],[-2.0834036782575853,53.7157652923481],[-2.083831293420574,53.7158420594394],[-2.084276,53.71586798054559],[-2.0847207065794264,53.7158420594394],[-2.085148321742415,53.7157652923481],[-2.0855424111284697,53.71564062965479],[-2.0858878292017735,53.71547286247624],[-2.0861713014229184,53.71526843848209],[-2.0863819344301904,53.71503521404286],[-2.0865116346171013,53.71478215224223],[-2.0865554190278184,53.714518978370116]]],[[[-2.0810991361606757,53.70929797837424],[-2.0810553292163507,53.709034806148445],[-2.080925621415384,53.70878174903614],[-2.0807149987047775,53.708548531613474],[-2.0804315560984468,53.708344115895926],[-2.0800861864531974,53.708176356993995],[-2.0796921618142026,53.708051701317274],[-2.079264623425963,53.70797493891428],[-2.07882,53.70794901945442],[-2.078375376574037,53.70797493891428],[-2.077947838185797,53.708051701317274],[-2.0775538135468024,53.708176356993995],[-2.0772084439015535,53.708344115895926],[-2.0769250012952227,53.708548531613474],[-2.0767143785846156,53.70878174903614],[-2.0766528561132724,53.70890177804615],[-2.076296819239448,53.708965701317155],[-2.075902786040759,53.70909035699376],[-2.0755574088926463,53.70925811589556],[-2.0752739601285946,53.709462531612964],[-2.0750633328420656,53.70969574903551],[-2.0749336222228756,53.70994880614773],[-2.0748898143264025,53.7102119783735],[-2.0749335942569185,53.7104751522455],[-2.075063281167715,53.710728214045744],[-2.075273892612802,53.71096143848444],[-2.0755573358140786,53.71116586247791],[-2.075902718524966,53.71133362965583],[-2.0762967675650965,53.71145829234858],[-2.0767243389493593,53.71153505943951],[-2.077169,53.711560980545585],[-2.077613661050641,53.71153505943951],[-2.078041232434903,53.71145829234858],[-2.078435281475034,53.71133362965583],[-2.0787806641859214,53.71116586247791],[-2.079064107387198,53.71096143848444],[-2.079274718832285,53.710728214045744],[-2.079336217443402,53.710608210036504],[-2.079692213485703,53.7105442923487],[-2.0800862539652663,53.71041962965607],[-2.080431629172983,53.710251862478295],[-2.080715066216846,53.71004743848494],[-2.0809256730868846,53.70981421404637],[-2.081055357180765,53.709561152246195],[-2.0810991361606757,53.70929797837424]]],[[[-2.0667309668899287,53.779863978318325],[-2.066687086279497,53.77960080609465],[-2.0665571604373922,53.779347748988414],[-2.0663461836955754,53.77911453157481],[-2.066062264677033,53.77891011586797],[-2.065716314548175,53.77874235697674],[-2.0653216276604827,53.77861770130909],[-2.0648933707044517,53.778540938912165],[-2.064448,53.77851501945443],[-2.0640026292955485,53.778540938912165],[-2.0635743723395175,53.77861770130909],[-2.063179685451825,53.77874235697674],[-2.0628337353229673,53.77891011586797],[-2.0625498163044247,53.77911453157481],[-2.062338839562608,53.779347748988414],[-2.0622089137205033,53.77960080609465],[-2.0621650331100714,53.779863978318325],[-2.0622088856366507,53.780127152192414],[-2.062338787670415,53.78038021399864],[-2.0625497485040074,53.78061343844629],[-2.0628336619363243,53.780817862450334],[-2.0631796176514072,53.7809856296388],[-2.0635743204473247,53.781110292340514],[-2.064002601211696,53.78118705943743],[-2.064448,53.78121298054559],[-2.0648933987883042,53.78118705943743],[-2.0653216795526754,53.781110292340514],[-2.065716382348593,53.7809856296388],[-2.066062338063676,53.780817862450334],[-2.0663462514959927,53.78061343844629],[-2.066557212329585,53.78038021399864],[-2.0666871143633494,53.780127152192414],[-2.0667309668899287,53.779863978318325]]],[[[-2.0649086344480403,53.71849397836697],[-2.0648648179215003,53.718230806141456],[-2.064735081758538,53.71797774902995],[-2.0645244129968385,53.71774453160846],[-2.0642409084205364,53.7175401158923],[-2.0638954632680844,53.71737235699175],[-2.0635013524861785,53.71724770131622],[-2.0630737206292427,53.71717093891402],[-2.062629,53.71714501945442],[-2.0621842793707565,53.71717093891402],[-2.061756647513821,53.71724770131622],[-2.0613625367319153,53.71737235699175],[-2.0610170915794632,53.7175401158923],[-2.0607335870031607,53.71774453160846],[-2.0605229182414613,53.71797774902995],[-2.060393182078499,53.718230806141456],[-2.060349365551959,53.71849397836697],[-2.0603931540985583,53.718757152239206],[-2.0605228665412727,53.71901021404016],[-2.0607335194536094,53.71924343847992],[-2.0610170184643555,53.719447862474674],[-2.0613624691823635,53.71961562965383],[-2.0617565958136326,53.719740292347645],[-2.0621842513908164,53.719817059439286],[-2.062629,53.7198429805456],[-2.063073748609183,53.719817059439286],[-2.063501404186367,53.719740292347645],[-2.063895530817636,53.71961562965383],[-2.064240981535644,53.719447862474674],[-2.0645244805463903,53.71924343847992],[-2.064735133458727,53.71901021404016],[-2.0648648459014414,53.718757152239206],[-2.0649086344480403,53.71849397836697]]],[[[-2.058484030034522,53.72579097836119],[-2.0584402059007347,53.72552780613589],[-2.0583104472214027,53.725274749025004],[-2.058099741900096,53.72504153160445],[-2.0578161881263135,53.72483711588941],[-2.057470683029278,53.72466935698997],[-2.0570765038591823,53.72454470131536],[-2.0566487977981738,53.7244679389138],[-2.056204,53.72444201945442],[-2.055759202201827,53.7244679389138],[-2.0557400651688758,53.724471373526356],[-2.0555546743538473,53.72438135699004],[-2.0551604978834868,53.72425670131539],[-2.0547327947518044,53.7241799389138],[-2.054288,53.72415401945442],[-2.053843205248196,53.7241799389138],[-2.0534155021165135,53.72425670131539],[-2.053021325646153,53.72438135699004],[-2.052675822915527,53.7245491158895],[-2.0523922710838947,53.724753531604605],[-2.0521815672058383,53.7249867490252],[-2.0520518094153766,53.7252398061361],[-2.0520079855818976,53.72550297836141],[-2.052051781423595,53.72576615223386],[-2.05218151548377,53.72601921403542],[-2.052392203505755,53.726252438476074],[-2.052675749769476,53.72645686247188],[-2.053021258068014,53.72662462965209],[-2.0534154503944446,53.72674929234682],[-2.053843177256414,53.726826059439055],[-2.054288,53.72685198054558],[-2.054732822743586,53.726826059439055],[-2.054751907005197,53.726822634254894],[-2.0549372493914086,53.72691262965205],[-2.0553314444178503,53.72703729234679],[-2.0557591742095584,53.72711405943906],[-2.056204,53.727139980545594],[-2.0566488257904423,53.72711405943906],[-2.0570765555821504,53.72703729234679],[-2.057470750608592,53.72691262965205],[-2.0578162612736364,53.72674486247177],[-2.0580998094794105,53.72654043847593],[-2.0583104989443703,53.72630721403524],[-2.0584402338930032,53.72605415223365],[-2.058484030034522,53.72579097836119]]],[[[-2.0439783229089072,53.74961697834231],[-2.043934473912749,53.74935380611773],[-2.0438046416443494,53.749100749008896],[-2.04359381683721,53.748867531591394],[-2.0433101022739004,53.748663115879964],[-2.042964401263152,53.748495356984144],[-2.0425699985835553,53.7483707013126],[-2.0421420500053027,53.748293938913086],[-2.041697,53.74826801945442],[-2.0412519499946975,53.748293938913086],[-2.040824001416445,53.7483707013126],[-2.040429598736848,53.748495356984144],[-2.0400838977260998,53.748663115879964],[-2.0398001831627903,53.748867531591394],[-2.039589358355651,53.749100749008896],[-2.039459526087251,53.74935380611773],[-2.039415677091093,53.74961697834231],[-2.039459498054678,53.74988015221549],[-2.03958930655821,53.75013321401911],[-2.0398001154861722,53.75036643846287],[-2.040083824473456,53.750570862462325],[-2.04042953106023,53.75073862964621],[-2.0408239496190035,53.750863292344015],[-2.0412519219621243,53.750940059438335],[-2.041697,53.75096598054559],[-2.042142078037876,53.750940059438335],[-2.0425700503809967,53.750863292344015],[-2.04296446893977,53.75073862964621],[-2.0433101755265444,53.750570862462325],[-2.043593884513828,53.75036643846287],[-2.0438046934417904,53.75013321401911],[-2.0439345019453223,53.74988015221549],[-2.0439783229089072,53.74961697834231]]],[[[-2.0230708130114277,53.758639978335154],[-2.023026954590445,53.758376806110846],[-2.022897094425917,53.75812374900279],[-2.022686224324114,53.757890531586455],[-2.0224024488087475,53.75768611587639],[-2.0220566735310754,53.75751835698194],[-2.0216621861235504,53.75739370131154],[-2.02123414561192,53.75731693891281],[-2.020789,53.75729101945442],[-2.0203438543880807,53.75731693891281],[-2.01991581387645,53.75739370131154],[-2.0195213264689253,53.75751835698194],[-2.019175551191253,53.75768611587639],[-2.0188917756758866,53.757890531586455],[-2.018680905574084,53.75812374900279],[-2.0185510454095557,53.758376806110846],[-2.018507186988573,53.758639978335154],[-2.0185510173616987,53.7589031522086],[-2.018680853748402,53.75915621401301],[-2.0188917079623696,53.75938943845792],[-2.01917547789867,53.75959386245874],[-2.0195212587554083,53.759761629644004],[-2.019915762050768,53.75988629234298],[-2.020343826340224,53.75996305943807],[-2.020789,53.75998898054559],[-2.021234173659777,53.75996305943807],[-2.021662237949233,53.75988629234298],[-2.0220567412445924,53.759761629644004],[-2.0224025221013306,53.75959386245874],[-2.0226862920376307,53.75938943845792],[-2.0228971462515983,53.75915621401301],[-2.023026982638302,53.7589031522086],[-2.0230708130114277,53.758639978335154]]],[[[-2.002462557844758,53.73552197835348],[-2.002418723561019,53.73525880612848],[-2.002288934839277,53.735005749018434],[-2.00207818073841,53.73477253159912],[-2.0017945613230164,53.73456811588555],[-2.0014489762450753,53.73440035698759],[-2.0010547058282167,53.73427570131424],[-2.000626900760617,53.7341989389135],[-2.000182,53.73417301945442],[-1.999737099239383,53.7341989389135],[-1.9993092941717836,53.73427570131424],[-1.998915023754925,53.73440035698759],[-1.998569438676984,53.73456811588555],[-1.99828581926159,53.73477253159912],[-1.998075065160723,53.735005749018434],[-1.997945276438981,53.73525880612848],[-1.9979014421552423,53.73552197835348],[-1.997945248430261,53.735785152226235],[-1.9980750134073564,53.73603821402865],[-1.9982857516425578,53.736271438470595],[-1.9985693654866707,53.73647586246792],[-1.9989149561358923,53.73664362964966],[-1.999309242418417,53.73676829234566],[-1.9997370712306628,53.73684505943877],[-2.000182,53.7368709805456],[-2.0006269287693375,53.73684505943877],[-2.001054757581583,53.73676829234566],[-2.001449043864108,53.73664362964966],[-2.0017946345133293,53.73647586246792],[-2.002078248357442,53.736271438470595],[-2.0022889865926436,53.73603821402865],[-2.0024187515697394,53.735785152226235],[-2.002462557844758,53.73552197835348]]],[[[-1.9948627246960233,53.720158978365646],[-1.9948189064339874,53.71989580614017],[-1.9946891651342038,53.71964274902881],[-1.9944784880318989,53.71940953160754],[-1.9941949722318226,53.71920511589163],[-1.9938495134037824,53.71903735699135],[-1.993455387019988,53.718912701316015],[-1.9930277382343446,53.71883593891396],[-1.992583,53.71881001945442],[-1.9921382617656551,53.71883593891396],[-1.9917106129800117,53.718912701316015],[-1.9913164865962174,53.71903735699135],[-1.9909710277681771,53.71920511589163],[-1.990687511968101,53.71940953160754],[-1.990476834865796,53.71964274902881],[-1.9903470935660124,53.71989580614017],[-1.9903032753039764,53.720158978365646],[-1.9903470655832596,53.72042215223793],[-1.9904767831604107,53.720675214039034],[-1.9906874444117595,53.72090843847901],[-1.9909709546457204,53.721112862474],[-1.9913164190398762,53.721280629653414],[-1.9917105612746264,53.72140529234744],[-1.9921382337829021,53.72148205943923],[-1.992583,53.72150798054559],[-1.9930277662170977,53.72148205943923],[-1.9934554387253733,53.72140529234744],[-1.9938495809601235,53.721280629653414],[-1.9941950453542796,53.721112862474],[-1.9944785555882405,53.72090843847901],[-1.994689216839589,53.720675214039034],[-1.9948189344167402,53.72042215223793],[-1.9948627246960233,53.720158978365646]]]]}},{"type":"Feature","properties":{"species":"Equisetum sylvaticum","locations":[],"common":false,"recordCount":21},"geometry":{"type":"MultiPolygon","coordinates":[[[[-2.1866059714451995,53.68778297839126],[-2.1865621868986955,53.68751980616482],[-2.1864325453921114,53.68726674905067],[-2.186222030323043,53.68703353162524],[-2.185938732567634,53.68682911590444],[-2.1855935394157395,53.68666135699926],[-2.185199716130402,53.68653670131977],[-2.184772396219384,53.68645993891494],[-2.184328,53.68643401945442],[-2.183883603780616,53.68645993891494],[-2.183456283869598,53.68653670131977],[-2.1830624605842606,53.68666135699926],[-2.182717267432366,53.68682911590444],[-2.1824339696769566,53.68703353162524],[-2.1822234546078882,53.68726674905067],[-2.1820938131013046,53.68751980616482],[-2.1820500285548,53.68778297839126],[-2.1820937851731697,53.68804615226257],[-2.182223403003423,53.6882992140609],[-2.1824339022524737,53.688532438496715],[-2.1827171944526316,53.68873686248681],[-2.183062393159778,53.68890462966132],[-2.183456232265133,53.689029292351194],[-2.183883575852481,53.689106059440206],[-2.184328,53.689131980545596],[-2.184772424147519,53.689106059440206],[-2.185199767734867,53.689029292351194],[-2.185593606840222,53.68890462966132],[-2.1859388055473685,53.68873686248681],[-2.186222097747526,53.688532438496715],[-2.1864325969965765,53.6882992140609],[-2.1865622148268304,53.68804615226257],[-2.1866059714451995,53.68778297839126]]],[[[-2.1338169913754284,53.70662497837636],[-2.1337731872153665,53.70636180615049],[-2.1336434876554247,53.706108749037966],[-2.1334328783256886,53.70587553161495],[-2.1331494537257094,53.705671115897],[-2.1328041060202683,53.705503356994654],[-2.1324101064114545,53.705378701317585],[-2.1319825951820177,53.70530193891438],[-2.131538,53.70527601945442],[-2.131093404817982,53.70530193891438],[-2.1306658935885454,53.705378701317585],[-2.1302718939797316,53.705503356994654],[-2.1299265462742905,53.705671115897],[-2.1296431216743112,53.70587553161495],[-2.129432512344575,53.706108749037966],[-2.1293449414016075,53.706279608908105],[-2.12922512429771,53.70624170131748],[-2.1287976043003094,53.70616493891435],[-2.128353,53.70613901945441],[-2.128314,53.70614129306926],[-2.128275,53.70613901945441],[-2.1278303956996907,53.70616493891435],[-2.1274028757022903,53.70624170131748],[-2.1270088680127186,53.706366356994444],[-2.1266635132242167,53.706534115896645],[-2.126380082811057,53.70673853161447],[-2.1261694691614323,53.70697174903737],[-2.1260397669409534,53.70722480614982],[-2.125995961882018,53.707487978375674],[-2.1260397389795935,53.70775115224758],[-2.1261694174955763,53.70800421404759],[-2.126380015306362,53.70823743848593],[-2.126663440157662,53.70844186247901],[-2.127008800508024,53.70860962965651],[-2.1274028240364338,53.7087342923489],[-2.127830367738331,53.708811059439604],[-2.128275,53.70883698054559],[-2.128314,53.708834706929345],[-2.128353,53.70883698054559],[-2.1287976322616693,53.708811059439604],[-2.1292251759635663,53.7087342923489],[-2.129619199491976,53.70860962965651],[-2.129964559842338,53.70844186247901],[-2.130247984693638,53.70823743848593],[-2.130458582504424,53.70800421404759],[-2.130546109007786,53.70783341000714],[-2.13066584192538,53.70787129234902],[-2.131093376858079,53.70794805943964],[-2.131538,53.7079739805456],[-2.131982623141921,53.70794805943964],[-2.1324101580746198,53.70787129234902],[-2.132804173521447,53.70774662965673],[-2.1331495267884586,53.70757886247935],[-2.1334329458268675,53.70737443848641],[-2.1336435393185904,53.70714121404818],[-2.13377321517527,53.70688815224824],[-2.1338169913754284,53.70662497837636]]],[[[-2.1125106455049636,53.718697978366805],[-2.112466828765796,53.71843480614129],[-2.112337091973485,53.7181817490298],[-2.112126422189918,53.71794853160833],[-2.1120179181099594,53.717870297133544],[-2.1119874171427235,53.7178365316084],[-2.111703911946278,53.717632115892265],[-2.1113584660382134,53.717464356991734],[-2.1109643543942624,53.7173397013162],[-2.1105367216019713,53.71726293891402],[-2.1103939241520617,53.717254616330365],[-2.1102393832102364,53.71708353160881],[-2.109955883089426,53.716879115892546],[-2.10961044336576,53.716711356991915],[-2.1092163387773226,53.716586701316274],[-2.108788713640561,53.71650993891403],[-2.108409740192452,53.71648785102177],[-2.108382004449493,53.71643374903098],[-2.108171343421516,53.71620053160929],[-2.107887849252318,53.71599611589291],[-2.1075424167803845,53.715828356992134],[-2.1071483204651345,53.715703701316386],[-2.106720704305132,53.71562693891406],[-2.106276,53.715601019454425],[-2.105831295694868,53.71562693891406],[-2.105767641266504,53.71563836567314],[-2.1056817042628433,53.715622938914066],[-2.105237,53.715597019454435],[-2.1047922957371568,53.715622938914066],[-2.1043646796178175,53.715699701316396],[-2.1039705833400446,53.71582435699214],[-2.1036251509009603,53.71599211589291],[-2.103341656758723,53.716196531609306],[-2.1031309957507798,53.716429749030986],[-2.1030012643632094,53.716682806142636],[-2.102957449450055,53.716945978368194],[-2.103001236385883,53.717209152240386],[-2.1031309440554216,53.71746221404122],[-2.1033415892154825,53.717695438480774],[-2.103625077792684,53.71789986247528],[-2.1039705157968043,53.718067629654215],[-2.1043646279224597,53.71819229234782],[-2.1047922677598305,53.718269059439336],[-2.1049798563635345,53.71827999299371],[-2.105290624064581,53.718378292347786],[-2.105718265793092,53.71845505943931],[-2.106163,53.718480980545586],[-2.106347214305665,53.71847024370879],[-2.106448549242907,53.71858243848027],[-2.106732043798383,53.718786862474914],[-2.1070774890873833,53.71895462965397],[-2.107471609524552,53.71907929234771],[-2.107899258380615,53.7191560594393],[-2.1080420111943443,53.719164379575524],[-2.1081965153073496,53.719335438479874],[-2.108305012142602,53.719413672643405],[-2.1083355102596983,53.71944743847981],[-2.10861901064548,53.719651862474585],[-2.1089644630390505,53.71981962965377],[-2.1093585915820134,53.719944292347606],[-2.1097862492335455,53.720021059439276],[-2.110231,53.7200469805456],[-2.110675750766455,53.720021059439276],[-2.111103408417987,53.719944292347606],[-2.11149753696095,53.71981962965377],[-2.1118429893545203,53.719651862474585],[-2.112126489740302,53.71944743847981],[-2.1123371436743104,53.71921421404002],[-2.112466856746081,53.71896115223904],[-2.1125106455049636,53.718697978366805]]],[[[-2.1063619756493464,53.72478797836197],[-2.1063181525614025,53.72452480613664],[-2.1061883969776174,53.724271749025675],[-2.105977696682521,53.72403853160499],[-2.1056941496724013,53.723834115889794],[-2.1053486528165384,53.723666356990215],[-2.104954483048442,53.72354170131546],[-2.104526787188999,53.72346493891382],[-2.104082,53.7234390194544],[-2.1036372128110004,53.72346493891382],[-2.1032095169515577,53.72354170131546],[-2.102815347183461,53.723666356990215],[-2.1024698503275987,53.723834115889794],[-2.102186303317479,53.72403853160499],[-2.101975603022382,53.724271749025675],[-2.1018458474385975,53.72452480613664],[-2.1018020243506537,53.72478797836197],[-2.1018458194480236,53.72505115223439],[-2.101975551302546,53.72530421403589],[-2.102186235742256,53.725537438476465],[-2.102469777184705,53.72574186247217],[-2.102815279608239,53.725909629652264],[-2.1032094652317217,53.726034292346895],[-2.103637184820427,53.72611105943907],[-2.104082,53.72613698054558],[-2.104526815179573,53.72611105943907],[-2.104954534768278,53.726034292346895],[-2.105348720391761,53.725909629652264],[-2.105694222815295,53.72574186247217],[-2.1059777642577435,53.725537438476465],[-2.106188448697454,53.72530421403589],[-2.106318180551976,53.72505115223439],[-2.1063619756493464,53.72478797836197]]],[[[-2.104232229268354,53.69254797838749],[-2.1041884397638353,53.69228480616118],[-2.104058783582229,53.69203174904745],[-2.10384824468547,53.69179853162263],[-2.1035649148656446,53.69159411590254],[-2.1032196826449177,53.691426356998086],[-2.102825814787634,53.69130170131921],[-2.1023984465141723,53.6912249389148],[-2.1019540000000005,53.691199019454416],[-2.1015095534858284,53.6912249389148],[-2.1010821852123667,53.69130170131921],[-2.100688317355083,53.691426356998086],[-2.1003430851343565,53.69159411590254],[-2.100059755314531,53.69179853162263],[-2.0998492164177716,53.69203174904745],[-2.0997195602361653,53.69228480616118],[-2.0996757707316465,53.69254797838749],[-2.0997195323000004,53.69281115225894],[-2.0998491647984703,53.69306421405768],[-2.1000596878706634,53.6932974384941],[-2.10034301213364,53.69350186248493],[-2.100688249911215,53.69366962966016],[-2.101082133593065,53.69379429235063],[-2.1015095255496643,53.693871059440056],[-2.1019540000000005,53.693896980545595],[-2.1023984744503363,53.693871059440056],[-2.1028258664069357,53.69379429235063],[-2.1032197500887855,53.69366962966016],[-2.1035649878663607,53.69350186248493],[-2.103848312129337,53.6932974384941],[-2.1040588352015304,53.69306421405768],[-2.1041884677000002,53.69281115225894],[-2.104232229268354,53.69254797838749]]],[[[-2.101058716456792,53.72000697836577],[-2.101014898353199,53.7197438061403],[-2.1008851575223844,53.719490749028914],[-2.1006744811815388,53.71925753160762],[-2.1003909664061418,53.71905311589169],[-2.100045508826621,53.718885356991386],[-2.099651383867208,53.718760701316036],[-2.0992237366270787,53.71868393891397],[-2.098779,53.71865801945442],[-2.098334263372921,53.71868393891397],[-2.097906616132792,53.718760701316036],[-2.0975124911733793,53.718885356991386],[-2.097167033593858,53.71905311589169],[-2.096883518818461,53.71925753160762],[-2.0966728424776155,53.719490749028914],[-2.096543101646801,53.7197438061403],[-2.0964992835432077,53.72000697836577],[-2.0965430736643045,53.72027015223805],[-2.096672790772705,53.72052321403914],[-2.09688345126274,53.7207564384791],[-2.097166960472072,53.720960862474065],[-2.0975124236176574,53.72112862965346],[-2.097906564427881,53.72125329234746],[-2.098334235390425,53.72133005943923],[-2.098779,53.721355980545596],[-2.099223764609575,53.72133005943923],[-2.099651435572119,53.72125329234746],[-2.1000455763823425,53.72112862965346],[-2.100391039527928,53.720960862474065],[-2.1006745487372602,53.7207564384791],[-2.100885209227295,53.72052321403914],[-2.1010149263356954,53.72027015223805],[-2.101058716456792,53.72000697836577]]],[[[-2.077760038330855,53.72594397836106],[-2.0777162140375265,53.72568080613577],[-2.0775864548859757,53.7254277490249],[-2.077375748797933,53.72519453160436],[-2.0770921939923688,53.72499011588934],[-2.076746687638161,53.72482235698993],[-2.0763525070338122,53.724697701315336],[-2.0759247994165784,53.72462093891378],[-2.07548,53.72459501945441],[-2.0750352005834216,53.72462093891378],[-2.0746074929661877,53.724697701315336],[-2.0742133123618394,53.72482235698993],[-2.073867806007631,53.72499011588934],[-2.073584251202067,53.72519453160436],[-2.0733735451140247,53.7254277490249],[-2.0732437859624735,53.72568080613577],[-2.073199961669145,53.72594397836106],[-2.073243757969946,53.72620715223351],[-2.0733734933905787,53.72646021403512],[-2.073584183622129,53.726693438475834],[-2.073867732859633,53.7268978624717],[-2.0742132447819004,53.727065629651996],[-2.074607441242742,53.72719029234676],[-2.075035172590894,53.72726705943905],[-2.07548,53.72729298054559],[-2.0759248274091058,53.72726705943905],[-2.076352558757258,53.72719029234676],[-2.0767467552180996,53.727065629651996],[-2.077092267140367,53.7268978624717],[-2.0773758163778715,53.726693438475834],[-2.0775865066094212,53.72646021403512],[-2.077716242030054,53.72620715223351],[-2.077760038330855,53.72594397836106]]],[[[-2.0651952745102555,53.73029897835761],[-2.0651514456751254,53.73003580613245],[-2.0650216730804893,53.72978274902194],[-2.064810945165042,53.729549531601975],[-2.064527360986807,53.72934511588762],[-2.0641818188435206,53.72917735698886],[-2.0637875974089552,53.72905270131482],[-2.063359845489213,53.72897593891365],[-2.062915,53.72895001945441],[-2.0624701545107866,53.72897593891365],[-2.0620424025910444,53.72905270131482],[-2.0616481811564795,53.72917735698886],[-2.0613026390131926,53.72934511588762],[-2.061019054834958,53.729549531601975],[-2.0608083269195103,53.72978274902194],[-2.0606785543248742,53.73003580613245],[-2.060634725489744,53.73029897835761],[-2.0606785263249856,53.73056215223019],[-2.0608082751824632,53.73081521403218],[-2.0610189872372477,53.731048438473444],[-2.0613025658459585,53.73125286246999],[-2.061648113558769,53.73142062965093],[-2.0620423508539965,53.73154529234626],[-2.0624701265108984,53.73162205943892],[-2.062915,53.73164798054558],[-2.063359873489101,53.73162205943892],[-2.063787649146003,53.73154529234626],[-2.0641818864412307,53.73142062965093],[-2.0645274341540416,53.73125286246999],[-2.0648110127627524,53.731048438473444],[-2.0650217248175364,53.73081521403218],[-2.0651514736750145,53.73056215223019],[-2.0651952745102555,53.73029897835761]]],[[[-2.0637975813875458,53.71751497836774],[-2.063753765881375,53.71725180614219],[-2.0636240327385607,53.7169987490306],[-2.0634133688806453,53.71676553160898],[-2.063129870903261,53.716561115892674],[-2.062784433791249,53.716393356991986],[-2.062390332182334,53.716268701316324],[-2.0619627102784803,53.716191938914044],[-2.061518,53.71616601945441],[-2.0610732897215196,53.716191938914044],[-2.060645667817666,53.716268701316324],[-2.060251566208751,53.716393356991986],[-2.059906129096739,53.716561115892674],[-2.0596226311193546,53.71676553160898],[-2.0594119672614393,53.7169987490306],[-2.059282234118625,53.71725180614219],[-2.059238418612454,53.71751497836774],[-2.0592822061403377,53.71777815223994],[-2.059411915564306,53.71803121404081],[-2.059622563573795,53.718264438480446],[-2.0599060559859517,53.71846886247504],[-2.0602514986631912,53.71863662965406],[-2.060645616120533,53.71876129234774],[-2.0610732617432324,53.7188380594393],[-2.061518,53.71886398054559],[-2.0619627382567676,53.7188380594393],[-2.062390383879467,53.71876129234774],[-2.0627845013368087,53.71863662965406],[-2.0631299440140483,53.71846886247504],[-2.063413436426205,53.718264438480446],[-2.063624084435694,53.71803121404081],[-2.063753793859662,53.71777815223994],[-2.0637975813875458,53.71751497836774]]],[[[-2.04694435279711,53.76857197832727],[-2.0469004839958793,53.76830880610326],[-2.046770593107306,53.76805574899606],[-2.0465596731191833,53.767822531581004],[-2.046275830472867,53.76761811587245],[-2.0459299733996104,53.767450356979495],[-2.0455353926750344,53.76732570131039],[-2.0451072509104646,53.7672489389125],[-2.044662,53.76722301945442],[-2.0442167490895358,53.7672489389125],[-2.043788607324966,53.76732570131039],[-2.04339402660039,53.767450356979495],[-2.0430481695271334,53.76761811587245],[-2.042764326880817,53.767822531581004],[-2.0425534068926945,53.76805574899606],[-2.042423516004121,53.76830880610326],[-2.0423796472028903,53.76857197832727],[-2.042423487939428,53.76883515220103],[-2.0425533550359023,53.76908821400628],[-2.0427642591266526,53.76932143845248],[-2.0430480961905544,53.769525862454806],[-2.043393958846226,53.76969362964157],[-2.043788555468174,53.769818292341824],[-2.044216721024842,53.769895059437765],[-2.044662,53.769920980545585],[-2.0451072789751583,53.769895059437765],[-2.0455354445318266,53.769818292341824],[-2.0459300411537744,53.76969362964157],[-2.046275903809446,53.769525862454806],[-2.046559740873348,53.76932143845248],[-2.046770644964098,53.76908821400628],[-2.0469005120605726,53.76883515220103],[-2.04694435279711,53.76857197832727]]],[[[-2.044552201948423,53.765796978329476],[-2.0445083360480596,53.765533806105395],[-2.0443784537456384,53.76528074899795],[-2.0441675476987635,53.76504753158253],[-2.0438837238128853,53.76484311587355],[-2.0435378895982494,53.76467535698018],[-2.0431433349520876,53.76455070131072],[-2.0427152214836983,53.764473938912595],[-2.04227,53.76444801945442],[-2.0418247785163017,53.764473938912595],[-2.0413966650479125,53.76455070131072],[-2.0410021104017506,53.76467535698018],[-2.0406562761871148,53.76484311587355],[-2.0403724523012365,53.76504753158253],[-2.0401615462543616,53.76528074899795],[-2.0400316639519405,53.765533806105395],[-2.0399877980515773,53.765796978329476],[-2.0400316358919524,53.766060152203146],[-2.0401614944062643,53.766313214008164],[-2.0403723845584323,53.76654643845401],[-2.040656202862832,53.766750862455915],[-2.0410020426589464,53.766918629642255],[-2.0413966131998147,53.767043292342144],[-2.0418247504563136,53.76712005943785],[-2.04227,53.76714598054559],[-2.0427152495436864,53.76712005943785],[-2.043143386800185,53.767043292342144],[-2.0435379573410537,53.766918629642255],[-2.043883797137168,53.766750862455915],[-2.0441676154415678,53.76654643845401],[-2.044378505593736,53.766313214008164],[-2.0445083641080477,53.766060152203146],[-2.044552201948423,53.765796978329476]]],[[[-2.026473838330417,53.75910597833479],[-2.0264299794225424,53.75884280611049],[-2.026300117816883,53.758589749002475],[-2.0260892453751307,53.75835653158621],[-2.025805466710945,53.75815211587621],[-2.0254596875965984,53.75798435698183],[-2.0250651958119787,53.7578597013115],[-2.0246371505510146,53.75778293891279],[-2.024192,53.757757019454424],[-2.0237468494489854,53.75778293891279],[-2.0233188041880217,53.7578597013115],[-2.0229243124034015,53.75798435698183],[-2.022578533289055,53.75815211587621],[-2.0222947546248693,53.75835653158621],[-2.0220838821831175,53.758589749002475],[-2.021954020577458,53.75884280611049],[-2.0219101616695836,53.75910597833479],[-2.021953992528811,53.75936915220826],[-2.022083830355976,53.7596222140127],[-2.022294686909446,53.75985543845768],[-2.0225784599944094,53.760059862458576],[-2.0229242446879785,53.7602276296439],[-2.02331875236088,53.76035229234292],[-2.023746821400339,53.76042905943806],[-2.024192,53.760454980545596],[-2.0246371785996615,53.76042905943806],[-2.02506524763912,53.76035229234292],[-2.025459755312022,53.7602276296439],[-2.025805540005591,53.760059862458576],[-2.026089313090554,53.75985543845768],[-2.026300169644024,53.7596222140127],[-2.026430007471189,53.75936915220826],[-2.026473838330417,53.75910597833479]]]]}},{"type":"Feature","properties":{"species":"Oreopteris limbosperma","locations":[],"common":false,"recordCount":22},"geometry":{"type":"MultiPolygon","coordinates":[[[[-2.1688547115109413,53.738353978351235],[-2.1688108742721544,53.738090806126316],[-2.168681076803893,53.73783774901652],[-2.1684703085013894,53.73760453159757],[-2.1681866699751575,53.73740011588443],[-2.1678410616116506,53.737232356986894],[-2.167446764629293,53.7371077013139],[-2.167018930737007,53.73703093891341],[-2.166574,53.737005019454415],[-2.1661290692629933,53.73703093891341],[-2.165701235370707,53.7371077013139],[-2.16530693838835,53.737232356986894],[-2.1649613300248425,53.73740011588443],[-2.1646776914986106,53.73760453159757],[-2.164466923196107,53.73783774901652],[-2.164337125727846,53.738090806126316],[-2.164293288489059,53.738353978351235],[-2.1643370977143355,53.738617152224066],[-2.164466871433889,53.73887021402673],[-2.1646776238680134,53.73910343846905],[-2.1649612568220116,53.739307862466795],[-2.1653068707577523,53.739475629648965],[-2.1657011836084887,53.73960029234533],[-2.1661290412494827,53.73967705943868],[-2.166574,53.73970298054559],[-2.1670189587505178,53.73967705943868],[-2.1674468163915117,53.73960029234533],[-2.1678411292422477,53.739475629648965],[-2.168186743177989,53.739307862466795],[-2.1684703761319866,53.73910343846905],[-2.1686811285661114,53.73887021402673],[-2.168810902285665,53.738617152224066],[-2.1688547115109413,53.738353978351235]]],[[[-2.1492888932876313,53.77851097831938],[-2.149245014092595,53.77824780609567],[-2.1491150924398577,53.77799474898933],[-2.1489041225002734,53.77776153157555],[-2.1486202126353495,53.77755711586851],[-2.1482742736597014,53.77738935697707],[-2.1478795994962243,53.77726470130923],[-2.147451356346504,53.7771879389122],[-2.147006,53.77716201945441],[-2.1465606436534967,53.7771879389122],[-2.1461324005037765,53.77726470130923],[-2.1457377263402995,53.77738935697707],[-2.1453917873646513,53.77755711586851],[-2.1451078774997274,53.77776153157555],[-2.144896907560143,53.77799474898933],[-2.1447669859074057,53.77824780609567],[-2.1447231067123695,53.77851097831938],[-2.14476695782585,53.778774152193435],[-2.1448968556721937,53.77902721399955],[-2.145107809704854,53.77926043844702],[-2.1453917139840093,53.779464862450865],[-2.145737658545426,53.779632629639124],[-2.146132348615827,53.77975729234066],[-2.146560615571941,53.779834059437455],[-2.147006,53.77985998054559],[-2.14745138442806,53.779834059437455],[-2.147879651384174,53.77975729234066],[-2.1482743414545746,53.779632629639124],[-2.1486202860159915,53.779464862450865],[-2.1489041902951467,53.77926043844702],[-2.149115144327807,53.77902721399955],[-2.149245042174151,53.778774152193435],[-2.1492888932876313,53.77851097831938]]],[[[-2.1434569922958144,53.780330978317934],[-2.1434131111968195,53.78006780609429],[-2.143283183908638,53.77981474898809],[-2.1430722048188406,53.77958153157455],[-2.1427882826406712,53.77937711586778],[-2.1424423286619723,53.779209356976615],[-2.1420476373821615,53.77908470130902],[-2.1416193756604978,53.779007938912144],[-2.141174,53.7789820194544],[-2.1407286243395025,53.779007938912144],[-2.1403003626178383,53.77908470130902],[-2.1399056713380276,53.779209356976615],[-2.139559717359329,53.77937711586778],[-2.139275795181159,53.77958153157455],[-2.139064816091362,53.77981474898809],[-2.1389348888031803,53.78006780609429],[-2.1388910077041854,53.780330978317934],[-2.1389348607185354,53.78059415219204],[-2.1390647641977045,53.780847213998314],[-2.1392757273788283,53.78108043844601],[-2.1395596439706144,53.78128486245015],[-2.1399056035356967,53.781452629638686],[-2.1403003107241805,53.781577292340444],[-2.1407285962548572,53.7816540594374],[-2.141174,53.78167998054558],[-2.141619403745143,53.7816540594374],[-2.1420476892758193,53.781577292340444],[-2.1424423964643036,53.781452629638686],[-2.1427883560293854,53.78128486245015],[-2.1430722726211715,53.78108043844601],[-2.1432832358022957,53.780847213998314],[-2.143413139281465,53.78059415219204],[-2.1434569922958144,53.780330978317934]]],[[[-2.1332634854701444,53.734187978354534],[-2.133219652578192,53.733924806129494],[-2.1330898679759374,53.73367174901933],[-2.1328791205638415,53.73343853159986],[-2.132595510149384,53.733234115886084],[-2.1322499360386176,53.73306635698792],[-2.1318556781337348,53.732941701314395],[-2.1314278866421583,53.732864938913536],[-2.130983,53.732839019454424],[-2.130538113357842,53.732864938913536],[-2.130110321866265,53.732941701314395],[-2.1297160639613826,53.73306635698792],[-2.1293704898506163,53.733234115886084],[-2.1290868794361586,53.73343853159986],[-2.128876132024063,53.73367174901933],[-2.128795583868618,53.73382880373223],[-2.128630856476569,53.733947531599576],[-2.1284201065123742,53.73418074901898],[-2.1282903203383308,53.734433806129104],[-2.1282464869153426,53.73469697835412],[-2.128290292331006,53.734960152226854],[-2.1284200547615852,53.73521321402921],[-2.1286307888609053,53.73544643847104],[-2.128914397138664,53.73565086246824],[-2.1292599810049557,53.73581862964986],[-2.129654259548655,53.73594329234575],[-2.130082079963623,53.736020059438786],[-2.130527,53.73604598054558],[-2.130971920036377,53.736020059438786],[-2.131399740451345,53.73594329234575],[-2.1317940189950444,53.73581862964986],[-2.132139602861336,53.73565086246824],[-2.132423211139095,53.73544643847104],[-2.1326339452384144,53.73521321402921],[-2.1327144756234566,53.73505616422449],[-2.1328791881774274,53.73493743847133],[-2.1330899197251356,53.734704214029556],[-2.1332196805846557,53.734451152227244],[-2.1332634854701444,53.734187978354534]]],[[[-2.115085425122058,53.78828497831162],[-2.1150415356996746,53.78802180608821],[-2.1149115837754673,53.7877687489827],[-2.1147005646844064,53.78753553157019],[-2.114416588677397,53.787331115864625],[-2.1140705691110466,53.78716335697467],[-2.113675803005117,53.7870387013081],[-2.113247460093956,53.78696193891191],[-2.112802,53.786936019454416],[-2.112356539906044,53.78696193891191],[-2.111928196994883,53.7870387013081],[-2.1115334308889535,53.78716335697467],[-2.1111874113226032,53.787331115864625],[-2.1109034353155933,53.78753553157019],[-2.110692416224533,53.7877687489827],[-2.110562464300325,53.78802180608821],[-2.110518574877942,53.78828497831162],[-2.1105624362021738,53.788548152185975],[-2.1106923643059186,53.78880121399293],[-2.110903367480655,53.789034438441654],[-2.111187337898595,53.789238862446986],[-2.111533363054015,53.78940662963673],[-2.111928145076269,53.789531292339525],[-2.1123565118078926,53.789608059437164],[-2.112802,53.78963398054559],[-2.1132474881921075,53.789608059437164],[-2.113675854923731,53.789531292339525],[-2.1140706369459847,53.78940662963673],[-2.114416662101405,53.789238862446986],[-2.114700632519345,53.789034438441654],[-2.114911635694081,53.78880121399293],[-2.1150415637978264,53.788548152185975],[-2.115085425122058,53.78828497831162]]],[[[-2.1100504925079986,53.78952297831065],[-2.1100066017897627,53.789259806087266],[-2.1098766460300165,53.78900674898187],[-2.10966562071123,53.78877353156952],[-2.1093816363237052,53.788569115864135],[-2.109035606546131,53.788401356974376],[-2.1086408287906573,53.788276701307964],[-2.1082124732392495,53.788199938911866],[-2.107767,53.78817401945442],[-2.1073215267607504,53.788199938911866],[-2.1068931712093426,53.788276701307964],[-2.106498393453869,53.788401356974376],[-2.1061523636762947,53.788569115864135],[-2.10586837928877,53.78877353156952],[-2.1056573539699834,53.78900674898187],[-2.105527398210237,53.789259806087266],[-2.105483507492001,53.78952297831065],[-2.105527370109983,53.78978615218503],[-2.105657302047484,53.790039213992095],[-2.105868311448754,53.79027243844098],[-2.1061522902467913,53.790476862446496],[-2.106498325613853,53.79064462963644],[-2.1068931192868425,53.790769292339384],[-2.1073214986604953,53.790846059437136],[-2.107767,53.790871980545596],[-2.108212501339504,53.790846059437136],[-2.108640880713157,53.790769292339384],[-2.1090356743861465,53.79064462963644],[-2.1093817097532086,53.790476862446496],[-2.1096656885512455,53.79027243844098],[-2.1098766979525156,53.790039213992095],[-2.110006629890017,53.78978615218503],[-2.1100504925079986,53.78952297831065]]],[[[-2.1087026048316977,53.73638797835279],[-2.1086587696443857,53.736124806127805],[-2.108528978248196,53.73587174901784],[-2.108318219804855,53.73563853159864],[-2.1080345945458863,53.73543411588521],[-2.1076890023478523,53.735266356987374],[-2.1072947238079864,53.73514170131412],[-2.1068669099265818,53.735064938913474],[-2.106422,53.73503901945441],[-2.105977090073418,53.735064938913474],[-2.105549276192013,53.73514170131412],[-2.105154997652147,53.735266356987374],[-2.1048094054541133,53.73543411588521],[-2.1045257801951447,53.73563853159864],[-2.104315021751803,53.73587174901784],[-2.1041852303556134,53.736124806127805],[-2.1041413951683015,53.73638797835279],[-2.1041852023454286,53.73665115222556],[-2.10431496999573,53.73690421402806],[-2.104525712572576,53.737137438470114],[-2.1048093322599724,53.737341862467574],[-2.105154930029578,53.737509629649445],[-2.1055492244359395,53.737634292345554],[-2.1059770620632325,53.73771105943873],[-2.106422,53.737736980545584],[-2.1068669379367666,53.73771105943873],[-2.1072947755640596,53.737634292345554],[-2.107689069970421,53.737509629649445],[-2.108034667740027,53.737341862467574],[-2.1083182874274233,53.737137438470114],[-2.108529030004269,53.73690421402806],[-2.1086587976545705,53.73665115222556],[-2.1087026048316977,53.73638797835279]]],[[[-2.1054035142815946,53.78992297831033],[-2.1053596231446448,53.789659806086966],[-2.1052296661455676,53.7894067489816],[-2.105018638814493,53.7891735315693],[-2.1047346517190744,53.78896911586397],[-2.1043886186420724,53.788801356974275],[-2.103993837122424,53.78867670130792],[-2.103565477486728,53.78859993891186],[-2.10312,53.78857401945442],[-2.102674522513272,53.78859993891186],[-2.1022461628775764,53.78867670130792],[-2.101851381357928,53.788801356974275],[-2.101505348280926,53.78896911586397],[-2.101221361185507,53.7891735315693],[-2.101010333854432,53.7894067489816],[-2.1008803768553554,53.789659806086966],[-2.1008364857184056,53.78992297831033],[-2.1008803487544214,53.79018615218472],[-2.101010281930677,53.79043921399182],[-2.101221293343851,53.79067243844076],[-2.101505274849646,53.79087686244634],[-2.1018513135162715,53.79104462963634],[-2.102246110953821,53.79116929233933],[-2.1026744944123386,53.791246059437114],[-2.10312,53.791271980545595],[-2.1035655055876616,53.791246059437114],[-2.1039938890461793,53.79116929233933],[-2.1043886864837282,53.79104462963634],[-2.104734725150354,53.79087686244634],[-2.105018706656149,53.79067243844076],[-2.105229718069323,53.79043921399182],[-2.105359651245579,53.79018615218472],[-2.1054035142815946,53.78992297831033]]],[[[-2.102584139194368,53.727803978359596],[-2.1025403129614033,53.72754080613436],[-2.1024105480688062,53.72728774902365],[-2.102199832659084,53.72705453160335],[-2.1019162653095353,53.72685011588861],[-2.1015707436711315,53.726682356989485],[-2.1011765456297034,53.72655770131514],[-2.1007488190925017,53.72648093891374],[-2.100304,53.72645501945442],[-2.0998591809074982,53.72648093891374],[-2.0994314543702965,53.72655770131514],[-2.0990372563288684,53.726682356989485],[-2.0987403403254214,53.72682651670724],[-2.0986662623569994,53.72677311588864],[-2.0983207413513623,53.7266053569895],[-2.0979265440318304,53.72648070131514],[-2.097498818277917,53.72640393891374],[-2.097054,53.72637801945442],[-2.096609181722083,53.72640393891374],[-2.0961814559681695,53.72648070131514],[-2.0957872586486377,53.7266053569895],[-2.0954417376430006,53.72677311588864],[-2.095158170812774,53.72697753160339],[-2.09494745578897,53.727210749023705],[-2.0948176911340526,53.727463806134416],[-2.0947738649813896,53.727726978359655],[-2.094817663138512,53.727990152232174],[-2.094947404059956,53.728243214033924],[-2.0951581032255606,53.72847643847487],[-2.0954416644871277,53.728680862471],[-2.0957871910614236,53.728848629651566],[-2.0961814042391556,53.72897329234656],[-2.0966091537265426,53.72905005943901],[-2.097054,53.729075980545595],[-2.097498846273458,53.72905005943901],[-2.097926595760845,53.72897329234656],[-2.0983208089385763,53.728848629651566],[-2.0986176457169985,53.72870450334376],[-2.098691661534251,53.72875786247098],[-2.09903718874134,53.72892562965154],[-2.099431402641042,53.72905029234656],[-2.099859152911827,53.729127059438994],[-2.100304,53.7291529805456],[-2.1007488470881728,53.729127059438994],[-2.101176597358958,53.72905029234656],[-2.10157081125866,53.72892562965154],[-2.101916338465749,53.72875786247098],[-2.102199900246612,53.728553438474826],[-2.102410599798061,53.728320214033864],[-2.1025403409570744,53.72806715223211],[-2.102584139194368,53.727803978359596]]],[[[-2.0978253024979696,53.7308149783572],[-2.097781473124628,53.730551806132056],[-2.0976516989369594,53.73029874902161],[-2.0974409684349227,53.730065531601696],[-2.0971573807759696,53.72986111588741],[-2.096811834391608,53.72969335698874],[-2.096417608118584,53.729568701314776],[-2.0959898509489094,53.72949193891363],[-2.095545,53.729466019454414],[-2.095100149051091,53.72949193891363],[-2.0946723918814163,53.729568701314776],[-2.0942781656083924,53.72969335698874],[-2.093932619224031,53.72986111588741],[-2.0936490315650778,53.730065531601696],[-2.093438301063041,53.73029874902161],[-2.0933085268753726,53.730551806132056],[-2.093264697502031,53.7308149783572],[-2.093264855205768,53.730815925896074],[-2.093137995944824,53.73067553160136],[-2.092854404170929,53.73047111588718],[-2.0927287685861646,53.73041012210324],[-2.0924623944676695,53.73021811588726],[-2.0921168451489986,53.730050356988656],[-2.091722615528348,53.729925701314734],[-2.0912948547263563,53.729848938913634],[-2.09085,53.72982301945442],[-2.090405145273644,53.729848938913634],[-2.0899773844716525,53.729925701314734],[-2.0895831548510015,53.730050356988656],[-2.0892376055323307,53.73021811588726],[-2.0889540154651436,53.730422531601505],[-2.0887432831735007,53.730655749021366],[-2.088613507883648,53.73090880613178],[-2.0885696781379277,53.731171978356926],[-2.0886134798822833,53.731435152229544],[-2.088743231433726,53.7316882140316],[-2.0889539478638697,53.73192143847298],[-2.0892375323612398,53.732125862469644],[-2.0893631628498675,53.73218685617466],[-2.089629522656861,53.732378862469545],[-2.0899750796249696,53.732546629650656],[-2.090369327479813,53.73267129234613],[-2.0907971145947872,53.73274805943888],[-2.091242,53.73277398054558],[-2.091686885405212,53.73274805943888],[-2.0921146725201862,53.73267129234613],[-2.09250892037503,53.732546629650656],[-2.0928544773431383,53.732378862469545],[-2.0931380635471304,53.73217443847283],[-2.0933487812453198,53.73194121403142],[-2.093478533577514,53.731688152229346],[-2.093522335585344,53.73142497835672],[-2.0935221935828063,53.7314241257189],[-2.0936489639652613,53.73156443847317],[-2.093932546054517,53.73176886246978],[-2.0942780980085756,53.73193662965081],[-2.0946723401427567,53.732061292346195],[-2.09510012105033,53.73213805943891],[-2.095545,53.732163980545586],[-2.0959898789496703,53.73213805943891],[-2.0964176598572437,53.732061292346195],[-2.096811901991425,53.73193662965081],[-2.0971574539454836,53.73176886246978],[-2.097441036034739,53.73156443847317],[-2.0976517506756185,53.73133121403183],[-2.097781501125388,53.73107815222981],[-2.0978253024979696,53.7308149783572]]],[[[-2.0966979445813276,53.72421497836244],[-2.096654122090831,53.72395180613708],[-2.0965243682754053,53.72369874902608],[-2.0963136708515764,53.723465531605314],[-2.0960301277052595,53.72326111589003],[-2.0956846355572405,53.723093356990354],[-2.0952904711601206,53.72296870131555],[-2.0948627811284135,53.72289193891385],[-2.094418,53.72286601945442],[-2.0939732188715863,53.72289193891385],[-2.093545528839879,53.72296870131555],[-2.0931513644427593,53.723093356990354],[-2.0928058722947407,53.72326111589003],[-2.092522329148424,53.723465531605314],[-2.092311631724595,53.72369874902608],[-2.092181877909169,53.72395180613708],[-2.092138055418672,53.72421497836244],[-2.0921818499195637,53.72447815223485],[-2.0923115800065477,53.724731214036304],[-2.0925222615755388,53.72496443847679],[-2.092805799154377,53.725168862472394],[-2.0931512968698742,53.72533662965243],[-2.0935454771218325,53.72546129234698],[-2.093973190881981,53.72553805943911],[-2.094418,53.725563980545594],[-2.0948628091180193,53.72553805943911],[-2.0952905228781677,53.72546129234698],[-2.095684703130126,53.72533662965243],[-2.096030200845623,53.725168862472394],[-2.096313738424461,53.72496443847679],[-2.0965244199934525,53.724731214036304],[-2.096654150080436,53.72447815223485],[-2.0966979445813276,53.72421497836244]]],[[[-2.077619280042642,53.73040097835754],[-2.077575451101122,53.730137806132376],[-2.0774456781915878,53.7298847490219],[-2.0772349497648444,53.72965153160193],[-2.0769513648985694,53.72944711588758],[-2.076605821916941,53.72927935698885],[-2.0762115995259487,53.72915470131483],[-2.075783846568442,53.72907793891366],[-2.075339,53.72905201945442],[-2.074894153431558,53.72907793891366],[-2.0744664004740514,53.72915470131483],[-2.074072178083059,53.72927935698885],[-2.0737266351014307,53.72944711588758],[-2.0734430502351553,53.72965153160193],[-2.073232321808412,53.7298847490219],[-2.073102548898878,53.730137806132376],[-2.0730587199573582,53.73040097835754],[-2.073102520898817,53.73066415223013],[-2.073232270071046,53.73091721403211],[-2.0734429826370286,53.7311504384734],[-2.0737265619337455,53.73135486246995],[-2.074072110484932,53.73152262965091],[-2.074466348736685,53.73164729234625],[-2.074894125431497,53.731724059438925],[-2.075339,53.731749980545594],[-2.0757838745685024,53.731724059438925],[-2.0762116512633146,53.73164729234625],[-2.0766058895150676,53.73152262965091],[-2.0769514380662546,53.73135486246995],[-2.0772350173629714,53.7311504384734],[-2.077445729928954,53.73091721403211],[-2.077575479101183,53.73066415223013],[-2.077619280042642,53.73040097835754]]],[[[-2.0658989562272865,53.77966797831848],[-2.065855075821901,53.7794048060948],[-2.065725150586703,53.77915174898856],[-2.065514174830314,53.77891853157493],[-2.065230257137841,53.778714115868056],[-2.0648843086247304,53.7785463569768],[-2.064489623580373,53.77842170130912],[-2.0640613686244396,53.77834493891218],[-2.063616,53.77831901945442],[-2.0631706313755607,53.77834493891218],[-2.062742376419627,53.77842170130912],[-2.06234769137527,53.7785463569768],[-2.0620017428621593,53.778714115868056],[-2.061717825169686,53.77891853157493],[-2.061506849413297,53.77915174898856],[-2.061376924178099,53.7794048060948],[-2.0613330437727138,53.77966797831848],[-2.06137689609458,53.77993115219257],[-2.0615067975217194,53.78018421399878],[-2.0617177573700722,53.780417438446406],[-2.062001669476386,53.78062186245042],[-2.062347623575656,53.78078962963886],[-2.062742324528049,53.78091429234053],[-2.0631706032920407,53.78099105943744],[-2.063616,53.7810169805456],[-2.0640613967079595,53.78099105943744],[-2.0644896754719513,53.78091429234053],[-2.0648843764243447,53.78078962963886],[-2.0652303305236144,53.78062186245042],[-2.065514242629928,53.780417438446406],[-2.065725202478281,53.78018421399878],[-2.0658551039054207,53.77993115219257],[-2.0658989562272865,53.77966797831848]]],[[[-2.0643456323884335,53.71845597836699],[-2.0643018159015005,53.71819280614148],[-2.064172079855769,53.717939749029966],[-2.0639614112844153,53.71770653160847],[-2.063677906964258,53.71750211589231],[-2.0633324621239053,53.71733435699176],[-2.0629383516980604,53.717209701316214],[-2.0625107202274657,53.71713293891401],[-2.062066,53.71710701945442],[-2.061621279772535,53.71713293891401],[-2.0611936483019404,53.717209701316214],[-2.0607995378760955,53.71733435699176],[-2.0604540930357427,53.71750211589231],[-2.0601705887155854,53.71770653160847],[-2.059959920144232,53.717939749029966],[-2.0598301840985003,53.71819280614148],[-2.0597863676115673,53.71845597836699],[-2.059830156118624,53.71871915223923],[-2.059959868444162,53.7189722140402],[-2.0601705211661887,53.71920543847994],[-2.0604540199208023,53.71940986247467],[-2.0607994703266983,53.719577629653834],[-2.0611935966018704,53.71970229234765],[-2.061621251792659,53.71977905943929],[-2.062066,53.7198049805456],[-2.062510748207342,53.71977905943929],[-2.0629384033981304,53.71970229234765],[-2.0633325296733025,53.719577629653834],[-2.0636779800791984,53.71940986247467],[-2.063961478833812,53.71920543847994],[-2.0641721315558383,53.7189722140402],[-2.0643018438813767,53.71871915223923],[-2.0643456323884335,53.71845597836699]]],[[[-2.052390228462601,53.72944997835828],[-2.052346400512982,53.7291868061331],[-2.0522166305393297,53.72893374902253],[-2.0520059068795495,53.72870053160244],[-2.051722328428074,53.72849611588795],[-2.0513767932625466,53.72832835698908],[-2.050982579788607,53.72820370131494],[-2.050554836506479,53.72812693891368],[-2.05011,53.728101019454414],[-2.049665163493521,53.72812693891368],[-2.049237420211393,53.72820370131494],[-2.0488432067374536,53.72832835698908],[-2.0484976715719263,53.72849611588795],[-2.0482140931204507,53.72870053160244],[-2.0480033694606705,53.72893374902253],[-2.0478735994870183,53.7291868061331],[-2.047829771537399,53.72944997835828],[-2.047873571488565,53.72971315223085],[-2.0480033177262746,53.72996621403275],[-2.0482140255262054,53.73019943847392],[-2.0484975984084426,53.73040386247032],[-2.0488431391432083,53.73057162965114],[-2.0492373684769976,53.73069629234635],[-2.0496651354950677,53.730773059438945],[-2.05011,53.73079898054559],[-2.0505548645049325,53.730773059438945],[-2.0509826315230026,53.73069629234635],[-2.051376860856792,53.73057162965114],[-2.0517224015915576,53.73040386247032],[-2.052005974473795,53.73019943847392],[-2.0522166822737256,53.72996621403275],[-2.0523464285114352,53.72971315223085],[-2.052390228462601,53.72944997835828]]],[[[-2.0207909923503355,53.70664297837633],[-2.0207471881715255,53.706379806150466],[-2.020617488556093,53.706126749037935],[-2.020406879136257,53.70589353161492],[-2.020123454415033,53.70568911589697],[-2.019778106561861,53.70552135699464],[-2.0193841067845066,53.70539670131758],[-2.0189565953721975,53.705319938914364],[-2.018512,53.70529401945441],[-2.0180674046278027,53.705319938914364],[-2.017639893215493,53.70539670131758],[-2.017245893438139,53.70552135699464],[-2.016900545584967,53.70568911589697],[-2.016617120863743,53.70589353161492],[-2.0164065114439067,53.706126749037935],[-2.0162768118284746,53.706379806150466],[-2.0162330076496646,53.70664297837633],[-2.0162767838685403,53.70690615224821],[-2.0164064597806854,53.707159214048154],[-2.0166170533624905,53.7073924384864],[-2.016900472522138,53.707596862479335],[-2.0172458259368873,53.707764629656715],[-2.0176398415522714,53.707889292348995],[-2.0180673766678687,53.70796605943963],[-2.018512,53.70799198054558],[-2.0189566233321314,53.70796605943963],[-2.019384158447729,53.707889292348995],[-2.019778174063113,53.707764629656715],[-2.020123527477862,53.707596862479335],[-2.0204069466375096,53.7073924384864],[-2.0206175402193147,53.707159214048154],[-2.02074721613146,53.70690615224821],[-2.0207909923503355,53.70664297837633]]],[[[-2.0088218732319705,53.72289897836347],[-2.0087780521135437,53.72263580613808],[-2.0086483023592487,53.722382749026956],[-2.008437611529438,53.72214953160602],[-2.0081540772565503,53.721945115890534],[-2.0078085959203458,53.72177735699067],[-2.0074144438579578,53.72165270131568],[-2.006986767209956,53.721575938913865],[-2.006542,53.72155001945441],[-2.006097232790044,53.721575938913865],[-2.0056695561420423,53.72165270131568],[-2.0052754040796543,53.72177735699067],[-2.00492992274345,53.721945115890534],[-2.004646388470562,53.72214953160602],[-2.0044356976407514,53.722382749026956],[-2.0043059478864564,53.72263580613808],[-2.0042621267680296,53.72289897836347],[-2.004305919899075,53.72316215223583],[-2.004435645926813,53.723415214037175],[-2.0046463209030456,53.7236484384775],[-2.0049298496088968,53.7238528624729],[-2.005275336512138,53.72402062965274],[-2.005669504428104,53.72414529234712],[-2.006097204802662,53.72422205943914],[-2.006542,53.72424798054558],[-2.006986795197338,53.72422205943914],[-2.007414495571896,53.72414529234712],[-2.0078086634878627,53.72402062965274],[-2.0081541503911033,53.7238528624729],[-2.0084376790969545,53.7236484384775],[-2.008648354073187,53.723415214037175],[-2.008778080100925,53.72316215223583],[-2.0088218732319705,53.72289897836347]]],[[[-2.0061696761028234,53.700802978380956],[-2.0061258780055464,53.70053980615491],[-2.005996196390591,53.70028674904189],[-2.005785616197952,53.700053531618124],[-2.0055022308071435,53.69984911589929],[-2.005156930876048,53.699681356996074],[-2.004762985770925,53.69955670131826],[-2.0043355336802935,53.69947993891455],[-2.003891,53.699454019454414],[-2.0034464663197062,53.69947993891455],[-2.003019014229075,53.69955670131826],[-2.002625069123952,53.699681356996074],[-2.002279769192856,53.69984911589929],[-2.0019963838020476,53.700053531618124],[-2.0017858036094087,53.70028674904189],[-2.0016561219944533,53.70053980615491],[-2.001612323897177,53.700802978380956],[-2.001656094044371,53.70106615225266],[-2.001785751964391,53.701319214052106],[-2.0019963163245795,53.701552438489585],[-2.0022796961557714,53.70175686248165],[-2.0026250016464835,53.701924629658144],[-2.003018962584057,53.702049292349685],[-2.003446438369624,53.70212605943981],[-2.003891,53.702151980545594],[-2.004335561630376,53.70212605943981],[-2.004763037415943,53.702049292349685],[-2.0051569983535162,53.701924629658144],[-2.005502303844229,53.70175686248165],[-2.0057856836754206,53.701552438489585],[-2.005996248035609,53.701319214052106],[-2.006125905955629,53.70106615225266],[-2.0061696761028234,53.700802978380956]]]]}},{"type":"Feature","properties":{"species":"Asplenium adiantum-nigrum","locations":[],"common":false,"recordCount":14},"geometry":{"type":"MultiPolygon","coordinates":[[[[-2.162844542875287,53.7720679783245],[-2.1628006704187928,53.7718048061006],[-2.1626707687111653,53.771551748993694],[-2.1624598311562537,53.771318531579084],[-2.162175964870688,53.77111411587105],[-2.16183007899423,53.77094635697865],[-2.1614354654093257,53.770821701309984],[-2.161007287989913,53.770744938912394],[-2.160562,53.77071901945441],[-2.1601167120100873,53.770744938912394],[-2.159688534590675,53.770821701309984],[-2.1592939210057702,53.77094635697865],[-2.158948035129312,53.77111411587105],[-2.1586641688437465,53.771318531579084],[-2.158453231288835,53.771551748993694],[-2.158323329581208,53.7718048061006],[-2.158279457124713,53.7720679783245],[-2.1583233015105847,53.77233115219835],[-2.158453179421086,53.772584214003906],[-2.1586641010752667,53.77281743845055],[-2.1589479617772387,53.77302186245342],[-2.159293853237291,53.7731896296407],[-2.159688482722926,53.773314292341404],[-2.160116683939464,53.77339105943765],[-2.160562,53.773416980545576],[-2.161007316060536,53.77339105943765],[-2.1614355172770745,53.773314292341404],[-2.1618301467627092,53.7731896296407],[-2.1621760382227615,53.77302186245342],[-2.162459898924734,53.77281743845055],[-2.162670820578914,53.772584214003906],[-2.1628006984894155,53.77233115219835],[-2.162844542875287,53.7720679783245]]],[[[-2.113833880496767,53.72303297836337],[-2.113790059238636,53.72276980613798],[-2.113660309070837,53.722516749026866],[-2.1134496175696222,53.72228353160597],[-2.1131660823932417,53.7220791158905],[-2.1128205999561773,53.72191135699065],[-2.112426446637866,53.72178670131568],[-2.11200226528238,53.721710566516066],[-2.1119779951680453,53.72156480613891],[-2.1118482487185823,53.721311749027684],[-2.111637563254793,53.72107853160663],[-2.111354036202846,53.72087411589097],[-2.111008563664984,53.72070635699094],[-2.1106144216402454,53.72058170131582],[-2.110186755883517,53.72050493891391],[-2.109742,53.72047901945442],[-2.1092972441164832,53.72050493891391],[-2.1088695783597546,53.72058170131582],[-2.108475436335016,53.72070635699094],[-2.108129963797154,53.72087411589097],[-2.107846436745207,53.72107853160663],[-2.1076357512814177,53.721311749027684],[-2.1075060048319547,53.72156480613891],[-2.1074621848300783,53.721827978364324],[-2.107505976846382,53.72209115223666],[-2.107635699570823,53.7223442140379],[-2.107846369182059,53.72257743847809],[-2.1081298906673296,53.72278186247334],[-2.108475368771868,53.72294962965301],[-2.1088695266491597,53.72307429234724],[-2.1092936625658165,53.723150421600586],[-2.109317912773756,53.723296152235754],[-2.1094476392148067,53.7235492140371],[-2.1096583148623145,53.72378243847743],[-2.109941844471614,53.72398686247286],[-2.1102873324757594,53.72415462965271],[-2.110681501647777,53.72427929234711],[-2.1111092033852574,53.72435605943915],[-2.111554,53.724381980545594],[-2.111998796614743,53.72435605943915],[-2.1124264983522227,53.72427929234711],[-2.112820667524241,53.72415462965271],[-2.1131661555283863,53.72398686247286],[-2.113449685137686,53.72378243847743],[-2.1136603607851936,53.7235492140371],[-2.1137900872262443,53.723296152235754],[-2.113833880496767,53.72303297836337]]],[[[-2.1033443493998822,53.71323397837112],[-2.1033005383549037,53.71297080614544],[-2.1032080728070466,53.71279042474225],[-2.103168516142201,53.71255280614576],[-2.103038797492996,53.71229974903377],[-2.102828157168211,53.71206653161154],[-2.1025446908588563,53.711862115894526],[-2.1021992923327,53.71169435699314],[-2.101805234744724,53.71156970131686],[-2.101377660605448,53.711492938914176],[-2.100933,53.71146701945442],[-2.1004883393945515,53.711492938914176],[-2.1003878013799615,53.71151098850804],[-2.100131,53.71149601945442],[-2.099686339088037,53.71152193891418],[-2.099258764654022,53.71159870131686],[-2.0988647067944077,53.711723356993126],[-2.098519308030151,53.71189111589454],[-2.0982358415253843,53.71209553161153],[-2.0980252010553846,53.71232874903376],[-2.097895482316744,53.712581806145735],[-2.0978516716770823,53.712844978371436],[-2.0978954543463426,53.7131081522435],[-2.0980251493728215,53.71336121404397],[-2.0982357739988613,53.71359443848301],[-2.0985192349399693,53.7137988624769],[-2.0986576163509274,53.71386607604943],[-2.098757114380837,53.7140602140435],[-2.098967742506465,53.71429343848263],[-2.0992512081575567,53.71449786247663],[-2.099596618224865,53.71466562965502],[-2.099990698476666,53.7147902923482],[-2.1004183037282194,53.71486705943943],[-2.100863,53.71489298054559],[-2.101307696271781,53.71486705943943],[-2.1017353015233344,53.7147902923482],[-2.102129381775135,53.71466562965502],[-2.1024747918424436,53.71449786247663],[-2.1027582574935355,53.71429343848263],[-2.1029688856191635,53.7140602140435],[-2.1030712038295625,53.71386057338587],[-2.103170870100361,53.713750214043706],[-2.103300566325962,53.7134971522432],[-2.1033443493998822,53.71323397837112]]],[[[-2.0966326288654304,53.71839097836704],[-2.0965888124462455,53.71812780614151],[-2.0964590766010396,53.71787474903],[-2.0962484083552777,53.7176415316085],[-2.095964904473262,53.71743711589234],[-2.095619460166762,53.71726935699178],[-2.095225350349967,53.71714470131621],[-2.0947977195402165,53.71706793891401],[-2.094353,53.71704201945442],[-2.0939082804597833,53.71706793891401],[-2.093480649650033,53.71714470131621],[-2.0930865398332377,53.71726935699178],[-2.0927410955267374,53.71743711589234],[-2.092457591644722,53.7176415316085],[-2.0922469233989602,53.71787474903],[-2.092117187553754,53.71812780614151],[-2.0920733711345694,53.71839097836704],[-2.0921171595739874,53.718654152239274],[-2.0922468716990927,53.71890721404022],[-2.09245752409559,53.71914043847997],[-2.092741022412084,53.719344862474706],[-2.0930864722841056,53.719512629653835],[-2.093480597950166,53.71963729234764],[-2.0939082524800168,53.71971405943928],[-2.094353,53.71973998054558],[-2.094797747519983,53.71971405943928],[-2.095225402049834,53.71963729234764],[-2.0956195277158938,53.719512629653835],[-2.0959649775879154,53.719344862474706],[-2.0962484759044098,53.71914043847997],[-2.0964591283009066,53.71890721404022],[-2.096588840426012,53.718654152239274],[-2.0966326288654304,53.71839097836704]]],[[[-2.096023358069214,53.713393978370995],[-2.0959795468575217,53.71313080614532],[-2.0958498264257535,53.71287774903338],[-2.0956391832066377,53.71264453161123],[-2.0953557130024456,53.71244011589431],[-2.0950103097306303,53.71227235699301],[-2.094616246728536,53.7121477013168],[-2.0941886667147145,53.712070938914174],[-2.093744,53.71204501945442],[-2.0932993332852856,53.712070938914174],[-2.0928717532714636,53.7121477013168],[-2.09247769026937,53.71227235699301],[-2.0921322869975545,53.71244011589431],[-2.091848816793362,53.71264453161123],[-2.0916381735742466,53.71287774903338],[-2.091508453142478,53.71313080614532],[-2.0914646419307856,53.713393978370995],[-2.09150842517115,53.71365715224309],[-2.091638121889971,53.71391021404361],[-2.091848749264601,53.714143438482715],[-2.0921322139049505,53.71434786247668],[-2.092477622740609,53.71451562965507],[-2.0928717015871876,53.71464029234822],[-2.093299305313957,53.71471705943943],[-2.093744,53.71474298054559],[-2.094188694686043,53.71471705943943],[-2.094616298412812,53.71464029234822],[-2.0950103772593907,53.71451562965507],[-2.095355786095049,53.71434786247668],[-2.0956392507353985,53.714143438482715],[-2.095849878110029,53.71391021404361],[-2.0959795748288497,53.71365715224309],[-2.096023358069214,53.713393978370995]]],[[[-2.091372642144512,53.71863597836685],[-2.091328825469967,53.71837280614133],[-2.0911990888689296,53.71811974902983],[-2.0909884193959316,53.71788653160836],[-2.0907049138624503,53.717682115892224],[-2.0903594675437254,53.717514356991714],[-2.089965355431269,53.717389701316186],[-2.0895377221306304,53.717312938914006],[-2.089093,53.71728701945441],[-2.08864827786937,53.717312938914006],[-2.0882206445687315,53.717389701316186],[-2.087826532456275,53.717514356991714],[-2.08748108613755,53.717682115892224],[-2.087197580604069,53.71788653160836],[-2.086986911131071,53.71811974902983],[-2.0868571745300337,53.71837280614133],[-2.086813357855488,53.71863597836685],[-2.0868571465498533,53.71889915223908],[-2.0869868594304393,53.71915221404006],[-2.087197513053938,53.71938543847983],[-2.087481013021815,53.71958986247459],[-2.0878264649061444,53.71975762965377],[-2.0882205928680992,53.719882292347606],[-2.08864824988919,53.71995905943927],[-2.089093,53.71998498054559],[-2.0895377501108103,53.71995905943927],[-2.089965407131901,53.719882292347606],[-2.090359535093856,53.71975762965377],[-2.090704986978185,53.71958986247459],[-2.090988486946062,53.71938543847983],[-2.091199140569561,53.71915221404006],[-2.0913288534501473,53.71889915223908],[-2.091372642144512,53.71863597836685]]],[[[-2.082397740524232,53.720450978365406],[-2.082353921957815,53.72018780613994],[-2.082224179757106,53.71993474902861],[-2.0820135011919785,53.71970153160737],[-2.0817299834234118,53.7194971158915],[-2.0813845221968688,53.71932935699126],[-2.0809903930767257,53.719204701315974],[-2.0805627413220282,53.71912793891395],[-2.080118,53.71910201945441],[-2.0796732586779716,53.71912793891395],[-2.0792456069232745,53.719204701315974],[-2.078851477803131,53.71932935699126],[-2.078506016576588,53.7194971158915],[-2.078222498808022,53.71970153160737],[-2.0780118202428937,53.71993474902861],[-2.078006694224989,53.719944747126966],[-2.0779868186403685,53.719966749028586],[-2.077857076340927,53.72021980613994],[-2.0778132577411528,53.72048297836539],[-2.077857048357627,53.72074615223768],[-2.077986766933972,53.72099921403882],[-2.0781974298081445,53.72123243847882],[-2.0784809422262134,53.72143686247388],[-2.0788264092818336,53.72160462965333],[-2.0792205545531197,53.721729292347405],[-2.079648230356292,53.72180605943922],[-2.080093,53.72183198054559],[-2.0805377696437084,53.72180605943922],[-2.0809654454468807,53.721729292347405],[-2.081359590718167,53.72160462965333],[-2.081705057773787,53.72143686247388],[-2.081988570191856,53.72123243847882],[-2.0821992330660284,53.72099921403882],[-2.0822043581450074,53.72098921576599],[-2.0822242314634027,53.72096721403883],[-2.0823539499410613,53.720714152237704],[-2.082397740524232,53.720450978365406]]],[[[-2.078972568488737,53.71727697836792],[-2.078928753230614,53.71701380614237],[-2.0787990208219864,53.71676074903076],[-2.078588358156163,53.71652753160911],[-2.078304861782951,53.71632311589277],[-2.0779594266255392,53.71615535699205],[-2.0775653272465444,53.71603070131635],[-2.077137707762249,53.71595393891405],[-2.076693,53.71592801945442],[-2.0762482922377514,53.71595393891405],[-2.0758206727534554,53.71603070131635],[-2.0754265733744606,53.71615535699205],[-2.0750811382170493,53.71632311589277],[-2.0747976418438374,53.71652753160911],[-2.074586979178014,53.71676074903076],[-2.074457246769386,53.71701380614237],[-2.074413431511263,53.71727697836792],[-2.0744572187915007,53.717540152240126],[-2.074586927481623,53.717793214040974],[-2.0747975742992475,53.71802643848057],[-2.0750810651073124,53.71823086247513],[-2.075426505829871,53.71839862965412],[-2.0758206210570647,53.71852329234777],[-2.076248264259866,53.71860005943931],[-2.076693,53.71862598054559],[-2.0771377357401337,53.71860005943931],[-2.077565378942935,53.71852329234777],[-2.077959494170129,53.71839862965412],[-2.0783049348926874,53.71823086247513],[-2.0785884257007523,53.71802643848057],[-2.078799072518377,53.717793214040974],[-2.078928781208499,53.717540152240126],[-2.078972568488737,53.71727697836792]]]]}},{"type":"Feature","properties":{"species":"Cystopteris fragilis","locations":[],"common":false,"recordCount":3},"geometry":{"type":"MultiPolygon","coordinates":[[[[-2.162589032810539,53.76268497833195],[-2.1625451701627503,53.76242180610776],[-2.1624152974874833,53.762168749000054],[-2.162204407072121,53.761935531584236],[-2.161920604221233,53.76173111587478],[-2.161574795636644,53.76156335698094],[-2.1611802702306955,53.76143870131108],[-2.1607521884891714,53.76136193891268],[-2.160307,53.76133601945441],[-2.1598618115108286,53.76136193891268],[-2.159433729769305,53.76143870131108],[-2.1590392043633564,53.76156335698094],[-2.1586933957787675,53.76173111587478],[-2.1584095929278795,53.761935531584236],[-2.158198702512517,53.762168749000054],[-2.1580688298372497,53.76242180610776],[-2.1580249671894616,53.76268497833195],[-2.158068801782538,53.76294815220551],[-2.158198650674168,53.763201214010266],[-2.1584095251978126,53.76343443845571],[-2.1586933224682703,53.76363886245714],[-2.1590391366332895,53.763806629643014],[-2.1594336779309553,53.7639312923425],[-2.159861783456116,53.76400805943795],[-2.160307,53.76403398054559],[-2.160752216543884,53.76400805943795],[-2.161180322069045,53.7639312923425],[-2.161574863366711,53.763806629643014],[-2.1619206775317297,53.76363886245714],[-2.162204474802188,53.76343443845571],[-2.1624153493258325,53.763201214010266],[-2.1625451982174626,53.76294815220551],[-2.162589032810539,53.76268497833195]]],[[[-2.1060842046344117,53.710561978373235],[-2.106040396373316,53.710298806147485],[-2.105910684674896,53.71004574903529],[-2.105700055636033,53.709812531612776],[-2.105416604513902,53.70960811589542],[-2.1050712244925918,53.70944035699368],[-2.104677188015996,53.709315701317124],[-2.104249636783459,53.709238938914254],[-2.103805,53.70921301945442],[-2.1033603632165407,53.709238938914254],[-2.102932811984004,53.709315701317124],[-2.102538775507408,53.70944035699368],[-2.102193395486098,53.70960811589542],[-2.101909944363967,53.709812531612776],[-2.101699315325104,53.71004574903529],[-2.1015696036266838,53.710298806147485],[-2.101525795365588,53.710561978373235],[-2.101569575660136,53.71082515224523],[-2.101699263649661,53.711078214045514],[-2.101909876846748,53.71131143848426],[-2.1021933224059866,53.711515862477796],[-2.102538707990189,53.71168362965576],[-2.102932760308562,53.71180829234855],[-2.1033603352499926,53.71188505943951],[-2.103805,53.711910980545596],[-2.1042496647500073,53.71188505943951],[-2.104677239691438,53.71180829234855],[-2.1050712920098107,53.71168362965576],[-2.1054166775940133,53.711515862477796],[-2.1057001231532517,53.71131143848426],[-2.1059107363503387,53.711078214045514],[-2.106040424339864,53.71082515224523],[-2.1060842046344117,53.710561978373235]]],[[[-2.1035893388342473,53.71303897837128],[-2.103545527992449,53.71277580614559],[-2.1034158086555146,53.712522749033624],[-2.103205167214071,53.712289531611425],[-2.102921699402053,53.71208511589445],[-2.102576299044978,53.711917356993084],[-2.102182239368187,53.71179270131683],[-2.1017546629624584,53.71171593891418],[-2.10131,53.711690019454416],[-2.1008653370375416,53.71171593891418],[-2.100437760631813,53.71179270131683],[-2.1000437009550215,53.711917356993084],[-2.099698300597947,53.71208511589445],[-2.099414832785929,53.712289531611425],[-2.0992041913444854,53.712522749033624],[-2.099074472007551,53.71277580614559],[-2.0990306611657528,53.71303897837128],[-2.099074444036822,53.713302152243344],[-2.099204139661317,53.71355521404384],[-2.0994147652586155,53.71378843848291],[-2.0996982275069094,53.71399286247683],[-2.100043633427708,53.714160629655154],[-2.1004377089486446,53.714285292348265],[-2.100865309066813,53.71436205943944],[-2.10131,53.71438798054559],[-2.1017546909331872,53.71436205943944],[-2.102182291051355,53.714285292348265],[-2.102576366572292,53.714160629655154],[-2.1029217724930906,53.71399286247683],[-2.1032052347413845,53.71378843848291],[-2.103415860338683,53.71355521404384],[-2.103545555963178,53.713302152243344],[-2.1035893388342473,53.71303897837128]]]]}},{"type":"Feature","properties":{"species":"Cyrtomium fortunei","locations":[],"common":false,"recordCount":2},"geometry":{"type":"MultiPolygon","coordinates":[[[[-2.1091556118468135,53.718076978367286],[-2.109111795754902,53.717813806141756],[-2.1089820608783776,53.717560749030206],[-2.1087713942054553,53.71732753160866],[-2.1084878924399755,53.71712311589246],[-2.1081424507123656,53.71695535699185],[-2.107748343837714,53.71683070131625],[-2.1073207162203147,53.71675393891402],[-2.106876,53.716728019454415],[-2.1064312837796857,53.71675393891402],[-2.1060036561622866,53.71683070131625],[-2.1056095492876348,53.71695535699185],[-2.1052641075600245,53.71712311589246],[-2.104980605794545,53.71732753160866],[-2.104769939121623,53.717560749030206],[-2.1046402042450985,53.717813806141756],[-2.104596388153187,53.718076978367286],[-2.104640176265862,53.718340152239506],[-2.1047698874227354,53.71859321404044],[-2.1049805382466937,53.71882643848014],[-2.105264034446757,53.719030862474824],[-2.1056094817397835,53.71919862965392],[-2.106003604463399,53.71932329234768],[-2.1064312558004494,53.71940005943929],[-2.106876,53.71942598054559],[-2.1073207441995505,53.71940005943929],[-2.107748395536601,53.71932329234768],[-2.108142518260217,53.71919862965392],[-2.1084879655532434,53.719030862474824],[-2.1087714617533067,53.71882643848014],[-2.108982112577265,53.71859321404044],[-2.1091118237341377,53.718340152239506],[-2.1091556118468135,53.718076978367286]]],[[[-2.101325472837386,53.71551197836933],[-2.101281659418667,53.71524880614371],[-2.1011519324544143,53.714995749031964],[-2.1009412786285684,53.71476253161008],[-2.1006577941511257,53.714558115893475],[-2.1003123734880935,53.71439035699248],[-2.099918290645111,53.714265701316556],[-2.0994906891030864,53.714188938914106],[-2.0990460000000004,53.71416301945442],[-2.098601310896914,53.714188938914106],[-2.0981737093548896,53.714265701316556],[-2.097779626511907,53.71439035699248],[-2.0974342058488746,53.714558115893475],[-2.097150721371432,53.71476253161008],[-2.096940067545586,53.714995749031964],[-2.0968103405813334,53.71524880614371],[-2.0967665271626146,53.71551197836933],[-2.096810312606429,53.71577515224148],[-2.0969400158547025,53.71602821404218],[-2.0971506538340376,53.71626143848156],[-2.097434132746926,53.71646586247584],[-2.0977795589745125,53.71663362965456],[-2.098173657664006,53.71675829234798],[-2.0986012829220098,53.716835059439376],[-2.0990460000000004,53.7168609805456],[-2.0994907170779906,53.716835059439376],[-2.0999183423359944,53.71675829234798],[-2.100312441025488,53.71663362965456],[-2.1006578672530742,53.71646586247584],[-2.1009413461659627,53.71626143848156],[-2.101151984145298,53.71602821404218],[-2.1012816873935716,53.71577515224148],[-2.101325472837386,53.71551197836933]]]]}},{"type":"Feature","properties":{"species":"Polystichum setiferum","locations":[],"common":false,"recordCount":10},"geometry":{"type":"MultiPolygon","coordinates":[[[[-2.1167110949974024,53.72698897836025],[-2.116667269614359,53.72672580613498],[-2.1165375072374073,53.7264727490242],[-2.1163267959123133,53.726239531603795],[-2.116043234059361,53.72603511588893],[-2.115697719118276,53.72586735698968],[-2.1153035287175292,53.725742701315234],[-2.11487581047079,53.72566593891377],[-2.114706445591508,53.72565606988777],[-2.114453709056473,53.72553335698976],[-2.114059521786891,53.72540870131526],[-2.113631806937598,53.72533193891377],[-2.113187,53.72530601945442],[-2.112742193062402,53.72533193891377],[-2.1123144782131087,53.72540870131526],[-2.111920290943527,53.72553335698976],[-2.1115747787470145,53.72570111588906],[-2.111291219146578,53.72590553160397],[-2.11121348339894,53.725991570997216],[-2.11120521499865,53.72599753160393],[-2.110994504886376,53.72623074902436],[-2.110864743256377,53.726483806135164],[-2.110820918125695,53.726746978360424],[-2.110864715262493,53.72701015223291],[-2.110994453160423,53.72726321403458],[-2.111205147415435,53.72749643847539],[-2.1114887020679904,53.72770086247139],[-2.1118342205888174,53.7278686296518],[-2.111900621660883,53.72788962826371],[-2.111921219654814,53.727899629651795],[-2.1123154239347737,53.728024292346674],[-2.112743163767328,53.728101059439034],[-2.113188,53.72812698054559],[-2.113211573981494,53.72812560686323],[-2.1135584195557615,53.728235292346646],[-2.1139861615349167,53.72831205943902],[-2.114431,53.7283379805456],[-2.1148758384650836,53.72831205943902],[-2.115303580444239,53.728235292346646],[-2.1156977867024787,53.72811062965175],[-2.116043307211975,53.727942862471295],[-2.1163268634965156,53.727738438475264],[-2.116537558964116,53.72750521403443],[-2.116667297608652,53.72725215223274],[-2.1167110949974024,53.72698897836025]]],[[[-2.1029815095251125,53.71618897836878],[-2.102937695400878,53.71592580614319],[-2.102807966348398,53.7156727490315],[-2.102597309131919,53.715439531609704],[-2.102313820091773,53.7152351158932],[-2.1019683938693228,53.715067356992314],[-2.1015743046838398,53.714942701316474],[-2.101146696259935,53.71486593891408],[-2.100702,53.71484001945442],[-2.100257303740065,53.71486593891408],[-2.0998296953161604,53.714942701316474],[-2.0994356061306774,53.715067356992314],[-2.0990901799082273,53.7152351158932],[-2.098806690868081,53.715439531609704],[-2.098596033651602,53.7156727490315],[-2.098466304599122,53.71592580614319],[-2.098422490474887,53.71618897836878],[-2.098466276623074,53.716452152240954],[-2.098595981958606,53.71670521404171],[-2.0988066233279277,53.71693843848117],[-2.0990901068032914,53.71714286247556],[-2.099435538590523,53.717310629654385],[-2.0998296436231643,53.71743529234789],[-2.1002572757640174,53.71751205943934],[-2.100702,53.717537980545586],[-2.1011467242359827,53.71751205943934],[-2.101574356376836,53.71743529234789],[-2.1019684614094767,53.717310629654385],[-2.1023138931967087,53.71714286247556],[-2.1025973766720725,53.71693843848117],[-2.102808018041394,53.71670521404171],[-2.102937723376926,53.716452152240954],[-2.1029815095251125,53.71618897836878]]],[[[-2.1025450795049934,53.74513397834587],[-2.102501235189568,53.74487080612115],[-2.102371416775467,53.74461774901193],[-2.102160614463413,53.74438453159386],[-2.1018769301712585,53.74418011588174],[-2.1015312660443435,53.744012356985245],[-2.101136905443921,53.74388770131311],[-2.100709002523349,53.74381093891321],[-2.100264,53.74378501945442],[-2.099818997476651,53.74381093891321],[-2.0993910945560788,53.74388770131311],[-2.0989967339556563,53.744012356985245],[-2.0986510698287417,53.74418011588174],[-2.098367385536587,53.74438453159386],[-2.098156583224533,53.74461774901193],[-2.098026764810432,53.74487080612115],[-2.0979829204950065,53.74513397834587],[-2.098026736785448,53.7453971522189],[-2.0981565314411155,53.74565021402215],[-2.098367317878292,53.74588343846532],[-2.098650996595931,53.74608786246411],[-2.098996666297361,53.74625562964731],[-2.099391042772661,53.74638029234455],[-2.0998189694516673,53.74645705943848],[-2.100264,53.7464829805456],[-2.100709030548333,53.74645705943848],[-2.101136957227339,53.74638029234455],[-2.101531333702639,53.74625562964731],[-2.1018770034040695,53.74608786246411],[-2.1021606821217085,53.74588343846532],[-2.1023714685588843,53.74565021402215],[-2.1025012632145517,53.7453971522189],[-2.1025450795049934,53.74513397834587]]],[[[-2.1019362443450706,53.711294978372656],[-2.1018924353203277,53.71103180614691],[-2.1017627213616183,53.710778749034795],[-2.1015520886527455,53.710545531612375],[-2.101268632591962,53.71034111589514],[-2.100923246553158,53.71017335699351],[-2.1005292032114644,53.710048701317035],[-2.1001016445300063,53.70997193891422],[-2.099657,53.709946019454414],[-2.099212355469994,53.70997193891422],[-2.098784796788536,53.710048701317035],[-2.0983907534468416,53.71017335699351],[-2.098045367408038,53.71034111589514],[-2.0977619113472548,53.710545531612375],[-2.097551278638382,53.710778749034795],[-2.0974215646796726,53.71103180614691],[-2.0973777556549296,53.711294978372656],[-2.0974215367118876,53.71155815224468],[-2.097551226960653,53.711811214045014],[-2.0977618438270484,53.712044438483844],[-2.098045294324694,53.71224886247751],[-2.0983906859266357,53.71241662965557],[-2.0987847451108075,53.712541292348455],[-2.0992123275022085,53.712618059439485],[-2.099657,53.712643980545586],[-2.1001016724977912,53.712618059439485],[-2.1005292548891927,53.712541292348455],[-2.1009233140733645,53.71241662965557],[-2.1012687056753063,53.71224886247751],[-2.1015521561729518,53.712044438483844],[-2.1017627730393467,53.711811214045014],[-2.1018924632881126,53.71155815224468],[-2.1019362443450706,53.711294978372656]]],[[[-2.090826661819594,53.71899897836657],[-2.0907828447666907,53.71873580614106],[-2.090653107045768,53.7184827490296],[-2.090442435754424,53.71824953160817],[-2.090158927774033,53.718045115892096],[-2.0898134784738747,53.717877356991636],[-2.0894193629600304,53.71775270131615],[-2.0889917259687416,53.717675938914006],[-2.088881795420724,53.717669531956474],[-2.0888633611141207,53.717663701316155],[-2.0884357250277095,53.717586938914],[-2.087991,53.71756101945442],[-2.087546274972291,53.717586938914],[-2.0871186388858796,53.717663701316155],[-2.0867245242059913,53.717788356991655],[-2.0863790756368243,53.71795611589213],[-2.0860955682563698,53.71816053160822],[-2.0858848974108497,53.71839374902966],[-2.0857551599645014,53.71864680614112],[-2.0857113430043643,53.71890997836664],[-2.0857551319838583,53.71917315223889],[-2.0858848457093626,53.71942621403988],[-2.0860955007051216,53.719659438479695],[-2.0863790025198807,53.71986386247449],[-2.086724456654743,53.72003162965372],[-2.087118587184393,53.72015629234759],[-2.0875462469916477,53.72023305943927],[-2.087656163602763,53.72023946560204],[-2.087674585338205,53.72024529234758],[-2.088102246050465,53.72032205943927],[-2.088547,53.7203479805456],[-2.0889917539495353,53.72032205943927],[-2.0894194146617955,53.72024529234758],[-2.089813546025486,53.72012062965371],[-2.0901590008913695,53.719952862474464],[-2.0904425033060345,53.71974843847965],[-2.0906531587475325,53.71951521403982],[-2.090782872747484,53.71926215223882],[-2.090826661819594,53.71899897836657]]],[[[-2.0802606113590234,53.7180679783673],[-2.0802167952764923,53.71780480614177],[-2.0800870604277324,53.71755174903023],[-2.0798763937998905,53.71731853160868],[-2.079592892095076,53.717114115892464],[-2.079247450441382,53.71694635699186],[-2.078853343651059,53.71682170131627],[-2.078425716125159,53.716744938914026],[-2.077981,53.716719019454416],[-2.077536283874841,53.716744938914026],[-2.077108656348941,53.71682170131627],[-2.0767145495586177,53.71694635699186],[-2.0763691079049242,53.717114115892464],[-2.076085606200109,53.71731853160868],[-2.0758749395722673,53.71755174903023],[-2.075745204723508,53.71780480614177],[-2.0757013886409763,53.7180679783673],[-2.0757451767442867,53.71833115223953],[-2.0758748878734083,53.718584214040455],[-2.0760855386522943,53.71881743848015],[-2.0763690347916963,53.71902186247483],[-2.0767144820108028,53.71918962965393],[-2.077108604650082,53.71931429234768],[-2.07753625589562,53.7193910594393],[-2.077981,53.719416980545596],[-2.0784257441043796,53.7193910594393],[-2.0788533953499178,53.71931429234768],[-2.079247517989197,53.71918962965393],[-2.0795929652083034,53.71902186247483],[-2.0798764613477054,53.71881743848015],[-2.0800871121265914,53.718584214040455],[-2.080216823255713,53.71833115223953],[-2.0802606113590234,53.7180679783673]]]]}},{"type":"Feature","properties":{"species":"Huperzia selago","locations":[],"common":false,"recordCount":33},"geometry":{"type":"MultiPolygon","coordinates":[[[[-2.1318396004904203,53.75472797833826],[-2.1317957461562833,53.75446480611384],[-2.1316658980882313,53.754211749005435],[-2.1314550476273544,53.7539785315886],[-2.1311712985423616,53.753774115877945],[-2.1308255554687294,53.7536063569829],[-2.1304311048014046,53.75348170131201],[-2.1300031041544414,53.75340493891293],[-2.129558,53.753379019454414],[-2.1291128958455583,53.75340493891293],[-2.128684895198595,53.75348170131201],[-2.1282904445312703,53.7536063569829],[-2.1279447014576385,53.753774115877945],[-2.1276609523726453,53.7539785315886],[-2.127450101911769,53.754211749005435],[-2.1273202538437164,53.75446480611384],[-2.1272763995095794,53.75472797833826],[-2.1273202258024875,53.754991152211595],[-2.1274500500983335,53.75524421401566],[-2.1276608846751293,53.75547743846007],[-2.1279446281823753,53.755681862460314],[-2.128290376833754,53.755849629644956],[-2.1286848433851597,53.75597429234343],[-2.129112867804329,53.75605105943819],[-2.129558,53.7560769805456],[-2.1300031321956707,53.75605105943819],[-2.13043115661484,53.75597429234343],[-2.1308256231662455,53.755849629644956],[-2.131171371817625,53.755681862460314],[-2.1314551153248704,53.75547743846007],[-2.131665949901666,53.75524421401566],[-2.1317957741975126,53.754991152211595],[-2.1318396004904203,53.75472797833826]]],[[[-2.130873262012352,53.78528797831402],[-2.1308293757266212,53.78502480609051],[-2.130699433086451,53.78477174898475],[-2.1304884290697865,53.78453853157184],[-2.130204473348068,53.78433411586582],[-2.129858478498293,53.78416635697542],[-2.129463740590437,53.78404170130846],[-2.129035428275376,53.78396493891201],[-2.12859,53.78393901945442],[-2.128144571724624,53.78396493891201],[-2.1277162594095627,53.78404170130846],[-2.1273215215017065,53.78416635697542],[-2.1269755266519317,53.78433411586582],[-2.126691570930213,53.78453853157184],[-2.12664295142263,53.78459226948619],[-2.126563507867003,53.78461735697529],[-2.12621750929807,53.78478511586563],[-2.1259335505239783,53.78498953157159],[-2.1257225442390353,53.78522274898444],[-2.1255926002018755,53.78547580609016],[-2.1255487134441657,53.78573897831365],[-2.125592572108048,53.78600215218792],[-2.1257224923284115,53.78625521399465],[-2.1259334826994793,53.78648843844306],[-2.1262174358853616,53.78669286244801],[-2.126563440042504,53.78686062963737],[-2.1269581981072623,53.78698529233982],[-2.1273865388429836,53.78706205943725],[-2.127832,53.78708798054559],[-2.1282774611570163,53.78706205943725],[-2.1287058018927376,53.78698529233982],[-2.1291005599574957,53.78686062963737],[-2.1294465641146387,53.78669286244801],[-2.1294988485981863,53.78665522172392],[-2.1297065517634253,53.78658962963742],[-2.1300525536856707,53.7864218624481],[-2.130336505037503,53.786217438443195],[-2.1305474940458455,53.78598421399484],[-2.13056172701125,53.78595649049505],[-2.13069948499566,53.785804213994965],[-2.130829403819683,53.78555115218827],[-2.130873262012352,53.78528797831402]]],[[[-2.1222530056227127,53.74377297834694],[-2.1222091627280664,53.743509806122184],[-2.122079348519268,53.74325674901285],[-2.1218685530353225,53.7430235315946],[-2.1216551232108802,53.742869734490014],[-2.121623326002472,53.74280774901315],[-2.121412532771027,53.74257453159485],[-2.121128860698452,53.742370115882466],[-2.1207832114604632,53.742202356985686],[-2.1203888678461733,53.742077701313335],[-2.1203595864427744,53.742072448234865],[-2.1203235083101823,53.74203253159514],[-2.120039839896471,53.74182811588267],[-2.119694195116617,53.741660356985825],[-2.1192998565884213,53.741535701313396],[-2.1188719776171467,53.74145893891329],[-2.118427,53.74143301945442],[-2.1179820223828534,53.74145893891329],[-2.1175541434115788,53.741535701313396],[-2.117159804883383,53.741660356985825],[-2.1168141601035293,53.74182811588267],[-2.1165304916898173,53.74203253159514],[-2.1163197011773445,53.74226574901353],[-2.1161898900303826,53.742518806122945],[-2.11614604817019,53.74278197834773],[-2.1161898620093798,53.7430451522207],[-2.1163196494012824,53.74329821402374],[-2.116530424041132,53.74353143846662],[-2.11681408688112,53.743735862465044],[-2.1171597372346977,53.74390362964788],[-2.1175540916355167,53.74402829234482],[-2.1175833410027938,53.74403353977322],[-2.117619399578073,53.74407343846633],[-2.117832810926409,53.74422723315607],[-2.1178645997015715,53.74428921402306],[-2.118075379311944,53.74452243846608],[-2.1183590488416026,53.744726862464645],[-2.118704707346938,53.74489462964764],[-2.1190990710483146,53.7450192923447],[-2.1195269838665376,53.74509605943851],[-2.119972,53.74512198054559],[-2.1204170161334632,53.74509605943851],[-2.1208449289516857,53.7450192923447],[-2.1212392926530623,53.74489462964764],[-2.121584951158398,53.744726862464645],[-2.1218686206880566,53.74452243846608],[-2.1220794002984293,53.74428921402306],[-2.122209190750746,53.744036152219934],[-2.1222530056227127,53.74377297834694]]],[[[-2.116192060481142,53.79995397830236],[-2.116148158840597,53.79969080607929],[-2.1160181707524006,53.79943774897479],[-2.115878158709682,53.79928305130151],[-2.115865161694851,53.79925774897492],[-2.1156540847907768,53.79902453156388],[-2.1153700309860404,53.79882011586007],[-2.115023916627193,53.79865235697186],[-2.114629042376598,53.79852770130676],[-2.114200582123913,53.798450938911564],[-2.113755,53.79842501945442],[-2.113309417876087,53.798450938911564],[-2.112880957623402,53.79852770130676],[-2.112486083372807,53.79865235697186],[-2.1121399690139597,53.79882011586007],[-2.1118559152092233,53.79902453156388],[-2.111644838305149,53.79925774897492],[-2.1115148507749932,53.79951080607943],[-2.1115028785821535,53.799582574744484],[-2.111402886678709,53.79965453156353],[-2.1111918066032933,53.79988774897449],[-2.1110618171199675,53.80014080607896],[-2.1110179150080723,53.800403978302],[-2.11106178900122,53.80066715217671],[-2.1111917546466237,53.80092021398471],[-2.1114028187940486,53.801153438435],[-2.111686871273225,53.801357862442174],[-2.1117736370170994,53.80139991788107],[-2.1118388678451376,53.80144686244215],[-2.1121849937316375,53.801614629633754],[-2.1125798906806734,53.80173929233812],[-2.1130083821175405,53.80181605943681],[-2.1134540000000004,53.801841980545596],[-2.11389961788246,53.80181605943681],[-2.114328109319327,53.80173929233812],[-2.114723006268363,53.801614629633754],[-2.1150691321548627,53.80144686244215],[-2.115210167908372,53.801345363476955],[-2.1153721252216715,53.80126686244221],[-2.1156561770844364,53.80106243843506],[-2.1158672407738592,53.80082921398478],[-2.115997206137264,53.80057615217678],[-2.11601410943491,53.80047475917226],[-2.1160182227076567,53.80047021398502],[-2.1161481869585796,53.80021715217706],[-2.116192060481142,53.79995397830236]]],[[[-2.1108636452011935,53.73713197835221],[-2.110856232928025,53.737087478260044],[-2.1108636403719516,53.73704297835228],[-2.11081980450119,53.73677980612732],[-2.1106900110820854,53.7365267490174],[-2.1104792493541584,53.73629353159829],[-2.110195619675193,53.73608911588495],[-2.110112528638462,53.73604878209387],[-2.110043616222252,53.73599911588498],[-2.1096980193786914,53.73583135698725],[-2.109303735538944,53.735706701314065],[-2.1088759159069443,53.73562993891347],[-2.108431,53.73560401945442],[-2.1079860840930555,53.73562993891347],[-2.1075582644610558,53.735706701314065],[-2.1071639806213085,53.73583135698725],[-2.1068183837777474,53.73599911588498],[-2.1066114568716503,53.736148251200625],[-2.1062997426607653,53.73604970131402],[-2.1058719195376003,53.73597293891345],[-2.105427,53.735947019454414],[-2.1049820804623995,53.73597293891345],[-2.104554257339235,53.73604970131402],[-2.1041599702819496,53.73617435698716],[-2.1038143706181067,53.73634211588485],[-2.1035307392318283,53.73654653159816],[-2.1033199762351638,53.73677974901723],[-2.1031901820346683,53.737032806127125],[-2.1031463458999102,53.73729597835207],[-2.103190154022948,53.737559152224875],[-2.103319924476253,53.73781221402745],[-2.103438140899061,53.73794303886647],[-2.1034671243256584,53.73811715222446],[-2.1035968965015903,53.738370214027086],[-2.103807646428667,53.738603438469326],[-2.1040912760085067,53.738807862467],[-2.1044368858326377,53.73897562964909],[-2.1048311939923283,53.739100292345384],[-2.105259046543142,53.739177059438695],[-2.105704,53.7392029805456],[-2.106148953456857,53.739177059438695],[-2.1065768060076713,53.739100292345384],[-2.1069711141673615,53.73897562964909],[-2.1073167239914925,53.738807862467],[-2.107600353571333,53.738603438469326],[-2.1077907456745946,53.73839274282304],[-2.108138054186906,53.738455059438714],[-2.108583,53.738480980545596],[-2.1090279458130943,53.738455059438714],[-2.1094557910139597,53.738378292345466],[-2.1098500924000305,53.738253629649265],[-2.110195696287216,53.73808586246728],[-2.1104793209949517,53.737881438469714],[-2.110690067301983,53.73764821402756],[-2.1108198372490072,53.737395152225005],[-2.1108636452011935,53.73713197835221]]],[[[-2.1096610069410136,53.798970978303146],[-2.109617106330063,53.79870780608005],[-2.1094871212893156,53.798454748975466],[-2.1092760484272683,53.79822153156434],[-2.108992000061801,53.79801711586039],[-2.1086458923304203,53.797849356972065],[-2.108251025640816,53.79772470130686],[-2.1078225735921245,53.797647938911595],[-2.107377,53.79762201945442],[-2.1069314264078756,53.797647938911595],[-2.1065029743591843,53.79772470130686],[-2.1061081076695793,53.797849356972065],[-2.105761999938199,53.79801711586039],[-2.1054779515727313,53.79822153156434],[-2.1052668787106845,53.798454748975466],[-2.105136893669937,53.79870780608005],[-2.105092993058986,53.798970978303146],[-2.1051368655536264,53.79923415217782],[-2.1052668267585166,53.79948721398569],[-2.1054778836939527,53.7997204384358],[-2.1057619264667387,53.79992486244275],[-2.1061080397908007,53.80009262963412],[-2.106502922407016,53.800217292338296],[-2.1069313982915645,53.80029405943686],[-2.107377,53.8003199805456],[-2.1078226017084356,53.80029405943686],[-2.1082510775929837,53.800217292338296],[-2.108645960209199,53.80009262963412],[-2.1089920735332615,53.79992486244275],[-2.109276116306047,53.7997204384358],[-2.1094871732414835,53.79948721398569],[-2.109617134446373,53.79923415217782],[-2.1096610069410136,53.798970978303146]]],[[[-2.1064934575835013,53.80724297829657],[-2.1064495483065473,53.80697980607372],[-2.1063195376156894,53.80672674896985],[-2.106108423105822,53.80649353155978],[-2.10582431869578,53.80628911585709],[-2.1054781426769917,53.80612135697003],[-2.1050831980812337,53.80599670130589],[-2.1046546615010793,53.80591993891133],[-2.104209,53.80589401945442],[-2.1037633384989207,53.80591993891133],[-2.1033348019187663,53.80599670130589],[-2.1029398573230083,53.80612135697003],[-2.10259368130422,53.80628911585709],[-2.102524127876285,53.80633916018003],[-2.1024416778365813,53.80637911585707],[-2.1021575728166155,53.806583531559745],[-2.101946457853502,53.806816748969794],[-2.101816446883498,53.807069806073656],[-2.101772537512234,53.8073329782965],[-2.1018156358663482,53.80759145687791],[-2.1015336258582646,53.80772811585651],[-2.101249511695826,53.80793253155898],[-2.1010383899387612,53.80816574896887],[-2.100908374784491,53.808418806072616],[-2.1008887517830805,53.80853641337357],[-2.1007363628015225,53.80870474896851],[-2.1006063459753106,53.80895780607222],[-2.1005624346255005,53.809220978294995],[-2.100606317841567,53.80948415216997],[-2.100736310817142,53.80973721397873],[-2.1009474193524347,53.809970438430156],[-2.1012315315718553,53.81017486243867],[-2.101577729520734,53.8103426296316],[-2.101972708687666,53.81046729233709],[-2.1024012893378785,53.81054405943654],[-2.102847,53.810569980545594],[-2.1032927106621213,53.81054405943654],[-2.1037212913123344,53.81046729233709],[-2.104116270479266,53.8103426296316],[-2.104462468428145,53.81017486243867],[-2.1047465806475656,53.809970438430156],[-2.104957689182858,53.80973721397873],[-2.1050876821584334,53.80948415216997],[-2.105107292114396,53.809366548480874],[-2.1052596620439252,53.80919821397909],[-2.1053896533483365,53.80894515217038],[-2.105433536000447,53.80868197829542],[-2.105390411393471,53.80842351790371],[-2.1056723956720407,53.808286862439424],[-2.105741944977447,53.80823681817127],[-2.105824392204002,53.80819686243945],[-2.106108491018564,53.80799243843124],[-2.1063195895938516,53.80775921398006],[-2.1064495764369258,53.807506152171484],[-2.1064934575835013,53.80724297829657]]],[[[-2.102973855542615,53.79619097830534],[-2.1029508370873686,53.796052979774466],[-2.1029728408398096,53.79592097830556],[-2.102928943423039,53.79565780608238],[-2.1027989678366024,53.79540474897753],[-2.102587910325423,53.79517153156599],[-2.102303882617287,53.79496711586159],[-2.1019578000557932,53.7947993569728],[-2.101562962081427,53.794674701307216],[-2.101134541189979,53.79459793891167],[-2.100689,53.794572019454414],[-2.1002434588100205,53.79459793891167],[-2.0998150379185736,53.794674701307216],[-2.0994201999442064,53.7947993569728],[-2.099074117382713,53.79496711586159],[-2.098790089674577,53.79517153156599],[-2.0985790321633973,53.79540474897753],[-2.0984490565769605,53.79565780608238],[-2.0984051591601904,53.79592097830556],[-2.0984281625859804,53.79605897685841],[-2.098406144457386,53.79619097830534],[-2.098450014045311,53.796454152179926],[-2.098579966636765,53.79670721398756],[-2.098791009582826,53.79694043843731],[-2.099075033527748,53.797144862443844],[-2.0994211239089497,53.7973126296348],[-2.0998159803490415,53.79743729233861],[-2.1002444278302903,53.79751405943693],[-2.10069,53.79753998054559],[-2.1011355721697105,53.79751405943693],[-2.101564019650959,53.79743729233861],[-2.101958876091051,53.7973126296348],[-2.1023049664722526,53.797144862443844],[-2.102588990417175,53.79694043843731],[-2.1028000333632355,53.79670721398756],[-2.10292998595469,53.796454152179926],[-2.102973855542615,53.79619097830534]]],[[[-2.100901517602114,53.78998397831028],[-2.1008576264013095,53.789720806086926],[-2.1007743658866045,53.78955867834968],[-2.10081048265562,53.789341978310794],[-2.1007665921268477,53.7890788060874],[-2.1006366369278893,53.78882574898199],[-2.1004256125196474,53.788592531569606],[-2.1001416293574233,53.7883881158642],[-2.099795601072814,53.78822035697442],[-2.099400825020599,53.78809570130798],[-2.0989724713172997,53.78801893891188],[-2.098527,53.78799301945442],[-2.0980815286827004,53.78801893891188],[-2.097653174979401,53.78809570130798],[-2.097258398927186,53.78822035697442],[-2.0969123706425767,53.7883881158642],[-2.096628387480352,53.788592531569606],[-2.096417363072111,53.78882574898199],[-2.096287407873152,53.7890788060874],[-2.0962435173443796,53.789341978310794],[-2.096287379773205,53.78960515218517],[-2.096370497074535,53.78976703621165],[-2.096333482125712,53.78998897831028],[-2.0963773452307044,53.79025215218467],[-2.096507278611357,53.790505213991786],[-2.0967182903565,53.790738438440734],[-2.0970022723090813,53.790942862446315],[-2.0973483115201423,53.79111062963633],[-2.0977431095788526,53.79123529233933],[-2.0981714937113822,53.791312059437125],[-2.098617,53.79133798054559],[-2.0990625062886177,53.791312059437125],[-2.0994908904211473,53.79123529233933],[-2.0998856884798576,53.79111062963633],[-2.1002317276909186,53.790942862446315],[-2.1005157096435,53.790738438440734],[-2.100726721388643,53.790505213991786],[-2.1008566547692955,53.79025215218467],[-2.100857408148723,53.790247631989786],[-2.100857654502347,53.79024715218467],[-2.100901517602114,53.78998397831028]]],[[[-2.05617651431113,53.80828397829574],[-2.056132603943285,53.808020806072925],[-2.0560025900235486,53.80776774896915],[-2.0557914702709836,53.80753453155921],[-2.0555073588059574,53.807330115856686],[-2.055161174191036,53.80716235696978],[-2.054766219788321,53.80703770130578],[-2.0546550967299435,53.80701779668006],[-2.0545122184328912,53.806972701305796],[-2.0540836718762163,53.80689593891131],[-2.053638,53.80687001945442],[-2.0531923281237834,53.80689593891131],[-2.0527637815671085,53.806972701305796],[-2.0523688277767578,53.8070973569698],[-2.052022643698595,53.807265115856715],[-2.0517385326740936,53.80746953155925],[-2.0515274132488925,53.8077027489692],[-2.051397399530773,53.807955806073],[-2.0513534892310457,53.808218978295805],[-2.0513973713987337,53.80848215217074],[-2.0515273612676626,53.80873521397942],[-2.0517384647573436,53.808968438430725],[-2.0520225701860335,53.80917286243909],[-2.0523687598600073,53.80934062963186],[-2.052763729585878,53.809465292337215],[-2.0528748522432996,53.80948519703425],[-2.053017728230244,53.8095302923372],[-2.0534462993006453,53.80960705943657],[-2.053892,53.809632980545594],[-2.0543377006993544,53.80960705943657],[-2.0547662717697555,53.8095302923372],[-2.055161242108053,53.80940562963184],[-2.055507432318807,53.80923786243905],[-2.0557915381880014,53.809033438430674],[-2.0560026420049833,53.808800213979374],[-2.056132632075435,53.808547152170696],[-2.05617651431113,53.80828397829574]]]]}},{"type":"Feature","properties":{"species":"Equisetum telmateia","locations":[],"common":false,"recordCount":2},"geometry":{"type":"MultiPolygon","coordinates":[[[[-2.150238605867574,53.80996397829441],[-2.1501946937390692,53.80970080607166],[-2.1500646746080325,53.80944774896801],[-2.1498535463939348,53.80921453155829],[-2.149569423542405,53.80901011585602],[-2.1492232250536207,53.80884235696937],[-2.148828254822815,53.80871770130559],[-2.1483996904275524,53.80864093891126],[-2.147954,53.80861501945443],[-2.147508309572448,53.80864093891126],[-2.1470797451771855,53.80871770130559],[-2.1466847749463795,53.80884235696937],[-2.146338576457595,53.80901011585602],[-2.1460544536060655,53.80921453155829],[-2.1458433253919673,53.80944774896801],[-2.145713306260931,53.80970080607166],[-2.145669394132426,53.80996397829441],[-2.145713278125923,53.81022715216941],[-2.145843273405251,53.810480213978245],[-2.146054385682147,53.810713438429765],[-2.1463385029372755,53.81091786243838],[-2.146684707022461,53.81108562963143],[-2.147079693190469,53.81121029233701],[-2.1475082814374398,53.81128705943652],[-2.147954,53.811312980545594],[-2.1483997185625605,53.81128705943652],[-2.148828306809531,53.81121029233701],[-2.1492232929775392,53.81108562963143],[-2.149569497062725,53.81091786243838],[-2.149853614317853,53.810713438429765],[-2.1500647265947492,53.810480213978245],[-2.1501947218740773,53.81022715216941],[-2.150238605867574,53.80996397829441]]],[[[-2.073586047921769,53.70766897837554],[-2.073542242674304,53.70740580614969],[-2.073412539895804,53.70715274903725],[-2.073201925340126,53.70691953161437],[-2.0729184937077085,53.70671511589657],[-2.072573137433605,53.706547356994406],[-2.0721791280491746,53.706422701317464],[-2.0717516062127808,53.70634593891434],[-2.071307,53.70632001945442],[-2.0708623937872193,53.70634593891434],[-2.0704348719508254,53.706422701317464],[-2.0700408625663944,53.706547356994406],[-2.069695506292291,53.70671511589657],[-2.069412074659874,53.70691953161437],[-2.0692014601041957,53.70715274903725],[-2.0690717573256956,53.70740580614969],[-2.0690279520782306,53.70766897837554],[-2.06907172936403,53.70793215224745],[-2.0692014084377757,53.70818521404748],[-2.069412007154442,53.70841843848584],[-2.069695433224938,53.708622862478954],[-2.0700407950609625,53.70879062965647],[-2.0704348202844045,53.7089152923489],[-2.070862365825554,53.708992059439616],[-2.071307,53.709017980545596],[-2.0717516341744457,53.708992059439616],[-2.072179179715595,53.7089152923489],[-2.072573204939037,53.70879062965647],[-2.0729185667750616,53.708622862478954],[-2.0732019928455574,53.70841843848584],[-2.0734125915622243,53.70818521404748],[-2.07354227063597,53.70793215224745],[-2.073586047921769,53.70766897837554]]]]}},{"type":"Feature","properties":{"species":"Cyrtomium falcatum","locations":[],"common":false,"recordCount":1},"geometry":{"type":"Polygon","coordinates":[[[-2.0969747315459646,53.711739978372314],[-2.0970185130657937,53.71200315224435],[-2.09714820468618,53.71225621404473],[-2.0973588237802696,53.712489438483615],[-2.0976422772760994,53.71269386247734],[-2.0979876725315054,53.71286162965547],[-2.098381735884012,53.71298629234842],[-2.0988093227984073,53.713063059439484],[-2.099254,53.7130889805456],[-2.0996986772015926,53.713063059439484],[-2.100126264115988,53.71298629234842],[-2.1005203274684945,53.71286162965547],[-2.1008657227239005,53.71269386247734],[-2.1011491762197303,53.712489438483615],[-2.1013597953138206,53.71225621404473],[-2.1014894869342062,53.71200315224435],[-2.1015332684540358,53.711739978372314],[-2.10148945896567,53.711476806146585],[-2.1013597436347036,53.7112237490345],[-2.1011491086977108,53.71099053161215],[-2.1008656496385933,53.71078611589496],[-2.100520259946475,53.71061835699341],[-2.100126212436872,53.710493701317],[-2.0996986492330563,53.71041693891423],[-2.099254,53.71039101945442],[-2.0988093507669436,53.71041693891423],[-2.0983817875631283,53.710493701317],[-2.0979877400535254,53.71061835699341],[-2.097642350361407,53.71078611589496],[-2.097358891302289,53.71099053161215],[-2.0971482563652963,53.7112237490345],[-2.09701854103433,53.711476806146585],[-2.0969747315459646,53.711739978372314]]]}},{"type":"Feature","properties":{"species":"Equisetum palustre","locations":[],"common":false,"recordCount":2},"geometry":{"type":"Polygon","coordinates":[[[-2.166703886579735,53.75999397833407],[-2.166660026744011,53.75973080610981],[-2.16653016239205,53.75947774900187],[-2.166319285491156,53.7592445315857],[-2.1660355008263985,53.75904011587585],[-2.165689714400667,53.7588723569816],[-2.165295214274803,53.758747701311385],[-2.164867159963237,53.75867093891276],[-2.164422,53.758645019454406],[-2.1639768400367627,53.75867093891276],[-2.163548785725197,53.758747701311385],[-2.163154285599333,53.7588723569816],[-2.162808499173601,53.75904011587585],[-2.162524714508844,53.7592445315857],[-2.16231383760795,53.75947774900187],[-2.162183973255989,53.75973080610981],[-2.162140113420265,53.75999397833407],[-2.162183945205838,53.760257152207565],[-2.162313785778028,53.760510214012086],[-2.1624190862741375,53.760626682436325],[-2.1620368190694332,53.7606489389127],[-2.1616087445961107,53.76072570131116],[-2.1612142258887044,53.760850356981116],[-2.160868423175616,53.76101811587507],[-2.160584625143564,53.76122253158463],[-2.160373738309172,53.76145574900053],[-2.1602438678393576,53.76170880610831],[-2.1602000059366904,53.76197197833251],[-2.160243839785853,53.76223515220605],[-2.160373686473056,53.76248821401075],[-2.1605845574164144,53.762721438456104],[-2.1608683498682777,53.76292586245743],[-2.1612141581615547,53.76309362964319],[-2.1616086927599945,53.763218292342586],[-2.1620367910159297,53.763295059437965],[-2.162482,53.763320980545586],[-2.1629272089840703,53.763295059437965],[-2.1633553072400056,53.763218292342586],[-2.163749841838445,53.76309362964319],[-2.164095650131722,53.76292586245743],[-2.164379442583585,53.762721438456104],[-2.164590313526944,53.76248821401075],[-2.1647201602141464,53.76223515220605],[-2.1647639940633097,53.76197197833251],[-2.1647201321606424,53.76170880610831],[-2.1645902616908277,53.76145574900053],[-2.16448497517752,53.76133931381085],[-2.1648671880133885,53.761317059438014],[-2.1652952661047244,53.761240292342805],[-2.165689782119723,53.76111562964366],[-2.1660355741249773,53.7609478624582],[-2.1663193532102123,53.760743438457176],[-2.166530214221972,53.760510214012086],[-2.1666600547941623,53.760257152207565],[-2.166703886579735,53.75999397833407]]]}},{"type":"Feature","properties":{"species":"Polypodium vulgare","locations":[],"common":false,"recordCount":11},"geometry":{"type":"MultiPolygon","coordinates":[[[[-2.1095815481111635,53.71690097836822],[-2.109537733244908,53.71663780614266],[-2.10940800199615,53.716384749031015],[-2.1091973412135965,53.71615153160932],[-2.10891384737466,53.715947115892924],[-2.1085684153051325,53.71577935699216],[-2.1081743194489713,53.715654701316396],[-2.1077467037870985,53.715577938914066],[-2.107302,53.715552019454414],[-2.106857296212901,53.715577938914066],[-2.1064296805510283,53.715654701316396],[-2.1060355846948666,53.71577935699216],[-2.105690152625339,53.715947115892924],[-2.105406658786403,53.71615153160932],[-2.1051959980038495,53.716384749031015],[-2.1050662667550917,53.71663780614266],[-2.1050224518888356,53.71690097836822],[-2.1050662387778414,53.717164152240414],[-2.1051959463086316,53.71741721404124],[-2.105406591243346,53.71765043848078],[-2.1056900795172613,53.71785486247529],[-2.1060355171518097,53.71802262965421],[-2.1064296288558104,53.71814729234782],[-2.106857268235651,53.71822405943933],[-2.107302,53.7182499805456],[-2.107746731764349,53.71822405943933],[-2.108174371144189,53.71814729234782],[-2.1085684828481894,53.71802262965421],[-2.108913920482738,53.71785486247529],[-2.109197408756653,53.71765043848078],[-2.109408053691368,53.71741721404124],[-2.109537761222158,53.717164152240414],[-2.1095815481111635,53.71690097836822]]],[[[-2.09138363428544,53.718490978366965],[-2.091339817762027,53.718227806141456],[-2.0912100816083194,53.717974749029935],[-2.0909994128616476,53.717741531608446],[-2.090715908305567,53.71753711589229],[-2.0903704631777544,53.71736935699176],[-2.0899763524239585,53.717244701316204],[-2.0895487205975236,53.71716793891402],[-2.089104,53.71714201945442],[-2.088659279402476,53.71716793891402],[-2.088231647576041,53.717244701316204],[-2.0878375368222457,53.71736935699176],[-2.087492091694433,53.71753711589229],[-2.087208587138353,53.717741531608446],[-2.0869979183916803,53.717974749029935],[-2.086868182237973,53.718227806141456],[-2.08682436571456,53.718490978366965],[-2.0868681542580374,53.7187541522392],[-2.0869978666915014,53.71900721404017],[-2.087208519588813,53.71924043847992],[-2.087492018579338,53.71944486247466],[-2.087837469272706,53.719612629653824],[-2.088231595875862,53.71973729234764],[-2.088659251422541,53.71981405943928],[-2.089104,53.719839980545586],[-2.0895487485774593,53.71981405943928],[-2.089976404124138,53.71973729234764],[-2.0903705307272937,53.719612629653824],[-2.090715981420662,53.71944486247466],[-2.090999480411187,53.71924043847992],[-2.0912101333084987,53.71900721404017],[-2.0913398457419623,53.7187541522392],[-2.09138363428544,53.718490978366965]]],[[[-2.069568408978577,53.73277797835565],[-2.069524577557581,53.73251480613056],[-2.069394797309147,53.732261749020275],[-2.069184056966306,53.73202853160062],[-2.068900456064793,53.73182411588664],[-2.0685548935450577,53.73165635698825],[-2.068160648863882,53.731531701314545],[-2.067732871720586,53.73145493891357],[-2.067288,53.73142901945441],[-2.066843128279414,53.73145493891357],[-2.066415351136118,53.731531701314545],[-2.0660211064549423,53.73165635698825],[-2.0656755439352072,53.73182411588664],[-2.065391943033694,53.73202853160062],[-2.065181202690853,53.732261749020275],[-2.0650514224424192,53.73251480613056],[-2.065007591021423,53.73277797835565],[-2.0650513944383397,53.73304115222831],[-2.065181150946061,53.73329421403051],[-2.0653918754258647,53.73352743847209],[-2.06567547075702,53.733731862469],[-2.0660210388471127,53.733899629650324],[-2.0664152993913256,53.73402429234597],[-2.0668431002753342,53.73410105943884],[-2.067288,53.73412698054559],[-2.067732899724666,53.73410105943884],[-2.0681607006086744,53.73402429234597],[-2.0685549611528873,53.733899629650324],[-2.06890052924298,53.733731862469],[-2.0691841245741354,53.73352743847209],[-2.069394849053939,53.73329421403051],[-2.0695246055616603,53.73304115222831],[-2.069568408978577,53.73277797835565]]],[[[-2.0449381545518235,53.764924978330164],[-2.0448942895629116,53.76466180610604],[-2.0447644099582565,53.76440874899853],[-2.0445535082917163,53.764175531583],[-2.0442696903003603,53.76397111587389],[-2.0439238632678944,53.7638033569804],[-2.0435293168155604,53.763678701310816],[-2.0431012122378194,53.76360193891261],[-2.042656,53.76357601945442],[-2.0422107877621807,53.76360193891261],[-2.0417826831844397,53.763678701310816],[-2.0413881367321056,53.7638033569804],[-2.0410423096996397,53.76397111587389],[-2.0407584917082837,53.764175531583],[-2.0405475900417436,53.76440874899853],[-2.040417710437088,53.76466180610604],[-2.0403738454481766,53.764924978330164],[-2.0404176823785782,53.76518815220381],[-2.040547538196378,53.76544121400876],[-2.040758423969049,53.76567443845448],[-2.04104223637922,53.76587886245625],[-2.041388068992871,53.76604662964245],[-2.041782631339074,53.766171292342236],[-2.0422107597036705,53.76624805943788],[-2.042656,53.76627398054558],[-2.043101240296329,53.76624805943788],[-2.0435293686609257,53.766171292342236],[-2.043923931007129,53.76604662964245],[-2.04426976362078,53.76587886245625],[-2.044553576030951,53.76567443845448],[-2.0447644618036223,53.76544121400876],[-2.044894317621422,53.76518815220381],[-2.0449381545518235,53.764924978330164]]],[[[-2.042450986183643,53.76182697833262],[-2.042407124432504,53.76156380610841],[-2.042277254411192,53.76131074900063],[-2.0420663683050293,53.76107753158471],[-2.041782571252939,53.76087311587512],[-2.0414367697338838,53.760705356981155],[-2.0410422523886984,53.76058070131118],[-2.040614179393443,53.7605039389127],[-2.040169,53.76047801945441],[-2.0401111557584604,53.7604813872909],[-2.040089059678693,53.760348806109334],[-2.0399591934153687,53.76009574900145],[-2.0397483134110117,53.75986253158537],[-2.0394645245699907,53.7596581158756],[-2.0391187330556986,53.75949035698145],[-2.0387242271245154,53.75936570131132],[-2.0382961665139336,53.75928893891274],[-2.037851,53.75926301945441],[-2.0374058334860665,53.75928893891274],[-2.0369777728754848,53.75936570131132],[-2.0365832669443016,53.75949035698145],[-2.036237475430009,53.7596581158756],[-2.0359536865889885,53.75986253158537],[-2.0357428065846315,53.76009574900145],[-2.035612940321307,53.760348806109334],[-2.03556907983982,53.760611978333586],[-2.035612912270108,53.7608751522071],[-2.0357427547527744,53.76112821401167],[-2.0359536188674037,53.761361438456845],[-2.0362374021286938,53.761565862457964],[-2.036583199222717,53.761733629643516],[-2.0369777210436277,53.76185829234274],[-2.0374058054348674,53.761935059437995],[-2.037851,53.761960980545595],[-2.037908772686167,53.76195761677584],[-2.037930847514238,53.76209015220616],[-2.0380606937531462,53.762343214010855],[-2.038271563968415,53.76257643845618],[-2.0385553554403653,53.76278086245749],[-2.0389011625395606,53.76294862964322],[-2.03929569577564,53.7630732923426],[-2.0397237925533,53.763150059437976],[-2.040169,53.76317598054559],[-2.040614207446701,53.763150059437976],[-2.0410423042243604,53.7630732923426],[-2.04143683746044,53.76294862964322],[-2.041782644559635,53.76278086245749],[-2.042066436031585,53.76257643845618],[-2.042277306246854,53.762343214010855],[-2.042407152485762,53.76209015220616],[-2.042450986183643,53.76182697833262]]],[[[-2.025908779163334,53.758016978335654],[-2.025864921393261,53.757753806111324],[-2.025735063155331,53.75750074900322],[-2.0255241961817267,53.757267531586805],[-2.02524042487591,53.75706311587664],[-2.024894654727356,53.75689535698209],[-2.024500173171421,53.75677070131163],[-2.0240721390090117,53.75669393891283],[-2.023627,53.75666801945442],[-2.023181860990988,53.75669393891283],[-2.022753826828579,53.75677070131163],[-2.022359345272644,53.75689535698209],[-2.02201357512409,53.75706311587664],[-2.021729803818273,53.757267531586805],[-2.0215189368446693,53.75750074900322],[-2.021389078606739,53.757753806111324],[-2.021345220836666,53.758016978335654],[-2.0213890505599377,53.75828015220908],[-2.021518885020938,53.75853321401343],[-2.021729736107305,53.758766438458274],[-2.0220135018342655,53.758970862459],[-2.0223592775616757,53.75913862964416],[-2.0227537750048477,53.75926329234305],[-2.0231818329441866,53.759340059438095],[-2.023627,53.759365980545596],[-2.0240721670558135,53.759340059438095],[-2.0245002249951525,53.75926329234305],[-2.0248947224383245,53.75913862964416],[-2.0252404981657346,53.758970862459],[-2.025524263892695,53.758766438458274],[-2.0257351149790623,53.75853321401343],[-2.0258649494400625,53.75828015220908],[-2.025908779163334,53.758016978335654]]]]}},{"type":"Feature","properties":{"species":"Dryopteris cambrensis","locations":[],"common":false,"recordCount":4},"geometry":{"type":"MultiPolygon","coordinates":[[[[-2.1035673599656417,53.71342897837097],[-2.10352354871748,53.7131658061453],[-2.1033938281777687,53.712912749033364],[-2.103183184783388,53.712679531611215],[-2.1028997143433448,53.71247511589429],[-2.102554310784157,53.712307356992994],[-2.1021602474542127,53.7121827013168],[-2.1017326670846592,53.71210593891417],[-2.101288,53.71208001945442],[-2.1008433329153404,53.71210593891417],[-2.1004157525457865,53.7121827013168],[-2.100021689215842,53.712307356992994],[-2.0996762856566544,53.71247511589429],[-2.099392815216611,53.712679531611215],[-2.0991821718222305,53.712912749033364],[-2.0990524512825193,53.7131658061453],[-2.099008640034358,53.71342897837097],[-2.099052423311132,53.713692152243055],[-2.0991821201378458,53.71394521404358],[-2.0993927476877077,53.71417843848268],[-2.0996762125638964,53.71438286247667],[-2.1000216216869387,53.71455062965506],[-2.1004157008614017,53.71467529234821],[-2.1008433049439525,53.714752059439434],[-2.101288,53.7147779805456],[-2.1017326950560467,53.714752059439434],[-2.102160299138598,53.71467529234821],[-2.1025543783130605,53.71455062965506],[-2.102899787436103,53.71438286247667],[-2.1031832523122915,53.71417843848268],[-2.103393879862154,53.71394521404358],[-2.1035235766888674,53.713692152243055],[-2.1035673599656417,53.71342897837097]]],[[[-2.0934983377550513,53.73146497835669],[-2.093454507703705,53.731201806131565],[-2.0933247315092403,53.73094874902116],[-2.0931139977487883,53.73071553160134],[-2.0928304057050555,53.73051111588715],[-2.0924848539780667,53.73034335698858],[-2.09209062160987,53.73021870131469],[-2.0916628578266754,53.730141938913626],[-2.091218,53.73011601945441],[-2.090773142173325,53.730141938913626],[-2.0903453783901305,53.73021870131469],[-2.0899511460219338,53.73034335698858],[-2.089605594294945,53.73051111588715],[-2.0893220022512122,53.73071553160134],[-2.0891112684907602,53.73094874902116],[-2.0889814922962957,53.731201806131565],[-2.088937662244949,53.73146497835669],[-2.0889814642944358,53.73172815222931],[-2.0891112167500703,53.731981214031386],[-2.0893219346487424,53.732214438472816],[-2.089605521122559,53.73241886246951],[-2.089951078419464,53.73258662965064],[-2.09034532664944,53.732711292346124],[-2.090773114171465,53.732788059438874],[-2.091218,53.732813980545586],[-2.0916628858285353,53.732788059438874],[-2.09209067335056,53.732711292346124],[-2.0924849215805366,53.73258662965064],[-2.092830478877441,53.73241886246951],[-2.0931140653512577,53.732214438472816],[-2.09332478324993,53.731981214031386],[-2.0934545357055647,53.73172815222931],[-2.0934983377550513,53.73146497835669]]],[[[-2.092374615261351,53.71813997836723],[-2.0923307991037765,53.71787680614171],[-2.0922010640329005,53.71762374903017],[-2.0919903970444107,53.717390531608636],[-2.091706894854279,53.71718611589242],[-2.091361452609252,53.71701835699184],[-2.0909673451443025,53.71689370131624],[-2.090539716886404,53.716816938914015],[-2.090095,53.71679101945441],[-2.0896502831135955,53.716816938914015],[-2.089222654855697,53.71689370131624],[-2.0888285473907477,53.71701835699184],[-2.088483105145721,53.71718611589242],[-2.0881996029555894,53.717390531608636],[-2.0879889359670996,53.71762374903017],[-2.0878592008962236,53.71787680614171],[-2.087815384738649,53.71813997836723],[-2.0878591729168807,53.71840315223946],[-2.0879578620763906,53.71859569095114],[-2.087696497406683,53.71867835699144],[-2.0873510415274295,53.71884611589177],[-2.0870675281474695,53.719050531607735],[-2.0868568528436002,53.71928374902905],[-2.086727112651439,53.719536806140454],[-2.0866832947636182,53.719799978365934],[-2.0867270846692927,53.72006315223822],[-2.086856801139336,53.720316214039286],[-2.0870674605925923,53.7205494384792],[-2.0873509684065574,53.72075386247415],[-2.087696429851806,53.72092162965351],[-2.088090568722069,53.72104629234749],[-2.0885182375795934,53.72112305943925],[-2.088963,53.72114898054559],[-2.0894077624204073,53.72112305943925],[-2.089835431277931,53.72104629234749],[-2.0902295701481943,53.72092162965351],[-2.090575031593443,53.72075386247415],[-2.090858539407408,53.7205494384792],[-2.091069198860665,53.720316214039286],[-2.0911989153307076,53.72006315223822],[-2.0912427052363824,53.719799978365934],[-2.091198887348561,53.719536806140454],[-2.091100186270525,53.71934429054999],[-2.0913615201573608,53.7192616296539],[-2.091706967967825,53.71909386247479],[-2.0919904645925187,53.7188894384801],[-2.092201115731984,53.718656214040394],[-2.092330827083119,53.71840315223946],[-2.092374615261351,53.71813997836723]]]]}},{"type":"Feature","properties":{"species":"Asplenium ceterach","locations":[],"common":false,"recordCount":3},"geometry":{"type":"MultiPolygon","coordinates":[[[[-2.1059611115135763,53.708842978374605],[-2.1059173050432225,53.70857980614879],[-2.105787598645143,53.70832674903646],[-2.1055769782123903,53.708093531613734],[-2.1052935386713187,53.70788911589611],[-2.10494817276093,53.707721356994114],[-2.1045541523828755,53.70759670131732],[-2.1041266186179364,53.70751993891431],[-2.103682,53.707494019454415],[-2.1032373813820637,53.70751993891431],[-2.102809847617125,53.70759670131732],[-2.1024158272390707,53.707721356994114],[-2.102070461328682,53.70788911589611],[-2.1019975467403134,53.70794170167102],[-2.101988459145529,53.70794611589608],[-2.1017050192204625,53.70815053161369],[-2.1014943985023558,53.708383749036415],[-2.101364691928532,53.70863680614874],[-2.101320885398802,53.70889997837455],[-2.1013646639647896,53.709163152246504],[-2.1014943468320966,53.70941621404664],[-2.101704951710016,53.709649438485165],[-2.1019883860727475,53.709853862478454],[-2.1023337580133488,53.71002162965617],[-2.1027277947653724,53.71014629234874],[-2.103155352816004,53.71022305943956],[-2.1036,53.710248980545586],[-2.104044647183996,53.71022305943956],[-2.1044722052346274,53.71014629234874],[-2.104866241986651,53.71002162965617],[-2.1052116139272523,53.709853862478454],[-2.105284523754135,53.70980127704803],[-2.105293611743849,53.709796862478484],[-2.105577045722605,53.709592438485195],[-2.1057876503152246,53.70935921404668],[-2.105917333006869,53.70910615224654],[-2.1059611115135763,53.708842978374605]]],[[[-2.011980807240025,53.740117978349836],[-2.0119369681603385,53.739854806124974],[-2.011807165243277,53.73960174901532],[-2.0115963880936114,53.7393685315966],[-2.011312737661943,53.739164115883725],[-2.0109671147922774,53.73899635698646],[-2.0105728012604707,53.7388717013137],[-2.0101449494113326,53.73879493891336],[-2.0097,53.73876901945441],[-2.009255050588667,53.73879493891336],[-2.0088271987395294,53.7388717013137],[-2.0084328852077227,53.73899635698646],[-2.0080872623380572,53.739164115883725],[-2.0078036119063887,53.7393685315966],[-2.007592834756723,53.73960174901532],[-2.0074630318396616,53.739854806124974],[-2.007419192759975,53.740117978349836],[-2.0074630038231662,53.740381152222724],[-2.00759278298899,53.74063421402555],[-2.007803544268586,53.74086743846808],[-2.0080871891274272,53.74107186246609],[-2.0084328175699198,53.74123962964853],[-2.0088271469717967,53.74136429234512],[-2.009255022572172,53.74144105943863],[-2.0097,53.741466980545596],[-2.010144977427828,53.74144105943863],[-2.0105728530282034,53.74136429234512],[-2.01096718243008,53.74123962964853],[-2.0113128108725724,53.74107186246609],[-2.0115964557314134,53.74086743846808],[-2.0118072170110097,53.74063421402555],[-2.011936996176834,53.740381152222724],[-2.011980807240025,53.740117978349836]]]]}},{"type":"Feature","properties":{"species":"Dryopteris carthusiana","locations":[],"common":false,"recordCount":3},"geometry":{"type":"MultiPolygon","coordinates":[[[[-2.173176171082133,53.78361697831534],[-2.17313228654502,53.783353806091775],[-2.1730023490805044,53.78310074898588],[-2.1727913534674976,53.78286753157276],[-2.1725074090544005,53.78266311586648],[-2.1721614279835952,53.78249535697582],[-2.17176670579557,53.78237070130865],[-2.1713384105371887,53.78229393891206],[-2.170893,53.78226801945441],[-2.1704475894628112,53.78229393891206],[-2.17001929420443,53.78237070130865],[-2.1696245720164047,53.78249535697582],[-2.169278590945599,53.78266311586648],[-2.1689946465325023,53.78286753157276],[-2.1687836509194955,53.78310074898588],[-2.16865371345498,53.783353806091775],[-2.168609828917867,53.78361697831534],[-2.168653685364756,53.783880152189546],[-2.1687835990155295,53.7841332139961],[-2.1689945787167026,53.78436643844422],[-2.1692785175423066,53.784570862448845],[-2.169624504200605,53.784738629637886],[-2.170019242300464,53.78486329234007],[-2.170447561372587,53.78494005943731],[-2.170893,53.78496598054559],[-2.1713384386274126,53.78494005943731],[-2.171766757699536,53.78486329234007],[-2.172161495799395,53.784738629637886],[-2.172507482457693,53.784570862448845],[-2.1727914212832973,53.78436643844422],[-2.1730024009844704,53.7841332139961],[-2.173132314635244,53.783880152189546],[-2.173176171082133,53.78361697831534]]],[[[-2.0933478028098578,53.72159997836451],[-2.0933039830456694,53.721336806139085],[-2.093174237299728,53.72108374902784],[-2.0929635529782407,53.72085053160675],[-2.092680027463464,53.72064611589106],[-2.0923345567985656,53.720478356990995],[-2.0919404169106097,53.72035370131585],[-2.0915127534723807,53.72027693891392],[-2.091068,53.72025101945442],[-2.090623246527619,53.72027693891392],[-2.09019558308939,53.72035370131585],[-2.0898014432014342,53.720478356990995],[-2.0894559725365354,53.72064611589106],[-2.089172447021759,53.72085053160675],[-2.0889617627002717,53.72108374902784],[-2.0888320169543304,53.721336806139085],[-2.088788197190142,53.72159997836451],[-2.0888319889691433,53.721863152236836],[-2.0889617109903886,53.72211621403807],[-2.089172379459541,53.72234943847821],[-2.0894558994077173,53.72255386247343],[-2.089801375639216,53.722721629653066],[-2.090195531379507,53.72284629234727],[-2.090623218542432,53.72292305943919],[-2.091068,53.722948980545596],[-2.091512781457568,53.72292305943919],[-2.0919404686204928,53.72284629234727],[-2.0923346243607837,53.722721629653066],[-2.0926801005922826,53.72255386247343],[-2.0929636205404587,53.72234943847821],[-2.093174289009611,53.72211621403807],[-2.0933040110308565,53.721863152236836],[-2.0933478028098578,53.72159997836451]]],[[[-2.0628347451140794,53.79416297830696],[-2.062790849538146,53.793899806083715],[-2.0626608794003203,53.79364674897871],[-2.0624498307359937,53.793413531566955],[-2.062165814932878,53.7932091158623],[-2.061819746877034,53.79304135697323],[-2.061424925451536,53.79291670130741],[-2.0609965225163096,53.79283993891172],[-2.060551,53.79281401945442],[-2.06010547748369,53.79283993891172],[-2.059677074548464,53.79291670130741],[-2.0592822531229658,53.79304135697323],[-2.058936185067122,53.7932091158623],[-2.058652169264006,53.793413531566955],[-2.0584411205996793,53.79364674897871],[-2.0583111504618534,53.793899806083715],[-2.05826725488592,53.79416297830696],[-2.0583111223537154,53.79442615218148],[-2.058441068662612,53.794679213988935],[-2.0586521014049572,53.79491243843843],[-2.058936111617017,53.79511686244466],[-2.0592821852639167,53.79528462963529],[-2.059677022611396,53.795409292338825],[-2.060105449375552,53.79548605943699],[-2.060551,53.79551198054558],[-2.0609965506244476,53.79548605943699],[-2.0614249773886035,53.795409292338825],[-2.061819814736083,53.79528462963529],[-2.0621658883829825,53.79511686244466],[-2.062449898595043,53.79491243843843],[-2.062660931337388,53.794679213988935],[-2.062790877646284,53.79442615218148],[-2.0628347451140794,53.79416297830696]]]]}},{"type":"Feature","properties":{"species":"Equisetum fluviatile","locations":[],"common":false,"recordCount":1},"geometry":{"type":"Polygon","coordinates":[[[-2.1192444071051706,53.73616797835297],[-2.11928821405312,53.736431152225734],[-2.119417981024303,53.73668421402821],[-2.1196287224981694,53.736917438470236],[-2.1199123407011,53.73712186246766],[-2.120257936661797,53.737289629649496],[-2.120652229004326,53.737414292345576],[-2.1210800643921868,53.737491059438746],[-2.121525,53.737516980545585],[-2.1219699356078134,53.737491059438746],[-2.1223977709956743,53.737414292345576],[-2.122792063338203,53.737289629649496],[-2.1231376592989,53.73712186246766],[-2.1234212775018304,53.736917438470236],[-2.123632018975697,53.73668421402821],[-2.1237617859468796,53.736431152225734],[-2.1238055928948296,53.73616797835297],[-2.123761757937067,53.73590480612798],[-2.1236319672203114,53.73565174901799],[-2.1234212098801604,53.73541853159876],[-2.1231375861057318,53.735214115885285],[-2.1227919957165327,53.73504635698744],[-2.1223977192402885,53.73492170131416],[-2.1219699075980007,53.734844938913476],[-2.121525,53.73481901945441],[-2.1210800924019995,53.734844938913476],[-2.1206522807597117,53.73492170131416],[-2.1202580042834676,53.73504635698744],[-2.1199124138942684,53.735214115885285],[-2.1196287901198394,53.73541853159876],[-2.1194180327796888,53.73565174901799],[-2.1192882420629333,53.73590480612798],[-2.1192444071051706,53.73616797835297]]]}},{"type":"Feature","properties":{"species":"Botrychium lunaria","locations":[],"common":false,"recordCount":1},"geometry":{"type":"Polygon","coordinates":[[[-2.0993503779138196,53.73670597835254],[-2.0993941854222182,53.736969152225335],[-2.099523954054171,53.73722221402785],[-2.0997346982253497,53.73745543846995],[-2.1000183200585085,53.737659862467446],[-2.100363920442853,53.73782762964937],[-2.100758217832438,53.73795229234552],[-2.1011860586967814,53.73802905943873],[-2.101631,53.73805498054559],[-2.102075941303218,53.73802905943873],[-2.1025037821675614,53.73795229234552],[-2.102898079557147,53.73782762964937],[-2.103243679941491,53.737659862467446],[-2.10352730177465,53.73745543846995],[-2.103738045945829,53.73722221402785],[-2.1038678145777814,53.736969152225335],[-2.10391162208618,53.73670597835254],[-2.1038677865670588,53.73644280612757],[-2.1037379941887617,53.736189749017626],[-2.103527234150783,53.735956531598475],[-2.1032436067459446,53.735752115885084],[-2.10289801193328,53.7355843569873],[-2.102503730410494,53.73545970131409],[-2.102075913292495,53.73538293891346],[-2.101631,53.73535701945441],[-2.1011860867075045,53.73538293891346],[-2.1007582695895057,53.73545970131409],[-2.1003639880667198,53.7355843569873],[-2.100018393254055,53.735752115885084],[-2.0997347658492167,53.735956531598475],[-2.099524005811238,53.736189749017626],[-2.099394213432941,53.73644280612757],[-2.0993503779138196,53.73670597835254]]]}},{"type":"Feature","properties":{"species":"Osmunda regalis","locations":[],"common":false,"recordCount":19},"geometry":{"type":"MultiPolygon","coordinates":[[[[-2.1624137215179533,53.775352978321905],[-2.1623698456261033,53.7750898060981],[-2.1622399337503193,53.774836748991476],[-2.1620289796854752,53.77460353157729],[-2.1617450911828473,53.77439911586976],[-2.16139917823605,53.77423135697785],[-2.1610045337677657,53.77410670130961],[-2.1605763228385815,53.77402993891231],[-2.160131,53.77400401945443],[-2.1596856771614186,53.77402993891231],[-2.1592574662322344,53.77410670130961],[-2.15886282176395,53.77423135697785],[-2.1585169088171523,53.77439911586976],[-2.1582330203145244,53.77460353157729],[-2.1580220662496807,53.774836748991476],[-2.1578921543738963,53.7750898060981],[-2.1578482784820463,53.775352978321905],[-2.1578921262976998,53.775616152195845],[-2.1580220143716335,53.775869214001695],[-2.15823295253259,53.77610243844877],[-2.158516835450515,53.776306862452124],[-2.1588627539820147,53.776474629639914],[-2.1592574143541876,53.776599292341025],[-2.1596856490852216,53.77667605943756],[-2.160131,53.77670198054559],[-2.1605763509147784,53.77667605943756],[-2.1610045856458124,53.776599292341025],[-2.1613992460179854,53.776474629639914],[-2.1617451645494845,53.776306862452124],[-2.16202904746741,53.77610243844877],[-2.162239985628366,53.775869214001695],[-2.1623698737023003,53.775616152195845],[-2.1624137215179533,53.775352978321905]]],[[[-2.1589116047028454,53.77320497832359],[-2.158867731057387,53.772941806099716],[-2.158737825830599,53.77268874899292],[-2.1585268825616617,53.77245553157846],[-2.1582430085868536,53.772251115870596],[-2.1578971133414524,53.772083356978364],[-2.1575024890679257,53.77195870130985],[-2.1570743000509065,53.77188193891236],[-2.156629,53.771856019454404],[-2.1561836999490933,53.77188193891236],[-2.1557555109320745,53.77195870130985],[-2.1553608866585474,53.772083356978364],[-2.1550149914131462,53.772251115870596],[-2.1547311174383386,53.77245553157846],[-2.1545201741694013,53.77268874899292],[-2.154390268942613,53.772941806099716],[-2.154346395297155,53.77320497832359],[-2.154390240870061,53.77346815219748],[-2.1545201222980888,53.77372121400313],[-2.1547310496652026,53.77395443844992],[-2.155014918056032,53.774158862452964],[-2.1553608188854114,53.77432662964042],[-2.1557554590607615,53.77445129234127],[-2.1561836718765415,53.774528059437614],[-2.156629,53.77455398054558],[-2.157074328123459,53.774528059437614],[-2.1575025409392383,53.77445129234127],[-2.157897181114589,53.77432662964042],[-2.1582430819439677,53.774158862452964],[-2.1585269503347977,53.77395443844992],[-2.1587378777019115,53.77372121400313],[-2.158867759129939,53.77346815219748],[-2.1589116047028454,53.77320497832359]]],[[[-2.1047937882452095,53.81330997829175],[-2.104749872609522,53.813046806069096],[-2.104619843097736,53.812793748965746],[-2.104408698028523,53.81256053155645],[-2.1041245524954277,53.81235611585469],[-2.1037783263703322,53.81218835696854],[-2.103383324610453,53.8120637013052],[-2.1029547260048163,53.811986938911154],[-2.102509,53.81196101945442],[-2.1020632739951832,53.811986938911154],[-2.1016346753895463,53.8120637013052],[-2.1012396736296672,53.81218835696854],[-2.1008934475045717,53.81235611585469],[-2.1006093019714767,53.81256053155645],[-2.1003981569022634,53.812793748965746],[-2.1003063990197144,53.81297232368812],[-2.1000674192902102,53.81308811585439],[-2.099783268794487,53.813292531556044],[-2.0995721200374478,53.81352574896525],[-2.099503805551668,53.813658696968254],[-2.0993622475821994,53.81376053155578],[-2.099151096467284,53.81399374896492],[-2.0990210632320636,53.81424680606817],[-2.0989771463383975,53.814509978290786],[-2.0990210350893186,53.81477315216593],[-2.0991510444662715,53.815026213975145],[-2.099362179639602,53.815259438427255],[-2.0996463277103286,53.815463862436566],[-2.099992569346135,53.8156316296303],[-2.100387598356651,53.815756292336474],[-2.1008162330913547,53.81583305943638],[-2.101262,53.81585898054559],[-2.101707766908646,53.81583305943638],[-2.1021364016433495,53.815756292336474],[-2.1025314306538654,53.8156316296303],[-2.102877672289672,53.815463862436566],[-2.1031618203603983,53.815259438427255],[-2.1033729555337293,53.815026213975145],[-2.1034412545680112,53.81489327066299],[-2.1035827991461864,53.81479143842751],[-2.1037939319620924,53.81455821397546],[-2.103885667198953,53.814379650361566],[-2.1041246260306274,53.814263862437045],[-2.1044087659661885,53.81405943842792],[-2.104619895094974,53.81382621397596],[-2.104749900750224,53.81357315216685],[-2.1047937882452095,53.81330997829175]]],[[[-2.053220226943991,53.7294219783583],[-2.0531763990235756,53.729158806133114],[-2.0530729243084345,53.72895702578952],[-2.0530723881190647,53.72895380613327],[-2.052942618864693,53.728700749022686],[-2.052731896372802,53.728467531602575],[-2.052724046798291,53.72846187325559],[-2.052712895561128,53.728449531602585],[-2.052429318802666,53.72824511588806],[-2.052416180116426,53.72823873695788],[-2.0524153185342313,53.72823811588805],[-2.0520697854890835,53.728070356989136],[-2.0516755744341926,53.72794570131496],[-2.051247833776835,53.727868938913694],[-2.050803,53.72784301945442],[-2.050358166223165,53.727868938913694],[-2.0499304255658077,53.72794570131496],[-2.049536214510917,53.728070356989136],[-2.049190681465769,53.72823811588805],[-2.0489071047545226,53.72844253160258],[-2.0486963823879405,53.7286757490227],[-2.048648817434894,53.72876850332571],[-2.0484633674564243,53.7289737490225],[-2.0484328605891853,53.72903323868804],[-2.048423363948982,53.72904374902245],[-2.048293593635752,53.72929680613301],[-2.0482497655714047,53.729559978358196],[-2.048293565637113,53.729823152230765],[-2.048423312214243,53.73007621403268],[-2.048634020565438,53.73030943847385],[-2.048917594189605,53.730513862470275],[-2.0492631358284545,53.73068162965111],[-2.0496573661937387,53.73080629234635],[-2.0500851343310673,53.73088305943893],[-2.05053,53.730908980545586],[-2.050974865668933,53.73088305943893],[-2.0514026338062616,53.73080629234635],[-2.0517968641715454,53.73068162965111],[-2.051846193933436,53.73065767909305],[-2.0522068600130403,53.730543629651144],[-2.0525524005176763,53.730375862470325],[-2.0528359732110597,53.730171438473924],[-2.0530466808706693,53.72993821403277],[-2.053176427021981,53.72968515223087],[-2.053220226943991,53.7294219783583]]],[[[-2.013694965725549,53.74303797834752],[-2.013651123598137,53.74277480612274],[-2.0135213116602437,53.742521749013335],[-2.0133105198635444,53.742288531595],[-2.0130268497216757,53.74208411588257],[-2.012681202836153,53.74191635698575],[-2.01228686190569,53.74179170131335],[-2.0118589803278537,53.74171493891327],[-2.011414,53.74168901945441],[-2.0109690196721455,53.74171493891327],[-2.0105411380943097,53.74179170131335],[-2.0101467971638467,53.74191635698575],[-2.0098011502783235,53.74208411588257],[-2.0095174801364553,53.742288531595],[-2.0093066883397555,53.742521749013335],[-2.0092980866619583,53.742538517237854],[-2.0092526849798853,53.742588749013294],[-2.0091228728349884,53.74284180612269],[-2.009107618167382,53.74293337554793],[-2.009056664870526,53.74298974901302],[-2.0089268514866805,53.743242806122375],[-2.0088830088707477,53.743505978347144],[-2.0089268234644524,53.74376915222014],[-2.0090566130922,53.744022214023246],[-2.0092673913633607,53.74425543846621],[-2.0095510590906165,53.744459862464744],[-2.009896715399618,53.744627629647695],[-2.010291076595139,53.74475229234472],[-2.0107189866942967,53.74482905943852],[-2.011164,53.74485498054558],[-2.011609013305703,53.74482905943852],[-2.012036923404861,53.74475229234472],[-2.012431284600382,53.744627629647695],[-2.0127769409093834,53.744459862464744],[-2.013060608636639,53.74425543846621],[-2.0132713869078,53.744022214023246],[-2.013401176535548,53.74376915222014],[-2.0134164210296484,53.74367758563889],[-2.0134673667971863,53.74362121402351],[-2.013475966940725,53.743604445437036],[-2.0135213634371065,53.74355421402357],[-2.013651151619573,53.743301152220496],[-2.013694965725549,53.74303797834752]]]]}},{"type":"Feature","properties":{"species":"Lycopodium clavatum","locations":[],"common":false,"recordCount":2},"geometry":{"type":"MultiPolygon","coordinates":[[[[-2.0903625966994213,53.791436978309136],[-2.0903187039775495,53.791173806085816],[-2.090188742287334,53.790920748980575],[-2.0899777073393064,53.79068753156847],[-2.089693709993918,53.790483115863374],[-2.0893476644278586,53.790315356973906],[-2.088952868659984,53.79019070130774],[-2.088524493564362,53.790113938911816],[-2.088079,53.790088019454416],[-2.0876335064356377,53.790113938911816],[-2.0872051313400157,53.79019070130774],[-2.0868103355721415,53.790315356973906],[-2.086464290006082,53.790483115863374],[-2.0861802926606936,53.79068753156847],[-2.0859692577126654,53.790920748980575],[-2.08583929602245,53.791173806085816],[-2.0857954033005788,53.791436978309136],[-2.085839267918944,53.791700152183566],[-2.0859692057841572,53.791953213990794],[-2.0861802248128276,53.792186438439934],[-2.086464216568081,53.79239086244574],[-2.0868102677242755,53.79255862963597],[-2.0872050794115076,53.79268329233917],[-2.087633478332132,53.792760059437086],[-2.088079,53.7927859805456],[-2.088524521667868,53.792760059437086],[-2.0889529205884925,53.79268329233917],[-2.0893477322757246,53.79255862963597],[-2.089693783431919,53.79239086244574],[-2.0899777751871724,53.792186438439934],[-2.090188794215843,53.791953213990794],[-2.090318732081056,53.791700152183566],[-2.0903625966994213,53.791436978309136]]],[[[-2.0564275096790565,53.808198978295806],[-2.0563835994002884,53.807935806073],[-2.0562535857442046,53.8076827489692],[-2.0560424664197305,53.80744953155925],[-2.0557583555307755,53.80724511585671],[-2.0554121716177685,53.8070773569698],[-2.055017218015837,53.806952701305775],[-2.054588671663604,53.80687593891131],[-2.054143,53.80685001945441],[-2.053697328336395,53.80687593891131],[-2.0532687819841624,53.806952701305775],[-2.0528738283822308,53.8070773569698],[-2.0525276444692238,53.80724511585671],[-2.0522435335802687,53.80744953155925],[-2.0520324142557946,53.8076827489692],[-2.051902400599711,53.807935806073],[-2.0518584903209427,53.808198978295806],[-2.0519023724677057,53.80846215217074],[-2.0520323622746273,53.80871521397942],[-2.052243465663601,53.808948438430726],[-2.0525275709567516,53.80915286243907],[-2.052873760465563,53.80932062963185],[-2.053268730002995,53.809445292337216],[-2.05369730020439,53.80952205943656],[-2.054143,53.809547980545595],[-2.0545886997956098,53.80952205943656],[-2.0550172699970046,53.809445292337216],[-2.0554122395344367,53.80932062963185],[-2.0557584290432476,53.80915286243907],[-2.056042534336399,53.808948438430726],[-2.056253637725372,53.80871521397942],[-2.0563836275322935,53.80846215217074],[-2.0564275096790565,53.808198978295806]]]]}},{"type":"Feature","properties":{"species":"Ophioglossum vulgatum","locations":[],"common":false,"recordCount":3},"geometry":{"type":"MultiPolygon","coordinates":[[[[-2.183590982013689,53.78014197831809],[-2.1835471011124223,53.77987880609443],[-2.1834171744094886,53.779625748988224],[-2.183206196269953,53.77939253157466],[-2.1829222753705295,53.77918811586786],[-2.1825763229499167,53.779020356976666],[-2.182181633447659,53.77889570130905],[-2.1817533736547152,53.77881893891215],[-2.181308,53.77879301945442],[-2.1808626263452853,53.77881893891215],[-2.1804343665523414,53.77889570130905],[-2.180039677050084,53.779020356976666],[-2.1796937246294705,53.77918811586786],[-2.1794098037300476,53.77939253157466],[-2.179198825590512,53.779625748988224],[-2.179068898887578,53.77987880609443],[-2.1790250179863113,53.78014197831809],[-2.179068870803254,53.78040515219219],[-2.1791987736974465,53.780658213998436],[-2.1794097359284907,53.780891438446126],[-2.1796936512415948,53.78109586245022],[-2.180039609248527,53.78126362963873],[-2.1804343146592764,53.781388292340466],[-2.180862598260961,53.78146505943741],[-2.181308,53.781490980545584],[-2.1817534017390394,53.78146505943741],[-2.182181685340724,53.781388292340466],[-2.1825763907514735,53.78126362963873],[-2.1829223487584053,53.78109586245022],[-2.1832062640715098,53.780891438446126],[-2.183417226302554,53.780658213998436],[-2.1835471291967465,53.78040515219219],[-2.183590982013689,53.78014197831809]]],[[[-2.1730389123957203,53.79723497830452],[-2.1729950136029066,53.79697180608138],[-2.1728650339435807,53.79671874897664],[-2.1726539698192924,53.79648553156528],[-2.1723699332120385,53.796281115861085],[-2.172023839807432,53.79611335697248],[-2.171628989462625,53.79598870130706],[-2.1712005551487286,53.795911938911644],[-2.170755,53.795886019454414],[-2.170309444851272,53.795911938911644],[-2.169881010537375,53.79598870130706],[-2.169486160192568,53.79611335697248],[-2.169140066787962,53.796281115861085],[-2.168856030180708,53.79648553156528],[-2.1686449660564198,53.79671874897664],[-2.168514986397094,53.79697180608138],[-2.16847108760428,53.79723497830452],[-2.1685149582837346,53.79749815217913],[-2.168644914109705,53.797751213986864],[-2.168855962309054,53.79798443843674],[-2.1691399933242126,53.79818886244344],[-2.169486092320914,53.798356629634554],[-2.16988095859066,53.798481292338494],[-2.1703094167379122,53.7985580594369],[-2.170755,53.798583980545594],[-2.1712005832620878,53.7985580594369],[-2.17162904140934,53.798481292338494],[-2.172023907679086,53.798356629634554],[-2.1723700066757874,53.79818886244344],[-2.1726540376909464,53.79798443843674],[-2.1728650858902956,53.797751213986864],[-2.172995041716266,53.79749815217913],[-2.1730389123957203,53.79723497830452]]],[[[-2.1715239462719746,53.779484978318614],[-2.1714800660580327,53.77922180609494],[-2.1713501413894805,53.778968748988675],[-2.1711391665531496,53.77873553157502],[-2.1708552500987777,53.77853111586811],[-2.1705093030942297,53.778363356976826],[-2.1701146197709273,53.77823870130913],[-2.1696863666824098,53.77816193891217],[-2.169241,53.778136019454415],[-2.16879563331759,53.77816193891217],[-2.1683673802290726,53.77823870130913],[-2.16797269690577,53.778363356976826],[-2.1676267499012223,53.77853111586811],[-2.1673428334468503,53.77873553157502],[-2.1671318586105195,53.778968748988675],[-2.1670019339419673,53.77922180609494],[-2.1669580537280253,53.779484978318614],[-2.1670019058587586,53.77974815219269],[-2.167131806719515,53.78000121399889],[-2.1673427656479864,53.78023443844649],[-2.16762667651626,53.780438862450474],[-2.1679726291069055,53.780606629638896],[-2.1683673283380687,53.78073129234055],[-2.168795605234381,53.78080805943743],[-2.169241,53.78083398054559],[-2.169686394765619,53.78080805943743],[-2.1701146716619313,53.78073129234055],[-2.170509370893094,53.780606629638896],[-2.1708553234837398,53.780438862450474],[-2.1711392343520135,53.78023443844649],[-2.171350193280485,53.78000121399889],[-2.1714800941412413,53.77974815219269],[-2.1715239462719746,53.779484978318614]]]]}},{"type":"Feature","properties":{"species":"Polypodium interjectum","locations":[],"common":false,"recordCount":2},"geometry":{"type":"Polygon","coordinates":[[[-2.127158105446702,53.70873097837468],[-2.1271142990930154,53.708467806148875],[-2.1269845930402567,53.70821474903652],[-2.1267739731681967,53.70798153161378],[-2.1264905343816376,53.707777115896164],[-2.1261451693905826,53.70760935699413],[-2.1257511500613577,53.707484701317334],[-2.1253236174344425,53.7074079389143],[-2.124879,53.707382019454414],[-2.124434382565558,53.7074079389143],[-2.124006849938642,53.707484701317334],[-2.1236128306094173,53.70760935699413],[-2.1232674656183623,53.707777115896164],[-2.1229840268318037,53.70798153161378],[-2.1227734069597437,53.70821474903652],[-2.1226437009069845,53.708467806148875],[-2.1225998945532982,53.70873097837468],[-2.1226436729435267,53.708994152246625],[-2.1227733552900117,53.70924721404675],[-2.1229839593220454,53.70948043848525],[-2.1232673925463263,53.70968486247852],[-2.1236127630996586,53.7098526296562],[-2.12400679826891,53.70997729234875],[-2.1244343546021,53.71005405943957],[-2.124879,53.71007998054558],[-2.1253236453979,53.71005405943957],[-2.12575120173109,53.70997729234875],[-2.1261452369003413,53.7098526296562],[-2.1264906074536736,53.70968486247852],[-2.126774040677955,53.70948043848525],[-2.1269846447099887,53.70924721404675],[-2.127114327056473,53.708994152246625],[-2.127158105446702,53.70873097837468]]]}}]}